feast,feast_code
"Abdonis, Sennis",14073000
Acacii et sociorum,14062220
Ad aquam benedictio,16010000
Ad aspersionem aquae benedictae,16023000
Ad aspersionem aquae benedictae TP,16023080
Ad Benedicite,16001000
Ad Benedictus,16002000
Ad Completorium,16006000
Ad lavandum altaria,16024000
Ad Magnificat,16003000
Ad Mandatum,07065010
Ad Missam,16012000
Ad Nunc Dimittis,16005000
Ad Nunc Dimittis TP,16005080
Ad Processionem,16009000
Ad Suffragium,15000000
Ad visitandum infirmum,16013000
Adalberti,14042310
"Adalberti,8",14042318
Adalhardi Corbeiensis,14010220
Adalheidae,14121600
Additamenta,17001000
Adriani,14091000
Adventus Ewaldorum,14102910
Adventus Walburgae,14080410
Aegidii,14090100
"Aemigdii, Episc. et Martyr",14080530
Aemiliani Cucullati,14111220
Afrae,14080500
Agapiti,14081800
"Agapiti,8",14081808
Agathae,14020500
"Agathae,8",14020508
Agnetis,14012100
Agnetis Assisiensis,14111610
Agnetis secundo,
"Agnetis,8",14012108
Agritii,14011300
Aichardi,14091520
"Albani, Mart.",14062100
Alberti,14080720
Alberti Magni,14111550
"Albini, Epi.",14030100
Aldegundis,14013000
Alexandri et sociorum,14050310
Alexis,14071700
Allatio capillorum BMV,
Aloisii Gonzagae,14062120
Alphonsi Mariae de Ligorio,14080210
Amandi,14020620
Amati,14101900
Amatoris,14050130
Ambrosii,14040400
Ambrosii TP,14040480
Anastasii,14012210
Andreae,14113000
Andreae Avellini,14111010
Andreae Corsini,14020400
"Andreae,8",14113008
Angelae Mericiae,14053120
Angeli Custodis,14100220
Aniani,14111710
Annae,14072610
Annuntiatio Mariae,14032500
"Annuntiatio Mariae, Dom. infra oct.",14032501
"Annuntiatio Mariae,8",14032508
Annuntiatio TP,14032580
Anselmi,14042100
Ansgarii,14020310
Antiphonae Majores,01048010
Antonii,14011700
Antonii Mariae Claret,14102330
Antonii Mariae Zaccaria,14070500
Antonii Patavini,14061300
Antonini,14090200
Antonini Episcopi,14051010
Apollinaris,14072320
Apolloniae,14020900
Appar. Michaelis,14050800
"Aquilae, Priscae",14011810
Arbogasti Argentoratensis,
Aredii Nivernensis,14081660
Arnulfi,14081600
Arnulfi Metensis,14071810
Ascensio Domini,08065000
"Ascensio Domini,8",08065008
"Ascensionis Domini, in vigilia",08064001
Assumptio Mariae,14081500
"Assumptio Mariae,8",14081508
Athanasii,14050200
Attalae,
Auberti,14121310
Audoeni,14082410
Audomari,14090920
Augustini,14082800
Augustini Cant.,14052610
"Augustini, conv.",14050510
"Augustini,8",14082808
Aureae,14100410
Aureae Ostiensis,14082430
Aureliae Argentoratensis,
Austremonii,14110160
Aviti,14061720
Baboleni,14062610
Babylae,14012420
Babylae Pampilonensis,14103020
Balbinae,14082850
Balthildis,14013010
Barbarae,14120400
Barbati,14021900
Barnabae,14061100
Bartholomaei,14082400
Basilidis et sociorum,14061200
Basilii,14010200
"Basilii, Doct.",14061400
Bavonis,14100140
Beata Mariae Virginis Omnium Gratiarum Mediatricis,
Beatae Mariae Virginis de Mercede,
Bedae,14052600
Benedictae,14100810
Benedicti,14032100
Benedicti Anianensis,14021100
Benedicti Josephi Labre Conf.,
Benedicti TP,14032180
"Benedicti, Fer.3",14032103
"Benedicti,8",14032108
Benedictio crucis,16048000
Benigni,14110140
Bernardi,14082010
"Bernardi,8",14082018
Bernardini Senensis,14052010
"Bernardini Senensis, transl.",14051710
Bernwardi Episcopi Hildesheimensis,14112020
Bibianae Virginis et Martyris,
Birgittae,14100840
Birgittae Viduae,
Blasii,14020300
"Blasii,8",14020308
BMV a Rosario,14100730
BMV ab Exilio,15031050
BMV de Bono Consilio,14042600
BMV de Guadalupe,14121210
BMV de Monte Carmelo,14071610
BMV de Perpetuo Succursu,14062730
BMV Immaculatae a Sacro Numismate,14112700
Bonaventurae,14071420
Bonifacii,14060500
Bonifatii Martyris,
Bononii,14083010
Botulphi,14061710
Botvidi,14072820
Briccii,14111300
"Briccii,8",14111308
Brigidae,14020100
Brunonis Abbatis,14100610
Burchardi,14101410
Caeciliae,14112200
"Caeciliae,8",14112208
Caesarii Arelatensis,14082700
"Caesarii, Juliani",14110130
Cajetani Confessoris,
Callisti,14101400
Camilli de Lellis,14071820
Candidi,14120110
Canici,14101140
Cantiorum,14053100
"Canuti Regis, Martyris",
"Caprasii, Abb.",14060110
"Caprasii, Mart.",14102000
Carauni,14052810
Caroli Episcopi Confessoris,
Caroli Magni,14012810
Casimiri Confessoris,
Castuli,14032610
Catharinae,14112500
Catharinae Bononiensis,14030920
Catharinae Senensis,14042920
Cathedra Petri,14022200
Celsi Treverensis,14010400
"Celsi Treverensis, invent.",14022320
"Celsi, Juliani",14010900
Chlodoaldi,14090720
Chlotildis Regina,14060310
Christinae,14072400
Christophori,14072510
"Chrysanthi, Dariae",14112910
Chrysogoni,14112400
Circumcisio Domini,02010110
Clarae,14081200
"Clarae, inventio",14092310
"Claudii commentariensis, Symphoriani, Nicostrati et sociorum",14070740
Clementis,14112300
Clementis Metensis,14112340
"Clementis,8",14112308
Cleophae,14092510
Cleti et Marcellini Pont. Mart.,
Colomanni,14101320
Columbae,14123110
Columbani,14112330
Comm. Aniceti I Papae et Martyris,
Comm. Apostolorum,12001000
Comm. Apostolorum et Evangelistarum,12019000
Comm. Apostolorum post Septuagesima,12601000
Comm. Apostolorum sive Martyrum TP,12801100
Comm. Apostolorum TP,12801000
Comm. Apostolorum TQ,12701000
"Comm. Apostolorum,8",12001008
Comm. Conjungium,12012000
Comm. Conjungium Martyrum,12012200
Comm. Conjungium non Martyrum,12012100
Comm. duorum Apostolorum,12001200
Comm. Evangelistarum,12011000
Comm. Evangelistarum TP,12811000
Comm. plurimorum Apostolorum in vigilia,12001010
Comm. plurimorum Confessorum,12005000
Comm. plurimorum Confessorum et Doctorum,12005300
Comm. plurimorum Confessorum non Pontificum,12005200
Comm. plurimorum Confessorum non Pontificum TP,12805200
Comm. plurimorum Confessorum Pontificum,12005100
Comm. plurimorum Confessorum TP,12805000
Comm. plurimorum Martyrum,12003000
Comm. plurimorum Martyrum in vigilia,12003010
Comm. plurimorum Martyrum non Virginum,12003100
Comm. plurimorum Martyrum TP,12803000
"Comm. plurimorum Martyrum,8",12003008
Comm. plurimorum Virginum,12006000
Comm. plurimorum Virginum in vigilia,12006010
Comm. plurimorum Virginum Martyrum,12006100
Comm. plurimorum Virginum non Martyrum,12006200
Comm. plurimorum Virginum TP,12806000
Comm. Pontificis,12018000
Comm. Regum,12009000
Comm. unius Abbatis,12010000
Comm. unius Apostoli,12001100
Comm. unius Apostoli in vigilia,12001110
Comm. unius Confessoris,12004000
Comm. unius Confessoris Abbatis,12004200
Comm. unius Confessoris et Doctoris,12004500
Comm. unius Confessoris et Doctoris non Pontificis,12004800
Comm. unius Confessoris et Episcopi,12004300
"Comm. unius Confessoris et Episcopi,8",12004308
Comm. unius Confessoris non Episcopus,12004400
Comm. unius Confessoris non Pontificis,12004700
Comm. unius Confessoris non Pontificis TP,12804700
Comm. unius Confessoris non Sacerdotis,12004600
Comm. unius Confessoris Pontificis,12004100
Comm. unius Confessoris Pontificis TP,12804100
Comm. unius Confessoris TP,12804000
Comm. unius electae,12022000
Comm. unius Martyris,12002000
Comm. unius Martyris in vigilia,12002010
Comm. unius Martyris non Pontificis,12002200
Comm. unius Martyris non Pontificis TP,12802200
Comm. unius Martyris non Virginis,12002300
Comm. unius Martyris Pontificis,12002100
Comm. unius Martyris TP,12802000
Comm. unius Virginis,12007100
Comm. unius Virginis Martyris,12007000
Comm. unius Virginis non Martyris,12007200
Comm. unius Virginis TP,12807100
Commem. Dom. Res.,09991000
Commem. Francisci,14041600
Commendat. Animae,13002000
Commune plurium non Virginum. Pro non Martyribus,
Commune plurium Virginum. Pro Martyribus,
Compassio Mariae TP,08046010
Conceptio Jo. Bapt.,14092430
Conceptio Mariae,14120800
Conductus,16008000
Conradi,14112620
Consecratio virginis,16053000
Constantii,14012920
"Constantini, Peregr.",14061540
Conversio Afrae,14102610
Conversio Pauli,14012500
Corbiniani,14090820
"Cornelii, Cypriani",14091600
Coronae,14051420
Corporis Christi,09015000
"Corporis Christi,8",09015008
"Cosmae, Damiani",14092700
"Crispini,Crispiniani",14102500
Cucuphatis,14072530
Cuniberti,14111210
Cuthberti,14032000
Cuthburgae,14083120
"Cyri, Joannis",14013100
Cyriaci et sociorum,14080800
Cyrici,14061600
"Cyrici,8",14061608
Cyrilli Alexandrini,14012820
"Cyrilli Episcopi Hierosolymitani, Confessoris et Ecclesiae Doctoris",
"Cyrilli et Methodii Pont., Conf.",
Damasi,14121100
David,14030110
De allatione reliquiarum in ecclesia Pragensis,14010210
De Angelis,12013000
De Angelis TP,12813000
De BMV,15008000
De BMV Adv.,15008010
De BMV Nat.,15008030
De BMV post Ascen.,15008110
De BMV post Epiph.,15008050
De BMV post Pent.,15008090
De BMV post Purif.,15008100
De BMV TP,15008080
De caritate,16025000
De consecratione caemeteriorum,16046000
De corona domini,
De Corona Spinea,14081120
De Esdras,10700000
De Esther,10600000
De festis duplicibus,16016000
De festis duplicibus majoribus,16016002
De festis duplicibus majoribus TP,16016082
De festis duplicibus minoribus,16016001
De festis duplicibus minoribus TP,16016081
De festis semiduplicibus,16015000
De festis semiduplicibus TP,16015080
De festis simplicibus,16039000
De festis sollemnibus,16051000
De Imagine Domini,14110900
De Job,10300000
De Judith,10500000
De Machabaeis,10800000
De Patriarchis,12020000
De Patronis,12014000
De pluribus Sanctis TP,12815100
De Prophetis,10900000
De Psalmis,
De quinque vulneribus Christi,09026000
De Regum,10100000
De Sancta Cruce,15011000
De Sancta Lancea,08026010
De Sanctis,12015000
De Sanctis Ordinis Benedictini,12016000
De Sanctis TP,12815000
De Sapientia,10200000
De secunda allatione reliquiarum in ecclesia Pragensis,14010820
De Spiritu Sancto,15002000
De Susceptione Regum,
De Tobia,10400000
De Trinitate,09011000
"De Trinitate,8",09011008
De uno defuncto,13009000
De victoriae christianorum apud Salado,14103010
De Viduarum,12021000
Decem Millium Martyrum,14062240
Decoll. Antonini,14070410
Decoll. Jo. Bapt.,14082900
Ded.Mont.S.Michaelis,14101630
Dedic. Bas. S. Petri,14111820
"Dedic. S.Salv., Mar.",14101340
Demetrii,14100850
Depositio Emerici,14090210
Depositio Ludgeri,14042420
Descensio Mariae,
Desiderii Lingon,14052300
Didaci Confessoris,
Die 2 p. Assump.,14081620
Die 2 p. Epiphaniam,05010700
Die 3 a. Nat. Domini,02122300
Die 3 p. Assump.,14081720
Die 3 p. Epiphaniam,05010800
Die 4 p. Assump.,14081820
Die 4 p. Epiphaniam,05010900
Die 5 a. Nat. Domini,02122100
Die 5 p. Assump.,14081910
Die 5 p. Epiphaniam,05011000
Die 5 p. Nat. Domini,02122900
Die 6 p. Assump.,14082020
Die 6 p. Epiphaniam,05011100
Die 6 p. Nat. Domini,02123000
Die 7 p. Assump.,14082100
Die 7 p. Epiphaniam,05011200
Die 7 p. Nat. Domini,02123100
Dionysii,14100900
"Dionysii,8",14100908
Disibodi,14090840
Divisio Apostolorum,14071510
Dom. 1 Adventus,01011000
"Dom. 1 p. Epiph.,8",05011018
Dom. 1 p. Epiphaniam,05011010
Dom. 1 p. Oct. Corporis Christi,09031010
Dom. 1 p. Pent.,09011010
Dom. 1 Quadragesimae,07011000
Dom. 10 p. Pent.,09101000
"Dom. 10 p. Pent.,8",09101008
Dom. 11 p. Pent.,09111000
"Dom. 11 p. Pent.,8",09111008
Dom. 12 p. Pent.,09121000
"Dom. 12 p. Pent.,8",09121008
Dom. 13 p. Pent.,09131000
"Dom. 13 p. Pent.,8",09131008
Dom. 14 p. Pent.,09141000
"Dom. 14 p. Pent.,8",09141008
Dom. 15 p. Pent.,09151000
"Dom. 15 p. Pent.,8",09151008
Dom. 16 p. Pent.,09161000
"Dom. 16 p. Pent.,8",09161008
Dom. 17 p. Pent.,09171000
"Dom. 17 p. Pent.,8",09171008
Dom. 18 p. Pent.,09181000
"Dom. 18 p. Pent.,8",09181008
Dom. 19 p. Pent.,09191000
"Dom. 19 p. Pent.,8",09191008
Dom. 2 Adventus,01021000
Dom. 2 p. Epiph.,05021000
"Dom. 2 p. Epiph.,8",05021008
Dom. 2 p. Pascha,08031000
"Dom. 2 p. Pascha,8",08031008
Dom. 2 p. Pent.,09021000
"Dom. 2 p. Pent.,8",09021008
Dom. 2 Quadragesimae,07021000
Dom. 20 p. Pent.,09201000
"Dom. 20 p. Pent.,8",09201008
Dom. 21 p. Pent.,09211000
"Dom. 21 p. Pent.,8",09211008
Dom. 22 p. Pent.,09221000
"Dom. 22 p. Pent.,8",09221008
Dom. 23 p. Pent.,09231000
"Dom. 23 p. Pent.,8",09231008
Dom. 24 p. Pent.,09241000
"Dom. 24 p. Pent.,8",09241008
Dom. 25 p. Pent.,09251000
Dom. 26 p. Pent.,09261000
Dom. 27 p. Pent.,09271000
Dom. 28 p. Pent.,09281000
Dom. 3 Adventus,01031000
Dom. 3 p. Epiph.,05031000
Dom. 3 p. Pascha,08041000
"Dom. 3 p. Pascha,8",08041008
Dom. 3 p. Pent.,09031000
"Dom. 3 p. Pent.,8",09031008
Dom. 3 Quadragesimae,07031000
Dom. 4 Adventus,01041000
Dom. 4 p. Epiph.,05041000
Dom. 4 p. Pascha,08051000
"Dom. 4 p. Pascha,8",08051008
Dom. 4 p. Pent.,09041000
"Dom. 4 p. Pent.,8",09041008
Dom. 4 Quadragesimae,07041000
Dom. 5 p. Epiph.,05051000
Dom. 5 p. Pascha,08061000
"Dom. 5 p. Pascha,8",08061008
Dom. 5 p. Pent.,09051000
"Dom. 5 p. Pent.,8",09051008
Dom. 6 p. Epiph.,05061000
Dom. 6 p. Pascha,08071010
Dom. 6 p. Pent.,09061000
"Dom. 6 p. Pent.,8",09061008
Dom. 7 p. Pent.,09071000
"Dom. 7 p. Pent.,8",09071008
Dom. 8 p. Pent.,09081000
"Dom. 8 p. Pent.,8",09081008
Dom. 9 p. Pent.,09091000
"Dom. 9 p. Pent.,8",09091008
Dom. Adventus,01001000
Dom. de Passione,07051000
Dom. in Palmis,07061000
Dom. infra Oct. Apostolorum Petri et Pauli,14062901
Dom. infra oct. Edithae,14091641
Dom. mensis Augusti,11080100
Dom. mensis Nov.,11110100
Dom. mensis Octobris,11100100
Dom. mensis Sept.,11090100
Dom. p. Assumptionem,14081501
Dom. p. Cor. Christi,09021010
Dom. p. Epiphaniam,05001000
Dom. p. Gaugerici,14081111
Dom. p. Jacobi,14072501
Dom. p. Jo. Bapt.,14062401
Dom. p. Mariae Mag.,14072201
Dom. p. Martini,14111101
Dom. p. Nat. Dom.,03021000
Dom. p. Nat. Mariae,14090801
Dom. p. Oct. Nat.,03031000
Dom. p. Pent.,09001000
Dom. p. Rel. Ved.,14071501
Dom. p. Tr. Vedasti,14100501
Dom. p. Vedasti,14020601
Dom. Pentecostes,08081000
"Dom. Pentecostes,8",08081008
Dom. per annum,04001000
Dom. post Ascensionem,08071000
Dom. post Dedicatione Ecclesiae,12008001
Dom. Quadragesimae,07001000
Dom. Quinquagesimae,06031000
"Dom. Resurrect.,8",08011008
Dom. Resurrectionis,08011000
Dom. Septuagesimae,06011000
Dom. Sexagesimae,06021000
Dom. ultima ante Adventum,09991010
Dom.1 mensis Augusti,11081100
Dom.1 mensis Nov.,11111100
Dom.1 mensis Oct.,11101100
Dom.1 mensis Sept.,11091100
Dom.2 mensis Augusti,11082100
Dom.2 mensis Sept.,11092100
Dom.3 mensis Sept.,11093100
Dom.4 mensis Sept.,11094100
Dom.p.Om.Sanctorum,14110101
Dominica in estate,10001000
Dominica TP,08001000
Dominici,14080430
Dominici Silensis,14122010
"Dominici,8",14080438
Donati,14080700
Donatiani,14101310
Dorotheae,14020610
Dunstani,14051920
Duodecim Fratrum,14090140
Eadburgae,14061530
Edithae,14091640
"Edithae,8",14091648
Edmundi,14112000
Edmundi Archiepiscopi,14111620
"Edwardi, Conf.",14101330
"Edwardi, Conf., de morte",14010520
"Edwardi, Mart.",14031810
"Edwardi, Mart., transl.",14062010
Egberti,14042400
Egwini,14123000
"Egwini,8",14123008
"Eleutherii Papae, Martyris",
Elev. Elis. Hung.,14050210
"Elev. Elis. Hung.,8",14050218
Elevat. Auberti,14012410
Elevat. Gaugerici,14092400
Elevatio Amandi,14092000
Eliae,14072020
"Eliae,8",14072028
Eligii,14120100
Elisabeth Hung.,14111900
"Elisabeth Hung.,8",14111908
Elisabeth Reginae Portugalliae,14070830
Elisei,14061410
"Elisei,8",14061418
Emerentianae,14012300
Emerici,14110500
Emmerami,14092210
"Ephraem Confessoris, Eccl. Doct.",
Epiphania,05010600
"Epiphania,8",05010608
Erasmi,14060300
Erici,14051800
Eskili,14061220
Ethelwoldi,14080130
Eucharii,14120810
Eucharistici Cordis Jesu. Feria V post Festum Sacratissimi Cordis Jesu,
Eugenii,14111500
Eulaliae Emeritensis,14121010
Euphemiae,14091610
"Eupli, Leucii",14081210
Eusebii Episcopi,14121610
Eusebii Romanae,14081400
Eustachii,14092010
Eustratii et sociorum,14121350
Eutropii,14043010
Eutychii,14052310
Evaristi Papae Martyris,
Evurtii,14090700
"Exalt. Crucis,8",14091408
Exaltatio Crucis,14091400
Exceptio Marcelli,14010540
Exspectationis BMV,14121810
Exspectationis Partus B.M.V.,
"Fabiani, Sebastiani",14012000
"Faustini, Jovitae",14021500
Felicis,14072900
Felicis Nolani,14011410
Felicis Valesius,14112010
"Felicis, Adaucti",14083000
"Felicis, Pont.",14053000
"Felicis, Regulae",14091110
"Felicissimi, Agapiti",14080620
Felicitatis,14112310
Fer 2. Quinquagesimae,06032000
Fer. 2 Adventus,01002000
Fer. 2 Cor. Christi,09022000
Fer. 2 de Passione,07052000
Fer. 2 Hebd. 1 Adv.,01012000
Fer. 2 Hebd. 1 Quad.,07012000
Fer. 2 Hebd. 2 Adv.,01022000
Fer. 2 Hebd. 2 p.Ep.,05022000
Fer. 2 Hebd. 2 Quad.,07022000
Fer. 2 Hebd. 3 Adv.,01032000
Fer. 2 Hebd. 3 p.Ep.,05032000
Fer. 2 Hebd. 3 Pasc.,08032000
Fer. 2 Hebd. 3 Quad.,07032000
Fer. 2 Hebd. 4 Adv.,01042000
Fer. 2 Hebd. 4 p.Ep.,05042000
Fer. 2 Hebd. 4 Pasc.,08042000
Fer. 2 Hebd. 4 Quad.,07042000
Fer. 2 Hebd. 5 p.Ep.,05052000
Fer. 2 Hebd. 5 Pasc.,08052000
Fer. 2 in estate,10002000
Fer. 2 in Letaniis,08062000
Fer. 2 Maj. Hebd.,07062000
Fer. 2 p. Epiphaniam,05012000
Fer. 2 p. Nat. Dom.,03022000
Fer. 2 p. Oct.Pasch.,08022000
Fer. 2 p. Pascha,08012000
Fer. 2 Pent.,08082000
Fer. 2 per annum,04002000
Fer. 2 post Ascensionem,08072000
Fer. 2 Quadragesimae,07002000
Fer. 2 Septuagesimae,06012000
Fer. 2 Sexagesimae,06022000
Fer. 2 Trinitate,09012000
Fer. 3 Adventus,01003000
Fer. 3 Cor. Christi,09023000
Fer. 3 de Passione,07053000
Fer. 3 Hebd. 1 Adv.,01013000
Fer. 3 Hebd. 1 Quad.,07013000
Fer. 3 Hebd. 2 Adv.,01023000
Fer. 3 Hebd. 2 p.Ep.,05023000
Fer. 3 Hebd. 2 Quad.,07023000
Fer. 3 Hebd. 3 Adv.,01033000
Fer. 3 Hebd. 3 p.Ep.,05033000
Fer. 3 Hebd. 3 Pasc.,08033000
Fer. 3 Hebd. 3 Quad.,07033000
Fer. 3 Hebd. 4 Adv.,01043000
Fer. 3 Hebd. 4 p.Ep.,05043000
Fer. 3 Hebd. 4 Pasc.,08043000
Fer. 3 Hebd. 4 Quad.,07043000
Fer. 3 Hebd. 5 p.Ep.,05053000
Fer. 3 Hebd. 5 Pasc.,08053000
Fer. 3 in estate,10003000
Fer. 3 in Letaniis,08063000
Fer. 3 Maj. Hebd.,07063000
Fer. 3 p. Epiphaniam,05013000
Fer. 3 p. Nat. Dom.,03023000
Fer. 3 p. Oct.Pasch.,08023000
Fer. 3 p. Pascha,08013000
Fer. 3 Pent.,08083000
Fer. 3 per annum,04003000
Fer. 3 post Ascensionem,08073000
Fer. 3 Quadragesimae,07003000
Fer. 3 Quinquagesimae,06033000
Fer. 3 Septuagesimae,06013000
Fer. 3 Sexagesimae,06023000
Fer. 3 Trinitate,09013000
Fer. 4 Adventus,01004000
Fer. 4 Cinerum,06034000
Fer. 4 Cor. Christi,09024000
Fer. 4 de Passione,07054000
Fer. 4 Hebd. 1 Adv.,01014000
Fer. 4 Hebd. 1 Quad.,07014000
Fer. 4 Hebd. 2 Adv.,01024000
Fer. 4 Hebd. 2 p.Ep.,05024000
Fer. 4 Hebd. 2 Quad.,07024000
Fer. 4 Hebd. 3 Adv.,01034000
Fer. 4 Hebd. 3 p.Ep.,05034000
Fer. 4 Hebd. 3 Pasc.,08034000
Fer. 4 Hebd. 3 Quad.,07034000
Fer. 4 Hebd. 4 Adv.,01044000
Fer. 4 Hebd. 4 p.Ep.,05044000
Fer. 4 Hebd. 4 Pasc.,08044000
Fer. 4 Hebd. 4 Quad.,07044000
Fer. 4 Hebd. 5 p.Ep.,05054000
Fer. 4 Hebd. 5 Pasc.,08054000
Fer. 4 in estate,10004000
Fer. 4 in Letaniis,08064000
Fer. 4 in Pent. 17,09164000
Fer. 4 in Pent. 19,09184000
Fer. 4 Maj. Hebd.,07064000
Fer. 4 p. Epiphaniam,05014000
Fer. 4 p. Nat. Dom.,03024000
Fer. 4 p. Oct.Pasch.,08024000
Fer. 4 p. Pascha,08014000
Fer. 4 Pent.,08084000
Fer. 4 per annum,04004000
Fer. 4 post Ascensionem,08074000
Fer. 4 Q.T. Adventus,01034009
Fer. 4 Q.T. Pent.,08084009
Fer. 4 Q.T. Quad.,07014009
Fer. 4 Q.T. Sept.,11090409
Fer. 4 Quadragesimae,07004000
Fer. 4 Septuagesimae,06014000
Fer. 4 Sexagesimae,06024000
Fer. 4 Trinitate,09014000
Fer. 5 de Passione,07055000
Fer. 5 Hebd. 1 Adv.,01015000
Fer. 5 Hebd. 1 Quad.,07015000
Fer. 5 Hebd. 2 Adv.,01025000
Fer. 5 Hebd. 2 p.Ep.,05025000
Fer. 5 Hebd. 2 Quad.,07025000
Fer. 5 Hebd. 3 Adv.,01035000
Fer. 5 Hebd. 3 p.Ep.,05035000
Fer. 5 Hebd. 3 Pasc.,08035000
Fer. 5 Hebd. 3 Pent.,09025010
Fer. 5 Hebd. 3 Quad.,07035000
Fer. 5 Hebd. 4 Adv.,01045000
Fer. 5 Hebd. 4 p.Ep.,05045000
Fer. 5 Hebd. 4 Pasc.,08045000
Fer. 5 Hebd. 4 Quad.,07045000
Fer. 5 Hebd. 5 p.Ep.,05055000
Fer. 5 Hebd. 5 Pasc.,08055000
Fer. 5 in Cena Dom.,07065000
Fer. 5 in estate,10005000
Fer. 5 p. Epiphaniam,05015000
Fer. 5 p. Nat. Dom.,03025000
Fer. 5 p. Oct.Pasch.,08025000
Fer. 5 p. Pascha,08015000
Fer. 5 Pent.,08085000
Fer. 5 per annum,04005000
Fer. 5 post Cineres,06035000
Fer. 5 Q.T. Adventus,01035009
Fer. 5 Q.T. Pent.,08085009
Fer. 5 Quadragesimae,07005000
Fer. 5 Septuagesimae,06015000
Fer. 5 Sexagesimae,06025000
Fer. 6 Cor. Christi,09016000
Fer. 6 de Passione,07056000
Fer. 6 Hebd. 1 Adv.,01016000
Fer. 6 Hebd. 1 Quad.,07016000
Fer. 6 Hebd. 2 Adv.,01026000
Fer. 6 Hebd. 2 p.Ep.,05026000
Fer. 6 Hebd. 2 Quad.,07026000
Fer. 6 Hebd. 3 Adv.,01036000
Fer. 6 Hebd. 3 p.Ep.,05036000
Fer. 6 Hebd. 3 Pasc.,08036000
Fer. 6 Hebd. 3 Quad.,07036000
Fer. 6 Hebd. 4 Adv.,01046000
Fer. 6 Hebd. 4 p.Ep.,05046000
Fer. 6 Hebd. 4 Pasc.,08046000
Fer. 6 Hebd. 4 Quad.,07046000
Fer. 6 Hebd. 5 p.Ep.,05056000
Fer. 6 Hebd. 5 Pasc.,08056000
Fer. 6 in estate,10006000
Fer. 6 in Parasceve,07066000
Fer. 6 in Pent. 17,09166000
Fer. 6 p. Epiphaniam,05016000
Fer. 6 p. Nat. Dom.,03026000
Fer. 6 p. Oct. Asc.,08076000
Fer. 6 p. Oct.Pasch.,08026000
Fer. 6 p. Pascha,08016000
Fer. 6 Pent.,08086000
Fer. 6 per annum,04006000
Fer. 6 post Ascensionem,08066000
Fer. 6 post Cineres,06036000
Fer. 6 Q.T. Adventus,01036009
Fer. 6 Q.T. Pent.,08086009
Fer. 6 Q.T. Quad.,07016009
Fer. 6 Q.T. Sept.,11090609
Fer. 6 Quadragesimae,07006000
Fer. 6 Septuagesimae,06016000
Fer. 6 Sexagesimae,06026000
Feria 2 de Job,10302000
Feria 2 de Regum,10102000
Feria 2 TP,08002000
Feria 3 de Job,10303000
Feria 3 TP,08003000
Feria 4 TP,08004000
Feria 5 TP,08005000
Feria 6 TP,08006000
Fest. per annum,04000000
Festi 3 lectionum,16017000
Festi 9 lectionum,16014000
Festi 9 lectionum TP,16014080
"Festi 9 lectionum,8",16014008
Festum Sanguinis,17007000
Fidei et sociorum,14080140
Fidelis de Sigmaringa Mart.,
Fidis,14100600
Findani,14111530
"Firmi, Rustici",14080920
Firmini,14092500
"Firmini,8",14092508
"Florentii, Episc.",
Flori,14110400
Floriani,14050400
Florini,14111720
Foliani,14103110
Fortunatae et sociorum,14101420
"Fortunatae et sociorum,8",14101428
Franchae,14042700
Franciscae Romanae,14030910
Francisci,14100400
Francisci Borgiae,14101030
Francisci Carracciolo,14060400
Francisci de Paola,14040220
Francisci Salesii,14012930
Francisci Xaverii,14120300
"Francisci,8",14100408
Fructuosi Archiepiscopi Bracharensis,14041610
Fugae D. N. J. C. in Aegyptum,
Fursei,14011610
"Fusciani, Gentiani",14121110
Gabrielis,14121000
Gabrielis a Virgine Perdolente Confessoris,
"Gabrielis, Archang.",14031800
Galli,14101600
"Galli,8",14101608
Gangulfi,14051110
Gatiani,14121800
Gaudentii,14012220
Gaugerici,14081110
"Gaugerici,8",14081118
Gemmae,14081610
Genesii,14082530
Gengulfi,
Genovefae,14010300
Genulfi,14111330
Georgii,14042300
"Georgii, Adalberti",14062000
Geraldi Archiepiscopi Bracharensis,14120510
Geraldi Aureliaci,14101300
Gerardi,14092440
Gereonis et soc.,14101000
Germani,14073100
Germani Capuanae,14103030
Germani Parisien.,14052800
"Germani, Vedasti",14100110
Gertrudis,14111730
Gertrudis Nivellensis,14031700
"Geruntii Italicensis, Epi.",14082540
"Gervasii, Protasii",14061900
Gisleni,14100910
Goaris,14070610
Godehardi,14050410
"Gordiani, Epimachi",14051000
Gorgonii,14090900
Gratiarum Actionis,14101020
Gregorii,14031200
"Gregorii Barbadici Ep., Conf.",
"Gregorii Nazianzeni Episcopi, Confessoris et Ecclesiae Doctoris",
Gregorii Thauma.,14111700
Gregorii VII Papae Confessoris,
"Gregorii, Mart.",14122400
Gudulae,14010810
Gulielmi Abbatis,
Guthlaci,14041100
Hadulfi,14051900
Hebd. 1 Adventus,01018000
Hebd. 1 Quad.,07018000
Hebd. 2 Adventus,01028000
Hebd. 2 p. Pascha,08028000
Hebd. 2 Quad.,07028000
Hebd. 3 Adventus,01038000
Hebd. 3 p. Pascha,08038000
Hebd. 3 Quad.,07038000
Hebd. 4 Adventus,01048000
Hebd. 4 p. Pascha,08048000
Hebd. 4 Quad.,07048000
Hebd. 5 p. Pascha,08058000
Hebd. 6 p. Pascha,08068000
Hebd. Adventus,01008000
Hebd. de Job,10308000
Hebd. de Judith,10508000
Hebd. de Machabaeis,10808000
Hebd. de Passione,07058000
Hebd. de Prophetis,10908000
Hebd. de Regum,10100008
Hebd. de Sapientia,10208000
Hebd. de Tobia,10408000
Hebd. Nat. Dom.,02008000
Hebd. p. Pent.,09008000
Hebd. per annum,04008000
Hebd. Quadragesimae,07008000
Hebd. Quinquagesimae,06038000
Hebd. Sancta,07068000
Hebd. Septuagesimae,06018000
Hebd. Sexagesimae,06028000
Hebd. TP,08008000
Hedwigis,14101640
"Helari, Tatiani",14031600
Helenae,14081830
"Helenae Imperatricis, Viduae",
Helenae Schedviensis,14073110
Henrici,14011940
Henrici Imperatoris,14071300
Herblandi,14101820
Herculani Perusini,14030120
"Hermagorae, Fort.,8",14071208
"Hermagorae,Fortunati",14071200
Hermenegildi,14041300
Hermetis,14082830
Hieronimi,14093000
"Hieronimi,8",14093008
Hieronymi AEmiliani Confessoris,
Hilariae et sociorum,14081230
Hilarii,14011400
Hilarii Arelatensis,14050500
Hilarionis,14102120
Hildegardis Bingensis,14091701
Hippolyti,14081300
Huberti,14110330
Hugonis,14040910
Hugonis Episc. Lincolniensis,14111740
Hugonis TP,14040980
Humbelinae,14021200
Humberti,14090600
Hunegundis,14082510
Hyacinthi Confessoris,
Hymni,16007000
Ignatii,14020110
Ignatii Confessoris,
Ildefonsi,14012301
Imerii,14111240
Immaculati Cordis B. M. V.,
In Apparitione B. M. V. Immaculate,
In Comm. Omnium SS. Summorum Pontificum. Die 4 Julii,
In Comm. Septem Dolorum B. Mariae V.,
In dedicatione altaris,16011000
In dedicatione archibasilicae S. Salvatoris,14110940
In dedicatione Basilicae BMV de Martyribus Ulyssipponensis,14051320
In Dedicatione Ecclesiae,12008000
In Dedicatione Ecclesiae TP,12008080
"In Dedicatione Ecclesiae,8",12008008
In dedicatione S. Mariae,14051310
In estate,10000000
In Festo D. N. Jesu Christi Regis,
In festo sollemni,
In Letaniis,08068010
In Letaniis maj.,08042500
In nativitate Pontificis,16208020
In tempore Adventus,01000000
In tempore belli contra Sarracenos,16021000
In tempore Epiphaniae,05000000
In tempore Nat.,03000000
In tempore oritur inter christianos,16022000
In tempore Paschae,08000000
In tempore pestilentiae,16018000
In tempore Quad.,07000000
In transitu Francisci,14100330
In Triduum,07069000
Ingenuini et Albuini,14020510
Invent. Michaelis,
Inventio Afrae,17004000
Inventio Antonini,14111310
Inventio Catharinae,17006000
Inventio Crucis,14050300
"Inventio Crucis,8",14050308
Inventio Dionysii,14042200
Inventio Firmini,14011520
Inventio Francisci,14121220
Inventio Stephani,14080300
Inventio Udalrici,17005000
Invitatoria,16004000
Invocatio Sancti Spiritus,
"Irenaei Episcopi, Martyris",
Irenes,14102010
"Isaaci Jogues, Joannis de Brebeuf et Sociorum, Martyrum S. J.",
Isabelle,14090160
Isidori Episcopi Confessoris et Ecclesiae Doctoris,
Ivonis,14042410
Ivonis de Kermartin,14051930
Iwigii,14100860
"Iwigii, Transl.",17009000
Jacobi,14072500
"Jacobi, miracula",14100420
"Jacobi,8",14072508
Januarii,14091900
Januarii et sociorum,14101910
Joachim Confessoris Patris B. M. V.,
Joachimi,14032010
Joannae de Arc Virginis,
Joannae Franciscae Fremiot de Chantal Viduae,
Joannis a Cruce Confessoris Ecclesiae Doctoris,
Joannis a Deo Confessoris,
Joannis a S. Facundo Confessoris,
Joannis Abbatis Reomensis,14012830
Joannis Baptistae,14062400
Joannis Baptistae de la Salle Conf.,
"Joannis Baptistae,8",14062408
Joannis Berchmans Confessoris. Die 13 Augusti,
"Joannis Bosco, Confessoris",
Joannis Cantii Confessoris,
Joannis Capistranensis,14102340
Joannis Cassiani,14072310
Joannis Chrysostomi,14012700
Joannis Damasceni Confessoris et Ecclesiae Doctoris,
Joannis de Husinec,14070640
Joannis de Matha Confessoris,
Joannis Eudes Confessoris,
Joannis Evang.,02122700
"Joannis Evang.,8",02122708
"Joannis Fischer Ep. Et Thomae Morus, Martyrum",
Joannis Francisci Regis,14061610
Joannis Gualberti Abbatis,
"Joannis I Papae, Martyris",
Joannis Leonardi Confessoris,
Joannis Mariae Vianney Confessoris,
Joannis Mariae Vianney. Die 9 Augusti,
Joannis Nepomuceni Martyris. Die 16 Maii,
Joannis Port. Lat.,14050600
"Joannis, Pauli",14062600
Josaphat Episcopi Martyris,
"Joseph Opificis, Sponsi B. Mariae Virg. Confes.",
Josephi,14031900
Josephi Calasanctii Confessoris,
Josephi de Cupertino Confessoris,
Josephi Prophetae,14030800
Judae Quiriaci,14050420
Judoci,14121330
Julianae,14021600
Julianae de Falconeriis Virginis,
Juliani,14082810
"Juliani, Epi.",14012710
"Juliani, Hermetis",14082860
Justae et Rufinae,14071730
Justi,14101810
"Justi, Epi.",14090150
"Justi, Pastoris",14080630
"Justinae, Cypriani",14092600
"Justinae, Cypriani,8",14092608
Justini,14080810
Justini Martyris,
Juvenalis,14050320
Kenelmi,14071710
Kiliani et sociorum,14070810
Kunegundis,14030300
LACUNA,00000000
Ladislai,14062700
Lamberti,14091700
"Lamberti,8",14091708
Landelini,14061520
Landerici,14061000
Launomari,14011930
Laurentii,14081000
Laurentii de Brundusio Confessoris et Ecclesiae Doctoris,
"Laurentii Justiniani Episcopi, Conf.",
"Laurentii,8",14081008
Lauteni,14110200
Lazari,14121700
Lebuini,14111200
Leocadiae,14120920
Leodegarii,14100200
Leonardi,14110610
Leonardi a Portu Mauritio,14112630
Leonis,14062800
"Leonis I Papae, Confessoris et Ecclesiae Doctoris",
"Leonis, Pont.",14041900
"Leonis, Pont., Quad.",14041910
Leopardi,14093010
Leopoldi,14111520
"Leopoldi, transl.",14021520
Leutfredi,14062110
Liborii,14072300
Licinii,14110150
Lini,14112600
"Lini Papae, Martyris",
LITURA,00000001
LOCAL:Adriani,14090830
LOCAL:Afrae,14080710
LOCAL:Annae,14081650
"LOCAL:Annae,Zutfania",14071900
"LOCAL:Chrysan,Dariae",14102420
LOCAL:Hieronimi,14092810
LOCAL:Sept.Dorm.Eph.,14062710
"LOCAL:Sulpit.,Sever.",14100310
LOCAL:Tr.Trium Regum,14072620
LOCAL:Transl. Serva.,14060710
Lucae,14101800
"Lucae,8",14101808
Lucani,14103000
Luciae,14121300
"Luciae, Germiniani",14091620
"Luciae,8",14121308
Luciani et sociorum,14101620
"Lucii I Papae, Martyris",
Ludgeri,14032600
Ludmilae,14091630
Ludovici,14082500
Ludovici Toul.,14081900
Lupi,14090110
Lupi Bajocensis,14102520
Lutgardae,14061620
Macarii,14011530
Machabaeorum,14080120
Maclovii,14111510
Madelgari,14071400
Mafaldae Reginae,14050230
Maglorii,14102400
Magni,14090610
Malachiae,14110220
Mamerti,14051100
Marcelli,14090420
"Marcelli Parisien.,8",14110318
Marcelli Parisiensis,14110310
"Marcelli, Apuleii",14100710
"Marcelli, Pont.",14011600
"Marcellini, Petri",14060200
Marci,14042500
"Marci, Marcellini",14061800
"Marci, Pont.",14100700
"Marci,8",14042508
Margaritae,14072010
Margaritae Cortonensis,14022210
Margaritae Mariae Alacoque Virg.,
"Margaritae Reginae Scotiae, Viduae",
Mariae ad Nives,14080520
Mariae Aegyptiacae,14040200
"Mariae Mag.,8",14072208
Mariae Magdalenae,14072200
Mariae Magdalenae de Pazzis Virg.,
Mariae Salome,14102210
"Marii, Marthae",14011900
Marinae,14071720
Marthae,14072930
"Martialis, Apost.",14070800
"Martialis, Epi.",14063010
Martinae,14013020
Martini,14111100
Martini Archiepiscopi Bracharensis,14032020
"Martini, Pont.",14111250
"Martini,8",14111108
Martinus Dumiensis archiepiscopi bracharensis,
Martyrum sive Confessorum TP,12802300
Materni,14091910
Maternitatis B. M. V.,
Matthaei,14092100
"Matthaei,8",14092108
Matthiae,14022400
Maturini,14110930
Mauri,14011510
"Mauri,8",14011518
Maurilii,14091300
Mauritii et sociorum,14092200
Maxellendis,14111320
Maximiliani,14101220
Maximini,14052900
Medardi,14060800
Mederici,14082920
Meginrati,14012110
Melchiadis Papae et Martyris,
Melori,14100120
Mennae,14111110
Mercurii,
Michaelis,14092900
Milburgae,14022300
Mildrithae,14071310
Miniatis,14102510
Mirac. Genovefae,14112610
Miraculi sanctae crucis,17008000
Missa ad postulandum gratiam bene moriendi,
Missa de Sancta Maria in Sabbato. A Nativ. Domini usque ad Purificationem,
Missa de Sancta Maria in Sabbato. A Pascha usque ad Pentecosten,
Missa de Sancta Maria in Sabbato. Ab Adventu usque ad Nativitatem Domini,
Missa in dominicis diebus,16012700
Missa in gratiarum actione pro expulsa tribulatione vel egritudine et reddit prosperitate atque salute,15009080
Missa pro Ecclesiae defensione,
Missa pro Fidei Propagatione,
Missa pro peregrinantibus,
Missa pro solo Episcopo dicenda,15009070
Missa pro unitate Ecclesiae,
Missa pro vitanda mortalitate,
Missa quam Sacerdos pro se dicere debeat,15009050
Missa quam Sacerdos pro se dicere debeat digeritur hoc modo,15009040
Missa quam Sacerdos pro se in tribulatione dicere debeat,15009060
Missa votiva de omnibus Apostolis,15009021
Missa votiva de rege,15009020
Missa votiva omnimoda,15009010
Missa votiva pluralis,15009012
Missa Votiva pro eligendo Summo Pontifice,
Missa votiva quam dicit Episcopus quando presbyterum ordinat,15009030
Missa votiva singularis,15009011
Missa Votiva. Feria II. Missa de Sanctissima Trinitate,
Missa Votiva. Feria IV. Missa de S. Joseph,
Missa Votiva. Feria V. Missa de D. N. Jesu Christo summo et aeterno Sacerdote,
Missa Votiva. Feria V. Missa de Ss. Euchar. Sacramento,
Missa Votiva. Feria VI. Missa de Passione D. N. J. C.,
Missa Votiva. Feria VI. Missa de Passione Domini,
Missa Votiva. Feria VI. Missa de Sacratissimo Corde Jesu,
Modesti,14021210
Monicae,14050440
Monicae Viduae,
Multorum in tribulatione,16026020
"Mustiolae, Irenaei",14070310
Narboris et Felicis Mart.,
Narcissi,14102900
Nat. Innocentium,02122800
"Nat. Innocentium,8",02122808
Nativitas Domini,02122500
"Nativitas Domini,8",02122508
Nativitas Mariae,14090800
"Nativitas Mariae,8",14090808
Nazarii,
"Nazarii, Celsi",14072800
"Nerei, Achillei",14051240
Nicasii,14121400
Nicasii et sociorum,14101130
Nicolai,14120600
Nicolai de Flue. Die 25 Septembris,
Nicolai de Tolentino,14091030
Nicolai Pici et sociorum,14070920
"Nicolai,8",14120608
Nicomedis,14091530
"Nicomedis, Valeriani",14091540
Nominis BMV,14090811
Nominis Jesu,14011430
"Norberti Episcopi, Confessoris",
Oct. Adalberti,14043020
"Oct. Apost, Die 3",14070820
"Oct. Apostolorum,8",14070608
Oct. Ascens. Domini,08075000
Oct. Corporis Christi,09025000
Oct. Dedicatione Ecclesiae,12008100
Oct. Joannis Evang.,02010300
"Oct. Joannis, Pauli",14070320
"Oct. Justinae, Cypr.",14100300
Oct. Marcel. Paris.,14111000
Oct. Nat. Innocent.,02010400
Oct. Om. Sanctorum,14110810
"Oct. Petri, Pauli",
"Oct. Philippi,Jacobi",14050830
Oct. Wenceslai,14100520
Oct.Visitatio Mariae,14070900
Octava Afrae,14081220
Octava Agapiti,14082520
Octava Agnetis,14012800
Octava Amandi,14021310
Octava Andreae,14120710
Octava Apostolorum Petri et Pauli,14070600
Octava Assumptionis,14082210
Octava Augustini,14090400
Octava Bartholomaei,14083130
Octava Blasii,14021010
Octava Concep.Mariae,14121500
Octava Cyrici,14062310
Octava de Trinitate,09021020
Octava Dionysii,14101610
Octava Edithae,14092310
Octava Epiphaniae,05011300
Octava Floriani,14051120
Octava Galli,14102320
Octava Gaugerici,14081810
Octava Georgii,14043000
Octava Jacobi,14080110
Octava Joannis Bapt.,14070100
Octava Lamberti,14092410
Octava Laurentii,14081700
Octava Ludgeri,14040210
Octava Mariae Mag.,14072910
Octava Martialis,14070630
Octava Martini,14111800
Octava Nat. Domini,02010100
"Octava Nat. Domini,8",02010108
Octava Nat. Mariae,14091510
Octava Nicolai,14121320
Octava Paschae,08021000
"Octava Paschae,8",08021008
Octava Pentecostes,08091000
Octava Rel. Vedasti,14072210
Octava Saturnini,14120610
Octava Servatii,14052000
Octava Stephani,02010200
Octava Thomae Cant.,14010510
Octava Tr. Benedicti,14071800
Octava Tr. Vedasti,14101210
Octava Udalrici,14071110
Octava Vedasti,14021300
Octava Viti,14062230
Odiliae,14121340
Officia votiva,15009000
Olavi,14072940
Omnium Sanctorum,14110100
"Omnium Sanctorum,8",14110108
Opilii,14101200
Opportunae,14042210
Orationis Domini Nostri Jesu Christi,
Ordin. Gregorii,14090310
"Ordin. Gregorii,8",14090318
Ordinatio Amandi,14102600
Ordinatio Oswaldi,14060100
Ordinatio Zenonis,14120820
Ordo ad consecrandum novum sepulcrum,13005000
Ordo ad corpus parvuli commendandum,13006000
Ordo ad induendum virginis,16053010
Ordo ad reconciliandum paenitentes,16038020
Ordo ad visitandum vel perunguendum infirmum,16013010
Ordo celebrandus super eum qui ab spiritu inmundo vexatur,16036000
Ordo de energumeno,16041000
Ordo de parvulo defuncto,13010000
Ordo de patribus et fratribus defunctis,13012000
Ordo in commendatione presbyteri,13007000
Ordo in finem hominis diei,13004000
Ordo quando rex cum exercitu ad prelium egreditur,16040000
Ordo quando sal ante altare ponitur antequam exorcizetur,16035000
Ordo super eum qui barbam tangere cupit,16034000
Ordo super sepulcrum quando clamore proclamatur,13008000
Ordo votivo energumeno id est daemonia sustinens,16041010
Orientii,14050120
"Oswaldi, Epi.",14022800
"Oswaldi, Reg.",14080510
Othmari,14111600
Pancratii et sociorum,14051210
Pantaleonis,14072700
Pascha Annotinum,08020100
Paschalis Baylon,14051720
Passio Laurentiae,14081630
Passio Ragnulfi,14110950
Patriarcharum,14100930
"Patritii Episcopi, Confessoris",
Paulae,14012610
Pauli,14063000
Pauli a Cruce Confessoris,
Pauli Heremitae,14011010
"Pauli,8",14063008
Paulini,14083110
Paulini Ebor.,14101010
"Paulini Ebor.,8",14101018
Paulini Nolansis,14062200
Pelagii,14082840
Perpetui,14123010
Petri,14062910
Petri Alcantarae,14101920
Petri Alexandrini Ep. Mart.,
"Petri Caelestini Papae, Conf.",
Petri Canisii Conf. et Eccl. Doct.,
"Petri Chrysologi Episc., Conf. Et Ecclesiae Doctoris",
Petri Claver Confessoris,
"Petri Damiani Episcopi, Conf., Ecclesiae Doctoris",
Petri de Rates,14042610
Petri de Tarentasia,14050820
Petri Gundisalvi,14041410
Petri Nolasci Confessoris,
Petri Regalati,14051330
"Petri, Mart.",14042900
"Petri, Pauli",14062900
"Petri, Pauli,8",14062908
"Petri,8",14062918
Petronillae,14053110
Philiberti,14082000
Philippi Benitii,14082310
Philippi Nerii,14052620
"Philippi, Jacobi",14050100
"Philippi, Jacobi,8",14050108
Photini Episc. et soc.,14060210
Piati,14100130
"Pii I Papae, Martyris",
"Pii V Papae, Confessoris",
Pii X Papae et Confessoris,
Pirmini,14110300
Placidi et sociorum,14100510
Polycarpi,14012600
Pontiani,14011420
"Pontiani, Pont.",14111910
Pontii,14051400
Potentianae virginis,14041700
Praejecti,14012510
Praesentatio Mariae,14112100
Praxedis,14072100
Pretiosissimi Sanguinis,14070110
"Primi, Feliciani",14060900
Priscae,14011800
Prisci,14090120
Pro adversitate ecclesiae,16052000
Pro amico,16029000
Pro Archiepiscopo,16028010
Pro baptismo,16032000
Pro consecratione crucis,16048010
Pro conversis,16037000
Pro Dagoberto rege def.,
Pro defunctis,13001000
Pro defunctis Episcopis,13003000
Pro defunctis Sacerdotibus,13011000
Pro familiaribus,16044000
Pro febribus,16031000
Pro Gratiarum Actione,
Pro infirmis,16013030
Pro iter agentibus,16030000
Pro nec Virgine nec Martyre,
Pro omni populo christiano,16043000
Pro ordinatione clerici,16033000
Pro ordinatione Episcopi,16033010
Pro ordinatione Episcoporum,16033020
Pro pace,16019010
Pro pace regni,16019000
Pro paenitente,16038000
Pro paenitentibus,16038030
Pro pluvia,16020000
Pro quacumque necessitate,16050000
Pro reconciliatione ecclesiae,16047000
Pro remissione peccatorum,16045000
Pro Sacerdote,16028000
Pro salute vivorum,16027000
Pro serenitate,16042000
Pro sponso et sponsa,16044000
Pro stabilitate loci,16049000
Pro tribulatione,16026000
Pro uno infirmo,16013020
Pro uno paenitente,16038010
Pro Virgine tantum,
"Probi, Tarachi",14101110
"Processi, Martiniani",14070210
Procopii megalomartyris,
Procopii Sázaviensis,14070430
Prosperi,14062520
"Proti, Hiacinthi",14091100
"Pudentianae, Pudentis",14051910
Purificatio Mariae,14020200
Purificatio Mariae TP,14020280
"Purificatio Mariae, Vigilia",14020130
"Purificatio Mariae,8",14020208
Purissimi cordis de BMV,14070930
Puritatis B. Mariae Virginis. Die 16 Octobris,
Q.T. Adventus,01030009
Q.T. Quadragesimae,07010009
Quadrag. Martyrorum,14030900
Quattuor Coronatorum,14110800
Quattuor Virginum,14091920
Quinque fratrum,14111230
Quintini,14103100
Quirini,14060410
Radegundis,14081310
Ragenfredis,14100800
Ragnulfi,14052700
"Raphaelis, Archang.",14102410
Raymundi de Pennafort Confessoris,
Raymundi Nonnati Confessoris,
Recollectio Mariae,15081520
Reginae Mariae,14053130
Reguli Silvanecti,14043040
"Reguli Silvanecti, transl.",14033000
Relatio Martini,14121410
Relatio Vedasti,14071500
"Relatio Vedasti,8",14071508
Reliquiarum,14091500
"Reliquiarum,8",14091508
Remacli,14090300
Remigii,14100100
"Remigii, Hilarii",14011440
Richarii,14100920
Rictrudis,14051200
"Ritae a Cassia, Viduae. Die 22 Maii",
Roberti,14042910
"Roberti Bellarmino Episcopi, Confessoris et Ecclesiae Doctoris",
Rocho,14081640
Romani,14080900
Romani Antiochiae,14111810
Romualdi Abbatis,
Rosae a S. Maria Virginis Limanae,
Rosae Limanae Virginis. Die 30 Augusti,
Rufi,14082820
"Rufinae, Secundae",14071010
Ruperti Bingensis,14051510
Ruperti Salisburgii,14032700
Rustici et Eleutherii Martyrum,
"S. Ritae a Cassia, Viduae. Die 22 Maii",
Sabae,14120500
Sabb. Adventus,01007000
Sabb. Cor. Christi,09017000
Sabb. de Passione,07057000
Sabb. Hebd. 1 Quad.,07017000
Sabb. Hebd. 2 p. Ep.,05027000
Sabb. Hebd. 2 Quad.,07027000
Sabb. Hebd. 3 p. Ep.,05037000
Sabb. Hebd. 3 Quad.,07037000
Sabb. Hebd. 4 p. Ep.,05047000
Sabb. Hebd. 4 Quad.,07047000
Sabb. Hebd. 5 p.Ep.,05057000
Sabb. in Pent. 17,09167000
Sabb. p. Dom. 1 p. Pent.,09017010
Sabb. p. Epiphaniam,05017000
Sabb. p. Nat. Dom.,03027000
Sabb. p. Oct. Asc.,08077100
Sabb. p. Oct. Pasch.,08027000
Sabb. post Ascensionem,08067000
Sabb. Quadragesimae,07007000
Sabb. Septuagesimae,06017000
Sabb. Sexagesimae,06027000
Sabb.p.Oct.Cor.Chri.,09027000
Sabbato 3 p. Pascha,08037000
Sabbato 4 p. Pascha,08047000
Sabbato 5 p. Pascha,08057000
Sabbato Hebd. 1 Adv.,01017000
Sabbato Hebd. 2 Adv.,01027000
Sabbato Hebd. 3 Adv.,01037000
Sabbato Hebd. 4 Adv.,01047000
Sabbato in Albis,08017000
Sabbato in estate,10007000
Sabbato Pent.,08087000
Sabbato per annum,04007000
Sabbato post Cineres,06037000
Sabbato Q.T. Adventus,01037009
Sabbato Q.T. Pent.,08087009
Sabbato Q.T. Sept.,11090709
Sabbato Sancto,07067000
Sabbato TP,08007000
Sabinae,14082910
Sabini,14011710
"Sabiniani, Potentiani",14101930
Sacrarum Reliquiarum. Die 5 Novembris,
Sacratissimae Sindonis D. N. J. C. Feria VI post Dom. II Quadragesimae,
Sacratissimi Cordis Jesu,09026010
Salvii,14091020
Samsonis,14072810
"Sanctae familiae Jesu, Mariae, Joseph",05011020
Sanctissimi Nominis BMV,14091200
Sanctissimi Redemptoris. Die 23 Octobris,
Sanctorum Angelorum Custodum,
Sanctorum Quinque Martyrum Ordinis Minorum,14011630
Saturnini,14112900
"Savinianus, Potentianus",
Scholasticae,14021000
Sept. Dorm. Eph.,14072710
Septem Dolorum BMV,14091550
Septem Fratrum,14071000
Septem Fundatorum Ord. Serv. B. M. V.,
Sereni,14100210
"Sergii, Bacchi",14100820
Servatii,14051300
"Severi, Epi.",14102200
Severini,14112410
"Severini, Apost.",14010530
"Severini, Epi.",14102300
Sigfridi,14021510
Sigismundi,14050140
"Silverii Papae, Martyris",
Silvestri,14123100
Silvestri Abbatis,
"Simeonis Episcopi, Martyris",
Simeonis Stylitae,14010500
"Simonis, Judae",14102800
Simperti,14101350
Simplicii et sociorum,14072920
Sixti et sociorum,14080610
Sophiae viduae,14011620
"Soteris et Caii Pontif., Martyrum",
Speusippi,14011720
Spinea Corona D. N. J. C. Feria VI post Cineres,
Ss. Lanceae et Clavorum D. N. J. C. Feria VI post Dominicam I Quadragesimae,
Stanislai,14050710
"Stanislai Episcopi, Martyris",
Stanislai Kostkae Confessoris,
Stephani,02122600
Stephani Abbatis,14041710
"Stephani, Pont.",14080200
"Stephani, Reg.",14082030
"Stephani,8",02122608
Stig. Francisci,14091710
Subventio Martini,14051220
Suff. Adalberti,15042310
Suff. Afrae,15080500
Suff. Agnetis,15012100
Suff. Annae,15072600
Suff. Annae TP,15072680
Suff. Apostolorum,15004000
Suff. Benedicti,15032100
Suff. Caeciliae,15112200
Suff. Confessorum,15005000
Suff. Corporis Christi,15915000
Suff. Crucis,15050300
Suff. Crucis TP,15050380
Suff. David,15030100
Suff. Exalt. Crucis,15091400
Suff. Francisci,15100400
Suff. Genovefae,15010300
Suff. Georgii,15042300
Suff. Hermagorae,15071200
Suff. Jo. Bapt. Adv.,15062410
Suff. Jo. Bapt. Nat.,15062430
Suff. Jo. Bapt. TP,15062480
Suff. Joannis Bapt.,15062400
Suff. Joannis Evang.,15122700
Suff. Justinae,15092600
Suff. Justinae TP,15092680
Suff. Lamberti,15091700
Suff. Laurentii,15081000
Suff. Ludgeri,15032600
Suff. Ludmilae,15091630
Suff. Marcelli Par.,15110300
Suff. Mariae,15081500
Suff. Mariae Adv.,15081510
Suff. Mariae Mag.,15072200
Suff. Mariae Nat.,15081530
Suff. Mariae TP,15081580
Suff. Martini,15111100
Suff. Martyrorum,15007000
Suff. Mauritii,15092200
Suff. Michaelis,15092900
Suff. Nicolai,15120600
Suff. Om. Sanct. Adv,15110110
Suff. Om. Sanct. Nat,15110130
Suff. Om. Sanct. TP,15110180
Suff. Om. Sanctorum,15110100
Suff. Ordinis Carmelitarum,12017000
"Suff. Oswaldi,Wulst.",15022800
Suff. Paschae,15811000
Suff. Pauli,15063000
"Suff. Perpetuae, Felicitatis",15030710
Suff. Petri,15062910
"Suff. Petri, Pauli",15062900
Suff. pro Pace,15001000
Suff. pro Pace TP,15001080
Suff. pro paenitente,15003000
Suff. Reliquiarum,15120400
Suff. S. Mariae,
Suff. Stephani,15122600
Suff. Thomae Apost.,15122100
Suff. Udalrici,15070400
Suff. un. Mart. TP,15006080
Suff. unius Conf.,15005100
Suff. unius Mart.,15006000
Suff. Vedasti,15020600
Suff. Virginum,15010000
Suff. Walburgae,15022500
Suff. Wenceslai,15092800
Sulpicii Severi,14012910
"Sulpitii, Serviliani",14042000
Suscept. Reliquiarum,14120410
Swithuni,14071520
Symphoriani,14082200
Symphorosae cum septem Filiis Mart.,
Syri,14120900
Taurini,14081130
Teresiae Avilensis,14101500
Teresiae Virginis,
Tertullini,14080400
Theclae,14092300
Theodardi,14091010
Theodori Tiro,14110910
Theotonii,
Theresiae a Jesu Infante Virginis,
Thomae Apost.,14122100
Thomae Cant.,14122900
"Thomae Cant.,8",14122908
Thomae de Aquino,14030700
Thomae de Villanova Episcopi et Confessoris,
Tiburtii (filius Chromatii),14081140
"Tiburtii, Susannae",14081100
"Tiburtii, Valeriani, Maximi",14041400
Timothei,14012400
"Timothei, Apollinaris",14082300
"Titi Episcopi, Confessoris",
Tr. Christophori,17002000
"Tr. Germani, Juliani",14072520
Tr. Kunegundis,14090910
Tr. Marcelli Paris.,14072600
Transfiguratio Dom.,14080600
Transl. Adalberti,14110620
Transl. Aichardi,14061700
Transl. Augustini,14101120
Transl. Baboleni,14120720
Transl. Bartholomaei,14021320
Transl. Benedicti,14071100
"Transl. Benedicti,8",14071108
Transl. Candidi,14082420
Transl. Caroli Magni,14072720
Transl. Clarae,14100340
Transl. Cuthberti,14090410
Transl. Dominici,14052400
Transl. Edithae,14110350
Transl. Egwini,14090810
Transl. Eligii,14062500
Transl. Eustachii,14110340
Transl. Francisci,14052530
Transl. Gerardi,14022410
Transl. Gudulae,14070620
Transl. Hadulfi,14083100
Transl. Hieronimi,
Transl. Hugonis,14011910
Transl. Jacobi,14123020
Transl. Januarii,14102310
Transl. Justae,14070910
Transl. Justinae,14081710
Transl. Lamberti,14042820
Transl. Lebuini,14062510
Transl. Ludgeri,14100320
Transl. Ludmilae,14111020
Transl. Martini,14070400
Transl. Mauritii,14051230
Transl. Nicolai,14050900
Transl. Oswaldi,14100830
"Transl. Oswaldi,8",14100838
Transl. Patrocli,14120901
Transl. Petri Alcan.,14042810
Transl. Ruperti Salisburgii,14092420
Transl. Servatii,14070720
Transl. Simperti,17003000
Transl. Stanislai,14092710
Transl. Stephani,14050700
Transl. Syri,14051700
Transl. Thomae Apost.,14070300
Transl. Thomae Cant.,14070710
Transl. Trium Regum,14072330
Transl. Udalrici,14051410
Transl. Valentini Epi.,14080420
Transl. Vedasti,14100500
"Transl. Vedasti,8",14100508
Transl. Walburgae,14050150
Transl. Wenceslai,14030400
Transl. Wolfgangi,14100720
Transl. Wulstani,14060700
Translatio Wigberti,14051520
Translationis Almae Domus B. M. V.,
Tres Mariae,14052520
Triumphi Sanctae Crucis apud Navas Tolosae,14071730
Trophimi,14122910
Trudonis,14112320
Tryphonis Respicii et Nymphae Virg. Martyrum,
Turiani,14071320
Ubaldi Episcopi et Confessoris,
Udalrici,14070420
"Udalrici,8",14070428
Ulgani,14110110
Unius in tribulatione,16026010
Urbani,14052510
Ursulae,14102110
Valentini,14021400
"Valentini, Epi.",14010700
"Valentini, Hylarii",14110360
Valeriae,14121200
Valerici,14020120
Valerii,14012900
Vedasti,14020600
"Vedasti,8",14020608
Venantii,14101100
Venantii Martyris,
Verenae,14090130
"Vibiae Perpetuae, Felicitatis",14030710
Victoria Pauli,14062720
"Victoriae, Anatoliae",14122300
Victorini Assisiensis,14061210
"Victorini, Floriani, transl.",14110210
"Victorini, Mart.",14090500
Victoris,14120700
Victoris Bracharensis,14041210
Victoris et sociorum,14072110
Victoris Mauri,14050810
Vig. Assump. Mariae,14081410
Vig. Joannis Bapt.,14062300
Vig. Kiliani et sociorum,14070730
Vig. Om. Sanctorum,14103120
Vig. Relatio Vedasti,14071410
Vig. Stephani Reg.,14081920
Vigil. Dionysii,
Vigilia Andreae,14112920
Vigilia Bartholomaei,14082320
Vigilia Epiphaniae,02010500
Vigilia Jacobi,14072410
Vigilia Laurentii,14080910
Vigilia Martini,14111030
Vigilia Matthaei,14092020
Vigilia Matthiae,14022310
Vigilia Nat. Domini,02122400
Vigilia Nat. Mariae,14090710
Vigilia Othmari,14111540
Vigilia Pentecostes,08077000
Vigilia Petri,14062820
"Vigilia Petri, Pauli",14062810
"Vigilia Philippi, Jacobi",14043030
"Vigilia Simonis, Judae",14102700
Vigilia Thomae Apost.,14122000
Vigilii,14062620
Vigoris,14110120
Vincentii,14012200
Vincentii a Paulo Confessoris,
Vincentii Ferrerii Confessoris,
"Vincentii, Anastasii",
"Vincentii, Orontii, Victoris",14012230
"Vincentii, transl.",14091560
"Vincentii, transl. in Brachara",14050450
"Vincentii,8",14012208
Vincula Petri,14080100
"Vincula Petri,8",14080108
Vindiciani,14031100
Vinoci,14110600
Visitatio Mariae,14070200
"Visitatio Mariae,8",14070208
Vitalis Agricolae Mart.,
"Vitalis, Valeriae",14042800
Viti et sociorum,14061500
"Viti,8",14061508
Vitoni,14110920
Vulmari,14072000
Walburgae,14022500
Waldetrudis,14040900
Wandregisili,14072220
Wenaili,14110320
Wenceslai,14092800
"Wenceslai,8",14092808
Wiboradae,14050220
Wigberti,14081320
Wilfridi,14101230
Willehadi,14110820
Willelmi,14011000
Willibaldi,14070700
Willibrordi,14110700
Wironi,14050840
Wolfgangi,14103130
Wulsini,14010800
Wulstani,14011920
"Wulstani,8",14011928
Wunnibaldi,14121820
XI milium Virginum,14102100
Yventii,
Zenobii,14052500
Zenonis,14041200
Zephyrini Pape Martyris,
"Zoerardi, Benedicti",14071600
