id,corpus_id,chantlink,incipit,cantus_id,mode,finalis,differentia,siglum,position,folio,sequence,marginalia,cao_concordances,feast,feast_code,genre,office,srclink,melody_id,full_text,full_text_manuscript,volpiano,notes,dataset_name,dataset_idx,db,image_link
,,https://cantusdatabase.org/chant/479428,Multitudinis*,990006,*,,,E-Tc 44.1,,085r,,,,Ascensio Domini,08065000,,V,https://cantusdatabase.org/source/123638,,,,,,,,CD,
,,https://cantusdatabase.org/chant/306728,Benedicamus -- -ia,990002,,,,A-KR VI/258,,037v,,,,De Sanctis TP,12815000,,V2,https://cantusdatabase.org/source/123660,,,,,,,,CD,
,,https://cantusdatabase.org/chant/266270,D- --,990012,?,,,TR-Itks 42,,297v,,,,Visitatio Mariae,14070200,,M,https://cantusdatabase.org/source/123706,,,,,,,,CD,
,,https://cantusdatabase.org/chant/321282,Requiem aeternam dona eis,990013,?,,,PL-Kkar 4 (Rkp 20),,026,,,,Additamenta,17001000,,X,https://cantusdatabase.org/source/123710,,,,,,,,CD,
,,https://cantusdatabase.org/chant/449713,Post eandem juss-*,990007,*,,,F-Pn Lat. 1085,,091v,,,,Additamenta,17001000,,?,https://cantusdatabase.org/source/123663,,,,,,,,CD,http://gallica.bnf.fr/ark:/12148/btv1b8432277r/f192.image
,,https://cantusdatabase.org/chant/449714,Duos beatus pontifex*,990003,*,,,F-Pn Lat. 1085,,091v,,,,Additamenta,17001000,,?,https://cantusdatabase.org/source/123663,,,,,,,,CD,http://gallica.bnf.fr/ark:/12148/btv1b8432277r/f192.image
,,https://pemdatabase.eu/musical-item/61946,Pacem bonis omnibus nuntiavit angelus refulsit,g02577,1,,,E-Sco (Sevilla) Institución Colombina Libro 069,,043v,,,,Nativitas Domini,02122500,[M],X,https://pemdatabase.eu/source/61848,,,,,,,,PEM,https://pemdatabase.eu/gallery-item/23283
,,https://cantusdatabase.org/chant/263666,E- -- de numquid --,990011,?,,,TR-Itks 42,,154v,,,,Purificatio Mariae,14020200,,M,https://cantusdatabase.org/source/123706,,,,,,,,CD,
,,https://cantusdatabase.org/chant/450615,Sit decus omnis crucifixo,990009,*,,,F-Pn Lat. 1085,,104v,,,,Dom. Resurrectionis,08011000,,X,https://cantusdatabase.org/source/123663,,,,,,,,CD,http://gallica.bnf.fr/ark:/12148/btv1b8432277r/f218.image
,,https://cantusdatabase.org/chant/450614,Laudes feramus crucifixo,990005,*,,,F-Pn Lat. 1085,,104v,,,,Dom. Resurrectionis,08011000,,X,https://cantusdatabase.org/source/123663,,,,,,,,CD,http://gallica.bnf.fr/ark:/12148/btv1b8432277r/f218.image
,,https://musicahispanica.eu/chant/118119,Alleluia alleluia laudes feramus crucifixo domino ,990005,*,,,GB-Lbl (London) Add MS 30849,,154v,,,,Octava Paschae,08021000,Al,V2,https://musicahispanica.eu/source/116088,,Alleluia alleluia laudes feramus crucifixo domino crudelem mortem sutinuit qui nos praetioso redemit sanguine,,,,,,SEMM,0
,,https://cantusdatabase.org/chant/266354,-- regina --,990001,?,,,TR-Itks 42,,299v,,,,Additamenta,17001000,,X,https://cantusdatabase.org/source/123706,,,,,,,,CD,
,,https://cantusdatabase.org/chant/450613,Hodie resurrexit leo fortis,990004,*,,,F-Pn Lat. 1085,,104v,,,,Dom. Resurrectionis,08011000,,X,https://cantusdatabase.org/source/123663,,,,,,,,CD,http://gallica.bnf.fr/ark:/12148/btv1b8432277r/f218.image
,,https://cantusdatabase.org/chant/307111,Summi prae-ptoris discipule,990010,,,,A-KR VI/258,,050v,,,,Additamenta,17001000,,X,https://cantusdatabase.org/source/123660,,,,,,,,CD,
,,https://cantusdatabase.org/chant/450612,Resurrexit dominus a morte,990008,*,,,F-Pn Lat. 1085,,104v,,,,Dom. Resurrectionis,08011000,,X,https://cantusdatabase.org/source/123663,,,,,,,,CD,http://gallica.bnf.fr/ark:/12148/btv1b8432277r/f218.image