id,corpus_id,chantlink,incipit,cantus_id,mode,finalis,differentia,siglum,position,folio,sequence,marginalia,cao_concordances,feast,feast_code,genre,office,srclink,melody_id,full_text,full_text_manuscript,volpiano,notes,dataset_name,dataset_idx,db,image_link
,,https://musicahispanica.eu/chant/53187,Alme virginis festum advenit gaudete omnes ,g03563,,,,E-Tc (Toledo) 35.7,,045r,,,,Assumptio Mariae (Hispanic rite),,ACC,MASS,https://musicahispanica.eu/source/20188,,Alme virginis festum advenit gaudete omnes simul in unum alleluia,,,,,,SEMM,0
,,https://musicahispanica.eu/chant/65319,Desiderio desideravi hoc pascha manducare vobiscum ,h00046,,,,E-L (León) Ms 8,,164v,,,,Fer. 5 in Cena Dom.,07065000,ACC,MASS,https://musicahispanica.eu/source/20175,,Desiderio desideravi hoc pascha manducare vobiscum antequam patiar,,,,,,SEMM,0
,,https://musicahispanica.eu/chant/21626,Desiderio desideravi hoc pascha,h00046,,,,E-SI (Santo Domingo de Silos) MS 4,,142v,,,,Fer. 5 in Cena Dom.,07065000,ACC,MASS,https://musicahispanica.eu/source/21404,,Desiderio desideravi hoc pascha,,,,,,SEMM,0
,,https://musicahispanica.eu/chant/62217,Desiderio desideravi hoc pascha manducare vobiscum ,h00046,,,,E-Tc (Toledo) 35.5,2,138v,,,,Fer. 5 in Cena Dom.,07065000,ACC,MASS,https://musicahispanica.eu/source/20186,,Desiderio desideravi hoc pascha manducare vobiscum antequam patiar,,,,,,SEMM,0
,,https://musicahispanica.eu/chant/64740,Caro mea vere est cibus et ,g03566,,,,E-L (León) Ms 8,,134r,,,,Dom. 3 Quadragesimae,07031000,ACC,MASS,https://musicahispanica.eu/source/20175,,Caro mea vere est cibus et sanguis meus vere est potus et qui manducat meam carnem et bibit meum sanguinem in me manet et ego in illo,,,,,,SEMM,0
,,https://musicahispanica.eu/chant/65491,Gaudete populi et laetamini angelus sedit ,h00067,,,,E-L (León) Ms 8,,175v,,,,Sabbato Sancto,07067000,ACC,MASS,https://musicahispanica.eu/source/20175,,Gaudete populi et laetamini angelus sedit super lapidem domini ipse vobis evangelizabit Christus surrexit a mortuis salvator mundi et replevit omnia suavitate gaudete populi et laetamini,,,,,,SEMM,0
,,https://musicahispanica.eu/chant/71205,Gaudete populi et laetamini angelus sedit ,h00067,,,,E-Mh (Madrid) Cod. 56,,140v,,,,Missa votiva omnimoda,15009010,ACC,MASS,https://musicahispanica.eu/source/70790,,Gaudete populi et laetamini angelus sedit super lapidem domini ipse vobis evangelizabit Christus surrexit a mortuis salvator mundi et replebit omnia suavitate gaudete populi et laetamini,,,,,,SEMM,0
,,https://musicahispanica.eu/chant/21767,Gaudete populi et laetamini Angelus sedit ,h00067,,,,E-SI (Santo Domingo de Silos) MS 4,,174r,,,,Missa votiva omnimoda,15009010,ACC,MASS,https://musicahispanica.eu/source/21404,,Gaudete populi et laetamini Angelus sedit super lapidem domini ipse vobis evangelizabit Christus surrexit a mortuis salvator mundi et replebit omnia suavitate gaudete populi et laetamini,,,,,,SEMM,0
,,https://musicahispanica.eu/chant/45365,Gaudete populi et laetamini angelus sedit ,h00067,,,,E-Tc (Toledo) 35.5,,183r,,,,Sabbato Sancto,07067000,ACC,MASS,https://musicahispanica.eu/source/20186,,Gaudete populi et laetamini angelus sedit super lapidem domini ipse vobis evangelizabit Christus surrexit a mortuis salvator mundi et replebit omnia suavitate gaudete populi et laetamini,,,,,,SEMM,0
,,https://musicahispanica.eu/chant/62241,Gaudete populi*,h00067,,,,E-Tc (Toledo) 35.5,,192v,,,,Dom. Resurrectionis,08011000,ACC,MASS,https://musicahispanica.eu/source/20186,,Gaudete populi*,,,,,,SEMM,0
,,https://musicahispanica.eu/chant/79952,Gaudete populi et laetamini angelus sedit ,h00067,*,,,GB-Lbl (London) Add MS 30846,,001r,,,,Sabbato Sancto,07067000,ACC,MASS,https://musicahispanica.eu/source/20202,,Gaudete populi et laetamini angelus sedit super lapidem domini ipse vobis evangelizabit Christus surrexit a mortuis salvator mundi et replebit omnia suavitate gaudete populi et laetamini,,,,,,SEMM,0
,,https://musicahispanica.eu/chant/44440,Memento nostri domine dum veneris in ,h00955,,,,E-Tc (Toledo) 35.5,,119v,,,,Dom. in Palmis,07061000,ACC,MASS,https://musicahispanica.eu/source/20186,,Memento nostri domine dum veneris in regno tuo,,,,,,SEMM,0
,,https://musicahispanica.eu/chant/64942,Amen dico vobis ego sum panis ,g03564,,,,E-L (León) Ms 8,,144v,,,,Dom. 4 Quadragesimae,07041000,ACC,MASS,https://musicahispanica.eu/source/20175,,Amen dico vobis ego sum panis vitae qui de caelo descendi si quis ex ipso manducaverit non morietur in aeternum et qui biberit ex aqua quam ego dabo ei non sitiet umquam sed fiet in eo fons aquae salientis in vitam aeternam,,,,,,SEMM,0
,,https://musicahispanica.eu/chant/44030,Amen dico vobis ego sum panis ,g03564,,,,E-Tc (Toledo) 35.5,,098v,,,,Dom. 5 Quadragesimae,,ACC,MASS,https://musicahispanica.eu/source/20186,,Amen dico vobis ego sum panis vitae qui de caelo descendi si quis ex ipso manducaverit non morietur in aeternum et qui biberit ex aqua quam ego dabo ei non sitiet umquam sed fiet in eo fons aquae salientis in vitam aeternam,,,,,,SEMM,0
,,https://musicahispanica.eu/chant/64202,Qui venit ad me non esuriet ,h00026,*,,,E-L (León) Ms 8,,111r,,,,Carnes Tollendas,,ACC,MASS,https://musicahispanica.eu/source/20175,,Qui venit ad me non esuriet et qui credidit in me non sitiet umquam,,,,,,SEMM,0
,,https://musicahispanica.eu/chant/71201,Qui venit ad me non esuriet ,h00026,,,,E-Mh (Madrid) Cod. 56,,140v,,,,Missa votiva omnimoda,15009010,ACC,MASS,https://musicahispanica.eu/source/70790,,Qui venit ad me non esuriet et qui credit in me non sitiet umquam  ,,,,,,SEMM,0
,,https://musicahispanica.eu/chant/21759,Qui venit ad me non esuriet ,h00026,,,,E-SI (Santo Domingo de Silos) MS 4,,174r,,,,Missa votiva omnimoda,15009010,ACC,MASS,https://musicahispanica.eu/source/21404,,Qui venit ad me non esuriet et qui credit in me non sitiet umquam  ,,,,,,SEMM,0
,,https://musicahispanica.eu/chant/103149,Qui venit ad me non esuriet*,h00026,,,,E-Tc (Toledo) 35.5,,010r,,,,Fer. 4 Hebd. 1 Quad.,07014000,ACC,MASS,https://musicahispanica.eu/source/20186,,Qui venit ad me non esuriet*,,,,,,SEMM,0
,,https://musicahispanica.eu/chant/103176,Qui venit ad me non*,h00026,,,,E-Tc (Toledo) 35.5,,032v,,,,Fer. 4 Hebd. 2 Quad.,07024000,ACC,MASS,https://musicahispanica.eu/source/20186,,Qui venit ad me non*,,,,,,SEMM,0
,,https://musicahispanica.eu/chant/103222,Qui venit ad me*,h00026,,,,E-Tc (Toledo) 35.5,,055r,,,,Fer. 4 Hebd. 3 Quad.,07034000,ACC,MASS,https://musicahispanica.eu/source/20186,,Qui venit ad me*,,,,,,SEMM,0
,,https://musicahispanica.eu/chant/103235,Qui venit ad me*,h00026,,,,E-Tc (Toledo) 35.5,,060r,,,,Fer. 6 Hebd. 3 Quad.,07036000,ACC,MASS,https://musicahispanica.eu/source/20186,,Qui venit ad me*,,,,,,SEMM,0
,,https://musicahispanica.eu/chant/103312,Qui venit ad me non esuriet*,h00026,,,,E-Tc (Toledo) 35.5,,086v,,,,Fer. 6 Hebd. 4 Quad.,07046000,ACC,MASS,https://musicahispanica.eu/source/20186,,Qui venit ad me non esuriet*,,,,,,SEMM,0
,,https://musicahispanica.eu/chant/103382,Qui venit ad me*,h00026,,,,E-Tc (Toledo) 35.5,,108v,,,,Fer. 6 Hebd. 5 Quad.,,ACC,MASS,https://musicahispanica.eu/source/20186,,Qui venit ad me*,,,,,,SEMM,0
,,https://musicahispanica.eu/chant/103436,Qui venit ad me*,h00026,,,,E-Tc (Toledo) 35.5,,125v,,,,Fer. 4 de Passione,07054000,ACC,MASS,https://musicahispanica.eu/source/20186,,Qui venit ad me*,,,,,,SEMM,0
,,https://musicahispanica.eu/chant/64360,Ego sum hostium dicit dominus siquis ,g03570,,,,E-L (León) Ms 8,,118r,,,,Dom. 1 Quadragesimae,07011000,ACC,MASS,https://musicahispanica.eu/source/20175,,Ego sum hostium dicit dominus siquis per me introierit salvabitur et ingredietur et regredietur et pascha inveniet,,,,,,SEMM,0
,,https://musicahispanica.eu/chant/40850,Ego sum hostium dicit dominus si ,g03570,,,,E-Tc (Toledo) 35.5,,028r,,,,Dom. 2 Quadragesimae,07021000,ACC,MASS,https://musicahispanica.eu/source/20186,,Ego sum hostium dicit dominus si quis per me introierit salvabitur et ingredietur et  regredietur et pascha inveniet,,,,,,SEMM,0
,,https://musicahispanica.eu/chant/62002,Gustate et videte quam suavis est ,h00543,,,,E-Tc (Toledo) 35.4,,066r,,,,Ascensio Domini,08065000,ACC,MASS,https://musicahispanica.eu/source/20185,,Gustate et videte quam suavis est panis vite qui de celo descendit qui vero manducaverit ex eo vivet in aeternum alleluia,,,,,,SEMM,0
,,https://musicahispanica.eu/chant/44497,Memor esto nostri Christe in regno ,h00958,,,,E-Tc (Toledo) 35.5,1,138v,,,,Fer. 5 in Cena Dom.,07065000,ACC,MASS,https://musicahispanica.eu/source/20186,,Memor esto nostri Christe in regno tuo et dignos fac nos de resurrectione tua,,,,,,SEMM,0
,,https://musicahispanica.eu/chant/64204,Repletum est gaudio os nostrum et ,h00961,,,,E-L (León) Ms 8,,111r,,,,Carnes Tollendas,,ACC,MASS,https://musicahispanica.eu/source/20175,,Repletum est gaudio os nostrum et lingua nostra exsultatione,,,,,,SEMM,0
,,https://musicahispanica.eu/chant/65157,Hic est panis de caelo descendens ,h00948,,,,E-L (León) Ms 8,,155r,,,,Dom. in Palmis,07061000,ACC,MASS,https://musicahispanica.eu/source/20175,,Hic est panis de caelo descendens si quis ex ipso manducaverit non morietur sed habebit vitam aeternam et ego suscitabo eum novissimo die si quis sitit veniat ad me et bibat qui credit in me flumina de ventre ejus fluent aquae vivae,,,,,,SEMM,0
,,https://musicahispanica.eu/chant/40872,Hic est panis de caelo descendens ,h00948,,,,E-Tc (Toledo) 35.5,,050v,,,,Dom. 3 Quadragesimae,07031000,ACC,MASS,https://musicahispanica.eu/source/20186,,Hic est panis de caelo descendens si quis ex ipso manducaverit non morietur sed habebit vitam aeternam et ego suscitabo eum novissimo die si quis sitit veniat ad me et bibat qui credit in me flumina de ventre ejus fluent aquae vivae,,,,,,SEMM,0
,,https://musicahispanica.eu/chant/64257,Gustate et videte quam suavis est ,h00027,,,,E-L (León) Ms 8,,113r,,,,Carnes Tollendas,,ACC,N,https://musicahispanica.eu/source/20175,,Gustate et videte quam suavis est dominus,,,,,,SEMM,0
,,https://musicahispanica.eu/chant/65976,Gustate et videte quam suavis est ,h00027,,,,E-L (León) Ms 8,,201r,,,,Ascensio Domini,08065000,ACC,MASS,https://musicahispanica.eu/source/20175,,Gustate et videte quam suavis est dominus alleluia ,,,,,,SEMM,0
,,https://musicahispanica.eu/chant/72335,Gustate et videte quam suavis est ,h00027,,,,E-Mh (Madrid) Cod. 30,,099r,,,,Assumptio Mariae (Hispanic rite),,ACC,MASS,https://musicahispanica.eu/source/20176,,Gustate et videte quam suavis est dominus alleluia ,,,,,,SEMM,0
,,https://musicahispanica.eu/chant/71196,Gustate et videte quam suavis est ,h00027,,,,E-Mh (Madrid) Cod. 56,,140v,,,,Missa votiva omnimoda,15009010,ACC,MASS,https://musicahispanica.eu/source/70790,,Gustate et videte quam suavis est dominus alleluia,,,,,,SEMM,0
,,https://musicahispanica.eu/chant/21541,Gustate et videte quam suavis est ,h00027,,,,E-SI (Santo Domingo de Silos) MS 4,,173v,,,,Missa votiva omnimoda,15009010,ACC,MASS,https://musicahispanica.eu/source/21404,,Gustate et videte quam suavis est dominus alleluia.,,,,,,SEMM,0
,,https://musicahispanica.eu/chant/91880,Gustate et videte quam quam,h00027,*,,,E-Tc (Toledo) 35.6,,098r,,,,Ascensio Domini,08065000,ACC,MASS,https://musicahispanica.eu/source/20187,,Gustate et videte quam quam,,,,,,SEMM,0
,,https://musicahispanica.eu/chant/75330,Gustate et videte *,h00027,*,,,GB-Lbl (London) Add MS 30844,,167r,,,,Ascensio Domini,08065000,ACC,MASS,https://musicahispanica.eu/source/20201,,Gustate et videte *,,,,,,SEMM,0
,,https://musicahispanica.eu/chant/83390,Gustate et videte quam suavis est ,h00027,*,,,GB-Lbl (London) Add MS 30846,,121v,,,,Ascensio Domini,08065000,ACC,MASS,https://musicahispanica.eu/source/20202,,Gustate et videte quam suavis est dominus alleluia,,,,,,SEMM,0
,,https://musicahispanica.eu/chant/64548,Amen dico vobis si manducaveritis carnem ,g03565,,,,E-L (León) Ms 8,,125v,,,,Dom. 2 Quadragesimae,07021000,ACC,MASS,https://musicahispanica.eu/source/20175,,Amen dico vobis si manducaveritis carnem fili hominis et biberitis ejus sanguinem habebitis vitam in vobis qui venit ad me non esuriet et qui credit in me non sitiet umquam,,,,,,SEMM,0
,,https://musicahispanica.eu/chant/41541,Amen dico vobis si manducaveritis carnem ,g03565,,,,E-Tc (Toledo) 35.5,,074v,,,,Dom. 4 Quadragesimae,07041000,ACC,MASS,https://musicahispanica.eu/source/20186,,Amen dico vobis si manducaveritis carnem fili hominis et biberitis ejus sanguinem habebitis vitam in vobis qui venit ad me non esuriet et qui credit in me non sitiet umquam,,,,,,SEMM,0
