id,corpus_id,chantlink,incipit,cantus_id,mode,finalis,differentia,siglum,position,folio,sequence,marginalia,cao_concordances,feast,feast_code,genre,office,srclink,melody_id,full_text,full_text_manuscript,volpiano,notes,dataset_name,dataset_idx,db,image_link
,,https://musicahispanica.eu/chant/64944,Spiritus est qui vivificat caro non ,g03564b,,,,E-L (León) Ms 8,,144v,,,,Dom. 4 Quadragesimae,07041000,ACCV,MASS,https://musicahispanica.eu/source/20175,,Spiritus est qui vivificat caro non prodest quiquam verba quae ego locutus sum vobis spiritus et vita sunt,,,,,,SEMM,0
,,https://musicahispanica.eu/chant/62188,Beati pauperes spiritu quoniam ipsorum est ,h00955a,,,,E-Tc (Toledo) 35.5,1,119v,,,,Dom. in Palmis,07061000,ACCV,MASS,https://musicahispanica.eu/source/20186,,Beati pauperes spiritu quoniam ipsorum est regnum celorum,,,,,,SEMM,0
,,https://musicahispanica.eu/chant/53195,Fecit pacem in caelo in terra ,g03563h,,,,E-Tc (Toledo) 35.7,8,045v,,,,Assumptio Mariae (Hispanic rite),,ACCV,MASS,https://musicahispanica.eu/source/20188,,Fecit pacem in caelo in terra in mari et in abysso per suum sanctum proprium cruorem alleluia,,,,,,SEMM,0
,,https://musicahispanica.eu/chant/103524,Et accedens Jesus locutus est dicens ,h00067g,,,,E-Tc (Toledo) 35.5,6,183r,,,,Sabbato Sancto,07067000,ACCV,MASS,https://musicahispanica.eu/source/20186,,Et accedens Jesus locutus est dicens datus est mici omnis potestas in caelo et in terra,,,,,,SEMM,0
,,https://musicahispanica.eu/chant/62192,Beati misericordes quoniam ipsi misericordiam consequentur,h00955e,,,,E-Tc (Toledo) 35.5,5,119v,,,,Dom. in Palmis,07061000,ACCV,MASS,https://musicahispanica.eu/source/20186,,Beati misericordes quoniam ipsi misericordiam consequentur,,,,,,SEMM,0
,,https://musicahispanica.eu/chant/79310,Gloria et honor*,h00026b,,,,E-L (León) Ms 8,,111r,,,,Carnes Tollendas,,ACCV,MASS,https://musicahispanica.eu/source/20175,,Gloria et honor*,,,,,,SEMM,0
,,https://musicahispanica.eu/chant/21763,Gloria et honor patri et filio ,h00026b,,,,E-SI (Santo Domingo de Silos) MS 4,,174r,,,,Missa votiva omnimoda,15009010,ACCV,MASS,https://musicahispanica.eu/source/21404,,Gloria et honor patri et filio et spiritui amen ,,,,,,SEMM,0
,,https://musicahispanica.eu/chant/64948,Pater diligit filium et omnia dedit ,g03564f,,,,E-L (León) Ms 8,,144v,,,,Dom. 4 Quadragesimae,07041000,ACCV,MASS,https://musicahispanica.eu/source/20175,,Pater diligit filium et omnia dedit in manus ejus qui credit in filium habet in vitam aeternam,,,,,,SEMM,0
,,https://musicahispanica.eu/chant/65322,Dicet tibi magister ubi est diversorium ,h00046c,*,,,E-L (León) Ms 8,,164v,,,,Fer. 5 in Cena Dom.,07065000,ACCV,MASS,https://musicahispanica.eu/source/20175,,Dicet tibi magister ubi est diversorium ubi pascha cum discipulis meis manducem,,,,,,SEMM,0
,,https://musicahispanica.eu/chant/65495,Et exierunt mulieres cito de monumento ,h00067c,,,,E-L (León) Ms 8,,175v,,,,Sabbato Sancto,07067000,ACCV,MASS,https://musicahispanica.eu/source/20175,,Et exierunt mulieres cito de monumento cum amore et gaudio magno currentes nuntiare discipulis ejus,,,,,,SEMM,0
,,https://musicahispanica.eu/chant/103520,Et exierunt mulieres cito de monumento ,h00067c,,,,E-Tc (Toledo) 35.5,2,183r,,,,Sabbato Sancto,07067000,ACCV,MASS,https://musicahispanica.eu/source/20186,,Et exierunt mulieres cito de monumento cum timore et gaudio magno currentes nuntiam discipulis ejus,,,,,,SEMM,0
,,https://musicahispanica.eu/chant/79956,Et exierunt mulieres cito de monumento ,h00067c,*,,,GB-Lbl (London) Add MS 30846,,001r,,,,Sabbato Sancto,07067000,ACCV,MASS,https://musicahispanica.eu/source/20202,,Et exierunt mulieres cito de monumento cum timore et gaudio magno currentes nuntiare discipulis ejus,,,,,,SEMM,0
,,https://musicahispanica.eu/chant/64550,Amen dico vobis siquis sermonem meum ,g03565b,,,,E-L (León) Ms 8,,125v,,,,Dom. 2 Quadragesimae,07021000,ACCV,MASS,https://musicahispanica.eu/source/20175,,Amen dico vobis siquis sermonem meum servaberit mortem non vide,,,,,,SEMM,0
,,https://musicahispanica.eu/chant/64743,Amen amen dico vobis quia venit ,g03566c,,,,E-L (León) Ms 8,,134r,,,,Dom. 3 Quadragesimae,07031000,ACCV,MASS,https://musicahispanica.eu/source/20175,,Amen amen dico vobis quia venit ora et nunc est quando mortui audiunt vocem fili dei et qui audierint vivent,,,,,,SEMM,0
,,https://musicahispanica.eu/chant/103450,Euntes autem discipuli venerunt in civitatem ,h00046o,,,,E-Tc (Toledo) 35.5,2,139r,,,,Fer. 5 in Cena Dom.,07065000,ACCV,MASS,https://musicahispanica.eu/source/20186,,Euntes autem discipuli venerunt in civitatem et invenerunt sicut dixerat illis Jesus et paraverunt pascha,,,,,,SEMM,0
,,https://musicahispanica.eu/chant/88013,Amen amen dico vobis nisi manducaveritis ,h00948g,,,,E-L (León) Ms 8,,155r,,,,Dom. in Palmis,07061000,ACCV,MASS,https://musicahispanica.eu/source/20175,,Amen amen dico vobis nisi manducaveritis carnem filii hominis et biberitis ejus sanguinem non habebitis vitam in vobis ,,,,,,SEMM,0
,,https://musicahispanica.eu/chant/103456,Hic est calix novum testamentum in ,h00046r,,,,E-Tc (Toledo) 35.5,2,139r,,,,Fer. 5 in Cena Dom.,07065000,ACCV,MASS,https://musicahispanica.eu/source/20186,,Hic est calix novum testamentum in sanguinem eo qui pro vobis et pro multis effundetur in remissione peccatorum,,,,,,SEMM,0
,,https://musicahispanica.eu/chant/65500,Euntes vero docete omnes gentes baptizantes ,h00067r,,,,E-L (León) Ms 8,,176r,,,,Sabbato Sancto,07067000,ACCV,MASS,https://musicahispanica.eu/source/20175,,Euntes vero docete omnes gentes baptizantes eos in nomine patris et filii et spiritus sancti docete eos servare omnia quaecumque mandavi vobis,,,,,,SEMM,0
,,https://musicahispanica.eu/chant/62196,Gloria et honor patri et filio ,h00955i,,,,E-Tc (Toledo) 35.5,9,119v,,,,Dom. in Palmis,07061000,ACCV,MASS,https://musicahispanica.eu/source/20186,,Gloria et honor patri et filio et spiritui sancto in saecula saecolorum amen,,,,,,SEMM,0
,,https://musicahispanica.eu/chant/64747,Domine semper da nobis panem hunc,g03566g,,,,E-L (León) Ms 8,,134v,,,,Dom. 3 Quadragesimae,07031000,ACCV,MASS,https://musicahispanica.eu/source/20175,,Domine semper da nobis panem hunc,,,,,,SEMM,0
,,https://musicahispanica.eu/chant/64363,Dixi vobis quia nemo potest venire ,g03570c,,,,E-L (León) Ms 8,,118r,,,,Dom. 1 Quadragesimae,07011000,ACCV,MASS,https://musicahispanica.eu/source/20175,,Dixi vobis quia nemo potest venire ad me nisi fuerit ei datum patre meo,,,,,,SEMM,0
,,https://musicahispanica.eu/chant/71198,In domino laudabitur anima mea audiant ,h00027b,,,,E-Mh (Madrid) Cod. 56,,140v,,,,Missa votiva omnimoda,15009010,ACCV,MASS,https://musicahispanica.eu/source/70790,,In domino laudabitur anima mea audiant mansueti et laetentur,,,,,,SEMM,0
,,https://musicahispanica.eu/chant/21865,In domino laudabitur anima mea audiant ,h00027b,,,,E-SI (Santo Domingo de Silos) MS 4,,173v,,,,Missa votiva omnimoda,15009010,ACCV,MASS,https://musicahispanica.eu/source/21404,,In domino laudabitur anima mea audiant mansueti et laetentur alleluia,,,,,,SEMM,0
,,https://musicahispanica.eu/chant/83392,In domino laudabitur anima mea audient ,h00027b,*,,,GB-Lbl (London) Add MS 30846,,121v,,,,Ascensio Domini,08065000,ACCV,MASS,https://musicahispanica.eu/source/20202,,In domino laudabitur anima mea audient mansueti et laetentur alleluia,,,,,,SEMM,0
,,https://musicahispanica.eu/chant/88009,Qui biberit ex aqua quam ego ,h00948c,,,,E-L (León) Ms 8,,155r,,,,Dom. in Palmis,07061000,ACCV,MASS,https://musicahispanica.eu/source/20175,,Qui biberit ex aqua quam ego dabo ei non sitiet in aeternum sed aqua quam ego dabo ei fiet in eo fons aquae salientis in vitam aeternam,,,,,,SEMM,0
,,https://musicahispanica.eu/chant/65330,Dico enim vobis non bibam amodo ,h00046k,*,,,E-L (León) Ms 8,,164v,,,,Fer. 5 in Cena Dom.,07065000,ACCV,MASS,https://musicahispanica.eu/source/20175,,Dico enim vobis non bibam amodo de hoc genimine vitis usque in diem illum cum illud bibam vobiscum in regno patris mei,,,,,,SEMM,0
,,https://musicahispanica.eu/chant/65501,Et ecce ego vobiscum sum omnibus ,h00067k,,,,E-L (León) Ms 8,,176r,,,,Sabbato Sancto,07067000,ACCV,MASS,https://musicahispanica.eu/source/20175,,Et ecce ego vobiscum sum omnibus diebus usque ad consumationem saeculi,,,,,,SEMM,0
,,https://musicahispanica.eu/chant/103528,Et ecce ego vobiscum sum omnibus ,h00067k,,,,E-Tc (Toledo) 35.5,10,183r,,,,Sabbato Sancto,07067000,ACCV,MASS,https://musicahispanica.eu/source/20186,,Et ecce ego vobiscum sum omnibus diebus usque ad consummationem saeculi,,,,,,SEMM,0
,,https://musicahispanica.eu/chant/53191,Laetemur in eo qui fecit nos ,g03563d,,,,E-Tc (Toledo) 35.7,4,045v,,,,Assumptio Mariae (Hispanic rite),,ACCV,MASS,https://musicahispanica.eu/source/20188,,Laetemur in eo qui fecit nos postquam refecit alleluia,,,,,,SEMM,0
,,https://musicahispanica.eu/chant/64551,Ego sum hostium per me siquis ,g03565c,,,,E-L (León) Ms 8,,125v,,,,Dom. 2 Quadragesimae,07021000,ACCV,MASS,https://musicahispanica.eu/source/20175,,Ego sum hostium per me siquis introierit salvabitur et ingredietur et regredietur et pascha inveniet,,,,,,SEMM,0
,,https://musicahispanica.eu/chant/64742,Amen amen dico vobis quia qui ,g03566b,,,,E-L (León) Ms 8,,134r,,,,Dom. 3 Quadragesimae,07031000,ACCV,MASS,https://musicahispanica.eu/source/20175,,Amen amen dico vobis quia qui verbum meum audit et credit ei qui misit me habet vitam aeternam et in judicium non veniet sed transiet a morte in vitam,,,,,,SEMM,0
,,https://musicahispanica.eu/chant/88012,Ego sum panis vivus qui de ,h00948f,,,,E-L (León) Ms 8,,155r,,,,Dom. in Palmis,07061000,ACCV,MASS,https://musicahispanica.eu/source/20175,,Ego sum panis vivus qui de caelo descendi si quis manducaverit ex hoc pane vivet in aeternum et panis quem ego dabo caro mea est pro mundi vita,,,,,,SEMM,0
,,https://musicahispanica.eu/chant/103447,Et ipse vobis ostendet coenaculum grande ,h00046n,,,,E-Tc (Toledo) 35.5,2,139r,,,,Fer. 5 in Cena Dom.,07065000,ACCV,MASS,https://musicahispanica.eu/source/20186,,Et ipse vobis ostendet coenaculum grande stratum et ibi parate nobis,,,,,,SEMM,0
,,https://musicahispanica.eu/chant/62195,Gaudete et exultate quoniam merces vestra ,h00955h,,,,E-Tc (Toledo) 35.5,8,119v,,,,Dom. in Palmis,07061000,ACCV,MASS,https://musicahispanica.eu/source/20186,,Gaudete et exultate quoniam merces vestra copiosa est in caelis,,,,,,SEMM,0
,,https://musicahispanica.eu/chant/53188,Tellus polusque Maria et aquae quae ,g03563a,,,,E-Tc (Toledo) 35.7,1,045r,,,,Assumptio Mariae (Hispanic rite),,ACCV,MASS,https://musicahispanica.eu/source/20188,,Tellus polusque Maria et aquae quae sunt supra in caelis alleluia,,,,,,SEMM,0
,,https://musicahispanica.eu/chant/64746,Amen amen dico vobis non Moises ,g03566f,,,,E-L (León) Ms 8,,134v,,,,Dom. 3 Quadragesimae,07031000,ACCV,MASS,https://musicahispanica.eu/source/20175,,Amen amen dico vobis non Moises de caelo descendit et dat vitam mundo,,,,,,SEMM,0
,,https://musicahispanica.eu/chant/64362,Hic est panis qui de caelo ,g03570b,,,,E-L (León) Ms 8,,118r,,,,Dom. 1 Quadragesimae,07011000,ACCV,MASS,https://musicahispanica.eu/source/20175,,Hic est panis qui de caelo descendit qui manducat panem hunc vivet in aeternum,,,,,,SEMM,0
,,https://musicahispanica.eu/chant/71199,Redimet dominus animas servorum suorum et ,h00027c,,,,E-Mh (Madrid) Cod. 56,,140v,,,,Missa votiva omnimoda,15009010,ACCV,MASS,https://musicahispanica.eu/source/70790,,Redimet dominus animas servorum suorum et non derelinquet omnes qui sperant in eum ,,,,,,SEMM,0
,,https://musicahispanica.eu/chant/21866,Redimet dominus animas servorum suorum et ,h00027c,,,,E-SI (Santo Domingo de Silos) MS 4,,173v,,,,Missa votiva omnimoda,15009010,ACCV,MASS,https://musicahispanica.eu/source/21404,,Redimet dominus animas servorum suorum et non derelinquet omnes qui sperant in eum ,,,,,,SEMM,0
,,https://musicahispanica.eu/chant/83393,Redimet dominus animas servorum suorum et ,h00027c,*,,,GB-Lbl (London) Add MS 30846,,121v,,,,Ascensio Domini,08065000,ACCV,MASS,https://musicahispanica.eu/source/20202,,Redimet dominus animas servorum suorum et non derelinquet omnes qui sperant in eum alleluia,,,,,,SEMM,0
,,https://musicahispanica.eu/chant/88008,Non enim misit deus filium suum ,h00948b,,,,E-L (León) Ms 8,,155r,,,,Dom. in Palmis,07061000,ACCV,MASS,https://musicahispanica.eu/source/20175,,Non enim misit deus filium suum in mundo ut judicet mundum sed ut salvetur mundus per eum qui credit in imperium non judicabit,,,,,,SEMM,0
,,https://musicahispanica.eu/chant/103527,Docentes eos servare omnia quaecumque mandavi ,h00067j,,,,E-Tc (Toledo) 35.5,9,183r,,,,Sabbato Sancto,07067000,ACCV,MASS,https://musicahispanica.eu/source/20186,,Docentes eos servare omnia quaecumque mandavi vobis,,,,,,SEMM,0
,,https://musicahispanica.eu/chant/53192,Factum leviathan mundum subdebat pax nos ,g03563e,,,,E-Tc (Toledo) 35.7,5,045v,,,,Assumptio Mariae (Hispanic rite),,ACCV,MASS,https://musicahispanica.eu/source/20188,,Factum leviathan mundum subdebat pax nos redemit alleluia,,,,,,SEMM,0
,,https://musicahispanica.eu/chant/64945,Qui a semedipso loquitur gloriam propriam ,g03564c,,,,E-L (León) Ms 8,,144v,,,,Dom. 4 Quadragesimae,07041000,ACCV,MASS,https://musicahispanica.eu/source/20175,,Qui a semedipso loquitur gloriam propriam quaerit qui autem quaerit gloria ejus hix verax est et injustitia in illo non est,,,,,,SEMM,0
,,https://musicahispanica.eu/chant/53196,Gloria virtus et honor et patri ,g03563i,,,,E-Tc (Toledo) 35.7,9,045v,,,,Assumptio Mariae (Hispanic rite),,ACCV,MASS,https://musicahispanica.eu/source/20188,,Gloria virtus et honor et patri et proli cum spiritui sancto nabiter saecula saeculis Amen Alleluia,,,,,,SEMM,0
,,https://musicahispanica.eu/chant/103523,Undecim autem discipuli abierunt in Galilea ,h00067f,,,,E-Tc (Toledo) 35.5,5,183r,,,,Sabbato Sancto,07067000,ACCV,MASS,https://musicahispanica.eu/source/20186,,Undecim autem discipuli abierunt in Galilea ubi constituerat illis Jesus et videntes eum adoraverunt,,,,,,SEMM,0
,,https://musicahispanica.eu/chant/71203,Qui vivit et credit in me ,h00026c,,,,E-Mh (Madrid) Cod. 56,,140v,,,,Missa votiva omnimoda,15009010,ACCV,MASS,https://musicahispanica.eu/source/70790,,Qui vivit et credit in me non morietur in aeternum,,,,,,SEMM,0
,,https://musicahispanica.eu/chant/21764,Qui vivit et credit in me ,h00026c,,,,E-SI (Santo Domingo de Silos) MS 4,,174r,,,,Missa votiva omnimoda,15009010,ACCV,MASS,https://musicahispanica.eu/source/21404,,Qui vivit et credit in me non morietur in aeternum,,,,,,SEMM,0
,,https://musicahispanica.eu/chant/62191,Beati qui esuriunt et sitiunt iustitiam ,h00955d,,,,E-Tc (Toledo) 35.5,4,119v,,,,Dom. in Palmis,07061000,ACCV,MASS,https://musicahispanica.eu/source/20186,,Beati qui esuriunt et sitiunt iustitiam quoniam ipsi saturabuntur,,,,,,SEMM,0
,,https://musicahispanica.eu/chant/64949,Ego sum panis vitae qui venit ,g03564g,,,,E-L (León) Ms 8,,144v,,,,Dom. 4 Quadragesimae,07041000,ACCV,MASS,https://musicahispanica.eu/source/20175,,Ego sum panis vitae qui venit ad me non esuriet et qui credit in me non sitiet umquam,,,,,,SEMM,0
,,https://musicahispanica.eu/chant/65321,Ecce introeuntibus vobis in civitatem occurret ,h00046b,*,,,E-L (León) Ms 8,,164v,,,,Fer. 5 in Cena Dom.,07065000,ACCV,MASS,https://musicahispanica.eu/source/20175,,Ecce introeuntibus vobis in civitatem occurret vobis homo anphoram aquae portans sequimini eum in domum in qua intrat et dicetis patri familias domus,,,,,,SEMM,0
,,https://musicahispanica.eu/chant/21769,Gloria in secula seculorum amen,h00067b,,,,E-SI (Santo Domingo de Silos) MS 4,,174r,,,,Missa votiva omnimoda,15009010,ACCV,MASS,https://musicahispanica.eu/source/21404,,Gloria in secula seculorum amen,,,,,,SEMM,0
,,http://musmed.eu/chant/40592,Gloria ... In secula seculorum amen,h00067b,,,,GB-Lbl Additional 18031,,056r,,,,"Dom. 2 p. Epiph.,8",05021008,ACCV,,http://musmed.eu/source/22358,,Gloria ... In secula seculorum amen,,,,,,MMMO,http://www.bl.uk/manuscripts/Viewer.aspx?ref=add_ms_18031_f056r
,,http://musmed.eu/chant/46680,Gloria ... In secula seculorum amen,h00067b,3,,,GB-Lbl Additional 18031,,061r,,,,Dom. Sexagesimae,06021000,ACCV,,http://musmed.eu/source/22358,,Gloria ... In secula seculorum amen,,,,,,MMMO,http://www.bl.uk/manuscripts/Viewer.aspx?ref=add_ms_18031_f062r
,,https://musicahispanica.eu/chant/65493,Nolite timere vos scio enim quod ,h00067l,,,,E-L (León) Ms 8,,175v,,,,Sabbato Sancto,07067000,ACCV,MASS,https://musicahispanica.eu/source/20175,,Nolite timere vos scio enim quod Jesum qui crucifixus est quaeritis non est hic surrexit enim sicut dixit,,,,,,SEMM,0
,,https://musicahispanica.eu/chant/79954,Nolite timere vos scio enim quod ,h00067l,*,,,GB-Lbl (London) Add MS 30846,,001r,,,,Sabbato Sancto,07067000,ACCV,MASS,https://musicahispanica.eu/source/20202,,Nolite timere vos scio enim quod Jesum qui crucifixus est quaeritis non est hic surrexit enim sicut dixit,,,,,,SEMM,0
,,https://musicahispanica.eu/chant/64549,Ego sum lux mundi qui sequitur ,g03565a,,,,E-L (León) Ms 8,,125v,,,,Dom. 2 Quadragesimae,07021000,ACCV,MASS,https://musicahispanica.eu/source/20175,,Ego sum lux mundi qui sequitur me non ambulavit in tenecris sed habebit lucem vitae,,,,,,SEMM,0
,,https://musicahispanica.eu/chant/103292,Ego sum lux mundi qui sequitur ,g03565a,,,,E-Tc (Toledo) 35.5,,074v,,,,Dom. 4 Quadragesimae,07041000,ACCV,MASS,https://musicahispanica.eu/source/20186,,Ego sum lux mundi qui sequitur me non ambulavit in tenebris sed habebit lucem vitae,,,,,,SEMM,0
,,https://musicahispanica.eu/chant/88010,Haec est enim voluntas pueris mei ,h00948d,,,,E-L (León) Ms 8,,155r,,,,Dom. in Palmis,07061000,ACCV,MASS,https://musicahispanica.eu/source/20175,,Haec est enim voluntas pueris mei qui misit me ut omnis qui videt filium ex redit in eam habet vitam aeternam,,,,,,SEMM,0
,,https://musicahispanica.eu/chant/103445,Ecce introeuntibus vobis in civitatem occurret ,h00046l,,,,E-Tc (Toledo) 35.5,2,139r,,,,Fer. 5 in Cena Dom.,07065000,ACCV,MASS,https://musicahispanica.eu/source/20186,,Ecce introeuntibus vobis in civitatem occurret vobis homo anphoram aquae portans sequimini eum in domo in qua intrat erit et ingressi januam dicite patri familias domus,,,,,,SEMM,0
,,https://musicahispanica.eu/chant/64364,Tempus meum nondum advenit tempus autem ,g03570d,,,,E-L (León) Ms 8,,118r,,,,Dom. 1 Quadragesimae,07011000,ACCV,MASS,https://musicahispanica.eu/source/20175,,Tempus meum nondum advenit tempus autem vestrum semper adest paratum mea doctrina non est mea sed ejus qui misit me,,,,,,SEMM,0
,,https://musicahispanica.eu/chant/65977,Alleluia,h00027e,,,,E-L (León) Ms 8,,201r,,,,Ascensio Domini,08065000,ACCV,MASS,https://musicahispanica.eu/source/20175,,Alleluia,,,,,,SEMM,0
,,https://musicahispanica.eu/chant/103455,Similiter postquam cenavit accipiens calicem gratias ,h00046q,,,,E-Tc (Toledo) 35.5,2,139r,,,,Fer. 5 in Cena Dom.,07065000,ACCV,MASS,https://musicahispanica.eu/source/20186,,Similiter postquam cenavit accipiens calicem gratias egit et dedit illis dicens,,,,,,SEMM,0
,,https://musicahispanica.eu/chant/53190,Venit quaerere et salvare quae quod ,g03563c,,,,E-Tc (Toledo) 35.7,3,045v,,,,Assumptio Mariae (Hispanic rite),,ACCV,MASS,https://musicahispanica.eu/source/20188,,Venit quaerere et salvare quae quod perierat in hoc exultemus alleluia,,,,,,SEMM,0
,,https://musicahispanica.eu/chant/65499,Euntes in mundo praedicate evangelium universae ,h00067q,,,,E-L (León) Ms 8,,176r,,,,Sabbato Sancto,07067000,ACCV,MASS,https://musicahispanica.eu/source/20175,,Euntes in mundo praedicate evangelium universae creaturae qui crediderit et baptizatus fuerit salvus erit,,,,,,SEMM,0
,,https://musicahispanica.eu/chant/64744,Sicut pater habet vitam in semetipso ,g03566d,,,,E-L (León) Ms 8,,134v,,,,Dom. 3 Quadragesimae,07031000,ACCV,MASS,https://musicahispanica.eu/source/20175,,Sicut pater habet vitam in semetipso sic dedit et filio citam habere in semetipso et potestatem dedit ei et judicium facere quia filius hominis est,,,,,,SEMM,0
,,https://musicahispanica.eu/chant/64258,Benedicam domino,h00027a,,,,E-L (León) Ms 8,,113r,,,,Carnes Tollendas,,ACCV,N,https://musicahispanica.eu/source/20175,,Benedicam domino,,,,,,SEMM,0
,,https://musicahispanica.eu/chant/71197,Benedicam domino in omni tempore semper ,h00027a,,,,E-Mh (Madrid) Cod. 56,,140v,,,,Missa votiva omnimoda,15009010,ACCV,MASS,https://musicahispanica.eu/source/70790,,Benedicam domino in omni tempore semper laus ejus in ore meo alleluia,,,,,,SEMM,0
,,https://musicahispanica.eu/chant/21864,Benedicam domino in omni tempore semper ,h00027a,,,,E-SI (Santo Domingo de Silos) MS 4,,173v,,,,Missa votiva omnimoda,15009010,ACCV,MASS,https://musicahispanica.eu/source/21404,,Benedicam domino in omni tempore semper laus ejus in ore meo alleluia,,,,,,SEMM,0
,,https://musicahispanica.eu/chant/83391,Benedicam domino in omni tempore semper ,h00027a,*,,,GB-Lbl (London) Add MS 30846,,121v,,,,Ascensio Domini,08065000,ACCV,MASS,https://musicahispanica.eu/source/20202,,Benedicam domino in omni tempore semper laus ejus in ore meo alleluia,,,,,,SEMM,0
,,https://musicahispanica.eu/chant/103525,Euntes vero in mundum universum praedicate ,h00067h,,,,E-Tc (Toledo) 35.5,7,183r,,,,Sabbato Sancto,07067000,ACCV,MASS,https://musicahispanica.eu/source/20186,,Euntes vero in mundum universum praedicate evangelium omni creaturae qui crediderit et baptizatus fuerit salvus erit,,,,,,SEMM,0
,,https://musicahispanica.eu/chant/53194,Factus est inter mortuos liber qui ,g03563g,,,,E-Tc (Toledo) 35.7,7,045v,,,,Assumptio Mariae (Hispanic rite),,ACCV,MASS,https://musicahispanica.eu/source/20188,,Factus est inter mortuos liber qui mussitando dejecit malum peremit alleluia,,,,,,SEMM,0
,,https://musicahispanica.eu/chant/64943,Sicut misit me vibens pater et ,g03564a,,,,E-L (León) Ms 8,,144v,,,,Dom. 4 Quadragesimae,07041000,ACCV,MASS,https://musicahispanica.eu/source/20175,,Sicut misit me vibens pater et ego vibo propter patrem et qui manducat me ipse vibet propter me,,,,,,SEMM,0
,,https://musicahispanica.eu/chant/103350,Sicut misit me vivens pater et ,g03564a,,,,E-Tc (Toledo) 35.5,,098v,,,,Dom. 5 Quadragesimae,,ACCV,MASS,https://musicahispanica.eu/source/20186,,Sicut misit me vivens pater et ego vivo propter patrem et qui manducat me ipse vivet propter me,,,,,,SEMM,0
,,https://musicahispanica.eu/chant/62189,Beati mites quoniam ipsi possidebunt terram,h00955b,,,,E-Tc (Toledo) 35.5,2,119v,,,,Dom. in Palmis,07061000,ACCV,MASS,https://musicahispanica.eu/source/20186,,Beati mites quoniam ipsi possidebunt terram,,,,,,SEMM,0
,,https://musicahispanica.eu/chant/79311,Qui credit in me habet vitam ,h00026e,,,,E-L (León) Ms 8,,111r,,,,Carnes Tollendas,,ACCV,MASS,https://musicahispanica.eu/source/20175,,Qui credit in me habet vitam aeternam*,,,,,,SEMM,0
,,https://musicahispanica.eu/chant/65496,Ecce Jesus occurrit illic dicens habete ,h00067d,,,,E-L (León) Ms 8,,176r,,,,Sabbato Sancto,07067000,ACCV,MASS,https://musicahispanica.eu/source/20175,,Ecce Jesus occurrit illic dicens habete ille autem acceserunt et tenuerunt pedes ejus et adoraverunt eum,,,,,,SEMM,0
,,https://musicahispanica.eu/chant/103521,Ecce Jesus occurrit illis dicens avete ,h00067d,,,,E-Tc (Toledo) 35.5,3,183r,,,,Sabbato Sancto,07067000,ACCV,MASS,https://musicahispanica.eu/source/20186,,Ecce Jesus occurrit illis dicens avete illae autem accesserunt et tenuerunt pedes ejus,,,,,,SEMM,0
,,https://musicahispanica.eu/chant/65323,Et ipse vobis ostendet coenaculum magnum ,h00046d,*,,,E-L (León) Ms 8,,164v,,,,Fer. 5 in Cena Dom.,07065000,ACCV,MASS,https://musicahispanica.eu/source/20175,,Et ipse vobis ostendet coenaculum magnum stratum et ibi parate,,,,,,SEMM,0
,,https://musicahispanica.eu/chant/64748,Si quis voluerit voluntatem ejus facere ,g03566h,,,,E-L (León) Ms 8,,134v,,,,Dom. 3 Quadragesimae,07031000,ACCV,MASS,https://musicahispanica.eu/source/20175,,Si quis voluerit voluntatem ejus facere cognoscet de doctrina verum ex deo sit an ego a me ipso loquar,,,,,,SEMM,0
,,https://musicahispanica.eu/chant/62193,Beati mundo corde quoniam ipsi deum ,h00955f,,,,E-Tc (Toledo) 35.5,6,119v,,,,Dom. in Palmis,07061000,ACCV,MASS,https://musicahispanica.eu/source/20186,,Beati mundo corde quoniam ipsi deum videbunt,,,,,,SEMM,0
,,https://musicahispanica.eu/chant/64203,Qui manducat meam carnem et bibit ,h00026a,*,,,E-L (León) Ms 8,,111r,,,,Carnes Tollendas,,ACCV,MASS,https://musicahispanica.eu/source/20175,,Qui manducat meam carnem et bibit meum sanguinem in me manet et ego in illo,,,,,,SEMM,0
,,https://musicahispanica.eu/chant/71202,Qui manducat meam carnem et bibit ,h00026a,,,,E-Mh (Madrid) Cod. 56,,140v,,,,Missa votiva omnimoda,15009010,ACCV,MASS,https://musicahispanica.eu/source/70790,,Qui manducat meam carnem et bibit meum sanguinem in me manet et ego in illo,,,,,,SEMM,0
,,https://musicahispanica.eu/chant/21761,Qui manducat meam carnem et bibit ,h00026a,,,,E-SI (Santo Domingo de Silos) MS 4,,174r,,,,Missa votiva omnimoda,15009010,ACCV,MASS,https://musicahispanica.eu/source/21404,,Qui manducat meam carnem et bibit meum sanguinem in me manet et ego in illo,,,,,,SEMM,0
,,https://musicahispanica.eu/chant/64947,Qui facit veritatem venit ad lucem ,g03564e,,,,E-L (León) Ms 8,,144v,,,,Dom. 4 Quadragesimae,07041000,ACCV,MASS,https://musicahispanica.eu/source/20175,,Qui facit veritatem venit ad lucem it manifestetur opera ejus quia in deo sunt facta,,,,,,SEMM,0
,,https://musicahispanica.eu/chant/88014,Caro mea vere est cibus et ,h00948h,,,,E-L (León) Ms 8,,155r,,,,Dom. in Palmis,07061000,ACCV,MASS,https://musicahispanica.eu/source/20175,,Caro mea vere est cibus et sanguis meus vere est potus ,,,,,,SEMM,0
,,https://musicahispanica.eu/chant/71204,Repletum est gaudio os nostrum et ,h00026d,,,,E-Mh (Madrid) Cod. 56,,140v,,,,Missa votiva omnimoda,15009010,ACCV,MASS,https://musicahispanica.eu/source/70790,,Repletum est gaudio os nostrum et lingua nostra exsultatione,,,,,,SEMM,0
,,https://musicahispanica.eu/chant/21765,Repletum est gaudio*,h00026d,,,,E-SI (Santo Domingo de Silos) MS 4,,174r,,,,Missa votiva omnimoda,15009010,ANT,MASS,https://musicahispanica.eu/source/21404,,Repletum est gaudio*,,,,,,SEMM,0
,,https://musicahispanica.eu/chant/62190,Beati qui lugent quoniam ipsi consolabuntur,h00955c,,,,E-Tc (Toledo) 35.5,3,119v,,,,Dom. in Palmis,07061000,ACCV,MASS,https://musicahispanica.eu/source/20186,,Beati qui lugent quoniam ipsi consolabuntur,,,,,,SEMM,0
,,https://musicahispanica.eu/chant/65497,Tunc ait illis Jesus nolite timere ,h00067e,,,,E-L (León) Ms 8,,176r,,,,Sabbato Sancto,07067000,ACCV,MASS,https://musicahispanica.eu/source/20175,,Tunc ait illis Jesus nolite timere ite nuntiate fratribus meis ut eant in Galilaea ibi me videbunt,,,,,,SEMM,0
,,https://musicahispanica.eu/chant/103522,Tunc ait illis Jesus nolite timere ,h00067e,,,,E-Tc (Toledo) 35.5,4,183r,,,,Sabbato Sancto,07067000,ACCV,MASS,https://musicahispanica.eu/source/20186,,Tunc ait illis Jesus nolite timere ite nuntiate fratribus meis ut eant in Galilaeam ibi me videbunt,,,,,,SEMM,0
,,https://musicahispanica.eu/chant/65324,Et cum facta fuisset ora discubuit ,h00046e,*,,,E-L (León) Ms 8,,164v,,,,Fer. 5 in Cena Dom.,07065000,ACCV,MASS,https://musicahispanica.eu/source/20175,,Et cum facta fuisset ora discubuit et duodecim apostoli cum eo et ait illis ,,,,,,SEMM,0
,,https://musicahispanica.eu/chant/64749,Spiritus est deus et eos qui ,g03566i,,,,E-L (León) Ms 8,,134v,,,,Dom. 3 Quadragesimae,07031000,ACCV,MASS,https://musicahispanica.eu/source/20175,,Spiritus est deus et eos qui adorant eum in spiritu et veritate apportet adorare,,,,,,SEMM,0
,,https://musicahispanica.eu/chant/62194,Beati pacifici quoniam filii dei vocabuntur,h00955g,,,,E-Tc (Toledo) 35.5,7,119v,,,,Dom. in Palmis,07061000,ACCV,MASS,https://musicahispanica.eu/source/20186,,Beati pacifici quoniam filii dei vocabuntur,,,,,,SEMM,0
,,https://musicahispanica.eu/chant/64946,Haec enim voluntas ejus qui misit ,g03564d,,,,E-L (León) Ms 8,,144v,,,,Dom. 4 Quadragesimae,07041000,ACCV,MASS,https://musicahispanica.eu/source/20175,,Haec enim voluntas ejus qui misit me patris ut omne quod dedit mihi non perdam ex eo sed ego resuscitabo eum novissimo,,,,,,SEMM,0
,,https://musicahispanica.eu/chant/65320,Euntes parate nobis pascha ut manducemus,h00046a,,,,E-L (León) Ms 8,,164v,,,,Fer. 5 in Cena Dom.,07065000,ACCV,MASS,https://musicahispanica.eu/source/20175,,Euntes parate nobis pascha ut manducemus,,,,,,SEMM,0
,,https://musicahispanica.eu/chant/103444,Euntes parate nobis pascha ut manducemus,h00046a,,,,E-Tc (Toledo) 35.5,2,138v,,,,Fer. 5 in Cena Dom.,07065000,ACCV,MASS,https://musicahispanica.eu/source/20186,,Euntes parate nobis pascha ut manducemus,,,,,,SEMM,0
,,https://musicahispanica.eu/chant/65492,Et accedens revolvit lapidem et sedebat ,h00067a,,,,E-L (León) Ms 8,,175v,,,,Sabbato Sancto,07067000,ACCV,MASS,https://musicahispanica.eu/source/20175,,Et accedens revolvit lapidem et sedebat super eum erat autem aspectus ejus sicut fulgur et vestimenta ejus canduda sicut nix,,,,,,SEMM,0
,,https://musicahispanica.eu/chant/71206,Et accedens revolvit lapidem et sedebat ,h00067a,,,,E-Mh (Madrid) Cod. 56,,140v,,,,Missa votiva omnimoda,15009010,ACCV,MASS,https://musicahispanica.eu/source/70790,,Et accedens revolvit lapidem et sedebat super eum erat autem aspectus ejus sicut fulgur et vestimenta ejus candida sicut nix,,,,,,SEMM,0
,,https://musicahispanica.eu/chant/21768,Et accedens revolvit lapidem et sedebat ,h00067a,,,,E-SI (Santo Domingo de Silos) MS 4,,174r,,,,Missa votiva omnimoda,15009010,ACCV,MASS,https://musicahispanica.eu/source/21404,,Et accedens revolvit lapidem et sedebat super eum erat autem aspectus ejus sicut fulgur et vestimenta ejus sicut nix,,,,,,SEMM,0
,,https://musicahispanica.eu/chant/103519,Et accedens revolvit lapidem et sedebat ,h00067a,,,,E-Tc (Toledo) 35.5,1,183r,,,,Sabbato Sancto,07067000,ACCV,MASS,https://musicahispanica.eu/source/20186,,Et accedens revolvit lapidem et sedebat super eum erat autem aspectus ejus sicut fulgur et vestimenta ejus sicut nix,,,,,,SEMM,0
,,https://musicahispanica.eu/chant/79953,Et accedens revolvit lapidem et sedebat ,h00067a,*,,,GB-Lbl (London) Add MS 30846,,001r,,,,Sabbato Sancto,07067000,ACCV,MASS,https://musicahispanica.eu/source/20202,,Et accedens revolvit lapidem et sedebat super eum erat autem aspectus ejus sicut fulgur et vestimenta ejus sicut nix,,,,,,SEMM,0
,,https://musicahispanica.eu/chant/65494,Venite et videte locum ubi positus ,h00067m,,,,E-L (León) Ms 8,,175v,,,,Sabbato Sancto,07067000,ACCV,MASS,https://musicahispanica.eu/source/20175,,Venite et videte locum ubi positus erat dominus quia surrexit et ecce praecedet vos in Galilaea ibi eum videbitis sicut dixit vobis,,,,,,SEMM,0
,,https://musicahispanica.eu/chant/79955,Venite et videte locum ubi positus ,h00067m,*,,,GB-Lbl (London) Add MS 30846,,001r,,,,Sabbato Sancto,07067000,ACCV,MASS,https://musicahispanica.eu/source/20202,,Venite et videte locum ubi positus erat [dominus quia surrexit et] ecce praecedet vobis in Galilaea ibi eum videbitis sicut dixit vobis,,,,,,SEMM,0
,,https://musicahispanica.eu/chant/103446,Dicit tibi magister tempus meum in ,h00046m,,,,E-Tc (Toledo) 35.5,2,139r,,,,Fer. 5 in Cena Dom.,07065000,ACCV,MASS,https://musicahispanica.eu/source/20186,,Dicit tibi magister tempus meum in proximo erit ubi est ergo diversorium ubi pascha cum discipulis meis manducem,,,,,,SEMM,0
,,https://musicahispanica.eu/chant/88011,Amen amen dico vobis qui credit ,h00948e,,,,E-L (León) Ms 8,,155r,,,,Dom. in Palmis,07061000,ACCV,MASS,https://musicahispanica.eu/source/20175,,Amen amen dico vobis qui credit in me habet vitam aeternam,,,,,,SEMM,0
,,https://musicahispanica.eu/chant/64741,Meus cibus est ut faciam voluntatem ,g03566a,,,,E-L (León) Ms 8,,134r,,,,Dom. 3 Quadragesimae,07031000,ACCV,MASS,https://musicahispanica.eu/source/20175,,Meus cibus est ut faciam voluntatem ejus qui misit me ut perficiam opus ejus,,,,,,SEMM,0
,,https://musicahispanica.eu/chant/64365,Et me scitis et unde sim ,g03570e,,,,E-L (León) Ms 8,,118r,,,,Dom. 1 Quadragesimae,07011000,ACCV,MASS,https://musicahispanica.eu/source/20175,,Et me scitis et unde sim scitis et a meipso non veni sed est verus qui misit me,,,,,,SEMM,0
,,https://musicahispanica.eu/chant/71200,Repletum est gaudio os nostrum et ,h00027d,,,,E-Mh (Madrid) Cod. 56,,140v,,,,Missa votiva omnimoda,15009010,ACCV,MASS,https://musicahispanica.eu/source/70790,,Repletum est gaudio os nostrum et lingua nostra exsultatione alleluia,,,,,,SEMM,0
,,https://musicahispanica.eu/chant/21867,Repletum est gaudio os nostrum et ,h00027d,,,,E-SI (Santo Domingo de Silos) MS 4,,173v,,,,Missa votiva omnimoda,15009010,ACCV,MASS,https://musicahispanica.eu/source/21404,,Repletum est gaudio os nostrum et lingua nostra exsultatione alleluia,,,,,,SEMM,0
,,https://musicahispanica.eu/chant/22421,Repletum est gaudio,h00027d,,,,E-SI (Santo Domingo de Silos) MS 4,,174r,,,,Fer. 6 in Parasceve,07066000,ACCV,MASS,https://musicahispanica.eu/source/21404,,Repletum est gaudio,,,,,,SEMM,0
,,https://musicahispanica.eu/chant/83394,Repletum *,h00027d,*,,,GB-Lbl (London) Add MS 30846,,121v,,,,Ascensio Domini,08065000,ACCV,MASS,https://musicahispanica.eu/source/20202,,Repletum *,,,,,,SEMM,0
,,https://musicahispanica.eu/chant/103451,Vespere autem facto discubuit Jerusalem et ,h00046p,,,,E-Tc (Toledo) 35.5,2,139r,,,,Fer. 5 in Cena Dom.,07065000,ACCV,MASS,https://musicahispanica.eu/source/20186,,Vespere autem facto discubuit Jerusalem et duodecim a practicamque et ait illis,,,,,,SEMM,0
,,https://musicahispanica.eu/chant/64950,Omne quod dat mihi pater ad ,g03564h,,,,E-L (León) Ms 8,,144v,,,,Dom. 4 Quadragesimae,07041000,ACCV,MASS,https://musicahispanica.eu/source/20175,,Omne quod dat mihi pater ad me veniet et eum qui venit ad me non eiciam foras quia descendi de caelo non ut faciam voluntatem meam sed voluntatem ejus qui misit me,,,,,,SEMM,0
,,https://musicahispanica.eu/chant/53189,Herus nos venit cunctos liberare gratis ,g03563b,,,,E-Tc (Toledo) 35.7,2,045r,,,,Assumptio Mariae (Hispanic rite),,ACC,MASS,https://musicahispanica.eu/source/20188,,Herus nos venit cunctos liberare gratis omnes gaudemus alleluia,,,,,,SEMM,0
,,https://musicahispanica.eu/chant/65498,Et accedens revolvit lapidem dicens data ,h00067p,,,,E-L (León) Ms 8,,176r,,,,Sabbato Sancto,07067000,ACCV,MASS,https://musicahispanica.eu/source/20175,,Et accedens revolvit lapidem dicens data est mihi omnis potestas in caelo et in terra,,,,,,SEMM,0
,,https://musicahispanica.eu/chant/88007,Sic dilexit deus mundum ut filium ,h00948a,,,,E-L (León) Ms 8,,155r,,,,Dom. in Palmis,07061000,ACCV,MASS,https://musicahispanica.eu/source/20175,,Sic dilexit deus mundum ut filium suum unigenitum daret ut omnis qui credit in eum non pereat sed ,,,,,,SEMM,0
,,https://musicahispanica.eu/chant/62137,Sic dilexit deus mundum ut filium ,h00948a,,,,E-Tc (Toledo) 35.5,,050v,,,,Dom. 3 Quadragesimae,07031000,ACCV,MASS,https://musicahispanica.eu/source/20186,,Sic dilexit deus mundum ut filium suum unigenitum daret ut omnis qui credit in eum non pereat Set abebit,,,,,,SEMM,0
,,https://musicahispanica.eu/chant/64745,Non possum ego a me ipso ,g03566e,,,,E-L (León) Ms 8,,134v,,,,Dom. 3 Quadragesimae,07031000,ACCV,MASS,https://musicahispanica.eu/source/20175,,Non possum ego a me ipso facere quicquam sed sicut audio judico et judicium meum justum est,,,,,,SEMM,0
,,https://musicahispanica.eu/chant/64361,Qui manducat meam carnem et bibit ,g03570a,,,,E-L (León) Ms 8,,118r,,,,Dom. 1 Quadragesimae,07011000,ACCV,MASS,https://musicahispanica.eu/source/20175,,Qui manducat meam carnem et bibit meum sanguinem in me manet et ego in illo,,,,,,SEMM,0
,,https://musicahispanica.eu/chant/103174,Qui manducat meam carnem et bibit ,g03570a,,,,E-Tc (Toledo) 35.5,,028r,,,,Dom. 2 Quadragesimae,07021000,ACCV,MASS,https://musicahispanica.eu/source/20186,,Qui manducat meam carnem et bibit meum sanguinem in me manet et ego in illo,,,,,,SEMM,0
,,https://musicahispanica.eu/chant/64552,Sicut nobit me pater et ego ,g03565d,,,,E-L (León) Ms 8,,125v,,,,Dom. 2 Quadragesimae,07021000,ACCV,MASS,https://musicahispanica.eu/source/20175,,Sicut nobit me pater et ego agnosco patrem et animam meam ponam pro ovibus meis,,,,,,SEMM,0
,,https://musicahispanica.eu/chant/103526,Euntes ergo docete omnes gentes baptizantes ,h00067i,,,,E-Tc (Toledo) 35.5,8,183r,,,,Sabbato Sancto,07067000,ACCV,MASS,https://musicahispanica.eu/source/20186,,Euntes ergo docete omnes gentes baptizantes eos in nomine patris et filii et spiritus sancti,,,,,,SEMM,0
,,https://musicahispanica.eu/chant/53193,Humilis veniens mors concitans mistica mulcetque ,g03563f,,,,E-Tc (Toledo) 35.7,6,045v,,,,Assumptio Mariae (Hispanic rite),,ACCV,MASS,https://musicahispanica.eu/source/20188,,Humilis veniens mors concitans mistica mulcetque patrem altre averni alleluia,,,,,,SEMM,0
