id,corpus_id,chantlink,incipit,cantus_id,mode,finalis,differentia,siglum,position,folio,sequence,marginalia,cao_concordances,feast,feast_code,genre,office,srclink,melody_id,full_text,full_text_manuscript,volpiano,notes,dataset_name,dataset_idx,db,image_link
,,https://musicahispanica.eu/chant/63117,Filia Sion benedic domino deo excelso ,h03932,,,,E-L (León) Ms 8,,048v,,,,Leocadiae,14120920,BNMT,MH,https://musicahispanica.eu/source/20175,,Filia Sion benedic domino deo excelso in omni benedictione et laude,,,,,,SEMM,0
,,https://musicahispanica.eu/chant/72137,Filia Sion benedic domino deo excelso ,h03932,,,,E-Mh (Madrid) Cod. 30,,064r,,,,Leocadiae,14120920,BNMT,MH,https://musicahispanica.eu/source/20176,,Filia Sion benedic domino deo excelso in omni benedictione et laude benedictus est,,,,,,SEMM,0
,,https://musicahispanica.eu/chant/86761,Filia Sion benedic domino deo excelso ,h03932,*,,,E-SI (Santo Domingo de Silos) MS 3,,185v,,,,Assumptio Mariae (Hispanic rite),,BNMT,MH,https://musicahispanica.eu/source/20177,,Filia Sion benedic domino deo excelso in omni benedictione et laude,,,,,,SEMM,0
,,https://musicahispanica.eu/chant/54833,Filia Sion benedic domino deo excelso ,h03932,,,,E-Tc (Toledo) 35.7,,047v,,,,Assumptio Mariae (Hispanic rite),,BNMT,MH,https://musicahispanica.eu/source/20188,,Filia Sion benedic domino deo excelso in omni benedictione et laude,,,,,,SEMM,0
,,https://musicahispanica.eu/chant/100599,Filia Sion benedic domino deo excelso ,h03932,,,,GB-Lbl (London) Add MS 30845,,086v,,,,Assumptio Mariae (Hispanic rite),,BNMT,MH,https://musicahispanica.eu/source/20196,,Filia Sion benedic domino deo excelso in omni benedictione et laude,,,,,,SEMM,0
,,https://musicahispanica.eu/chant/67576,Spiritus et animae justorum benedicite domino,h04555,,,,E-L (León) Ms 8,,278r,,,,De uno defuncto,13009000,BNMT,MH,https://musicahispanica.eu/source/20175,,Spiritus et animae justorum benedicite domino,,,,,,SEMM,0
,,https://musicahispanica.eu/chant/88978,Spiritus et animae justorum benedicite domino,h04555,,,,E-L (León) Ms 8,,250r,,,,De Sanctis,12015000,BNMT,MH,https://musicahispanica.eu/source/20175,,Spiritus et animae justorum benedicite domino,,,,,,SEMM,0
,,https://musicahispanica.eu/chant/71831,Spiritus et animae justorum benedicite domino,h04555,*,,,E-SI (Santo Domingo de Silos) MS 3,,063r,,,,De uno defuncto,13009000,BNMT,MH,https://musicahispanica.eu/source/20177,,Spiritus et animae justorum benedicite domino,,,,,,SEMM,0
,,https://musicahispanica.eu/chant/69381,Spiritus et animae justorum benedicite dominum,h04555,,,,GB-Lbl (London) Add MS 30851,,200r,,,,De uno defuncto,13009000,BNMT,MH,https://musicahispanica.eu/source/20203,,Spiritus et animae justorum benedicite dominum,,,,,,SEMM,0
,,https://musicahispanica.eu/chant/69395,Spiritus et*,h04555,,,,GB-Lbl (London) Add MS 30851,,200v,,,,De uno defuncto,13009000,BNMT,MH,https://musicahispanica.eu/source/20203,,Spiritus et*,,,,,,SEMM,0
,,https://musicahispanica.eu/chant/66469,Benedicam dominum patrem domini mei quia ,h03567,,,,E-L (León) Ms 8,C,226r,,,,Felicis,14072900,BNMT,MH,https://musicahispanica.eu/source/20175,,Benedicam dominum patrem domini mei quia liberavit me a praessura flammae et in medio ignis non sum extuatus,,,,,,SEMM,0
,,https://musicahispanica.eu/chant/67037,Benedicam dominum patrem domini mei*,h03567,,,,E-L (León) Ms 8,,252r,,,,De uno justi,,BNMT,MH,https://musicahispanica.eu/source/20175,,Benedicam dominum patrem domini mei*,,,,,,SEMM,0
,,https://musicahispanica.eu/chant/92619,Benedicam dominum patrem domini mei quia ,h03567,*,,,E-Tc (Toledo) 35.6,,188r,,,,Felicis Gerundae,,BNMT,MH,https://musicahispanica.eu/source/20187,,Benedicam dominum patrem domini mei quia liberavit me a praessura flammae et in medio ignis non sum extuatus,,,,,,SEMM,0
,,https://musicahispanica.eu/chant/99643,Benedicam dominum patrem domini mei quia ,h03567,,,,GB-Lbl (London) Add MS 30845,,059v,,,,Felicis,14072900,BNMT,MH,https://musicahispanica.eu/source/20196,,Benedicam dominum patrem domini mei quia liberavit me a praessura flammae et in medio ignis non sum extuatus,,,,,,SEMM,0
,,https://musicahispanica.eu/chant/62831,Omnes sancti servi*,h00541,,,,E-L (León) Ms 8,,033v,,,,Caeciliae,14112200,BNMT,MH,https://musicahispanica.eu/source/20175,,Omnes sancti servi*,,,,,,SEMM,0
,,https://musicahispanica.eu/chant/66997,Omnes sancti servi dei excelsi domino ,h00541,,,,E-L (León) Ms 8,,250r,,,,De Sanctis,12015000,BNMT,MH,https://musicahispanica.eu/source/20175,,Omnes sancti servi dei excelsi domino deo nostro benedicite,,,,,,SEMM,0
,,https://musicahispanica.eu/chant/70486,Omnes sancti servi dei excelsi domino ,h00541,,,,E-Mh (Madrid) Cod. 30,,020v,,,,Caeciliae,14112200,BNMT,MH,https://musicahispanica.eu/source/20176,,Omnes sancti servi dei excelsi domino deo nostro benedicite,,,,,,SEMM,0
,,https://musicahispanica.eu/chant/108161,Omnes sancti*,h00541,,,,E-Tc (Toledo) 35.4,,046v,,,,Torquati et sociorum,,BNMT,MH,https://musicahispanica.eu/source/20185,,Omnes sancti*,,,,,,SEMM,0
,,https://musicahispanica.eu/chant/84460,Omnes sancti servi *,h00541,,,,E-Zfm (Zaragoza) Ms-418,,008r,,,,"Emeterii, Celedonii",,BNMT,MH,https://musicahispanica.eu/source/20192,,Omnes sancti servi *,,,,,,SEMM,0
,,https://musicahispanica.eu/chant/100457,Omnes sancti servi dei *,h00541,,,,GB-Lbl (London) Add MS 30845,,075v,,,,Laurentii,14081000,BNMT,MH,https://musicahispanica.eu/source/20196,,Omnes sancti servi dei *,,,,,,SEMM,0
,,https://musicahispanica.eu/chant/101201,Omnes sancti servi *,h00541,*,,,GB-Lbl (London) Add MS 30845,,128v,,,,"Fausti, Januarii et Martialis",,BNMT,MH,https://musicahispanica.eu/source/20196,,Omnes sancti servi *,,,,,,SEMM,0
,,https://musicahispanica.eu/chant/101391,Omnes sancti servi *,h00541,*,,,GB-Lbl (London) Add MS 30845,,135r,,,,"Servandi, Germani",,BNMT,MH,https://musicahispanica.eu/source/20196,,Omnes sancti servi *,,,,,,SEMM,0
,,https://musicahispanica.eu/chant/101515,Omnes sancti servi dei *,h00541,*,,,GB-Lbl (London) Add MS 30845,,136v,,,,"Vincentii, Sabinae et Christetae",,BNMT,MH,https://musicahispanica.eu/source/20196,,Omnes sancti servi dei *,,,,,,SEMM,0
,,https://musicahispanica.eu/chant/75430,Omnes sancti*,h00541,,,,GB-Lbl (London) Add MS 30845,,002r,,,,Cyrici,14061600,BNMT,MH,https://musicahispanica.eu/source/20196,,Omnes sancti*,,,,,,SEMM,0
,,https://musicahispanica.eu/chant/82790,Omnes sancti servi *,h00541,*,,,GB-Lbl (London) Add MS 30846,,083r,,,,Torquati et sociorum,,BNMT,MH,https://musicahispanica.eu/source/20202,,Omnes sancti servi *,,,,,,SEMM,0
,,https://musicahispanica.eu/chant/63929,Sacerdotes dei benedicite*,h04369,,,,E-L (León) Ms 8,,095v,,,,"Fructuosi, Augurii et Eulogii",,BNMT,MH,https://musicahispanica.eu/source/20175,,Sacerdotes dei benedicite*,,,,,,SEMM,0
,,https://musicahispanica.eu/chant/66995,Sacerdotes dei benedicite domino servi domini ,h04369,,,,E-L (León) Ms 8,,250r,,,,De Sanctis,12015000,BNMT,MH,https://musicahispanica.eu/source/20175,,Sacerdotes dei benedicite domino servi domini hymnum dicite deo,,,,,,SEMM,0
,,https://musicahispanica.eu/chant/68008,Caeli et angeli domino benedicite,h00369,,,,E-L (León) Ms 8,,296r,,,,Dom. Quotidiano,,BNMT,MH,https://musicahispanica.eu/source/20175,,Caeli et angeli domino benedicite,,,,,,SEMM,0
,,https://musicahispanica.eu/chant/84955,Caeli [et] angeli domino benedicite,h00369,*,,,E-SI (Santo Domingo de Silos) MS 5,,085r,,,,Michaelis,14092900,BNMT,MH,https://musicahispanica.eu/source/20178,,Caeli [et] angeli domino benedicite,,,,,,SEMM,0
,,https://musicahispanica.eu/chant/61792,Caeli et angeli domino benedicite,h00369,,,,E-Tc (Toledo) 35.4,,016v,,,,Fer. 6 p. Pascha,08016000,BNMT,,https://musicahispanica.eu/source/20185,,Caeli et angeli domino benedicite,,,,,,SEMM,0
,,https://musicahispanica.eu/chant/70699,Caeli et angeli domino benedicite,h00369,,,,E-Tc (Toledo) 35.4,,127r,,,,Dom. 9 Quotidiano,,BNMT,MH,https://musicahispanica.eu/source/20185,,Caeli et angeli domino benedicite,,,,,,SEMM,0
,,https://musicahispanica.eu/chant/80625,Caeli et angeli domino benedicite domino,h00369,*,,,GB-Lbl (London) Add MS 30846,,061v,,,,"Dom. Resurrect.,8",08011008,BNMT,MH,https://musicahispanica.eu/source/20202,,Caeli et angeli domino benedicite domino,,,,,,SEMM,0
,,https://musicahispanica.eu/chant/66676,Benedicimus te domine qui sedes super ,h00286,,,,E-L (León) Ms 8,,237v,,,,Michaelis,14092900,BNMT,MH,https://musicahispanica.eu/source/20175,,Benedicimus te domine qui sedes super cherubim rex Israel,,,,,,SEMM,0
,,https://musicahispanica.eu/chant/68007,Benedicimus te domine qui sedes super ,h00286,,,,E-L (León) Ms 8,,296r,,,,Dom. Quotidiano,,BNMT,MH,https://musicahispanica.eu/source/20175,,Benedicimus te domine qui sedes super cherubim rex Israel,,,,,,SEMM,0
,,https://musicahispanica.eu/chant/73518,Benedicimus te domine qui sedes super ,h00286,,,,E-Mh (Madrid) Cod. 30,,227v,,,,Dom. Quadragesimae,07001000,BNMT,MH,https://musicahispanica.eu/source/20176,,Benedicimus te domine qui sedes super cherubim rex Israel,,,,,,SEMM,0
,,https://musicahispanica.eu/chant/86583,Benedicimus te domine qui sedes super ,h00286,,,,E-SI (Santo Domingo de Silos) MS 3,,154v,,,,Fest. per annum,04000000,BNMT,MH,https://musicahispanica.eu/source/20177,,Benedicimus te domine qui sedes super cherubim rex Israel,,,,,,SEMM,0
,,https://musicahispanica.eu/chant/68671,Benedicimus te domine qui sedes super ,h00286,,,,E-SI (Santo Domingo de Silos) MS 6,,097r,,,,Dom. 5 p. Pent.,09051000,BNMT,MH,https://musicahispanica.eu/source/20179,,Benedicimus te domine qui sedes super cherubim rex israel,,,,,,SEMM,0
,,https://musicahispanica.eu/chant/61795,Benedicimus te domine qui sedes super ,h00286,,,,E-Tc (Toledo) 35.4,,016v,,,,Fer. 3 p. Pascha,08013000,BNMT,,https://musicahispanica.eu/source/20185,,Benedicimus te domine qui sedes super cherubim rex Israel,,,,,,SEMM,0
,,https://musicahispanica.eu/chant/70099,Benedicimus te domine qui sedes super ,h00286,,,,E-Tc (Toledo) 35.4,,105r,,,,Dom. 4 Quotidiano,,BNMT,MH,https://musicahispanica.eu/source/20185,,Benedicimus te domine qui sedes super cherubim rex Israel,,,,,,SEMM,0
,,https://musicahispanica.eu/chant/92466,Benedicimus te domine qui sedes super ,h00286,*,,,E-Tc (Toledo) 35.6,,168r,,,,Primitis,,BNMT,MH,https://musicahispanica.eu/source/20187,,Benedicimus te domine qui sedes super cherubim rex israel,,,,,,SEMM,0
,,https://musicahispanica.eu/chant/68004,Benedicta opera tua domine et benedictum ,h00371,,,,E-L (León) Ms 8,,296r,,,,Dom. Quotidiano,,BNMT,MH,https://musicahispanica.eu/source/20175,,Benedicta opera tua domine et benedictum nomen gloriae tuae,,,,,,SEMM,0
,,https://musicahispanica.eu/chant/61796,Benedicta opera tua domine et benedictum ,h00371,,,,E-Tc (Toledo) 35.4,,016v,,,,Fer. 4 p. Pascha,08014000,BNMT,,https://musicahispanica.eu/source/20185,,Benedicta opera tua domine et benedictum nomen gloriae tuae,,,,,,SEMM,0
,,https://musicahispanica.eu/chant/70144,Benedicta opera tua domine et benedictum ,h00371,,,,E-Tc (Toledo) 35.4,,109r,,,,Dom. 5 Quotidiano,,BNMT,MH,https://musicahispanica.eu/source/20185,,Benedicta opera tua domine et benedictum nomen gloriae tuae,,,,,,SEMM,0
,,https://musicahispanica.eu/chant/64124,Benedictus es domine deus patrum nostrorum ,h00540,,,,E-L (León) Ms 8,,107r,,,,Carnes Tollendas,,BNMT,MH,https://musicahispanica.eu/source/20175,,Benedictus es domine deus patrum nostrorum et laudabilis et gloriosus in saecula alleluia alleluia alleluia ,,,,,,SEMM,0
,,https://musicahispanica.eu/chant/65510,Benedictus es domine*,h00540,,,,E-L (León) Ms 8,,176r,,,,Dom. Resurrectionis,08011000,BNMT,MH,https://musicahispanica.eu/source/20175,,Benedictus es domine*,,,,,,SEMM,0
,,https://musicahispanica.eu/chant/65747,Benedictus es domine deus patrum*,h00540,,,,E-L (León) Ms 8,,188r,,,,Octava Paschae,08021000,BNMT,MH,https://musicahispanica.eu/source/20175,,Benedictus es domine deus patrum*,,,,,,SEMM,0
,,https://musicahispanica.eu/chant/65778,Benedictus*,h00540,,,,E-L (León) Ms 8,,190r,,,,Dom. 2 p. Pascha,08031000,BNMT,MH,https://musicahispanica.eu/source/20175,,Benedictus*,,,,,,SEMM,0
,,https://musicahispanica.eu/chant/65827,Benedictus*,h00540,,,,E-L (León) Ms 8,,192v,,,,Dom. 4 p. Pascha,08051000,BNMT,MH,https://musicahispanica.eu/source/20175,,Benedictus*,,,,,,SEMM,0
,,https://musicahispanica.eu/chant/65849,Benedictus es domine*,h00540,,,,E-L (León) Ms 8,,194r,,,,Dom. 5 p. Pascha,08061000,BNMT,MH,https://musicahispanica.eu/source/20175,,Benedictus es domine*,,,,,,SEMM,0
,,https://musicahispanica.eu/chant/87833,Benedictus es domine deus patrum nostrorum ,h00540,,,,E-SCu (Santiago de Compostela) Ms 609,,220r,,,,,,BNMT,Noc,https://musicahispanica.eu/source/20207,,Benedictus es domine deus patrum nostrorum et laudabilis et gloriosus in saecula,,,,,,SEMM,0
,,https://musicahispanica.eu/chant/87039,Benedictus es domine deus *,h00540,*,,,E-SI (Santo Domingo de Silos) MS 7,,071r,,,,,,BNMT,Q&Q,https://musicahispanica.eu/source/20181,,Benedictus es domine deus *,,,,,,SEMM,0
,,https://musicahispanica.eu/chant/87062,Benedictus es domine deus *,h00540,*,,,E-SI (Santo Domingo de Silos) MS 7,,082r,,,,,,BNMT,S&O,https://musicahispanica.eu/source/20181,,Benedictus es domine deus *,,,,,,SEMM,0
,,https://musicahispanica.eu/chant/87296,Benedictus es domine deus patrum,h00540,*,,,E-SI (Santo Domingo de Silos) MS 7,,138r,,,,Dom. Quadragesimae,07001000,BNMT,Noc,https://musicahispanica.eu/source/20181,,Benedictus es domine deus patrum,,,,,,SEMM,0
,,https://musicahispanica.eu/chant/92886,Benedictus es domine deus patrum nostrorum ,h00540,*,,,E-Tc (Toledo) 33.3,,018r,,,,Dom. per annum,04001000,BNMT,Q&Q,https://musicahispanica.eu/source/20197,,Benedictus es domine deus patrum nostrorum et laudabilis et gloriosus in saecula,,,,,,SEMM,0
,,https://musicahispanica.eu/chant/92919,Benedictus es domine deus patrum nostrorum ,h00540,*,,,E-Tc (Toledo) 33.3,,027r,,,,Dom. per annum,04001000,BNMT,S&O,https://musicahispanica.eu/source/20197,,Benedictus es domine deus patrum nostrorum et laudabilis et gloriosus in saecula,,,,,,SEMM,0
,,https://musicahispanica.eu/chant/108112,Benedictus*,h00540,,,,E-Tc (Toledo) 35.4,,025v,,,,Dom. 2 p. Pascha,08031000,BNMT,MH,https://musicahispanica.eu/source/20185,,Benedictus*,,,,,,SEMM,0
,,https://musicahispanica.eu/chant/108133,Benedictus es*,h00540,,,,E-Tc (Toledo) 35.4,,034r,,,,"Dom. 3 p. Pascha,8",08041008,BNMT,MH,https://musicahispanica.eu/source/20185,,Benedictus es*,,,,,,SEMM,0
,,https://musicahispanica.eu/chant/108144,Benedictus es*,h00540,,,,E-Tc (Toledo) 35.4,,038v,,,,"Dom. 4 p. Pascha,8",08051008,BNMT,MH,https://musicahispanica.eu/source/20185,,Benedictus es*,,,,,,SEMM,0
,,https://musicahispanica.eu/chant/108670,Benedictus*,h00540,,,,E-Tc (Toledo) 35.4,,141v,,,,Dom. 13 Quotidiano,,BNMT,MH,https://musicahispanica.eu/source/20185,,Benedictus*,,,,,,SEMM,0
,,https://musicahispanica.eu/chant/61822,Benedictus es domine deus patrum nostrorum ,h00540,,,,E-Tc (Toledo) 35.4,,019v,,,,Octava Paschae,08021000,BNMT,MH,https://musicahispanica.eu/source/20185,,Benedictus es domine deus patrum nostrorum et laudabilis et gloriosus in saecula alleluia alleluia alleluia,,,,,,SEMM,0
,,https://musicahispanica.eu/chant/61861,Benedictus es domine*,h00540,,,,E-Tc (Toledo) 35.4,,030r,,,,"Dom. 2 p. Pascha,8",08031008,BNMT,MH,https://musicahispanica.eu/source/20185,,Benedictus es domine*,,,,,,SEMM,0
,,https://musicahispanica.eu/chant/91549,Benedictus es domine deus*,h00540,,,,E-Tc (Toledo) 35.6,,029v,,,,Octava Paschae,08021000,BNMT,MH,https://musicahispanica.eu/source/20187,,Benedictus es domine deus*,,,,,,SEMM,0
,,https://musicahispanica.eu/chant/91593,Benedictus es domine*,h00540,,,,E-Tc (Toledo) 35.6,,037v,,,,Dom. 2 p. Pascha,08031000,BNMT,MH,https://musicahispanica.eu/source/20187,,Benedictus es domine*,,,,,,SEMM,0
,,https://musicahispanica.eu/chant/91623,Benedictus*,h00540,,,,E-Tc (Toledo) 35.6,,044v,,,,Dom. 3 p. Pascha,08041000,BNMT,MH,https://musicahispanica.eu/source/20187,,Benedictus*,,,,,,SEMM,0
,,https://musicahispanica.eu/chant/91734,Benedictus es*,h00540,,,,E-Tc (Toledo) 35.6,,059r,,,,Dom. 4 p. Pascha,08051000,BNMT,MH,https://musicahispanica.eu/source/20187,,Benedictus es*,,,,,,SEMM,0
,,https://musicahispanica.eu/chant/80038,Benedictus es *,h00540,*,,,GB-Lbl (London) Add MS 30846,,003r,,,,Fer. 2 p. Pascha,08012000,BNMT,MH,https://musicahispanica.eu/source/20202,,Benedictus es *,,,,,,SEMM,0
,,https://musicahispanica.eu/chant/80092,Benedictus es *,h00540,*,,,GB-Lbl (London) Add MS 30846,,009v,,,,Fer. 3 p. Pascha,08013000,BNMT,MH,https://musicahispanica.eu/source/20202,,Benedictus es *,,,,,,SEMM,0
,,https://musicahispanica.eu/chant/80234,Benedictus es *,h00540,*,,,GB-Lbl (London) Add MS 30846,,025v,,,,Fer. 4 p. Pascha,08014000,BNMT,MH,https://musicahispanica.eu/source/20202,,Benedictus es *,,,,,,SEMM,0
,,https://musicahispanica.eu/chant/80252,Benedictus es *,h00540,*,,,GB-Lbl (London) Add MS 30846,,027r,,,,Fer. 5 p. Pascha,08015000,BNMT,MH,https://musicahispanica.eu/source/20202,,Benedictus es *,,,,,,SEMM,0
,,https://musicahispanica.eu/chant/80277,Benedictus es domine *,h00540,*,,,GB-Lbl (London) Add MS 30846,,034v,,,,Fer. 6 p. Pascha,08016000,BNMT,MH,https://musicahispanica.eu/source/20202,,Benedictus es domine *,,,,,,SEMM,0
,,https://musicahispanica.eu/chant/80391,Benedictus es domine *,h00540,*,,,GB-Lbl (London) Add MS 30846,,045v,,,,Octava Paschae,08021000,BNMT,MH,https://musicahispanica.eu/source/20202,,Benedictus es domine *,,,,,,SEMM,0
,,https://musicahispanica.eu/chant/80559,Benedictus es domine deus patrum nostrorum ,h00540,*,,,GB-Lbl (London) Add MS 30846,,057v,,,,"Dom. Resurrect.,8",08011008,BNMT,MH,https://musicahispanica.eu/source/20202,,Benedictus es domine deus patrum nostrorum et laudabilis et gloriosus in saecula alleluia alleluia alleluia,,,,,,SEMM,0
,,https://musicahispanica.eu/chant/82938,Benedictus *,h00540,*,,,GB-Lbl (London) Add MS 30846,,105v,,,,Dom. 3 p. Pascha,08041000,BNMT,MH,https://musicahispanica.eu/source/20202,,Benedictus *,,,,,,SEMM,0
,,https://musicahispanica.eu/chant/83199,Benedictus es *,h00540,*,,,GB-Lbl (London) Add MS 30846,,111v,,,,Dom. 4 p. Pascha,08051000,BNMT,MH,https://musicahispanica.eu/source/20202,,Benedictus es *,,,,,,SEMM,0
,,https://musicahispanica.eu/chant/68977,Benedictus es domine deus patrum nostrorum ,h00540,,,,GB-Lbl (London) Add MS 30851,,173r,,,,In tempore Quad.,07000000,BNMT,,https://musicahispanica.eu/source/20203,,Benedictus es domine deus patrum nostrorum et laudabilis et gloriosus in saecula,,,,,,SEMM,0
,,https://musicahispanica.eu/chant/65716,Supra sedem regni tui domine benedictus ,h00287,,,,E-L (León) Ms 8,,186v,,,,Fer. 5 p. Pascha,08015000,BNMT,MH,https://musicahispanica.eu/source/20175,,Supra sedem regni tui domine benedictus es,,,,,,SEMM,0
,,https://musicahispanica.eu/chant/65912,Supra sedem regni tui domine benedictus ,h00287,,,,E-L (León) Ms 8,,197v,,,,Inventio Crucis,14050300,BNMT,MH,https://musicahispanica.eu/source/20175,,Supra sedem regni tui domine benedictus es,,,,,,SEMM,0
,,https://musicahispanica.eu/chant/66019,Supra sedem,h00287,,,,E-L (León) Ms 8,,202v,,,,Dom. p. Ascensionem,,BNMT,MH,https://musicahispanica.eu/source/20175,,Supra sedem,,,,,,SEMM,0
,,https://musicahispanica.eu/chant/68525,Supra sedem regni tui domine benedictus ,h00287,,,,E-SI (Santo Domingo de Silos) MS 6,,106v,,,,Dom. 6 p. Pent.,09061000,BNMT,MH,https://musicahispanica.eu/source/20179,,Supra sedem regni tui domine benedictus es ,,,,,,SEMM,0
,,https://musicahispanica.eu/chant/108193,Supra sedem*,h00287,,,,E-Tc (Toledo) 35.4,,066v,,,,Fer. 6 p. Ascensio.,,BNMT,MH,https://musicahispanica.eu/source/20185,,Supra sedem*,,,,,,SEMM,0
,,https://musicahispanica.eu/chant/61790,Supra sedem regni tui domine benedictus ,h00287,,,,E-Tc (Toledo) 35.4,,016v,,,,Fer. 4 p. Pascha,08014000,BNMT,,https://musicahispanica.eu/source/20185,,Supra sedem regni tui domine benedictus es,,,,,,SEMM,0
,,https://musicahispanica.eu/chant/61956,Supra sedem*,h00287,,,,E-Tc (Toledo) 35.4,,053r,,,,Inventio Crucis,14050300,BNMT,MH,https://musicahispanica.eu/source/20185,,Supra sedem*,,,,,,SEMM,0
,,https://musicahispanica.eu/chant/62017,Supra sedem*,h00287,,,,E-Tc (Toledo) 35.4,,067v,,,,Dom. p. Ascensionem,,BNMT,MH,https://musicahispanica.eu/source/20185,,Supra sedem*,,,,,,SEMM,0
,,https://musicahispanica.eu/chant/69795,Supra sedem regni tui domine benedictus ,h00287,,,,E-Tc (Toledo) 35.4,,101r,,,,Dom. 3 Quotidiano,,BNMT,MH,https://musicahispanica.eu/source/20185,,Supra sedem regni tui domine benedictus es,,,,,,SEMM,0
,,https://musicahispanica.eu/chant/91785,Supra sedem regni*,h00287,,,,E-Tc (Toledo) 35.6,,068v,,,,De Sancta Cruce,15011000,BNMT,MH,https://musicahispanica.eu/source/20187,,Supra sedem regni*,,,,,,SEMM,0
,,https://musicahispanica.eu/chant/91963,Supra sedem regni tui*,h00287,,,,E-Tc (Toledo) 35.6,,101r,,,,Dom. p. Ascensionem,,BNMT,MH,https://musicahispanica.eu/source/20187,,Supra sedem regni tui*,,,,,,SEMM,0
,,https://musicahispanica.eu/chant/80623,Supra sedem regni tui domine benedictus ,h00287,*,,,GB-Lbl (London) Add MS 30846,,061v,,,,"Dom. Resurrect.,8",08011008,BNMT,MH,https://musicahispanica.eu/source/20202,,Supra sedem regni tui domine benedictus es domine,,,,,,SEMM,0
,,https://musicahispanica.eu/chant/67633,Filii hominum domino benedicite et hymnum ,h00370,,,,E-L (León) Ms 8,,280r,,,,Pro defunctis,13001000,BNMT,MH,https://musicahispanica.eu/source/20175,,Filii hominum domino benedicite et hymnum dicite,,,,,,SEMM,0
,,https://musicahispanica.eu/chant/71813,Filii hominum domino benedicite et hymnum ,h00370,,,,E-SI (Santo Domingo de Silos) MS 3,,060v,,,,Pro defunctis,13001000,BNMT,MH,https://musicahispanica.eu/source/20177,,Filii hominum domino benedicite et hymnum dicite,,,,,,SEMM,0
,,https://musicahispanica.eu/chant/85162,Filii hominum domino [benedicite et hym] ,h00370,*,,,E-SI (Santo Domingo de Silos) MS 7,,020r,,,,Pro defunctis,13001000,BNMT,MH,https://musicahispanica.eu/source/20181,,Filii hominum domino [benedicite et hym]num dicite,,,,,,SEMM,0
,,https://musicahispanica.eu/chant/85363,Filii hominum *,h00370,*,,,E-SI (Santo Domingo de Silos) MS 7,,030r,,,,De defunctorum Aepiscoporum,,BNMT,MH,https://musicahispanica.eu/source/20181,,Filii hominum *,,,,,,SEMM,0
,,https://musicahispanica.eu/chant/108228,Filii hominum*,h00370,,,,E-Tc (Toledo) 35.4,,070r,,,,Sabb. de Letanias Apostolicas,,BNMT,MH,https://musicahispanica.eu/source/20185,,Filii hominum*,,,,,,SEMM,0
,,https://musicahispanica.eu/chant/61793,Filii hominum domino benedicite et hymnum ,h00370,,,,E-Tc (Toledo) 35.4,,016v,,,,Sabbato in Albis,08017000,BNMT,,https://musicahispanica.eu/source/20185,,Filii hominum domino benedicite et hymnum dicite,,,,,,SEMM,0
,,https://musicahispanica.eu/chant/70162,Filii hominum domino benedicite et hymnum ,h00370,,,,E-Tc (Toledo) 35.4,,114r,,,,Dom. 6 Quotidiano,,BNMT,MH,https://musicahispanica.eu/source/20185,,Filii hominum domino benedicite et hymnum dicite,,,,,,SEMM,0
,,https://musicahispanica.eu/chant/80553,Filii hominum *,h00370,*,,,GB-Lbl (London) Add MS 30846,,056v,,,,Sabbato in Albis,08017000,BNMT,MH,https://musicahispanica.eu/source/20202,,Filii hominum *,,,,,,SEMM,0
,,https://musicahispanica.eu/chant/80629,Filii hominum domino benedicite et hymnum ,h00370,*,,,GB-Lbl (London) Add MS 30846,,061v,,,,Sabbato in Albis,08017000,BNMT,MH,https://musicahispanica.eu/source/20202,,Filii hominum domino benedicite et hymnum dicite,,,,,,SEMM,0
,,https://musicahispanica.eu/chant/69362,Filii hominum domino benedicite et hymnum ,h00370,,,,GB-Lbl (London) Add MS 30851,,198v,,,,Pro defunctis Sacerdotibus,13011000,BNMT,MH,https://musicahispanica.eu/source/20203,,Filii hominum domino benedicite et hymnum dicite,,,,,,SEMM,0
,,https://musicahispanica.eu/chant/74989,Servi dei domino benedicite quis vos ,h04399,*,,,GB-Lbl (London) Add MS 30844,,089r,,,,Eugeniae,,BNMT,MH,https://musicahispanica.eu/source/20201,,Servi dei domino benedicite quis vos erit ab inferis et de manu mortis liberabit vos ,,,,,,SEMM,0
,,https://musicahispanica.eu/chant/63162,Liberavit me*,h03970,,,,E-L (León) Ms 8,,051r,,,,Eulaliae Emeritensis,14121010,BNMT,MH,https://musicahispanica.eu/source/20175,,Liberavit me*,,,,,,SEMM,0
,,https://musicahispanica.eu/chant/63629,Liberavit me de medio flammae de ,h03970,,,,E-L (León) Ms 8,,078v,,,,Columbae,14123110,BNS,MH,https://musicahispanica.eu/source/20175,,Liberavit me de medio flammae de camino ignis ardentis,,,,,,SEMM,0
,,https://musicahispanica.eu/chant/67105,Liberavit me de*,h03970,,,,E-L (León) Ms 8,,254v,,,,Commune unius Virginis,,BNMT,MH,https://musicahispanica.eu/source/20175,,Liberavit me de*,,,,,,SEMM,0
,,https://musicahispanica.eu/chant/73470,Liberavit me *,h03970,*,,,E-Mh (Madrid) Cod. 30,,221v,,,,Eulaliae Barcinonensis,,BNMT,MH,https://musicahispanica.eu/source/20176,,Liberavit me *,,,,,,SEMM,0
,,https://musicahispanica.eu/chant/86361,Liberavit me de medio flammae de ,h03970,,,,E-SI (Santo Domingo de Silos) MS 3,,137v,,,,Commune unius Virginis,,BNMT,MH,https://musicahispanica.eu/source/20177,,Liberavit me de medio flammae de camino ignis ardentis,,,,,,SEMM,0
,,https://musicahispanica.eu/chant/84256,Liberavit me *,h03970,,,,E-Zfm (Zaragoza) Ms-418,,005v,,,,Agathae,14020500,BNMT,MH,https://musicahispanica.eu/source/20192,,Liberavit me *,,,,,,SEMM,0
,,https://musicahispanica.eu/chant/75098,Liberavit me de medio flammae de ,h03970,*,,,GB-Lbl (London) Add MS 30844,,106v,,,,Columbae,14123110,BNMT,MH,https://musicahispanica.eu/source/20201,,Liberavit me de medio flammae de camino ignis ardentis,,,,,,SEMM,0
,,https://musicahispanica.eu/chant/69228,Liberavit medio flammae de camino ignis ,h03970,,,,GB-Lbl (London) Add MS 30851,,188v,,,,Commune unius Virginis,,BNMT,MH,https://musicahispanica.eu/source/20203,,Liberavit medio flammae de camino ignis ardentis,,,,,,SEMM,0
,,https://musicahispanica.eu/chant/85718,Liberavit me de medio flammae de ,h03970,,,,US-NYhsa (New York) B2916,,098v,,,,Exspectationis BMV,14121810,BNMT,MH,https://musicahispanica.eu/source/84980,,Liberavit me de medio flammae de camino ignis ardentis,,,,,,SEMM,0
,,https://musicahispanica.eu/chant/63669,Benedictum nomen gloriae tuae deus quod ,h00283,,,,E-L (León) Ms 8,,081r,,,,Circumcisio Domini,02010110,BNMT,MH,https://musicahispanica.eu/source/20175,,Benedictum nomen gloriae tuae deus quod est sanctum et laudabile et gloriosum in saecula,,,,,,SEMM,0
,,https://musicahispanica.eu/chant/65713,Benedictum nomen gloriae tuae,h00283,,,,E-L (León) Ms 8,,186r,,,,Fer. 2 p. Pascha,08012000,BNMT,MH,https://musicahispanica.eu/source/20175,,Benedictum nomen gloriae tuae,,,,,,SEMM,0
,,https://musicahispanica.eu/chant/66406,Benedictum nomen*,h00283,,,,E-L (León) Ms 8,,222v,,,,Primitis,,BNMT,MH,https://musicahispanica.eu/source/20175,,Benedictum nomen*,,,,,,SEMM,0
,,https://musicahispanica.eu/chant/68003,Benedictum nomen gloriae tuae,h00283,,,,E-L (León) Ms 8,,296r,,,,Dom. Quotidiano,,BNMT,MH,https://musicahispanica.eu/source/20175,,Benedictum nomen gloriae tuae,,,,,,SEMM,0
,,https://musicahispanica.eu/chant/72413,Benedictum nomen gloriae tuae ,h00283,,,,E-Mh (Madrid) Cod. 30,,108v,,,,Suff. Adventus,,BNMT,MH,https://musicahispanica.eu/source/20176,,Benedictum nomen gloriae tuae ,,,,,,SEMM,0
,,https://musicahispanica.eu/chant/72637,Benedictum nomen gloriae tuae deus quod ,h00283,,,,E-Mh (Madrid) Cod. 30,,153v,,,,Circumcisio Domini,02010110,BNMT,MH,https://musicahispanica.eu/source/20176,,"Benedictum nomen gloriae tuae deus quod est sanctum et laudabile et gloriosum in saecula
",,,,,,SEMM,0
,,https://musicahispanica.eu/chant/68810,Benedictum nomen gloriae tuae,h00283,,,,E-SI (Santo Domingo de Silos) MS 6,,046v,,,,Dom. 1 p. Pent.,09011010,BNMT,MH,https://musicahispanica.eu/source/20179,,Benedictum nomen gloriae tuae,,,,,,SEMM,0
,,https://musicahispanica.eu/chant/68812,Benedictum nomen gloriae tuae,h00283,,,,E-SI (Santo Domingo de Silos) MS 6,,047v,,,,Dom. 1 p. Pent.,09011010,BNMT,MH,https://musicahispanica.eu/source/20179,,Benedictum nomen gloriae tuae,,,,,,SEMM,0
,,https://musicahispanica.eu/chant/61788,Benedictum nomen gloriae tuae,h00283,,,,E-Tc (Toledo) 35.4,,016v,,,,Fer. 2 p. Pascha,08012000,BNMT,,https://musicahispanica.eu/source/20185,,Benedictum nomen gloriae tuae,,,,,,SEMM,0
,,https://musicahispanica.eu/chant/69722,Benedictum nomen gloriae tuae,h00283,,,,E-Tc (Toledo) 35.4,,085r,,,,Dom. 1 Quotidiano,,BNMT,MH,https://musicahispanica.eu/source/20185,,Benedictum nomen gloriae tuae,,,,,,SEMM,0
,,https://musicahispanica.eu/chant/55982,Benedictum nomen gloriae tuae deus quod ,h00283,,,,E-Tc (Toledo) 35.7,,100r,,,,Circumcisio Domini,02010110,BNMT,MH,https://musicahispanica.eu/source/20188,,Benedictum nomen gloriae tuae deus quod est sanctum et laudabile et gloriosum in saecula,,,,,,SEMM,0
,,https://musicahispanica.eu/chant/99259,Benedictum nomen *,h00283,,,,GB-Lbl (London) Add MS 30845,,049v,,,,Primitis,,BNMT,MH,https://musicahispanica.eu/source/20196,,Benedictum nomen *,,,,,,SEMM,0
,,https://musicahispanica.eu/chant/80616,Benedictum nomen gloriae tuae benedic,h00283,*,,,GB-Lbl (London) Add MS 30846,,061v,,,,"Dom. Resurrect.,8",08011008,BNMT,MH,https://musicahispanica.eu/source/20202,,Benedictum nomen gloriae tuae benedic,,,,,,SEMM,0
,,https://musicahispanica.eu/chant/69416,Benedictum nomen gloriae tuae,h00283,,,,GB-Lbl (London) Add MS 30851,,202r,,,,Dom. Quotidiano,,BNMT,MH,https://musicahispanica.eu/source/20203,,Benedictum nomen gloriae tuae,,,,,,SEMM,0
,,https://musicahispanica.eu/chant/65993,Exaltabo mane*,h04771,,,,E-L (León) Ms 8,,201v,,,,Fer. 6 p. Ascensio.,,BNMT,MH,https://musicahispanica.eu/source/20175,,Exaltabo mane*,,,,,,SEMM,0
,,https://musicahispanica.eu/chant/66321,Servi dei benedicite*,h04554,,,,E-L (León) Ms 8,,218r,,,,"Petri, Pauli",14062900,BNMT,MH,https://musicahispanica.eu/source/20175,,Servi dei benedicite*,,,,,,SEMM,0
,,https://musicahispanica.eu/chant/63828,Ignis ardens utque coruscans ut liberarentur ,h04364,,,,E-L (León) Ms 8,,090r,,,,"Celsi, Juliani",14010900,BNMT,MH,https://musicahispanica.eu/source/20175,,Ignis ardens utque coruscans ut liberarentur pueri tui vim virtutis suae oblitus est aparte regis clamabatur ab angelicis coris vicisti Juliani vicisti,,,,,,SEMM,0
,,https://musicahispanica.eu/chant/72765,Ignis ardens atque coruscans ut liberarentur ,h04364,*,,,E-Mh (Madrid) Cod. 30,,179r,,,,Juliani,14082810,BNMT,MH,https://musicahispanica.eu/source/20176,,Ignis ardens atque coruscans ut liberarentur pueri tui vim virtutis suae oblitus est aparte regis clamabatur ab angelicis coris vicisti Juliani vicisti,,,,,,SEMM,0
,,https://musicahispanica.eu/chant/63399,Sanctis spiritus*,h04021,,,,E-L (León) Ms 8,,065v,,,,Hebd. Adventus,01008000,BNS,MH,https://musicahispanica.eu/source/20175,,Sanctis spiritus*,,,,,,SEMM,0
,,https://musicahispanica.eu/chant/63885,Sancti spiritus et animae justorum*,h04021,,,,E-L (León) Ms 8,,093r,,,,Dom. p. Allisionis Infantum,,BNMT,MH,https://musicahispanica.eu/source/20175,,Sancti spiritus et animae justorum*,,,,,,SEMM,0
,,https://musicahispanica.eu/chant/65582,Sancti spiritus et animae*,h04021,,,,E-L (León) Ms 8,,179r,,,,Engratiae,,BNMT,MH,https://musicahispanica.eu/source/20175,,Sancti spiritus et animae*,,,,,,SEMM,0
,,https://musicahispanica.eu/chant/88979,Sancti spiritus et animae justorum benedicite ,h04021,,,,E-L (León) Ms 8,,250r,,,,De Sanctis,12015000,BNMT,MH,https://musicahispanica.eu/source/20175,,Sancti spiritus et animae justorum benedicite domino,,,,,,SEMM,0
,,https://musicahispanica.eu/chant/75367,Anima justi sedis est sapientia ,h03566,*,,,GB-Lbl (London) Add MS 30844,,102v,,,,Joannis Evang.,02122700,BNMT,MH,https://musicahispanica.eu/source/20201,,Anima justi sedis est sapientia ,,,,,,SEMM,0
,,https://musicahispanica.eu/chant/85684,Anima justi *,h03566,*,,,US-NYhsa (New York) B2916,,087r,,,,Aemiliani Cucullati,14111220,BNMT,MH,https://musicahispanica.eu/source/84980,,Anima justi *,,,,,,SEMM,0
,,https://musicahispanica.eu/chant/63783,Stellae caeli benedicite domino hymnum dicite ,h00542,,,,E-L (León) Ms 8,,087v,,,,Epiphania,05010600,BNMT,MH,https://musicahispanica.eu/source/20175,,Stellae caeli benedicite domino hymnum dicite deo alleluia ,,,,,,SEMM,0
,,https://musicahispanica.eu/chant/72715,Stellae caeli benedicite domino hymnum dicite ,h00542,,,,E-Mh (Madrid) Cod. 30,,170r,,,,Epiphania,05010600,BNMT,MH,https://musicahispanica.eu/source/20176,,"Stellae caeli benedicite domino hymnum dicite deo alleluia
",,,,,,SEMM,0
,,https://musicahispanica.eu/chant/70751,Stellae caeli benedicite domino hymnum dicite ,h00542,,,,E-Tc (Toledo) 35.4,,134v,,,,Dom. 11 Quotidiano,,BNMT,MH,https://musicahispanica.eu/source/20185,,Stellae caeli benedicite domino hymnum dicite deo alleluia,,,,,,SEMM,0
,,https://musicahispanica.eu/chant/56367,Stellae caeli benedicite domino hymnum dicite ,h00542,,,,E-Tc (Toledo) 35.7,,122v,,,,Epiphania,05010600,BNMT,MH,https://musicahispanica.eu/source/20188,,Stellae caeli benedicite domino hymnum dicite deo alleluia,,,,,,SEMM,0
,,https://musicahispanica.eu/chant/75174,Stellae caeli benedicite domino hymnum dicite ,h00542,*,,,GB-Lbl (London) Add MS 30844,,128r,,,,Epiphania,05010600,BNMT,MH,https://musicahispanica.eu/source/20201,,Stellae caeli benedicite domino hymnum dicite deo alleluia,,,,,,SEMM,0
,,https://musicahispanica.eu/chant/63969,Benedicam te dicit dominus scribam super ,h03570,,,,E-L (León) Ms 8,,098v,,,,Vincentii,14012200,BNMT,MH,https://musicahispanica.eu/source/20175,,Benedicam te dicit dominus scribam super te nomem meum novum et nomen civitatis magnae novae Jerusalem alleluia ,,,,,,SEMM,0
,,https://musicahispanica.eu/chant/73242,Benedicam te dicit dominus scribam super ,h03570,,,,E-Mh (Madrid) Cod. 30,,208v,,,,Vincentii,14012200,BNMT,MH,https://musicahispanica.eu/source/20176,,Benedicam te dicit dominus scribam super te nomem meum novum et nomen civitatis magnae novae Jerusalem alleluia,,,,,,SEMM,0
,,https://musicahispanica.eu/chant/84200,Benedicam te dicit dominus scribam super ,h03570,,,,E-Zfm (Zaragoza) Ms-418,,003r,,,,Vincentii,14012200,BNMT,MH,https://musicahispanica.eu/source/20192,,Benedicam te dicit dominus scribam super te nomem meum novum et nomen civitatis magnae novae Jerusalem alleluia,,,,,,SEMM,0
,,https://musicahispanica.eu/chant/65714,In templo sancto gloriae tuae benedictus ,h00285,,,,E-L (León) Ms 8,,186r,,,,Fer. 3 p. Pascha,08013000,BNMT,MH,https://musicahispanica.eu/source/20175,,In templo sancto gloriae tuae benedictus es domine,,,,,,SEMM,0
,,https://musicahispanica.eu/chant/67303,In templo sancto gloriae tuae benedictus ,h00285,,,,E-L (León) Ms 8,,265r,,,,De Sacratione Baselice,,BNMT,MH,https://musicahispanica.eu/source/20175,,In templo sancto gloriae tuae benedictus es domine,,,,,,SEMM,0
,,https://musicahispanica.eu/chant/67375,In templo sancto gloriae*,h00285,,,,E-L (León) Ms 8,,268v,,,,De Sacratione Baselice,,BNMT,MH,https://musicahispanica.eu/source/20175,,In templo sancto gloriae*,,,,,,SEMM,0
,,https://musicahispanica.eu/chant/67408,In templo sancto*,h00285,,,,E-L (León) Ms 8,,269v,,,,De Restauratione Baselicae,,BNMT,MH,https://musicahispanica.eu/source/20175,,In templo sancto*,,,,,,SEMM,0
,,https://musicahispanica.eu/chant/68005,In templo sancto gloriae tuae benedictus ,h00285,,,,E-L (León) Ms 8,,296r,,,,Dom. Quotidiano,,BNMT,MH,https://musicahispanica.eu/source/20175,,In templo sancto gloriae tuae benedictus es domine,,,,,,SEMM,0
,,https://musicahispanica.eu/chant/68006,In templo sancto gloriae tuae benedictus ,h00285,,,,E-L (León) Ms 8,,296r,,,,Dom. Quotidiano,,BNMT,MH,https://musicahispanica.eu/source/20175,,In templo sancto gloriae tuae benedictus es domine,,,,,,SEMM,0
,,https://musicahispanica.eu/chant/68569,In templo sancto gloriae tuae benedictus ,h00285,,,,E-SI (Santo Domingo de Silos) MS 6,,075r,,,,Dom. 3 p. Pent.,09031000,BNMT,MH,https://musicahispanica.eu/source/20179,,In templo sancto gloriae tuae benedictus es domine,,,,,,SEMM,0
,,https://musicahispanica.eu/chant/68974,In templo sancto gloriae tuae benedictus ,h00285,,,,E-SI (Santo Domingo de Silos) MS 6,,088r,,,,Dom. 4 p. Pent.,09041000,BNMT,MH,https://musicahispanica.eu/source/20179,,In templo sancto gloriae tuae benedictus es domine,,,,,,SEMM,0
,,https://musicahispanica.eu/chant/61789,In templo sancto gloriae tuae benedictus ,h00285,,,,E-Tc (Toledo) 35.4,,016v,,,,Fer. 3 p. Pascha,08013000,BNMT,,https://musicahispanica.eu/source/20185,,In templo sancto gloriae tuae benedictus es domine,,,,,,SEMM,0
,,https://musicahispanica.eu/chant/61794,In templo sancto gloriae tuae benedictus ,h00285,,,,E-Tc (Toledo) 35.4,,016v,,,,Fer. 2 p. Pascha,08012000,BNMT,,https://musicahispanica.eu/source/20185,,In templo sancto gloriae tuae benedictus es domine,,,,,,SEMM,0
,,https://musicahispanica.eu/chant/69773,In templo sancto gloriae tuae benedictus ,h00285,,,,E-Tc (Toledo) 35.4,,096r,,,,Dom. 2 Quotidiano,,BNMT,MH,https://musicahispanica.eu/source/20185,,In templo sancto gloriae tuae benedictus es domine,,,,,,SEMM,0
,,https://musicahispanica.eu/chant/70316,In templo sancto gloriae tuae benedictus ,h00285,,,,E-Tc (Toledo) 35.4,,118v,,,,Dom. 7 Quotidiano,,BNMT,MH,https://musicahispanica.eu/source/20185,,In templo sancto gloriae tuae benedictus es domine Deus patrum,,,,,,SEMM,0
,,https://musicahispanica.eu/chant/103533,In templo sancto gloriae tuae benedictus ,h00285,,,,E-Tc (Toledo) 35.5,,184v,,,,Dom. Resurrectionis,08011000,BNMT,MH,https://musicahispanica.eu/source/20186,,In templo sancto gloriae tuae benedictus es domine,,,,,,SEMM,0
,,https://musicahispanica.eu/chant/103552,In templo sancto*,h00285,,,,E-Tc (Toledo) 35.5,,201r,,,,Fer. 3 p. Pascha,08013000,BNMT,MH,https://musicahispanica.eu/source/20186,,In templo sancto*,,,,,,SEMM,0
,,https://musicahispanica.eu/chant/80618,In templo sancto gloriae tuae benedictus ,h00285,*,,,GB-Lbl (London) Add MS 30846,,061v,,,,"Dom. Resurrect.,8",08011008,BNMT,MH,https://musicahispanica.eu/source/20202,,In templo sancto gloriae tuae benedictus es domine,,,,,,SEMM,0
,,https://musicahispanica.eu/chant/80622,In templo sancto gloriae tuae benedictus ,h00285,*,,,GB-Lbl (London) Add MS 30846,,061v,,,,"Dom. Resurrect.,8",08011008,BNMT,MH,https://musicahispanica.eu/source/20202,,In templo sancto gloriae tuae benedictus es domine,,,,,,SEMM,0
,,https://musicahispanica.eu/chant/68009,Maria et flumina benedicite domino benedicite ,h00372,*,,,E-L (León) Ms 8,,296r,,,,Dom. Quotidiano,,BNMT,MH,https://musicahispanica.eu/source/20175,,Maria et flumina benedicite domino benedicite fontes domino,,,,,,SEMM,0
,,https://musicahispanica.eu/chant/61797,Maria et flumina benedicite domine benedicite ,h00372,,,,E-Tc (Toledo) 35.4,,016v,,,,Fer. 5 p. Pascha,08015000,BNMT,,https://musicahispanica.eu/source/20185,,Maria et flumina benedicite domine benedicite fontes domino,,,,,,SEMM,0
,,https://musicahispanica.eu/chant/70719,Maria et flumina benedicite domino benedicite ,h00372,,,,E-Tc (Toledo) 35.4,,131r,,,,Dom. 10 Quotidiano,,BNMT,MH,https://musicahispanica.eu/source/20185,,Maria et flumina benedicite domino benedicite fontes domino,,,,,,SEMM,0
,,https://musicahispanica.eu/chant/68471,Noctes et dies lux et tenebrae ,h00289,,,,E-SI (Santo Domingo de Silos) MS 6,,126v,,,,Dom. 8 p. Pent.,09081000,BNMT,MH,https://musicahispanica.eu/source/20179,,Noctes et dies lux et tenebrae dominum deum nostrum benedicite,,,,,,SEMM,0
,,https://musicahispanica.eu/chant/62973,Benedictio domine*,h00202,,,,E-L (León) Ms 8,,041r,,,,Andreae,14113000,BNMT,MH,https://musicahispanica.eu/source/20175,,Benedictio domine*,,,,,,SEMM,0
,,https://musicahispanica.eu/chant/66261,Benedictio domini,h00202,,,,E-L (León) Ms 8,,214v,,,,Joannis Baptistae,14062400,BNMT,MH,https://musicahispanica.eu/source/20175,,Benedictio domini,,,,,,SEMM,0
,,https://musicahispanica.eu/chant/66860,Benedictio domini*,h00202,,,,E-L (León) Ms 8,,246r,,,,Martini,14111100,BNMT,MH,https://musicahispanica.eu/source/20175,,Benedictio domini*,,,,,,SEMM,0
,,https://musicahispanica.eu/chant/67036,Benedictio domini in mercedem justi festinat,h00202,,,,E-L (León) Ms 8,,252r,,,,De uno justi,,BNMTV,M,https://musicahispanica.eu/source/20175,,Benedictio domini in mercedem justi festinat,,,,,,SEMM,0
,,https://musicahispanica.eu/chant/78666,Benedictio domini*,h00202,,,,E-L (León) Ms 8,,039r,,,,Saturnini,14112900,BNMT,MH,https://musicahispanica.eu/source/20175,,Benedictio domini*,,,,,,SEMM,0
,,https://musicahispanica.eu/chant/71333,Benedictio domini in mercedem justi festinat,h00202,,,,E-Mh (Madrid) Cod. 30,,039r,,,,Saturnini,14112900,BNMT,MH,https://musicahispanica.eu/source/20176,,Benedictio domini in mercedem justi festinat,,,,,,SEMM,0
,,https://musicahispanica.eu/chant/72530,Benedictio domini in mercedem justi festinat,h00202,,,,E-Mh (Madrid) Cod. 30,,132r,,,,Stephani,02122600,BNMT,MH,https://musicahispanica.eu/source/20176,,"Benedictio domini in mercedem justi festinat
",,,,,,SEMM,0
,,https://musicahispanica.eu/chant/72557,Benedictio domini in mercedem justi festinat ,h00202,,,,E-Mh (Madrid) Cod. 30,,138r,,,,Jacobi fratris Domini,,BNMT,MH,https://musicahispanica.eu/source/20176,,Benedictio domini in mercedem justi festinat ,,,,,,SEMM,0
,,https://musicahispanica.eu/chant/72577,Benedictio domini in mercedem,h00202,,,,E-Mh (Madrid) Cod. 30,,141v,,,,Joannis Evang.,02122700,BNMT,MH,https://musicahispanica.eu/source/20176,,Benedictio domini in mercedem,,,,,,SEMM,0
,,https://musicahispanica.eu/chant/73500,Benedictio domini *,h00202,,,,E-Mh (Madrid) Cod. 30,,225v,,,,Cathedra Petri,14022200,BNMT,MH,https://musicahispanica.eu/source/20176,,Benedictio domini *,,,,,,SEMM,0
,,https://musicahispanica.eu/chant/86295,Benedictio Domini in mercedem justi festinat,h00202,,,,E-SI (Santo Domingo de Silos) MS 3,,119cv,,,,De uno justi,,BNMT,MH,https://musicahispanica.eu/source/20177,,Benedictio Domini in mercedem justi festinat,,,,,,SEMM,0
,,https://musicahispanica.eu/chant/86330,Benedictio Domini in mercedem justi festinat,h00202,*,,,E-SI (Santo Domingo de Silos) MS 3,,131v,,,,Comm. unius Confessoris,12004000,BNMT,MH,https://musicahispanica.eu/source/20177,,Benedictio Domini in mercedem justi festinat,,,,,,SEMM,0
,,https://musicahispanica.eu/chant/68768,Benedictio Domini in mercedem justi,h00202,,,,E-SI (Santo Domingo de Silos) MS 6,,020r,,,,Comm. unius Confessoris,12004000,BNMT,MH,https://musicahispanica.eu/source/20179,,Benedictio Domini in mercedem justi,,,,,,SEMM,0
,,https://musicahispanica.eu/chant/103024,Benedictio domini*,h00202,,,,E-Tc (Toledo) 35.7,,089r,,,,Joannis Evang.,02122700,BNMT,MH,https://musicahispanica.eu/source/20188,,Benedictio domini*,,,,,,SEMM,0
,,https://musicahispanica.eu/chant/45571,Benedictio domine in mercedem justi festinat,h00202,,,,E-Tm (Toledo) número de inventario 1325,,008r,,,,Joannis Baptistae,14062400,BNMT,MH,https://musicahispanica.eu/source/20190,,Benedictio domine in mercedem justi festinat,,,,,,SEMM,0
,,https://musicahispanica.eu/chant/74945,Benedictio domini in mercedem justi festinat,h00202,*,,,GB-Lbl (London) Add MS 30844,,075r,,,,Stephani,02122600,BNMT,MH,https://musicahispanica.eu/source/20201,,"Benedictio domini in mercedem justi festinat
",,,,,,SEMM,0
,,https://musicahispanica.eu/chant/75028,Benedictio domine in mercedem *,h00202,*,,,GB-Lbl (London) Add MS 30844,,096r,,,,Jacobi fratris Domini,,BNMT,MH,https://musicahispanica.eu/source/20201,,Benedictio domine in mercedem *,,,,,,SEMM,0
,,https://musicahispanica.eu/chant/75244,Benedictio domini in mercedem justi festinat ,h00202,*,,,GB-Lbl (London) Add MS 30844,,142r,,,,Cathedra Petri,14022200,BNMT,MH,https://musicahispanica.eu/source/20201,,Benedictio domini in mercedem justi festinat benedictus ,,,,,,SEMM,0
,,https://musicahispanica.eu/chant/100661,Benedictio domini *,h00202,,,,GB-Lbl (London) Add MS 30845,,097r,,,,Genesii,14082530,BNMT,MH,https://musicahispanica.eu/source/20196,,Benedictio domini *,,,,,,SEMM,0
,,https://musicahispanica.eu/chant/100826,Benedictio domini *,h00202,*,,,GB-Lbl (London) Add MS 30845,,101v,,,,Augustini,14082800,BNMT,MH,https://musicahispanica.eu/source/20196,,Benedictio domini *,,,,,,SEMM,0
,,https://musicahispanica.eu/chant/101561,Benedictio domini *,h00202,,,,GB-Lbl (London) Add MS 30845,,140v,,,,Martini,14111100,BNMT,MH,https://musicahispanica.eu/source/20196,,Benedictio domini *,,,,,,SEMM,0
,,https://musicahispanica.eu/chant/101674,Benedictio domini *,h00202,,,,GB-Lbl (London) Add MS 30845,,146r,,,,Aemiliani Cucullati,14111220,BNMT,MH,https://musicahispanica.eu/source/20196,,Benedictio domini *,,,,,,SEMM,0
,,https://musicahispanica.eu/chant/101738,Benedictio domini *,h00202,,,,GB-Lbl (London) Add MS 30845,,150v,,,,Transl. Saturnini,,BNMT,MH,https://musicahispanica.eu/source/20196,,Benedictio domini *,,,,,,SEMM,0
,,https://musicahispanica.eu/chant/98812,Benedictio domini *,h00202,,,,GB-Lbl (London) Add MS 30845,,024r,,,,Pelagii,14082840,BNMT,MH,https://musicahispanica.eu/source/20196,,Benedictio domini *,,,,,,SEMM,0
,,https://musicahispanica.eu/chant/99485,Benedictio domini *,h00202,,,,GB-Lbl (London) Add MS 30845,,053v,,,,Cucuphatis,14072530,BNMT,MH,https://musicahispanica.eu/source/20196,,Benedictio domini *,,,,,,SEMM,0
,,https://musicahispanica.eu/chant/69180,Benedictio domini in mercedem justi festinat,h00202,,,,GB-Lbl (London) Add MS 30851,,185v,,,,De unius tristi,,BNMT,MH,https://musicahispanica.eu/source/20203,,Benedictio domini in mercedem justi festinat,,,,,,SEMM,0
,,https://musicahispanica.eu/chant/63499,Benedixisti domine terram tuam alleluia benedictus ,h00012,,,,E-L (León) Ms 8,,071v,,,,Nativitas Domini,02122500,BNMT,MH,https://musicahispanica.eu/source/20175,,Benedixisti domine terram tuam alleluia benedictus dominus qui dedit hodie requiem populo suo Israel alleluia alleluia alleluia ,,,,,,SEMM,0
,,https://musicahispanica.eu/chant/20080,Benedixisti domine terram tuam alleluia benedictus ,h00012,,,,E-Mn (Madrid) MSS/10001 (flyleaves),,002r,,,,In tempore Adventus,01000000,BNMT,MH,https://musicahispanica.eu/source/20036,,Benedixisti domine terram tuam alleluia benedictus dominus qui dedit hodie requiem populo suo Israel alleluia alleluia alleluia,,,,,,SEMM,0
,,https://musicahispanica.eu/chant/55577,Benedixisti domine terram tuam alleluia benedictus ,h00012,,,,E-Tc (Toledo) 35.7,,066r,,,,Nativitas Domini,02122500,BNMT,MH,https://musicahispanica.eu/source/20188,,Benedixisti domine terram tuam alleluia benedictus dominus qui dedit hodie requiem populo suo Israel alleluia alleluia alleluia,,,,,,SEMM,0
,,https://musicahispanica.eu/chant/74898,Benedixisti domine terram tuam alleluia benedictus ,h00012,*,,,GB-Lbl (London) Add MS 30844,,067v,,,,Nativitas Domini,02122500,BNMT,MH,https://musicahispanica.eu/source/20201,,Benedixisti domine terram tuam alleluia benedictus dominus qui dedit hodie requiem populo suo Israel alleluia alleluia alleluia,,,,,,SEMM,0
,,https://musicahispanica.eu/chant/71972,Sancti et justi non timuerunt poenas ,h04553,,,,E-SI (Santo Domingo de Silos) MS 3,,110br,,,,De Sanctis,12015000,BNMT,MH,https://musicahispanica.eu/source/20177,,Sancti et justi non timuerunt poenas set acceperunt palmas et coronas aureas de manu domini,,,,,,SEMM,0
,,https://musicahispanica.eu/chant/65715,Supra sedem regni tui in firmamento ,h00288,,,,E-L (León) Ms 8,,186r,,,,Fer. 4 p. Pascha,08014000,BNMT,MH,https://musicahispanica.eu/source/20175,,Supra sedem regni tui in firmamento caeli benedictus es domine,,,,,,SEMM,0
,,https://musicahispanica.eu/chant/86584,Supra sedem regni tui in firmamento ,h00288,,,,E-SI (Santo Domingo de Silos) MS 3,,154v,,,,Fest. per annum,04000000,BNMT,MH,https://musicahispanica.eu/source/20177,,Supra sedem regni tui in firmamento caeli benedictus es domine ,,,,,,SEMM,0
,,https://musicahispanica.eu/chant/68647,Supra sedem regni tui in firmamento ,h00288,,,,E-SI (Santo Domingo de Silos) MS 6,,118bis r,,,,Dom. 7 p. Pent.,09071000,BNMT,MH,https://musicahispanica.eu/source/20179,,Supra sedem regni tui in firmamento caeli benedictus es domine,,,,,,SEMM,0
,,https://musicahispanica.eu/chant/82904,Supra sedem regni tui in firmamento ,h00288,*,,,GB-Lbl (London) Add MS 30846,,097v,,,,Inventio Crucis,14050300,BNMT,MH,https://musicahispanica.eu/source/20202,,Supra sedem regni tui in firmamento caeli benedictus es domine,,,,,,SEMM,0
,,https://musicahispanica.eu/chant/83589,Supra sedem regni tui in firmamento ,h00288,*,,,GB-Lbl (London) Add MS 30846,,126r,,,,Dom. p. Ascensionem,,BNMT,MH,https://musicahispanica.eu/source/20202,,Supra sedem regni tui in firmamento caeli benedictus es domine,,,,,,SEMM,0
,,https://musicahispanica.eu/chant/67429,Esto dominus fratrum tuorum qui benedixerit ,h04776,,,,E-L (León) Ms 8,,270v,,,,In ordinatione sive natalitio aepiscoporum,,BNMT,MH,https://musicahispanica.eu/source/20175,,Esto dominus fratrum tuorum qui benedixerit tibi benedictionibus impleatur,,,,,,SEMM,0
,,https://musicahispanica.eu/chant/67458,Esto dominus fratrum tuorum*,h04776,,,,E-L (León) Ms 8,,272v,,,,Ordinatione sive natalicio regis,,BNMT,MH,https://musicahispanica.eu/source/20175,,Esto dominus fratrum tuorum*,,,,,,SEMM,0
,,https://musicahispanica.eu/chant/66168,Omnis spiritus benedicite domino hymnum dicite ,h00290,,,,E-L (León) Ms 8,,209v,,,,Dom. Pentecostes,08081000,BNMT,MH,https://musicahispanica.eu/source/20175,,Omnis spiritus benedicite domino hymnum dicite deo alleluia ,,,,,,SEMM,0
,,https://musicahispanica.eu/chant/68619,Omnis spiritus benedicite domino hymnum dicite ,h00290,,,,E-SI (Santo Domingo de Silos) MS 6,,139v,,,,Dom. 9 p. Pent.,09091000,BNMT,MH,https://musicahispanica.eu/source/20179,,Omnis spiritus benedicite domino hymnum dicite deo alleluia ,,,,,,SEMM,0
,,https://musicahispanica.eu/chant/62077,Omnis spiritus benedicite domino hymnum dicite ,h00290,,,,E-Tc (Toledo) 35.4,,076r,,,,Dom. Pentecostes,08081000,BNMT,MH,https://musicahispanica.eu/source/20185,,Omnis spiritus benedicite domino hymnum dicite deo alleluia,,,,,,SEMM,0
,,https://musicahispanica.eu/chant/92000,Omnis spiritus benedicite domino hymnum dicite ,h00290,*,,,E-Tc (Toledo) 35.6,,107r,,,,Dom. Pentecostes,08081000,BNMT,MH,https://musicahispanica.eu/source/20187,,Omnis spiritus benedicite domino hymnum dicite deo alleluia ,,,,,,SEMM,0
,,https://musicahispanica.eu/chant/83994,Omnes spiritus benedicite domino hymnum dicite ,h00290,*,,,GB-Lbl (London) Add MS 30846,,167r,,,,"Dom. Pentecostes,8",08081008,BNMT,MH,https://musicahispanica.eu/source/20202,,Omnes spiritus benedicite domino hymnum dicite deo alleluia	,,,,,,SEMM,0
,,https://musicahispanica.eu/chant/45597,Justi et sacerdotes sancti et humiles ,h04787,,,,E-Tm (Toledo) número de inventario 1325,,019r,,,,"Petri, Pauli",14062900,BNMT,MH,https://musicahispanica.eu/source/20190,,Justi et sacerdotes sancti et humiles corde benedicite dominum,,,,,,SEMM,0
,,https://musicahispanica.eu/chant/68010,Tibi deo nostro honor et gloria ,h03565,*,,,E-L (León) Ms 8,,296r,,,,Dom. Quotidiano,,BNMT,MH,https://musicahispanica.eu/source/20175,,Tibi deo nostro honor et gloria virtus et potestas in saecula saeculorum,,,,,,SEMM,0
,,https://musicahispanica.eu/chant/67038,Benedicam nomen domini*,h03569,,,,E-L (León) Ms 8,,252r,,,,De uno justi,,BNMTV,M,https://musicahispanica.eu/source/20175,,Benedicam nomen domini*,,,,,,SEMM,0
,,https://musicahispanica.eu/chant/67035,Benedictio domini super caput justi alleluia ,h00192,,,,E-L (León) Ms 8,,252r,,,,De uno justi,,BNMT,M,https://musicahispanica.eu/source/20175,,Benedictio domini super caput justi alleluia fons vitae in manibus ejus alleluia alleluia ,,,,,,SEMM,0
,,https://musicahispanica.eu/chant/71807,Benedictio domini super caput justi alleluia ,h00192,,,,E-Mh (Madrid) Cod. 30,,047r,,,,Andreae,14113000,BNMT,MH,https://musicahispanica.eu/source/20176,,Benedictio domini super caput justi alleluia fons vitae in manibus ejus alleluia alleluia,,,,,,SEMM,0
,,https://musicahispanica.eu/chant/84928,Benedictio domini super caput justi alleluia ,h00192,*,,,E-SI (Santo Domingo de Silos) MS 5,,079r,,,,Martini,14111100,BNMT,MH,https://musicahispanica.eu/source/20178,,Benedictio domini super caput justi alleluia fons vitae in manibus ejus alleluia alleluia ,,,,,,SEMM,0
,,https://musicahispanica.eu/chant/68430,Benedictio domini super caput justi alleluia ,h00192,,,,E-SI (Santo Domingo de Silos) MS 6,,009r,,,,De uno justi,,BNMT,MH,https://musicahispanica.eu/source/20179,,Benedictio domini super caput justi alleluia fons vitae in manibus eius alleluia alleluia,,,,,,SEMM,0
,,https://musicahispanica.eu/chant/113350,Benedictio domini super caput justi alleluia ,h00192,,,,E-SI (Santo Domingo de Silos) fragmento musical 26,,001v,,,,Andreae,14113000,BNMT,MH,https://musicahispanica.eu/source/113053,,Benedictio domini super caput justi alleluia fons [...] manibus ejus alleluia alleluia,,,,,,SEMM,0
,,https://musicahispanica.eu/chant/92178,Benedictio domini super caput justi alleluia ,h00192,*,,,E-Tc (Toledo) 35.6,,131v,,,,Joannis Baptistae,14062400,BNMT,MH,https://musicahispanica.eu/source/20187,,Benedictio domini super caput justi alleluia fons vitae in manibus ejus alleluia alleluia,,,,,,SEMM,0
,,https://musicahispanica.eu/chant/55712,Benedictio domini super caput justi alleluia ,h00192,,,,E-Tc (Toledo) 35.7,,077v,,,,Stephani,02122600,BNMT,MH,https://musicahispanica.eu/source/20188,,Benedictio domini super caput justi alleluia fons vitae in manibus ejus alleluia alleluia,,,,,,SEMM,0
,,https://musicahispanica.eu/chant/45610,Benedictio*,h00192,,,,E-Tm (Toledo) número de inventario 1325,,001r,,,,Martini,14111100,BNMT,MH,https://musicahispanica.eu/source/20190,,Benedictio*,,,,,,SEMM,0
,,https://musicahispanica.eu/chant/100415,Benedictio domini *,h00192,*,,,GB-Lbl (London) Add MS 30845,,072v,,,,Mametis,,BNMT,MH,https://musicahispanica.eu/source/20196,,Benedictio domini *,,,,,,SEMM,0
,,https://musicahispanica.eu/chant/100541,Benedictio domini *,h00192,*,,,GB-Lbl (London) Add MS 30845,,081r,,,,Martini Sacratio,,BNMT,MH,https://musicahispanica.eu/source/20196,,Benedictio domini *,,,,,,SEMM,0
,,https://musicahispanica.eu/chant/100878,Benedictio domini *,h00192,,,,GB-Lbl (London) Add MS 30845,,108v,,,,"Cornelii, Cypriani",14091600,BNMT,MH,https://musicahispanica.eu/source/20196,,Benedictio domini *,,,,,,SEMM,0
,,https://musicahispanica.eu/chant/101056,Benedictio domini *,h00192,,,,GB-Lbl (London) Add MS 30845,,113v,,,,Decoll. Jo. Bapt.,14082900,BNMT,MH,https://musicahispanica.eu/source/20196,,Benedictio domini *,,,,,,SEMM,0
,,https://musicahispanica.eu/chant/98656,Benedictio domini *,h00192,*,,,GB-Lbl (London) Add MS 30845,,005v,,,,Hieronimi,14093000,BNMT,MH,https://musicahispanica.eu/source/20196,,Benedictio domini *,,,,,,SEMM,0
,,https://musicahispanica.eu/chant/98789,Benedictio domini super caput justi alleluia ,h00192,,,,GB-Lbl (London) Add MS 30845,,019r,,,,Joannis Baptistae,14062400,BNMT,MH,https://musicahispanica.eu/source/20196,,Benedictio domini super caput justi alleluia fons vitae in manibus ejus alleluia alleluia,,,,,,SEMM,0
,,https://musicahispanica.eu/chant/85646,Benedictio domini super caput justi alleluia ,h00192,,,,US-NYhsa (New York) B2916,,051r,,,,Martini,14111100,BNMT,MH,https://musicahispanica.eu/source/84980,,Benedictio domini super caput justi alleluia fons vitae in manibus ejus alleluia alleluia,,,,,,SEMM,0
,,https://musicahispanica.eu/chant/66209,Benedicta es tu filia a domino ,h03571,,,,E-L (León) Ms 8,,211v,,,,Adriani,14091000,BNMT,MH,https://musicahispanica.eu/source/20175,,Benedicta es tu filia a domino deo excelso prae omnibus mulieribus super terram quia hodie nomen tuum magnificavit ut non recedat laus tua de or hominum qui memores sunt virtutis tuae secundum faciem enim sanctorum gaudium hujus victoriae celebratur,,,,,,SEMM,0
,,https://musicahispanica.eu/chant/92104,Benedicta es tu filia a domino ,h03571,*,,,E-Tc (Toledo) 35.6,,118v,,,,Adriani,14091000,BNMT,MH,https://musicahispanica.eu/source/20187,,Benedicta es tu filia a domino deo excelso prae omnibus mulieribus super terram quia hodie nomen tuum magnificavit ut non recedat laus tua de ore hominum qui memores sunt virtutis tuae secundum faciem enim sanctorum gaudium hujus victoriae celebratur,,,,,,SEMM,0
,,https://musicahispanica.eu/chant/98699,Benedicta es tu filia a domino ,h03571,,,,GB-Lbl (London) Add MS 30845,,010r,,,,Adriani,14091000,BNMT,MH,https://musicahispanica.eu/source/20196,,Benedicta es tu filia a domino deo excelso prae omnibus mulieribus super terram quia hodie nomen tuum magnificavit ut non recedat laus tua de or hominum qui memores sunt virtutis tuae secundum faciem enim sanctorum gaudium hujus victoriae celebratur,,,,,,SEMM,0
,,https://musicahispanica.eu/chant/65717,Omnia opera domini benedicite domino,h00284,,,,E-L (León) Ms 8,,186v,,,,Fer. 6 p. Pascha,08016000,BNMT,MH,https://musicahispanica.eu/source/20175,,Omnia opera domini benedicite domino,,,,,,SEMM,0
,,https://musicahispanica.eu/chant/71701,Omnia opera domini benedicite domino ,h00284,,,,E-SI (Santo Domingo de Silos) MS 3,,053v,,,,Pro infirmis,16013030,BNMT,MH,https://musicahispanica.eu/source/20177,,Omnia opera domini benedicite domino ,,,,,,SEMM,0
,,https://musicahispanica.eu/chant/86585,Omnia opera domini benedicite domino benedictus,h00284,,,,E-SI (Santo Domingo de Silos) MS 3,,154v,,,,Fest. per annum,04000000,BNMT,MH,https://musicahispanica.eu/source/20177,,Omnia opera domini benedicite domino benedictus,,,,,,SEMM,0
,,https://musicahispanica.eu/chant/68686,Omnia opera domini benedicite domino ,h00284,,,,E-SI (Santo Domingo de Silos) MS 6,,063v,,,,Dom. 2 p. Pent.,09021000,BNMT,MH,https://musicahispanica.eu/source/20179,,Omnia opera domini benedicite domino ,,,,,,SEMM,0
,,https://musicahispanica.eu/chant/61791,Omnia opera domini benedicite domino,h00284,,,,E-Tc (Toledo) 35.4,,016v,,,,Fer. 5 p. Pascha,08015000,BNMT,,https://musicahispanica.eu/source/20185,,Omnia opera domini benedicite domino,,,,,,SEMM,0
,,https://musicahispanica.eu/chant/70333,Omnia opera domini benedicite domino,h00284,,,,E-Tc (Toledo) 35.4,,122v,,,,Dom. 8 Quotidiano,,BNMT,MH,https://musicahispanica.eu/source/20185,,Omnia opera domini benedicite domino,,,,,,SEMM,0
,,https://musicahispanica.eu/chant/80626,Omnia opera domini benedicite domino,h00284,*,,,GB-Lbl (London) Add MS 30846,,061v,,,,"Dom. Resurrect.,8",08011008,BNMT,MH,https://musicahispanica.eu/source/20202,,Omnia opera domini benedicite domino,,,,,,SEMM,0
,,https://musicahispanica.eu/chant/69251,Omnia opera domini benedicite domino,h00284,,,,GB-Lbl (London) Add MS 30851,,190r,,,,Pro infirmis,16013030,BNMT,MH,https://musicahispanica.eu/source/20203,,Omnia opera domini benedicite domino,,,,,,SEMM,0
,,https://musicahispanica.eu/chant/69266,Omnia opera domini*,h00284,,,,GB-Lbl (London) Add MS 30851,,191v,,,,Pro infirmis,16013030,BNMT,MH,https://musicahispanica.eu/source/20203,,Omnia opera domini*,,,,,,SEMM,0
,,https://musicahispanica.eu/chant/69281,Omnia opera domini*,h00284,,,,GB-Lbl (London) Add MS 30851,,192v,,,,Pro uno infirmo,16013020,BNMT,MH,https://musicahispanica.eu/source/20203,,Omnia opera domini*,,,,,,SEMM,0
,,https://musicahispanica.eu/chant/65952,Supra sedem regni tui deus benedictus ,h00287.1,,,,E-L (León) Ms 8,,200r,,,,Ascensio Domini,08065000,BNMT,MH,https://musicahispanica.eu/source/20175,,Supra sedem regni tui deus benedictus es in firmamento caelo ludabilis alleluia alleluia alleluia ,,,,,,SEMM,0
,,https://musicahispanica.eu/chant/61991,Supra sedem regni tui deus benedictus ,h00287.1,,,,E-Tc (Toledo) 35.4,,061r,,,,Ascensio Domini,08065000,BNMT,MH,https://musicahispanica.eu/source/20185,,Supra sedem regni tui deus benedictus es in firmamento caeli laudabilis alleluia alleluia alleluia,,,,,,SEMM,0
,,https://musicahispanica.eu/chant/91866,Supra sedem regni tui deus benedictus ,h00287.1,*,,,E-Tc (Toledo) 35.6,,092r,,,,Ascensio Domini,08065000,BNMT,MH,https://musicahispanica.eu/source/20187,,Supra sedem regni tui deus benedictus es in firmamento caeli et laudabilis alleluia alleluia alleluia,,,,,,SEMM,0
,,https://musicahispanica.eu/chant/75298,Supra sedem regni tui deus benedictus ,h00287.1,*,,,GB-Lbl (London) Add MS 30844,,154v,,,,Ascensio Domini,08065000,BNMT,MH,https://musicahispanica.eu/source/20201,,Supra sedem regni tui deus benedictus es in firmamento caeli et laudabilis alleluia alleluia alleluia ,,,,,,SEMM,0
,,https://musicahispanica.eu/chant/83339,Supra sedem regni tui deus benedictus ,h00287.1,*,,,GB-Lbl (London) Add MS 30846,,113r,,,,Ascensio Domini,08065000,BNMT,MH,https://musicahispanica.eu/source/20202,,Supra sedem regni tui deus benedictus es in firmamento caeli et laudabilis alleluia alleluia alleluia,,,,,,SEMM,0
,,https://musicahispanica.eu/chant/61798,Tibi soli deo honor et gloria ,h00373,,,,E-Tc (Toledo) 35.4,,016v,,,,Fer. 6 p. Pascha,08016000,BNMT,,https://musicahispanica.eu/source/20185,,Tibi soli deo honor et gloria virtus et potestas in saecula saeculorum,,,,,,SEMM,0
,,https://musicahispanica.eu/chant/70765,Tibi soli deo honor et gloria ,h00373,,,,E-Tc (Toledo) 35.4,,138r,,,,Dom. 12 Quotidiano,,BNMT,MH,https://musicahispanica.eu/source/20185,,Tibi soli deo honor et gloria virtus et potestas in saecula saeculorum,,,,,,SEMM,0
,,https://musicahispanica.eu/chant/40738,Filii hominum benedicite dominum Israel et ,h04814,,,,E-Tc (Toledo) 35.5,,001r,,,,Dom. 1 Quadragesimae,07011000,BNMT,MH,https://musicahispanica.eu/source/20186,,Filii hominum benedicite dominum Israel et omnes sacerdotes servi dei benedicite dominum,,,,,,SEMM,0
,,https://musicahispanica.eu/chant/66384,Benedicite dominum et illi confitemini coram ,h00213,,,,E-L (León) Ms 8,,221r,,,,"Justae, Rufinae",,BNMT,MH,https://musicahispanica.eu/source/20175,,Benedicite dominum et illi confitemini coram omnibus (...) fecerit ut clarificetur dominum et laudetis nomen (...),,,,,,SEMM,0
,,https://musicahispanica.eu/chant/72957,Benedicite dominum et illi confitemini coram ,h00213,,,,E-Mh (Madrid) Cod. 30,,193v,,,,"Agnetis, Emerentianae",,BNMT,MH,https://musicahispanica.eu/source/20176,,Benedicite dominum et illi confitemini coram omnibus viventibus quanta bona vobiscum fecerit ut glorificetis dominum et laudetis nomen eius,,,,,,SEMM,0
,,https://musicahispanica.eu/chant/86516,Benedicite domino et illi confitemini coram ,h00213,,,,E-SI (Santo Domingo de Silos) MS 3,,143r,,,,Commune Virginum,,BNMT,MH,https://musicahispanica.eu/source/20177,,Benedicite domino et illi confitemini coram omnibus viventibus quanta bona vobiscum fecerit ut glorificetis dominum et laudetis nomen ejus benedictus,,,,,,SEMM,0
,,https://musicahispanica.eu/chant/68798,Benedicite dominum et illi confitemini coram ,h00213,,,,E-SI (Santo Domingo de Silos) MS 6,,028r,,,,Commune unius Virginis,,BNMT,MH,https://musicahispanica.eu/source/20179,,Benedicite dominum et illi confitemini coram omnibus viventibus quanta bona vobiscum fecerit ut glorificetis dominum et laudetis nomen eius,,,,,,SEMM,0
,,https://musicahispanica.eu/chant/92389,Benedicite domino et illi confitemini coram ,h00213,*,,,E-Tc (Toledo) 35.6,,155v,,,,"Justae, Rufinae",,BNMT,MH,https://musicahispanica.eu/source/20187,,Benedicite domino et illi confitemini coram omnibus viventibus quanta bona vobiscum fecerit ut glorificetis dominum et laudetis nomen eius,,,,,,SEMM,0
,,https://musicahispanica.eu/chant/99161,Benedicite dominum et illi confitemini coram ,h00213,,,,GB-Lbl (London) Add MS 30845,,043v,,,,"Justae, Rufinae",,BNMT,MH,https://musicahispanica.eu/source/20196,,Benedicite dominum et illi confitemini coram omnibus viventibus quanta bona vobiscum fecerit ut glorificetis dominum et laudetis nomen ejus,,,,,,SEMM,0
,,https://musicahispanica.eu/chant/69212,Benedicite domino et illi confitemini quoram ,h00213,,,,GB-Lbl (London) Add MS 30851,,187v,,,,Commune Virginum,,BNMT,MH,https://musicahispanica.eu/source/20203,,Benedicite domino et illi confitemini quoram omnibus viventibus quanta bona vobis cum fecerit ut glorificetis dominum et laudetis nomen ejus,,,,,,SEMM,0
