id,corpus_id,chantlink,incipit,cantus_id,mode,finalis,differentia,siglum,position,folio,sequence,marginalia,cao_concordances,feast,feast_code,genre,office,srclink,melody_id,full_text,full_text_manuscript,volpiano,notes,dataset_name,dataset_idx,db,image_link
,,https://musicahispanica.eu/chant/74782,Benedictus es *,h03574a,*,,,GB-Lbl (London) Add MS 30844,,037v,,,,Exspectationis BMV,14121810,BNMTV,MH,https://musicahispanica.eu/source/20201,,Benedictus es *,,,,,,SEMM,0
,,https://musicahispanica.eu/chant/68574,Benedictus ...,h02200,,,,E-SI (Santo Domingo de Silos) MS 6,,009r,,,,De uno justi,,BNMTV,MH,https://musicahispanica.eu/source/20179,,Benedictus ...,,,,,,SEMM,0
,,https://musicahispanica.eu/chant/68609,Benedictus ...,h02200,,,,E-SI (Santo Domingo de Silos) MS 6,,126v,,,,Dom. 8 p. Pent.,09081000,BNMTV,MH,https://musicahispanica.eu/source/20179,,Benedictus ...,,,,,,SEMM,0
,,https://musicahispanica.eu/chant/68621,Benedictus ...,h02200,,,,E-SI (Santo Domingo de Silos) MS 6,,139v,,,,Dom. 9 p. Pent.,09091000,BNMTV,MH,https://musicahispanica.eu/source/20179,,Benedictus ...,,,,,,SEMM,0
,,https://musicahispanica.eu/chant/68648,Benedictus ...,h02200,,,,E-SI (Santo Domingo de Silos) MS 6,,118bis r,,,,Dom. 7 p. Pent.,09071000,BNMTV,MH,https://musicahispanica.eu/source/20179,,Benedictus ...,,,,,,SEMM,0
,,https://musicahispanica.eu/chant/68672,Benedictus ...,h02200,,,,E-SI (Santo Domingo de Silos) MS 6,,097r,,,,Dom. 5 p. Pent.,09051000,BNMTV,MH,https://musicahispanica.eu/source/20179,,Benedictus ...,,,,,,SEMM,0
,,https://musicahispanica.eu/chant/68687,Benedictus ...,h02200,,,,E-SI (Santo Domingo de Silos) MS 6,,063v,,,,Dom. 2 p. Pent.,09021000,BNMTV,MH,https://musicahispanica.eu/source/20179,,Benedictus ...,,,,,,SEMM,0
,,https://musicahispanica.eu/chant/68801,Benedictus ...,h02200,,,,E-SI (Santo Domingo de Silos) MS 6,,028r,,,,Commune unius Virginis,,BNMTV,MH,https://musicahispanica.eu/source/20179,,Benedictus ...,,,,,,SEMM,0
,,https://musicahispanica.eu/chant/68811,Benedictus es domine deus patrum nostrorum ,h02200,,,,E-SI (Santo Domingo de Silos) MS 6,,046v,,,,Dom. 1 p. Pent.,09011010,BNMTV,MH,https://musicahispanica.eu/source/20179,,Benedictus es domine deus patrum nostrorum et laudabilis et gloriosus in saecula | et benedictum nomen gloria tue quod est sanctum et laudabile et gloriosus in saecula | Benedictus es in templo sancto gloriae tuae qui vides abyssos sedes super cherubim supra sedem regni tui infirmamento caeli et laudabilis et gloriosus in saecula | Benedicite omnia opera domini caeli angeli ad que omnis qui estis supra caelos omnes virtutes sol et lune stellae caeli domino hymnorum dicite et super exultate eum in saecula | Benedicite imber et ros omnis spiritus ignis et extas noctes et dies tenebrae et lumen | hiemps et estas pruina nix fulgura et nubes dominum hymnum dicite et super exaltate eum in saecula | Benedicat terra domino montes et colles et omnia nascentia de terra maria flumina fontes cete et omnia que movebuntur in aquis volucres caeli bestie et jumenta domino hymnum dicite et super exaltate eum in saecula | Benedicite fili hominum domino Israhel sacerdotes servi domino spiritus et anime justorum sancti et humilies corde ananias azarias et misael domino hymnum dicite et super exaltate eum in saecula,,,,,,SEMM,0
,,https://musicahispanica.eu/chant/68928,Benedictus ...,h02200,,,,E-SI (Santo Domingo de Silos) MS 6,,075r,,,,Dom. 3 p. Pent.,09031000,BNMTV,,https://musicahispanica.eu/source/20179,,Benedictus ...,,,,,,SEMM,0
,,https://musicahispanica.eu/chant/68976,Benedictus ...,h02200,,,,E-SI (Santo Domingo de Silos) MS 6,,088r,,,,Dom. 4 p. Pent.,09041000,BNMTV,MH,https://musicahispanica.eu/source/20179,,Benedictus ...,,,,,,SEMM,0
,,https://musicahispanica.eu/chant/69572,Benedictus ...,h02200,,,,E-SI (Santo Domingo de Silos) MS 6,,106v,,,,Dom. 6 p. Pent.,09061000,BNMTV,,https://musicahispanica.eu/source/20179,,Benedictus ...,,,,,,SEMM,0
,,https://musicahispanica.eu/chant/80560,Benedictus es domine deus patrum nostrorum ,h02200,*,,,GB-Lbl (London) Add MS 30846,,057v,,,,"Dom. Resurrect.,8",08011008,BNMTV,MH,https://musicahispanica.eu/source/20202,,Benedictus es domine deus patrum nostrorum et laudabilis et gloriosus in saecula | Et benedictum nomen gloria tue quod est sanctum et laudabile et gloriosus in saecula | Benedictus es in templo sancto gloriae tuae qui vides abyssos sedes super cherubim supra sedem regni tui infirmamento caeli et laudabilis et gloriosus in saecula | Benedicite omnia opera domini caeli angeli ad que omnis qui estis supra caelos omnes virtutes sol et lune stellae caeli domino hymnorum dicite et super exultate eum in saecula | Benedicite imber et ros omnis spiritus ignis et extas noctes et dies tenebrae et lumen | hiemps et estas pruina nix fulgura et nubes dominum hymnum dicite et super exaltate eum in saecula | Benedicat terra domino montes et colles et omnia nascentia de terra maria flumina fontes cete et omnia que movebuntur in aquis volucres caeli bestie et jumenta domino hymnum dicite et super exaltate eum in saecula | Benedicite fili hominum domino Israhel sacerdotes servi domino spiritus et anime justorum sancti et humilies corde ananias azarias et misael domino hymnum dicite et super exaltate eum in saecula | Benedictum patrum et filium et spiritum sanctum hymnum dicamus et super exaltemus eum in saecula saeculorum amen  ,,,,,,SEMM,0
,,https://musicahispanica.eu/chant/87835,Benedictus es in templo sancto gloriae ,h00540b,,,,E-SCu (Santiago de Compostela) Ms 609,,220r,,,,,,BNMTV,Noc,https://musicahispanica.eu/source/20207,,Benedictus es in templo sancto gloriae tuae qui vides abyssos sedes super cherubim supra sedem regni tui,,,,,,SEMM,0
,,https://musicahispanica.eu/chant/87040,Benedictus es in templo *,h00540b,*,,,E-SI (Santo Domingo de Silos) MS 7,,071r,,,,,,BNMTV,Q&Q,https://musicahispanica.eu/source/20181,,Benedictus es in templo *,,,,,,SEMM,0
,,https://musicahispanica.eu/chant/87064,Benedictus es in templo *,h00540b,*,,,E-SI (Santo Domingo de Silos) MS 7,,082r,,,,,,BNMTV,S&O,https://musicahispanica.eu/source/20181,,Benedictus es in templo *,,,,,,SEMM,0
,,https://musicahispanica.eu/chant/87298,Benedictus es in templo sancto,h00540b,*,,,E-SI (Santo Domingo de Silos) MS 7,,138r,,,,Dom. Quadragesimae,07001000,BNMTV,Noc,https://musicahispanica.eu/source/20181,,Benedictus es in templo sancto,,,,,,SEMM,0
,,https://musicahispanica.eu/chant/92888,Benedictus es in*,h00540b,,,,E-Tc (Toledo) 33.3,,018r,,,,Dom. per annum,04001000,BNMTV,Q&Q,https://musicahispanica.eu/source/20197,,Benedictus es in*,,,,,,SEMM,0
,,https://musicahispanica.eu/chant/92921,Benedictus es in templo sancto*,h00540b,,,,E-Tc (Toledo) 33.3,,027r,,,,Dom. per annum,04001000,BNMTV,S&O,https://musicahispanica.eu/source/20197,,Benedictus es in templo sancto*,,,,,,SEMM,0
,,https://musicahispanica.eu/chant/89543,Benedictus es in templo sancto gloriae ,h00540b,,,,GB-Lbl (London) Add MS 30851,,173r,,,,In tempore Quad.,07000000,BNMTV,,https://musicahispanica.eu/source/20203,,Benedictus es in templo sancto gloriae tuae qui vides abyssos sedes super cherubim supra sedem regni tui in firmamento caeli et laudabilis et gloriosus in saecula amen,,,,,,SEMM,0
,,https://musicahispanica.eu/chant/108243,Benedictus es*,h00290a,,,,E-Tc (Toledo) 35.4,,076r,,,,Dom. Pentecostes,08081000,BNMTV,MH,https://musicahispanica.eu/source/20185,,Benedictus es*,,,,,,SEMM,0
,,https://musicahispanica.eu/chant/83995,Benedictus *,h00290a,*,,,GB-Lbl (London) Add MS 30846,,167r,,,,"Dom. Pentecostes,8",08081008,BNMTV,MH,https://musicahispanica.eu/source/20202,,Benedictus *,,,,,,SEMM,0
,,https://musicahispanica.eu/chant/74946,Benedictio *,h00202a,*,,,GB-Lbl (London) Add MS 30844,,075r,,,,Stephani,02122600,BNMTV,MH,https://musicahispanica.eu/source/20201,,Benedictio *,,,,,,SEMM,0
,,https://musicahispanica.eu/chant/108273,Benedictus es*,h00286a,,,,E-Tc (Toledo) 35.4,,105r,,,,Dom. 4 Quotidiano,,BNMTV,MH,https://musicahispanica.eu/source/20185,,Benedictus es*,,,,,,SEMM,0
,,https://musicahispanica.eu/chant/74899,Benedictus *,h00012a,*,,,GB-Lbl (London) Add MS 30844,,067v,,,,Nativitas Domini,02122500,BNMTV,MH,https://musicahispanica.eu/source/20201,,Benedictus *,,,,,,SEMM,0
,,https://musicahispanica.eu/chant/87041,Benedicamus patrem *,h00540c,*,,,E-SI (Santo Domingo de Silos) MS 7,,071v,,,,,,BNMTV,Q&Q,https://musicahispanica.eu/source/20181,,Benedicamus patrem *,,,,,,SEMM,0
,,https://musicahispanica.eu/chant/87299,Benedicamus patrem *,h00540c,*,,,E-SI (Santo Domingo de Silos) MS 7,,138r,,,,Dom. Quadragesimae,07001000,BNMTV,Noc,https://musicahispanica.eu/source/20181,,Benedicamus patrem *,,,,,,SEMM,0
,,https://musicahispanica.eu/chant/92889,Benedicamus*,h00540c,,,,E-Tc (Toledo) 33.3,,018r,,,,Dom. per annum,04001000,BNMTV,Q&Q,https://musicahispanica.eu/source/20197,,Benedicamus*,,,,,,SEMM,0
,,https://musicahispanica.eu/chant/92922,Benedicamus patrem*,h00540c,,,,E-Tc (Toledo) 33.3,,027r,,,,Dom. per annum,04001000,BNMTV,S&O,https://musicahispanica.eu/source/20197,,Benedicamus patrem*,,,,,,SEMM,0
,,https://musicahispanica.eu/chant/108260,Deus patrum*,h00285a,,,,E-Tc (Toledo) 35.4,,096r,,,,Dom. 2 Quotidiano,,BNMTV,MH,https://musicahispanica.eu/source/20185,,Deus patrum*,,,,,,SEMM,0
,,https://musicahispanica.eu/chant/103534,Deus patrum*,h00285a,,,,E-Tc (Toledo) 35.5,,184v,,,,Dom. Resurrectionis,08011000,BNMTV,MH,https://musicahispanica.eu/source/20186,,Deus patrum*,,,,,,SEMM,0
,,https://musicahispanica.eu/chant/68816,Benedicamus patrem et filium et spiritum ,h00319,,,,E-SI (Santo Domingo de Silos) MS 6,,047v,,,,Dom. 1 p. Pent.,09011010,BNMTV,MH,https://musicahispanica.eu/source/20179,,Benedicamus patrem et filium et spiritum sanctum hymnum dicamus et super exaltemus eum in saecula saeculorum amen,,,,,,SEMM,0
,,https://musicahispanica.eu/chant/69252,Benedictus es,h00284a,,,,GB-Lbl (London) Add MS 30851,,190r,,,,Pro infirmis,16013030,BNMTV,MH,https://musicahispanica.eu/source/20203,,Benedictus es,,,,,,SEMM,0
,,https://musicahispanica.eu/chant/82905,Deus patrum nostrorum *,h00288a,*,,,GB-Lbl (London) Add MS 30846,,097v,,,,Inventio Crucis,14050300,BNMTV,MH,https://musicahispanica.eu/source/20202,,Deus patrum nostrorum *,,,,,,SEMM,0
,,https://musicahispanica.eu/chant/83590,Deus patrum *,h00288a,*,,,GB-Lbl (London) Add MS 30846,,126r,,,,Dom. p. Ascensionem,,BNMTV,MH,https://musicahispanica.eu/source/20202,,Deus patrum *,,,,,,SEMM,0
,,https://musicahispanica.eu/chant/87834,Et benedictum nomen gloriae tuae quod ,h00540a,,,,E-SCu (Santiago de Compostela) Ms 609,,220r,,,,,,BNMTV,Noc,https://musicahispanica.eu/source/20207,,Et benedictum nomen gloriae tuae quod est sanctum et laudabile et gloriosum in saecula,,,,,,SEMM,0
,,https://musicahispanica.eu/chant/87063,Et benedictum *,h00540a,*,,,E-SI (Santo Domingo de Silos) MS 7,,082r,,,,,,BNMTV,S&O,https://musicahispanica.eu/source/20181,,Et benedictum *,,,,,,SEMM,0
,,https://musicahispanica.eu/chant/87297,Et benedictum nomen *,h00540a,*,,,E-SI (Santo Domingo de Silos) MS 7,,138r,,,,Dom. Quadragesimae,07001000,BNMTV,Noc,https://musicahispanica.eu/source/20181,,Et benedictum nomen *,,,,,,SEMM,0
,,https://musicahispanica.eu/chant/92887,Et benedictum nomen gloriae*,h00540a,,,,E-Tc (Toledo) 33.3,,018r,,,,Dom. per annum,04001000,BNMTV,Q&Q,https://musicahispanica.eu/source/20197,,Et benedictum nomen gloriae*,,,,,,SEMM,0
,,https://musicahispanica.eu/chant/92920,Et benedictum*,h00540a,,,,E-Tc (Toledo) 33.3,,027r,,,,Dom. per annum,04001000,BNMTV,S&O,https://musicahispanica.eu/source/20197,,Et benedictum*,,,,,,SEMM,0
,,https://musicahispanica.eu/chant/89542,Et benedictum nomen gloriae tuae quod ,h00540a,,,,GB-Lbl (London) Add MS 30851,,173r,,,,In tempore Quad.,07000000,BNMTV,,https://musicahispanica.eu/source/20203,,Et benedictum nomen gloriae tuae quod est sanctum et laudabile et gloriosum in saecula saeculorum amen,,,,,,SEMM,0
,,https://musicahispanica.eu/chant/86762,Benedic *,h03932a,*,,,E-SI (Santo Domingo de Silos) MS 3,,185v,,,,Assumptio Mariae (Hispanic rite),,BNMTV,MH,https://musicahispanica.eu/source/20177,,Benedic *,,,,,,SEMM,0
,,https://musicahispanica.eu/chant/100600,Benedic *,h03932a,*,,,GB-Lbl (London) Add MS 30845,,086v,,,,Assumptio Mariae (Hispanic rite),,BNMTV,MH,https://musicahispanica.eu/source/20196,,Benedic *,,,,,,SEMM,0
,,https://musicahispanica.eu/chant/79217,Benedictus,h03570a,,,,E-L (León) Ms 8,,098v,,,,Vincentii,14012200,BNMTV,MH,https://musicahispanica.eu/source/20175,,Benedictus,,,,,,SEMM,0
,,https://musicahispanica.eu/chant/84201,Benedictus *,h03570a,*,,,E-Zfm (Zaragoza) Ms-418,,003r,,,,Vincentii,14012200,BNMTV,MH,https://musicahispanica.eu/source/20192,,Benedictus *,,,,,,SEMM,0
,,https://musicahispanica.eu/chant/86362,Benedictus es *,h03970a,*,,,E-SI (Santo Domingo de Silos) MS 3,,137v,,,,Commune unius Virginis,,BNMTV,MH,https://musicahispanica.eu/source/20177,,Benedictus es *,,,,,,SEMM,0
,,https://musicahispanica.eu/chant/85719,Benedictus es *,h03970a,*,,,US-NYhsa (New York) B2916,,098v,,,,Exspectationis BMV,14121810,BNMTV,MH,https://musicahispanica.eu/source/84980,,Benedictus es *,,,,,,SEMM,0
,,https://musicahispanica.eu/chant/79063,Benedictus *,h03756a,*,,,E-Mh (Madrid) Cod. 30,,028v,,,,Dom. 1 Adventus,01011000,BNMTV,MH,https://musicahispanica.eu/source/20176,,Benedictus *,,,,,,SEMM,0
,,https://musicahispanica.eu/chant/75299,Benedictus es domine *,h00287b,*,,,GB-Lbl (London) Add MS 30844,,154v,,,,Ascensio Domini,08065000,BNMTV,MH,https://musicahispanica.eu/source/20201,,Benedictus es domine *,,,,,,SEMM,0
,,https://musicahispanica.eu/chant/83340,Benedictus es *,h00287b,*,,,GB-Lbl (London) Add MS 30846,,113r,,,,Ascensio Domini,08065000,BNMTV,MH,https://musicahispanica.eu/source/20202,,Benedictus es *,,,,,,SEMM,0
,,https://musicahispanica.eu/chant/89677,Benedictus es*,h00370a,,,,GB-Lbl (London) Add MS 30851,,198v,,,,Pro defunctis Sacerdotibus,13011000,BNMTV,MH,https://musicahispanica.eu/source/20203,,Benedictus es*,,,,,,SEMM,0
,,https://musicahispanica.eu/chant/75175,Benedictus es *,h00542a,*,,,GB-Lbl (London) Add MS 30844,,128r,,,,Epiphania,05010600,BNMTV,MH,https://musicahispanica.eu/source/20201,,Benedictus es *,,,,,,SEMM,0
,,https://musicahispanica.eu/chant/84956,Bene *,h00369a,*,,,E-SI (Santo Domingo de Silos) MS 5,,085r,,,,Michaelis,14092900,BNMTV,MH,https://musicahispanica.eu/source/20178,,Bene *,,,,,,SEMM,0
,,https://musicahispanica.eu/chant/108635,Benedictus*,h00369a,,,,E-Tc (Toledo) 35.4,,127r,,,,Dom. 9 Quotidiano,,BNMTV,MH,https://musicahispanica.eu/source/20185,,Benedictus*,,,,,,SEMM,0
,,https://musicahispanica.eu/chant/113351,Benedictus*,h00192a,,,,E-SI (Santo Domingo de Silos) fragmento musical 26,,001v,,,,Andreae,14113000,BNMTV,MH,https://musicahispanica.eu/source/113053,,Benedictus*,,,,,,SEMM,0
,,https://musicahispanica.eu/chant/98790,Benedictus *,h00192a,*,,,GB-Lbl (London) Add MS 30845,,019r,,,,Joannis Baptistae,14062400,BNMTV,MH,https://musicahispanica.eu/source/20196,,Benedictus *,,,,,,SEMM,0
,,https://musicahispanica.eu/chant/85647,Benedictus es *,h00192a,*,,,US-NYhsa (New York) B2916,,051r,,,,Martini,14111100,BNMTV,MH,https://musicahispanica.eu/source/84980,,Benedictus es *,,,,,,SEMM,0
,,https://musicahispanica.eu/chant/99162,Benedictus *,h00213a,*,,,GB-Lbl (London) Add MS 30845,,044r,,,,"Justae, Rufinae",,BNMTV,MH,https://musicahispanica.eu/source/20196,,Benedictus *,,,,,,SEMM,0
,,https://musicahispanica.eu/chant/68223,Benedictus es *,h03573a,,,,E-Mh (Madrid) Cod. 30,,006r,,,,Aciscli,,BNMTV,MH,https://musicahispanica.eu/source/20176,,Benedictus es *,,,,,,SEMM,0
,,https://musicahispanica.eu/chant/80172,Bene*,h03573a,*,,,GB-Lbl (London) Add MS 30846,,015v,,,,Engratiae,,BNMTV,MH,https://musicahispanica.eu/source/20202,,Bene*,,,,,,SEMM,0
,,https://musicahispanica.eu/chant/89583,Benedictus es *,h03573a,,,,GB-Lbl (London) Add MS 30851,,183r,,,,De Sanctis,12015000,BNMTV,MH,https://musicahispanica.eu/source/20203,,Benedictus es *,,,,,,SEMM,0
,,https://musicahispanica.eu/chant/108648,Benedictus es*,h00372a,,,,E-Tc (Toledo) 35.4,,131r,,,,Dom. 10 Quotidiano,,BNMTV,MH,https://musicahispanica.eu/source/20185,,Benedictus es*,,,,,,SEMM,0
,,https://musicahispanica.eu/chant/87839,In firmamento caeli et laudabilis et ,h00540d,,,,E-SCu (Santiago de Compostela) Ms 609,,220v,,,,,,BNMTV,Noc,https://musicahispanica.eu/source/20207,,In firmamento caeli et laudabilis et gloriosus in saecula amen,,,,,,SEMM,0
