id,corpus_id,chantlink,incipit,cantus_id,mode,finalis,differentia,siglum,position,folio,sequence,marginalia,cao_concordances,feast,feast_code,genre,office,srclink,melody_id,full_text,full_text_manuscript,volpiano,notes,dataset_name,dataset_idx,db,image_link
,,https://musicahispanica.eu/chant/90438,Benedictus es domine deus patrum nostrorum ,h00602.1,7,,,E-Bbc (Barcelona) M 648,,006r,,,,Sabbato Q.T. Adventus,01037009,BNS,MASS,https://musicahispanica.eu/source/20225,,Benedictus es domine deus patrum nostrorum et laudabilis et gloriosus in saecula,,,,,,SEMM,0
,,https://musicahispanica.eu/chant/90711,Benedictus es domine deus patrum nostrorum ,h00602.1,7,,,E-Bbc (Barcelona) M 648,,028r,,,,Sabb. Hebd. 1 Quad.,07017000,BNS,MASS,https://musicahispanica.eu/source/20225,,Benedictus es domine deus patrum nostrorum et laudabilis et gloriosus in saecula,,,,,,SEMM,0
,,https://musicahispanica.eu/chant/90729,Benedictus es domine,h00602.1,7,,,E-Bbc (Barcelona) M 648,,028v,,,,Sabb. Hebd. 1 Quad.,07017000,BNS,MASS,https://musicahispanica.eu/source/20225,,Benedictus es domine,,,,,,SEMM,0
,,https://musicahispanica.eu/chant/89424,Benedictus es domine deus patrum nostrorum ,h00602.1,,,,E-L (León) Ms 8,,298v,,,,Dom. Quotidiano,,BNS,MASS,https://musicahispanica.eu/source/20175,,Benedictus es domine deus patrum nostrorum et laudabilis et gloriosus in saecula saeculorum amen,,,,,,SEMM,0
,,https://musicahispanica.eu/chant/89429,Benedictus es domine deus patrum nostrorum ,h00602.1,,,,E-L (León) Ms 8,,298v,,,,Dom. Quotidiano,,BNS,MASS,https://musicahispanica.eu/source/20175,,Benedictus es domine deus patrum nostrorum et laudabilis et gloriosus in saecula saeculorum amen,,,,,,SEMM,0
,,https://musicahispanica.eu/chant/89434,Benedictus es domine deus patrum nostrorum ,h00602.1,,,,E-L (León) Ms 8,,298v,,,,Dom. Quotidiano,,BNS,MASS,https://musicahispanica.eu/source/20175,,Benedictus es domine deus patrum nostrorum et laudabilis et gloriosus in saecula saeculorum,,,,,,SEMM,0
,,https://musicahispanica.eu/chant/72321,Benedictus es domine deus patrum nostrorum ,h00602.1,,,,E-Mh (Madrid) Cod. 30,,097r,,,,Assumptio Mariae (Hispanic rite),,BNS,MASS,https://musicahispanica.eu/source/20176,,"Benedictus es domine deus patrum nostrorum et laudabilis et gloriosus in saecula saeculorum amen
",,,,,,SEMM,0
,,https://musicahispanica.eu/chant/52314,Benedictus es domine deus patrum nostrorum ,h00602.1,,,,E-Tc (Toledo) 35.7,,036r,,,,Assumptio Mariae (Hispanic rite),,BNS,MASS,https://musicahispanica.eu/source/20188,,"Benedictus es domine deus patrum nostrorum et laudabilis et gloriosus in saecula saeculorum amen 
",,,,,,SEMM,0
,,https://musicahispanica.eu/chant/74792,Benedictus es domine deus patrum nostrorum ,h00602.1,*,,,GB-Lbl (London) Add MS 30844,,040r,,,,Exspectationis BMV,14121810,BNS,MASS,https://musicahispanica.eu/source/20201,,Benedictus es domine deus patrum nostrorum et laudabilis et gloriosus in saecula saeculorum amen,,,,,,SEMM,0
,,https://musicahispanica.eu/chant/89394,Hymnus trium puerorum deo gratias,h00604,,,,E-L (León) Ms 8,,297v,,,,Dom. Quotidiano,,BNS,MASS,https://musicahispanica.eu/source/20175,,Hymnus trium puerorum deo gratias,,,,,,SEMM,0
,,https://musicahispanica.eu/chant/71680,Hymnus trium puerorum deo gratias,h00604,,,,E-Tc (Toledo) 35.4,1,169v,,,,,,BNS,,https://musicahispanica.eu/source/20185,,Hymnus trium puerorum deo gratias,,,,,,SEMM,0
,,https://musicahispanica.eu/chant/45386,Hymnus trium puerorum*,h00604,,,,E-Tc (Toledo) 35.5,1,186v,,,,Dom. Resurrectionis,08011000,BNS,MASS,https://musicahispanica.eu/source/20186,,Hymnus trium puerorum*,,,,,,SEMM,0
,,https://musicahispanica.eu/chant/53186,Hymnus trium puerorum deo gratias ,h00604,,,,E-Tc (Toledo) 35.7,,045r,,,,Assumptio Mariae (Hispanic rite),,BNS,MASS,https://musicahispanica.eu/source/20188,,Hymnus trium puerorum deo gratias ,,,,,,SEMM,0
,,https://musicahispanica.eu/chant/63931,Tunc illi tres quasi ex uno ,h04371,,,,E-L (León) Ms 8,,096r,,,,"Fructuosi, Augurii et Eulogii",,BNS,MASS,https://musicahispanica.eu/source/20175,,Tunc illi tres quasi ex uno ore benedicebant dominum de medio ardentis flammae dicebant,,,,,,SEMM,0
,,https://musicahispanica.eu/chant/63124,Benedictus es domine deus patrum nostrorum ,h00602,,,,E-L (León) Ms 8,,049r,,,,Leocadiae,14120920,BNS,MASS,https://musicahispanica.eu/source/20175,,Benedictus es domine deus patrum nostrorum et laudabiles et super exsaltatum in saecula amen | Et benedictum nomen gloriae tuae quod est sanctum et laudabile et super exsaltatum | Benedicite omnia opera domini domino hymnum dicite et super exsaltate eum in saecula amen | Benedicite sacerdotes servi domini | Benedicite sanctu et humiles corde | Benedicite Ananias Azarias et Misael domino,,,,,,SEMM,0
,,https://musicahispanica.eu/chant/63319,Benedictus domine deus patrum nostrorum et ,h00602,,,,E-L (León) Ms 8,,060v,,,,Exspectationis BMV,14121810,BNS,MASS,https://musicahispanica.eu/source/20175,,Benedictus domine deus patrum nostrorum et laudabilis et gloriosus in saecula saeculorum amen et benedictum nomen gloriae tuae quod est sanctu et laudabile et gloriosum in saecula saeculorum amen,,,,,,SEMM,0
,,https://musicahispanica.eu/chant/63678,Benedictus es domine deus puerum nostrorum ,h00602,,,,E-L (León) Ms 8,,081r,,,,Circumcisio Domini,02010110,BNS,MASS,https://musicahispanica.eu/source/20175,,Benedictus es domine deus puerum nostrorum et laudabilis et super exsaltatus in saecula saeculorum amen,,,,,,SEMM,0
,,https://musicahispanica.eu/chant/63794,Benedictus es domine deus patrum nostrorum ,h00602,,,,E-L (León) Ms 8,,088r,,,,Epiphania,05010600,BNS,MASS,https://musicahispanica.eu/source/20175,,Benedictus es domine deus patrum nostrorum et laudabilis et super exaltatus in saecula amen,,,,,,SEMM,0
,,https://musicahispanica.eu/chant/64139,Benedictus es domine deus patrum nostrorum ,h00602,,,,E-L (León) Ms 8,,107v,,,,Carnes Tollendas,,BNS,MASS,https://musicahispanica.eu/source/20175,,Benedictus es domine deus patrum nostrorum et laudabilis et superexaltatus in saecula saeculorum amen,,,,,,SEMM,0
,,https://musicahispanica.eu/chant/65479,Benedictus es domine deus patrum nostrorum ,h00602,,,,E-L (León) Ms 8,,175r,,,,Sabbato Sancto,07067000,BNS,N,https://musicahispanica.eu/source/20175,,Benedictus es domine deus patrum nostrorum et laudabilis et superexaltatus in saecula amen ,,,,,,SEMM,0
,,https://musicahispanica.eu/chant/66175,[...],h00602,,,,E-L (León) Ms 8,,210r,,,,Dom. Pentecostes,08081000,BNS,MASS,https://musicahispanica.eu/source/20175,,[...],,,,,,SEMM,0
,,https://musicahispanica.eu/chant/78965,Benedictus es domine deus patrum nostrorum ,h00602,,,,E-L (León) Ms 8,,072r,,,,Nativitas Domini,02122500,BNS,MASS,https://musicahispanica.eu/source/20175,,Benedictus es domine deus patrum nostrorum et laudabilis et superexaltatus in saecula amen,,,,,,SEMM,0
,,https://musicahispanica.eu/chant/89399,Benedictus es domine deus patrum nostrorum ,h00602,,,,E-L (León) Ms 8,,298r,,,,Dom. Quotidiano,,BNS,MASS,https://musicahispanica.eu/source/20175,,Benedictus es domine deus patrum nostrorum et laudabilis et superexaltatus in saecula Amen,,,,,,SEMM,0
,,https://musicahispanica.eu/chant/89410,Benedictus es domine deus patrum nostrorum ,h00602,,,,E-L (León) Ms 8,,298r,,,,Dom. Quotidiano,,BNS,MASS,https://musicahispanica.eu/source/20175,,Benedictus es domine deus patrum nostrorum et laudabilis et superexaltatus in saecula Amen,,,,,,SEMM,0
,,https://musicahispanica.eu/chant/89415,Benedictus es domine deus patrum nostrorum ,h00602,,,,E-L (León) Ms 8,,298r,,,,Dom. Quotidiano,,BNS,MASS,https://musicahispanica.eu/source/20175,,Benedictus es domine deus patrum nostrorum et laudabilis et superexaltatus in saecula Amen,,,,,,SEMM,0
,,https://musicahispanica.eu/chant/89419,Benedictus es domine deus patrum nostrorum ,h00602,,,,E-L (León) Ms 8,,298v,,,,Dom. Quotidiano,,BNS,MASS,https://musicahispanica.eu/source/20175,,Benedictus es domine deus patrum nostrorum et laudabilis et superexaltatus in saecula Amen,,,,,,SEMM,0
,,https://musicahispanica.eu/chant/89439,Benedictus es domine deus patrum nostrorum ,h00602,,,,E-L (León) Ms 8,,299r,,,,Dom. Quotidiano,,BNS,MASS,https://musicahispanica.eu/source/20175,,Benedictus es domine deus patrum nostrorum et laudabilis et exaltatus in saecula saeculorum amen,,,,,,SEMM,0
,,https://musicahispanica.eu/chant/89444,Benedictus es domine deus patrum nostrorum ,h00602,,,,E-L (León) Ms 8,,299r,,,,Dom. Quotidiano,,BNS,MASS,https://musicahispanica.eu/source/20175,,Benedictus es domine deus patrum nostrorum et laudabilis et superexaltatus in saecula Amen,,,,,,SEMM,0
,,https://musicahispanica.eu/chant/89448,Benedictus es domine deus patrum nostrorum ,h00602,,,,E-L (León) Ms 8,,299r,,,,Dom. Quotidiano,,BNS,MASS,https://musicahispanica.eu/source/20175,,Benedictus es domine deus patrum nostrorum et laudabilis et superexaltatus in saecula amen,,,,,,SEMM,0
,,https://musicahispanica.eu/chant/89453,Benedictus es domine deus patrum nostrorum ,h00602,,,,E-L (León) Ms 8,,299r,,,,Dom. Quotidiano,,BNS,MASS,https://musicahispanica.eu/source/20175,,Benedictus es domine deus patrum nostrorum et laudabilis et superexaltatus in saecula Amen,,,,,,SEMM,0
,,https://musicahispanica.eu/chant/89458,Benedictus es domine deus patrum nostrorum ,h00602,,,,E-L (León) Ms 8,,299v,,,,Dom. Quotidiano,,BNS,MASS,https://musicahispanica.eu/source/20175,,Benedictus es domine deus patrum nostrorum et laudabilis et superexaltatus in saecula Amen,,,,,,SEMM,0
,,https://musicahispanica.eu/chant/89463,Benedictus es domine deus patrum nostrorum ,h00602,,,,E-L (León) Ms 8,,299v,,,,Dom. Quotidiano,,BNS,MASS,https://musicahispanica.eu/source/20175,,Benedictus es domine deus patrum nostrorum et laudabilis et superexaltatus in saecula Amen,,,,,,SEMM,0
,,https://musicahispanica.eu/chant/89468,Benedictus es domine deus patrum nostrorum ,h00602,,,,E-L (León) Ms 8,,299v,,,,Dom. Quotidiano,,BNS,MASS,https://musicahispanica.eu/source/20175,,Benedictus es domine deus patrum nostrorum et laudabilis et superexaltatus in saecula saeculorum amen,,,,,,SEMM,0
,,https://musicahispanica.eu/chant/89473,Benedictus es domine deus patrum nostrorum ,h00602,,,,E-L (León) Ms 8,,299v,,,,Dom. Quotidiano,,BNS,MASS,https://musicahispanica.eu/source/20175,,Benedictus es domine deus patrum nostrorum et laudabilis et superexaltatus in saecula saeculorum amen,,,,,,SEMM,0
,,https://musicahispanica.eu/chant/72142,Benedictus es domine deus patrum nostrorum ,h00602,,,,E-Mh (Madrid) Cod. 30,,064v,,,,Leocadiae,14120920,BNS,MASS,https://musicahispanica.eu/source/20176,,Benedictus es domine deus patrum nostrorum et laudabiles et super exsaltatum in saecula amen ,,,,,,SEMM,0
,,https://musicahispanica.eu/chant/72501,Benedictus es domine deus puerum nostrorum ,h00602,,,,E-Mh (Madrid) Cod. 30,,126r,,,,Nativitas Domini,02122500,BNS,MASS,https://musicahispanica.eu/source/20176,,Benedictus es domine deus puerum nostrorum et laudabilis et super exsaltatus in saecula amen ,,,,,,SEMM,0
,,https://musicahispanica.eu/chant/72646,Benedictus es domine deus patrum nostrorum ,h00602,,,,E-Mh (Madrid) Cod. 30,,154v,,,,Circumcisio Domini,02010110,BNS,MASS,https://musicahispanica.eu/source/20176,,Benedictus es domine deus patrum nostrorum et laudabilis et superexsaltatus in saecula saeculorum amen ,,,,,,SEMM,0
,,https://musicahispanica.eu/chant/72728,Benedictus es domine deus patrum nostrorum ,h00602,,,,E-Mh (Madrid) Cod. 30,,171r,,,,Epiphania,05010600,BNS,MASS,https://musicahispanica.eu/source/20176,,Benedictus es domine deus patrum nostrorum et laudabilis et superexaltatus in saecula amen ,,,,,,SEMM,0
,,https://musicahispanica.eu/chant/72802,Benedictus es domine deus patrum nostrorum ,h00602,,,,E-Mh (Madrid) Cod. 30,,184r,,,,Allisionis Infantum,,BNS,MASS,https://musicahispanica.eu/source/20176,,"Benedictus es domine deus patrum nostrorum et laudabilis et superexaltatus in saecula amen
",,,,,,SEMM,0
,,https://musicahispanica.eu/chant/61826,Benedictus es domine deus patrum nostrorum ,h00602,,,,E-Tc (Toledo) 35.4,,021r,,,,Octava Paschae,08021000,BNS,MASS,https://musicahispanica.eu/source/20185,,"Benedictus es domine deus patrum nostrorum et laudabilis et superexaltatus in saecula amen
",,,,,,SEMM,0
,,https://musicahispanica.eu/chant/71681,Benedictus es domine deus patrum nostrorum ,h00602,,,,E-Tc (Toledo) 35.4,2,169v,,,,,,BNS,,https://musicahispanica.eu/source/20185,,Benedictus es domine deus patrum nostrorum et laudabilis et superexaltatus in saecula Amen,,,,,,SEMM,0
,,https://musicahispanica.eu/chant/85631,Benedictus es domine,h00602,,,,E-Tc (Toledo) 35.5,2,186v,,,,Dom. Resurrectionis,08011000,BNS,MASS,https://musicahispanica.eu/source/20186,,Benedictus es domine,,,,,,SEMM,0
,,https://musicahispanica.eu/chant/91797,Benedictus es domine deus patrum nostrorum ,h00602,*,,,E-Tc (Toledo) 35.6,,079r,,,,De Sancta Cruce,15011000,BNS,MASS,https://musicahispanica.eu/source/20187,,Benedictus es domine deus patrum nostrorum et laudabilis et superexaltatus in saecula Amen,,,,,,SEMM,0
,,https://musicahispanica.eu/chant/55629,Benedictus es domine deus patrum nostrorum ,h00602,,,,E-Tc (Toledo) 35.7,,068v,,,,Nativitas Domini,02122500,BNS,MASS,https://musicahispanica.eu/source/20188,,Benedictus es domine deus patrum nostrorum et laudabilis et superexaltatus in saecula amen,,,,,,SEMM,0
,,https://musicahispanica.eu/chant/56017,Benedictus es domine deus patrum nostrorum ,h00602,,,,E-Tc (Toledo) 35.7,,101r,,,,Circumcisio Domini,02010110,BNS,MASS,https://musicahispanica.eu/source/20188,,"Benedictus es domine deus patrum nostrorum et laudabilis et superexaltatus in saecula saeculorum amen
",,,,,,SEMM,0
,,https://musicahispanica.eu/chant/84209,Benedictus es domine deus patrum nostrorum ,h00602,,,,E-Zfm (Zaragoza) Ms-418,,003v,,,,Vincentii,14012200,BNS,MASS,https://musicahispanica.eu/source/20192,,Benedictus es domine deus patrum nostrorum et laudabilis et superexaltatus in saecula amen,,,,,,SEMM,0
,,https://musicahispanica.eu/chant/74913,Benedictus es domine deus patrum nostrorum ,h00602,*,,,GB-Lbl (London) Add MS 30844,,069v,,,,Nativitas Domini,02122500,BNS,MASS,https://musicahispanica.eu/source/20201,,Benedictus es domine deus patrum nostrorum et laudabilis et superexaltatus in saecula amen,,,,,,SEMM,0
,,https://musicahispanica.eu/chant/75147,Benedictus es domine deus patrum nostrorum ,h00602,*,,,GB-Lbl (London) Add MS 30844,,117r,,,,Circumcisio Domini,02010110,BNS,MASS,https://musicahispanica.eu/source/20201,,Benedictus es domine deus patrum nostrorum et laudabilis et superexaltatus in saecula saeculorum amen,,,,,,SEMM,0
,,https://musicahispanica.eu/chant/75189,Benedictus es domine deus patrum nostrorum ,h00602,*,,,GB-Lbl (London) Add MS 30844,,130r,,,,Epiphania,05010600,BNS,MASS,https://musicahispanica.eu/source/20201,,Benedictus es domine deus patrum nostrorum et laudabilis et superexaltatus in saecula amen,,,,,,SEMM,0
,,https://musicahispanica.eu/chant/65523,Benedictus es domine deus patrum nostrorum ,h00602.2,,,,E-L (León) Ms 8,,176v,,,,Dom. Resurrectionis,08011000,BNS,MASS,https://musicahispanica.eu/source/20175,,Benedictus es domine deus patrum nostrorum et laudabilis et super exaltatus in saecula alleluia alleluia alleluia ,,,,,,SEMM,0
,,https://musicahispanica.eu/chant/80398,Benedictus es domine deus patrum nostrorum ,h00602.2,*,,,GB-Lbl (London) Add MS 30846,,047r,,,,Octava Paschae,08021000,BNS,MASS,https://musicahispanica.eu/source/20202,,Benedictus es domine deus patrum nostrorum et laudabilis et superexaltatus in saecula alleluia alleluia alleluia,,,,,,SEMM,0
,,https://musicahispanica.eu/chant/63868,Benedictus es domine deus patrum nostrorum,h04367,,,,E-L (León) Ms 8,,092r,,,,Allisionis Infantum,,BNS,MASS,https://musicahispanica.eu/source/20175,,Benedictus es domine deus patrum nostrorum,,,,,,SEMM,0
,,https://musicahispanica.eu/chant/65960,Daniel propheta tunc illi tres quasi ,h00603,,,,E-L (León) Ms 8,,200r,,,,Ascensio Domini,08065000,BNS,MASS,https://musicahispanica.eu/source/20175,,Daniel propheta tunc illi tres quasi ex uno ore hymnum canebant et benedicebant et magnificabant dominum de fornace dicentis,,,,,,SEMM,0
,,https://musicahispanica.eu/chant/61997,Daniel propheta tunc illi tres quasi ,h00603,,,,E-Tc (Toledo) 35.4,,062r,,,,Ascensio Domini,08065000,BNS,MASS,https://musicahispanica.eu/source/20185,,Daniel propheta tunc illi tres quasi ex uno ore hymnum canebant et benedicebant et magnificabant Dominum de fornace dicentes Benedictus es,,,,,,SEMM,0
,,https://musicahispanica.eu/chant/75307,Daniel prophaeta tunc illi tres quasi ,h00603,*,,,GB-Lbl (London) Add MS 30844,,156v,,,,Ascensio Domini,08065000,BNS,MASS,https://musicahispanica.eu/source/20201,,Daniel prophaeta tunc illi tres quasi ex uno ore hymnum canebant et benedicebant et magnificabant dominum de fornace dicentes,,,,,,SEMM,0
