id,corpus_id,chantlink,incipit,cantus_id,mode,finalis,differentia,siglum,position,folio,sequence,marginalia,cao_concordances,feast,feast_code,genre,office,srclink,melody_id,full_text,full_text_manuscript,volpiano,notes,dataset_name,dataset_idx,db,image_link
,,https://musicahispanica.eu/chant/103516,Benedicite Ananias Azarias et Misael domino,h04557g,,,,E-Tc (Toledo) 35.5,4,177v,,,,Sabbato Sancto,07067000,BNSV,V,https://musicahispanica.eu/source/20186,,Benedicite Ananias Azarias et Misael domino,,,,,,SEMM,0
,,https://musicahispanica.eu/chant/79759,Et benedictum nomen gloriae tuae quod ,h00602n,,,,E-Mh (Madrid) Cod. 30,,097r,,,,Assumptio Mariae (Hispanic rite),,BNSV,MASS,https://musicahispanica.eu/source/20176,,Et benedictum nomen gloriae tuae quod est sanctum et laudabile et gloriosum in saecula saeculorum amen,,,,,,SEMM,0
,,https://musicahispanica.eu/chant/80105,Et benedictum nomen gloriae tuae quod ,h00602n,,,,E-Tc (Toledo) 35.7,1,036r,,,,Assumptio Mariae (Hispanic rite),,BNSV,MASS,https://musicahispanica.eu/source/20188,,Et benedictum nomen gloriae tuae quod est sanctum et laudabile et gloriosum in saecula saeculorum amen,,,,,,SEMM,0
,,https://musicahispanica.eu/chant/79738,Et benedictum nomen gloriae tuae quod ,h00602n,*,,,GB-Lbl (London) Add MS 30844,,040r,,,,Exspectationis BMV,14121810,BNSV,MASS,https://musicahispanica.eu/source/20201,,Et benedictum nomen gloriae tuae quod est sanctum et laudabile et gloriosum in saecula saeculorum amen,,,,,,SEMM,0
,,https://musicahispanica.eu/chant/79391,Et benedictum nomen gloriae tuae deus ,h00602j,,,,E-Mh (Madrid) Cod. 30,,154v,,,,Circumcisio Domini,02010110,BNSV,MASS,https://musicahispanica.eu/source/20176,,Et benedictum nomen gloriae tuae deus quod est sanctum et laudabile et super exsaltatum in saecula saeculorum amen,,,,,,SEMM,0
,,https://musicahispanica.eu/chant/91798,Et benedictum nomen gloriae tuae deus ,h00602j,*,,,E-Tc (Toledo) 35.6,,079r,,,,De Sancta Cruce,15011000,BNSV,MASS,https://musicahispanica.eu/source/20187,,Et benedictum nomen gloriae tuae deus quod est sanctum et laudabile et super exsaltatum in saecula saeculorum amen,,,,,,SEMM,0
,,https://musicahispanica.eu/chant/103050,Et benedictum nomen gloriae tuae quod ,h00602j,,,,E-Tc (Toledo) 35.7,1,101r,,,,Circumcisio Domini,02010110,BNSV,MASS,https://musicahispanica.eu/source/20188,,Et benedictum nomen gloriae tuae quod est sanctum et laudabile et super exsaltatum in saecula saeculorum amen,,,,,,SEMM,0
,,https://musicahispanica.eu/chant/75371,Et benedictum nomen gloriae tuae deus ,h00602j,*,,,GB-Lbl (London) Add MS 30844,,117r,,,,Circumcisio Domini,02010110,BNSV,MASS,https://musicahispanica.eu/source/20201,,Et benedictum nomen gloriae tuae deus quod est sanctum et laudabile et superexaltatum in saecula saeculorum amen,,,,,,SEMM,0
,,https://musicahispanica.eu/chant/88522,Et benedictum nomen majestatis tuae illum ,h00603b,,,,E-L (León) Ms 8,,200v,,,,Ascensio Domini,08065000,BNSV,MASS,https://musicahispanica.eu/source/20175,,Et benedictum nomen majestatis tuae illum sanctum et super exaltatum in saecula amen,,,,,,SEMM,0
,,https://musicahispanica.eu/chant/75309,Et benedictum nomen majestatis tuae illum ,h00603b,*,,,GB-Lbl (London) Add MS 30844,,156v,,,,Ascensio Domini,08065000,BNSV,MASS,https://musicahispanica.eu/source/20201,,Et benedictum nomen majestatis tuae illum sanctum et super exaltatum in saecula amen,,,,,,SEMM,0
,,https://musicahispanica.eu/chant/79197,Benedictus deus quia liberavit nos ab ,h04371g,,,,E-L (León) Ms 8,,096r,,,,"Fructuosi, Augurii et Eulogii",,BNSV,MASS,https://musicahispanica.eu/source/20175,,Benedictus deus quia liberavit nos ab inferis et de manu mortis salvabit nos et eripuit nos de medio ardentis flammae et emmedio ignis eduxit nos,,,,,,SEMM,0
,,https://musicahispanica.eu/chant/79145,Benedicite sacerdotes servi domini domino,h04367c,,,,E-L (León) Ms 8,,092r,,,,Allisionis Infantum,,BNSV,MASS,https://musicahispanica.eu/source/20175,,Benedicite sacerdotes servi domini domino,,,,,,SEMM,0
,,https://musicahispanica.eu/chant/89398,Tunc illi tres quasi ex uno ,h00604d,,,,E-L (León) Ms 8,,298r,,,,Dom. Quotidiano,,BNSV,MASS,https://musicahispanica.eu/source/20175,,Tunc illi tres quasi ex uno ore laudabant et magnificabant et benedicebant dominum de fornace dicentes,,,,,,SEMM,0
,,https://musicahispanica.eu/chant/75443,Tunc illi tres quasi ex uno ,h00604d,,,,E-Tc (Toledo) 35.4,4,169v,,,,,,BNSV,,https://musicahispanica.eu/source/20185,,Tunc illi tres quasi ex uno ore laudabant et magnificabant et benedicebant dominum de fornace dicentes,,,,,,SEMM,0
,,https://musicahispanica.eu/chant/75450,Tunc illi tres quasi ex uno ,h00604d,,,,E-Tc (Toledo) 35.7,4,045r,,,,Assumptio Mariae (Hispanic rite),,BNSV,MASS,https://musicahispanica.eu/source/20188,,Tunc illi tres quasi ex uno ore laudabant et magnificabant et benedicebant domino de fornace dicentes,,,,,,SEMM,0
,,https://musicahispanica.eu/chant/65482,Benedicite Ananias Azarias et Misael domino,h00602f,,,,E-L (León) Ms 8,,175r,,,,Sabbato Sancto,07067000,BNSV,N,https://musicahispanica.eu/source/20175,,Benedicite Ananias Azarias et Misael domino,,,,,,SEMM,0
,,https://musicahispanica.eu/chant/65527,Benedicite Ananias Azarias et Misael,h00602f,,,,E-L (León) Ms 8,,176v,,,,Dom. Resurrectionis,08011000,BNSV,MASS,https://musicahispanica.eu/source/20175,,Benedicite Ananias Azarias et Misael,,,,,,SEMM,0
,,https://musicahispanica.eu/chant/78752,Benedicite Ananias Azarias et Misael domino,h00602f,,,,E-L (León) Ms 8,,049r,,,,Leocadiae,14120920,BNSV,MASS,https://musicahispanica.eu/source/20175,,Benedicite Ananias Azarias et Misael domino,,,,,,SEMM,0
,,https://musicahispanica.eu/chant/78880,Benedicite Ananias Azarias et Misael domino,h00602f,,,,E-L (León) Ms 8,,061r,,,,Exspectationis BMV,14121810,BNSV,MASS,https://musicahispanica.eu/source/20175,,Benedicite Ananias Azarias et Misael domino,,,,,,SEMM,0
,,https://musicahispanica.eu/chant/78960,Benedicite Ananias Azarias et Misael domino,h00602f,,,,E-L (León) Ms 8,,072r,,,,Nativitas Domini,02122500,BNSV,MASS,https://musicahispanica.eu/source/20175,,Benedicite Ananias Azarias et Misael domino,,,,,,SEMM,0
,,https://musicahispanica.eu/chant/79044,Benedicite Ananias Azarias et Misael domino,h00602f,,,,E-L (León) Ms 8,,081v,,,,Circumcisio Domini,02010110,BNSV,MASS,https://musicahispanica.eu/source/20175,,Benedicite Ananias Azarias et Misael domino,,,,,,SEMM,0
,,https://musicahispanica.eu/chant/79104,Benedicite Ananias Azarias et Misael domino,h00602f,,,,E-L (León) Ms 8,,088r,,,,Epiphania,05010600,BNSV,MASS,https://musicahispanica.eu/source/20175,,Benedicite Ananias Azarias et Misael domino,,,,,,SEMM,0
,,https://musicahispanica.eu/chant/79276,Benedicite Ananias Azarias et Misael domino,h00602f,,,,E-L (León) Ms 8,,108r,,,,Carnes Tollendas,,BNSV,MASS,https://musicahispanica.eu/source/20175,,Benedicite Ananias Azarias et Misael domino,,,,,,SEMM,0
,,https://musicahispanica.eu/chant/89405,Benedicite Ananias Azarias et Misael ,h00602f,,,,E-L (León) Ms 8,,298r,,,,Dom. Quotidiano,,BNSV,MASS,https://musicahispanica.eu/source/20175,,Benedicite Ananias Azarias et Misael ,,,,,,SEMM,0
,,https://musicahispanica.eu/chant/89414,Benedicite Ananias Azarias et Misael domino,h00602f,,,,E-L (León) Ms 8,,298r,,,,Dom. Quotidiano,,BNSV,MASS,https://musicahispanica.eu/source/20175,,Benedicite Ananias Azarias et Misael domino,,,,,,SEMM,0
,,https://musicahispanica.eu/chant/89423,Benedicite Ananias Azarias et Misael domino,h00602f,,,,E-L (León) Ms 8,,298v,,,,Dom. Quotidiano,,BNSV,MASS,https://musicahispanica.eu/source/20175,,Benedicite Ananias Azarias et Misael domino,,,,,,SEMM,0
,,https://musicahispanica.eu/chant/89428,Benedicite Ananias Azarias et Misael domino,h00602f,,,,E-L (León) Ms 8,,298v,,,,Dom. Quotidiano,,BNSV,MASS,https://musicahispanica.eu/source/20175,,Benedicite Ananias Azarias et Misael domino,,,,,,SEMM,0
,,https://musicahispanica.eu/chant/89433,Benedicite Ananias Azarias et Misael domino,h00602f,,,,E-L (León) Ms 8,,298v,,,,Dom. Quotidiano,,BNSV,MASS,https://musicahispanica.eu/source/20175,,Benedicite Ananias Azarias et Misael domino,,,,,,SEMM,0
,,https://musicahispanica.eu/chant/89438,Benedicite Ananias Azarias et Misael domino,h00602f,,,,E-L (León) Ms 8,,299r,,,,Dom. Quotidiano,,BNSV,MASS,https://musicahispanica.eu/source/20175,,Benedicite Ananias Azarias et Misael domino,,,,,,SEMM,0
,,https://musicahispanica.eu/chant/89443,Benedicite Ananias Azarias et Misael domino,h00602f,,,,E-L (León) Ms 8,,299r,,,,Dom. Quotidiano,,BNSV,MASS,https://musicahispanica.eu/source/20175,,Benedicite Ananias Azarias et Misael domino,,,,,,SEMM,0
,,https://musicahispanica.eu/chant/89452,Benedicite Ananias Azarias et Misael domino,h00602f,,,,E-L (León) Ms 8,,299r,,,,Dom. Quotidiano,,BNSV,MASS,https://musicahispanica.eu/source/20175,,Benedicite Ananias Azarias et Misael domino,,,,,,SEMM,0
,,https://musicahispanica.eu/chant/89457,Benedicite Ananias Azarias et Misael domino,h00602f,,,,E-L (León) Ms 8,,299r,,,,Dom. Quotidiano,,BNSV,MASS,https://musicahispanica.eu/source/20175,,Benedicite Ananias Azarias et Misael domino,,,,,,SEMM,0
,,https://musicahispanica.eu/chant/89462,Benedicite Ananias Azarias et Misael domino,h00602f,,,,E-L (León) Ms 8,,299v,,,,Dom. Quotidiano,,BNSV,MASS,https://musicahispanica.eu/source/20175,,Benedicite Ananias Azarias et Misael domino,,,,,,SEMM,0
,,https://musicahispanica.eu/chant/89467,Benedicite Ananias Azarias et Misael domino,h00602f,,,,E-L (León) Ms 8,,299v,,,,Dom. Quotidiano,,BNSV,MASS,https://musicahispanica.eu/source/20175,,Benedicite Ananias Azarias et Misael domino,,,,,,SEMM,0
,,https://musicahispanica.eu/chant/89472,Benedicite Ananias Azarias et Misael domino,h00602f,,,,E-L (León) Ms 8,,299v,,,,Dom. Quotidiano,,BNSV,MASS,https://musicahispanica.eu/source/20175,,Benedicite Ananias Azarias et Misael domino,,,,,,SEMM,0
,,https://musicahispanica.eu/chant/89477,Benedicite Ananias Azarias et Misael domino,h00602f,,,,E-L (León) Ms 8,,299v,,,,Dom. Quotidiano,,BNSV,MASS,https://musicahispanica.eu/source/20175,,Benedicite Ananias Azarias et Misael domino,,,,,,SEMM,0
,,https://musicahispanica.eu/chant/72155,Benedicite Ananias Azarias et Misael domino ,h00602f,*,,,E-Mh (Madrid) Cod. 30,,065r,,,,Leocadiae,14120920,BNSV,MASS,https://musicahispanica.eu/source/20176,,Benedicite Ananias Azarias et Misael domino hymnum,,,,,,SEMM,0
,,https://musicahispanica.eu/chant/79317,Benedicite Ananias Zacharias et Misael domino ,h00602f,,,,E-Mh (Madrid) Cod. 30,,126v,,,,Nativitas Domini,02122500,BNSV,MASS,https://musicahispanica.eu/source/20176,,Benedicite Ananias Zacharias et Misael domino hymnum,,,,,,SEMM,0
,,https://musicahispanica.eu/chant/79400,Benedicite Ananias Azarias et Misael domino ,h00602f,,,,E-Mh (Madrid) Cod. 30,,155r,,,,Circumcisio Domini,02010110,BNSV,MASS,https://musicahispanica.eu/source/20176,,Benedicite Ananias Azarias et Misael domino hymnum,,,,,,SEMM,0
,,https://musicahispanica.eu/chant/79520,Benedicite Ananias Azarias et Misael domino ,h00602f,,,,E-Mh (Madrid) Cod. 30,,171v,,,,Epiphania,05010600,BNSV,MASS,https://musicahispanica.eu/source/20176,,Benedicite Ananias Azarias et Misael domino hymnum,,,,,,SEMM,0
,,https://musicahispanica.eu/chant/79598,Benedicite Ananias Azarias et Misael domino ,h00602f,,,,E-Mh (Madrid) Cod. 30,,184r,,,,Allisionis Infantum,,BNSV,MASS,https://musicahispanica.eu/source/20176,,Benedicite Ananias Azarias et Misael domino hymnum,,,,,,SEMM,0
,,https://musicahispanica.eu/chant/79763,Benedicite Ananias Azarias et Misael domino ,h00602f,,,,E-Mh (Madrid) Cod. 30,,097v,,,,Assumptio Mariae (Hispanic rite),,BNSV,MASS,https://musicahispanica.eu/source/20176,,Benedicite Ananias Azarias et Misael domino hymnum ,,,,,,SEMM,0
,,https://musicahispanica.eu/chant/71688,Benedicite Ananias Azarias et Misael domino,h00602f,,,,E-Tc (Toledo) 35.4,6,170r,,,,,,BNSV,,https://musicahispanica.eu/source/20185,,Benedicite Ananias Azarias et Misael domino,,,,,,SEMM,0
,,https://musicahispanica.eu/chant/74837,Benedicite Ananias Azarias et Misael domino,h00602f,,,,E-Tc (Toledo) 35.4,f,021r,,,,Octava Paschae,08021000,BNSV,MASS,https://musicahispanica.eu/source/20185,,Benedicite Ananias Azarias et Misael domino,,,,,,SEMM,0
,,https://musicahispanica.eu/chant/91806,Benedicite Ananias Azarias et Misael domino,h00602f,*,,,E-Tc (Toledo) 35.6,,079v,,,,De Sancta Cruce,15011000,BNSV,MASS,https://musicahispanica.eu/source/20187,,Benedicite Ananias Azarias et Misael domino,,,,,,SEMM,0
,,https://musicahispanica.eu/chant/103004,Benedicite Ananias Azarias et Misael domino,h00602f,,,,E-Tc (Toledo) 35.7,5,068v,,,,Nativitas Domini,02122500,BNSV,MASS,https://musicahispanica.eu/source/20188,,Benedicite Ananias Azarias et Misael domino,,,,,,SEMM,0
,,https://musicahispanica.eu/chant/103054,Benedicite Ananias Azarias et Misael domino,h00602f,,,,E-Tc (Toledo) 35.7,5,101v,,,,Circumcisio Domini,02010110,BNSV,MASS,https://musicahispanica.eu/source/20188,,Benedicite Ananias Azarias et Misael domino,,,,,,SEMM,0
,,https://musicahispanica.eu/chant/80109,Benedicite Ananias Azarias et Misael domino,h00602f,,,,E-Tc (Toledo) 35.7,5,036v,,,,Assumptio Mariae (Hispanic rite),,BNSV,MASS,https://musicahispanica.eu/source/20188,,Benedicite Ananias Azarias et Misael domino,,,,,,SEMM,0
,,https://musicahispanica.eu/chant/84213,Benedicite Ananias Azarias et Misael domino ,h00602f,,,,E-Zfm (Zaragoza) Ms-418,,003v,,,,Vincentii,14012200,BNSV,MASS,https://musicahispanica.eu/source/20192,,Benedicite Ananias Azarias et Misael domino hymnum,,,,,,SEMM,0
,,https://musicahispanica.eu/chant/75195,Benedicite Ananias Azarias et Misael domino ,h00602f,*,,,GB-Lbl (London) Add MS 30844,,130r,,,,Epiphania,05010600,BNSV,MASS,https://musicahispanica.eu/source/20201,,Benedicite Ananias Azarias et Misael domino hymnum dicamus et super exaltemus eum in saecula amen ,,,,,,SEMM,0
,,https://musicahispanica.eu/chant/75375,Benedicite Ananias Azarias et Misael domino ,h00602f,*,,,GB-Lbl (London) Add MS 30844,,117r,,,,Circumcisio Domini,02010110,BNSV,MASS,https://musicahispanica.eu/source/20201,,Benedicite Ananias Azarias et Misael domino hymnum,,,,,,SEMM,0
,,https://musicahispanica.eu/chant/79744,Benedicite Ananias Azarias er Misael domino ,h00602f,*,,,GB-Lbl (London) Add MS 30844,,040r,,,,Exspectationis BMV,14121810,BNSV,MASS,https://musicahispanica.eu/source/20201,,Benedicite Ananias Azarias er Misael domino hymnum,,,,,,SEMM,0
,,https://musicahispanica.eu/chant/79923,Benedicite Ananias Azarias et Misael domino ,h00602f,*,,,GB-Lbl (London) Add MS 30844,,070r,,,,Nativitas Domini,02122500,BNSV,MASS,https://musicahispanica.eu/source/20201,,Benedicite Ananias Azarias et Misael domino hymnum dicite,,,,,,SEMM,0
,,https://musicahispanica.eu/chant/80402,Benedicite Ananias Azarias et Misael domino ,h00602f,*,,,GB-Lbl (London) Add MS 30846,,047r,,,,Octava Paschae,08021000,BNSV,MASS,https://musicahispanica.eu/source/20202,,Benedicite Ananias Azarias et Misael domino hymnum,,,,,,SEMM,0
,,https://musicahispanica.eu/chant/88530,Benedicite Ananias Azarias et Misael domino ,h00603j,,,,E-L (León) Ms 8,,200v,,,,Ascensio Domini,08065000,BNSV,MASS,https://musicahispanica.eu/source/20175,,Benedicite Ananias Azarias et Misael domino hymnum dicite et superexaltate eum in saecula amen,,,,,,SEMM,0
,,https://musicahispanica.eu/chant/75317,Benedicite Ananias Azarias et Misael domino ,h00603j,*,,,GB-Lbl (London) Add MS 30844,,157r,,,,Ascensio Domini,08065000,BNSV,MASS,https://musicahispanica.eu/source/20201,,Benedicite Ananias Azarias et Misael domino hymnum dicite et superexaltate eum in saecula amen,,,,,,SEMM,0
,,https://musicahispanica.eu/chant/79193,Benedicite omnia opera domini domino hymnum ,h04371c,,,,E-L (León) Ms 8,,096r,,,,"Fructuosi, Augurii et Eulogii",,BNSV,MASS,https://musicahispanica.eu/source/20175,,Benedicite omnia opera domini domino hymnum dicite et ex altare eum in saecula amen,,,,,,SEMM,0
,,https://musicahispanica.eu/chant/89401,Benedictus es in templo sancto honoris ,h00602b,,,,E-L (León) Ms 8,,298r,,,,Dom. Quotidiano,,BNSV,MASS,https://musicahispanica.eu/source/20175,,Benedictus es in templo sancto honoris tui,,,,,,SEMM,0
,,https://musicahispanica.eu/chant/74841,Benedictus es in templo sancto honoris ,h00602b,,,,E-Tc (Toledo) 35.4,b,021r,,,,Octava Paschae,08021000,BNSV,MASS,https://musicahispanica.eu/source/20185,,Benedictus es in templo sancto honoris tui et laudabilis superexaltatus in saecula,,,,,,SEMM,0
,,https://musicahispanica.eu/chant/75444,Benedictus es in templo sancto honoris ,h00602b,,,,E-Tc (Toledo) 35.4,2,169v,,,,,,BNSV,,https://musicahispanica.eu/source/20185,,Benedictus es in templo sancto honoris tui et laudabilis superexaltatus in saecula,,,,,,SEMM,0
,,https://musicahispanica.eu/chant/91799,Benedictus es in templo sancto honoris ,h00602b,*,,,E-Tc (Toledo) 35.6,,079v,,,,De Sancta Cruce,15011000,BNSV,MASS,https://musicahispanica.eu/source/20187,,Benedictus es in templo sancto honoris tui et laudabilis et superexaltate eum in saecula amen,,,,,,SEMM,0
,,https://musicahispanica.eu/chant/79196,Benedicite Ananias Azarias et Misael domino,h04371f,,,,E-L (León) Ms 8,,096r,,,,"Fructuosi, Augurii et Eulogii",,BNSV,MASS,https://musicahispanica.eu/source/20175,,Benedicite Ananias Azarias et Misael domino,,,,,,SEMM,0
,,https://musicahispanica.eu/chant/79144,Benedicite omnia opera domini domino,h04367b,,,,E-L (León) Ms 8,,092r,,,,Allisionis Infantum,,BNSV,MASS,https://musicahispanica.eu/source/20175,,Benedicite omnia opera domini domino,,,,,,SEMM,0
,,https://musicahispanica.eu/chant/78881,Quia liberavit nos dominus ab inferis ,h00602g,,,,E-L (León) Ms 8,,061r,,,,Exspectationis BMV,14121810,BNSV,MASS,https://musicahispanica.eu/source/20175,,Quia liberavit nos dominus ab inferis et de manu mortis salvabit nos et eripuit nos de medio ardentis flammae et emedio igni eduxit nos confitemini domino quoniam bonus quoniam in saeculum misericordia ejus,,,,,,SEMM,0
,,https://musicahispanica.eu/chant/78959,Quia liberavit nos dominus ab inferis ,h00602g,,,,E-L (León) Ms 8,,072r,,,,Nativitas Domini,02122500,BNSV,MASS,https://musicahispanica.eu/source/20175,,Quia liberavit nos dominus ab inferis et de manu mortis salvabit nos et eripuit nos de medio ardentis flammae et emedio igni eduxit nos confitemini domino quoniam bonus quoniam in saeculum misericordia ejus,,,,,,SEMM,0
,,https://musicahispanica.eu/chant/79105,Quia liberavit nos dominus ab inferis ,h00602g,,,,E-L (León) Ms 8,,088r,,,,Epiphania,05010600,BNSV,MASS,https://musicahispanica.eu/source/20175,,Quia liberavit nos dominus ab inferis et de manu mortis salvabit nos et eripuit nos de medio ardentis flammae et emedio igni eduxit nos confitemini domino quoniam bonus quoniam in saeculum misericordia ejus,,,,,,SEMM,0
,,https://musicahispanica.eu/chant/89406,Quia liberavit nos dominus ab inferis ,h00602g,,,,E-L (León) Ms 8,,298r,,,,Dom. Quotidiano,,BNSV,MASS,https://musicahispanica.eu/source/20175,,Quia liberavit nos dominus ab inferis et de manu mortis salvabit nos et eripuit nos de medio ardentis flammae et emedio igni eduxit nos confitemini domino quoniam bonus quoniam in saeculum misericordia ejus,,,,,,SEMM,0
,,https://musicahispanica.eu/chant/79318,quia liberavit nos deus ab inferis ,h00602g,,,,E-Mh (Madrid) Cod. 30,,126v,,,,Nativitas Domini,02122500,BNSV,MASS,https://musicahispanica.eu/source/20176,,quia liberavit nos deus ab inferis et de manu mortis salvavit nos et eripuit nos de medio ardentis flammae et emedio igni eduxit nos confitemini domino quoniam bonus quoniam in saeculum misericordia ejus amen,,,,,,SEMM,0
,,https://musicahispanica.eu/chant/79401,Quia liberavit nos dominus ab inferis ,h00602g,,,,E-Mh (Madrid) Cod. 30,,155r,,,,Circumcisio Domini,02010110,BNSV,MASS,https://musicahispanica.eu/source/20176,,Quia liberavit nos dominus ab inferis et de manu mortis salvavit nos et eripuit nos de medio ardentis flammae et emedio igni eduxit nos confitemini domino quoniam bonus quoniam in saeculum misericordia ejus amen,,,,,,SEMM,0
,,https://musicahispanica.eu/chant/79764,Quia liberavit nos dominus ab inferis ,h00602g,,,,E-Mh (Madrid) Cod. 30,,097v,,,,Assumptio Mariae (Hispanic rite),,BNSV,MASS,https://musicahispanica.eu/source/20176,,Quia liberavit nos dominus ab inferis et de manu mortis salvabit nos et eripuit nos de medio ardentis flammae et emedio igni eduxit nos confitemini domino quoniam bonus quoniam in saeculum misericordia ejus amen,,,,,,SEMM,0
,,https://musicahispanica.eu/chant/103005,Quia liberavit nos dominus ab inferis ,h00602g,,,,E-Tc (Toledo) 35.7,6,068v,,,,Nativitas Domini,02122500,BNSV,MASS,https://musicahispanica.eu/source/20188,,Quia liberavit nos dominus ab inferis et de manu mortis salvabit nos et eripuit nos de medio ardentis flammae et emedio igni eduxit nos confitemini domino quoniam bonus quoniam in saeculum misericordia ejus,,,,,,SEMM,0
,,https://musicahispanica.eu/chant/80110,Quia liberavit nos dominus ab inferis ,h00602g,,,,E-Tc (Toledo) 35.7,6,036v,,,,Assumptio Mariae (Hispanic rite),,BNSV,MASS,https://musicahispanica.eu/source/20188,,Quia liberavit nos dominus ab inferis et de manu mortis salvabit nos et eripuit nos de medio ardentis flammae et emedio igni eduxit nos confitemini domino quoniam bonus quoniam in saeculum misericordia ejus amen,,,,,,SEMM,0
,,https://musicahispanica.eu/chant/79746,Quia liberavit nos dominus ab inferis ,h00602g,*,,,GB-Lbl (London) Add MS 30844,,040r,,,,Exspectationis BMV,14121810,BNSV,MASS,https://musicahispanica.eu/source/20201,,Quia liberavit nos dominus ab inferis et de manu mortis salvabit nos et eripuit nos de medio ardentis flammae et emedio igni eduxit nos confitemini domino quoniam bonus quoniam in saeculum misericordia ejus amen,,,,,,SEMM,0
,,https://musicahispanica.eu/chant/75318,Quia liberavit nos deus,h00603k,*,,,GB-Lbl (London) Add MS 30844,,157r,,,,Ascensio Domini,08065000,BNSV,MASS,https://musicahispanica.eu/source/20201,,Quia liberavit nos deus,,,,,,SEMM,0
,,https://musicahispanica.eu/chant/79192,Et benedictum nomen gloriae tuae quod ,h04371b,,,,E-L (León) Ms 8,,096r,,,,"Fructuosi, Augurii et Eulogii",,BNSV,MASS,https://musicahispanica.eu/source/20175,,Et benedictum nomen gloriae tuae quod est sanctum et laudabile et gloriosum in saecula amen,,,,,,SEMM,0
,,https://musicahispanica.eu/chant/89395,Angelus domini simul descendit cum Anania ,h00604a,,,,E-L (León) Ms 8,,297v,,,,Dom. Quotidiano,,BNSV,MASS,https://musicahispanica.eu/source/20175,,Angelus domini simul descendit cum Anania et sociis ejus in fornacem,,,,,,SEMM,0
,,https://musicahispanica.eu/chant/75440,Angelus domini simul descendit cum Anania ,h00604a,,,,E-Tc (Toledo) 35.4,1,169v,,,,,,BNSV,,https://musicahispanica.eu/source/20185,,Angelus domini simul descendit cum Anania et sociis ejus in fornace,,,,,,SEMM,0
,,https://musicahispanica.eu/chant/75447,Angelus domini simul descendit cum Anania ,h00604a,,,,E-Tc (Toledo) 35.7,1,045r,,,,Assumptio Mariae (Hispanic rite),,BNSV,MASS,https://musicahispanica.eu/source/20188,,Angelus domini simul descendit cum Anania et sociis ejus in fornace,,,,,,SEMM,0
,,https://musicahispanica.eu/chant/65480,Benedicite omnia opera domini domino hymnum ,h00602c,,,,E-L (León) Ms 8,,175r,,,,Sabbato Sancto,07067000,BNSV,N,https://musicahispanica.eu/source/20175,,Benedicite omnia opera domini domino hymnum dicite et superexaltate eum in saecula,,,,,,SEMM,0
,,https://musicahispanica.eu/chant/65524,Benedicite omina opera domini domino hymnum ,h00602c,,,,E-L (León) Ms 8,,176v,,,,Dom. Resurrectionis,08011000,BNSV,MASS,https://musicahispanica.eu/source/20175,,Benedicite omina opera domini domino hymnum dicite et super exaltate eum in saecula alleluia alleluia alleluia ,,,,,,SEMM,0
,,https://musicahispanica.eu/chant/78749,Benedicite omnia opera domini domino hymnum ,h00602c,,,,E-L (León) Ms 8,,049r,,,,Leocadiae,14120920,BNSV,MASS,https://musicahispanica.eu/source/20175,,Benedicite omnia opera domini domino hymnum dicite et superexaltate eum in saecula,,,,,,SEMM,0
,,https://musicahispanica.eu/chant/78876,Benedicite omnia opera domini domino hymnum ,h00602c,,,,E-L (León) Ms 8,,060v,,,,Exspectationis BMV,14121810,BNSV,MASS,https://musicahispanica.eu/source/20175,,Benedicite omnia opera domini domino hymnum dicite et superexaltate eum in saecula,,,,,,SEMM,0
,,https://musicahispanica.eu/chant/78963,Benedicite omnia opera domini domino hymnum ,h00602c,,,,E-L (León) Ms 8,,072r,,,,Nativitas Domini,02122500,BNSV,MASS,https://musicahispanica.eu/source/20175,,Benedicite omnia opera domini domino hymnum dicite et superexaltate eum in saecula,,,,,,SEMM,0
,,https://musicahispanica.eu/chant/79041,Benedicite omnia opera domini domino hymnum ,h00602c,,,,E-L (León) Ms 8,,081v,,,,Circumcisio Domini,02010110,BNSV,MASS,https://musicahispanica.eu/source/20175,,Benedicite omnia opera domini domino hymnum dicite et superexaltate eum in saecula,,,,,,SEMM,0
,,https://musicahispanica.eu/chant/79100,Benedicite omnia opera domini domino hymnum ,h00602c,,,,E-L (León) Ms 8,,088r,,,,Epiphania,05010600,BNSV,MASS,https://musicahispanica.eu/source/20175,,Benedicite omnia opera domini domino hymnum dicite et superexaltate eum in saecula,,,,,,SEMM,0
,,https://musicahispanica.eu/chant/79269,Benedicite omnia opera domini domino hymnum ,h00602c,,,,E-L (León) Ms 8,,107v,,,,Carnes Tollendas,,BNSV,MASS,https://musicahispanica.eu/source/20175,,Benedicite omnia opera domini domino hymnum dicite et superexaltate eum in saecula alleluia alleluia,,,,,,SEMM,0
,,https://musicahispanica.eu/chant/89402,Benedicite omnia opera domini domino hymnum ,h00602c,,,,E-L (León) Ms 8,,298r,,,,Dom. Quotidiano,,BNSV,MASS,https://musicahispanica.eu/source/20175,,Benedicite omnia opera domini domino hymnum laudate et superexaltate eum in saecula saeculorum amen,,,,,,SEMM,0
,,https://musicahispanica.eu/chant/89411,Benedicite omnia opera domini domino hymnum ,h00602c,,,,E-L (León) Ms 8,,298r,,,,Dom. Quotidiano,,BNSV,MASS,https://musicahispanica.eu/source/20175,,Benedicite omnia opera domini domino hymnum dicite et superexaltate eum in saecula,,,,,,SEMM,0
,,https://musicahispanica.eu/chant/89416,Benedicite omnia opera domini domino hymnum ,h00602c,,,,E-L (León) Ms 8,,298r,,,,Dom. Quotidiano,,BNSV,MASS,https://musicahispanica.eu/source/20175,,Benedicite omnia opera domini domino hymnum dicite et superexaltate eum in saecula,,,,,,SEMM,0
,,https://musicahispanica.eu/chant/89420,Benedicite omnia opera domini domino hymnum ,h00602c,,,,E-L (León) Ms 8,,298v,,,,Dom. Quotidiano,,BNSV,MASS,https://musicahispanica.eu/source/20175,,Benedicite omnia opera domini domino hymnum dicite et superexaltate eum in saecula,,,,,,SEMM,0
,,https://musicahispanica.eu/chant/89425,Benedicite omnia opera domini domino hymnum ,h00602c,,,,E-L (León) Ms 8,,298v,,,,Dom. Quotidiano,,BNSV,MASS,https://musicahispanica.eu/source/20175,,Benedicite omnia opera domini domino hymnum dicite et exaltate eum in saecula,,,,,,SEMM,0
,,https://musicahispanica.eu/chant/89430,Benedicite omnia opera domini domino hymnum ,h00602c,,,,E-L (León) Ms 8,,298v,,,,Dom. Quotidiano,,BNSV,MASS,https://musicahispanica.eu/source/20175,,Benedicite omnia opera domini domino hymnum dicite et exaltate eum in saecula,,,,,,SEMM,0
,,https://musicahispanica.eu/chant/89435,Benedicite omnia opera domini domino hymnum ,h00602c,,,,E-L (León) Ms 8,,298v,,,,Dom. Quotidiano,,BNSV,MASS,https://musicahispanica.eu/source/20175,,Benedicite omnia opera domini domino hymnum dicite et superexaltate eum in saecula,,,,,,SEMM,0
,,https://musicahispanica.eu/chant/89440,Benedicite omnia opera domini domino hymnum ,h00602c,,,,E-L (León) Ms 8,,299r,,,,Dom. Quotidiano,,BNSV,MASS,https://musicahispanica.eu/source/20175,,Benedicite omnia opera domini domino hymnum dicite et exaltate eum in saecula,,,,,,SEMM,0
,,https://musicahispanica.eu/chant/89445,Benedicite omnia opera domini domino hymnum ,h00602c,,,,E-L (León) Ms 8,,299r,,,,Dom. Quotidiano,,BNSV,MASS,https://musicahispanica.eu/source/20175,,Benedicite omnia opera domini domino hymnum dicite et superexaltate eum in saecula,,,,,,SEMM,0
,,https://musicahispanica.eu/chant/89449,Benedicite omnia opera domini domino hymnum ,h00602c,,,,E-L (León) Ms 8,,299r,,,,Dom. Quotidiano,,BNSV,MASS,https://musicahispanica.eu/source/20175,,Benedicite omnia opera domini domino hymnum dicite et superexaltate eum in saecula,,,,,,SEMM,0
,,https://musicahispanica.eu/chant/89454,Benedicite omnia opera domini domino hymnum ,h00602c,,,,E-L (León) Ms 8,,299r,,,,Dom. Quotidiano,,BNSV,MASS,https://musicahispanica.eu/source/20175,,Benedicite omnia opera domini domino hymnum dicite et superexaltate eum in saecula,,,,,,SEMM,0
,,https://musicahispanica.eu/chant/89459,Benedicite omnia opera domini domino hymnum ,h00602c,,,,E-L (León) Ms 8,,299v,,,,Dom. Quotidiano,,BNSV,MASS,https://musicahispanica.eu/source/20175,,Benedicite omnia opera domini domino hymnum dicite et superexaltate eum in saecula,,,,,,SEMM,0
,,https://musicahispanica.eu/chant/89464,Benedicite omnia opera domini domino hymnum ,h00602c,,,,E-L (León) Ms 8,,299v,,,,Dom. Quotidiano,,BNSV,MASS,https://musicahispanica.eu/source/20175,,Benedicite omnia opera domini domino hymnum dicite et superexaltate eum in saecula,,,,,,SEMM,0
,,https://musicahispanica.eu/chant/89469,Benedicite omnia opera domini domino hymnum ,h00602c,,,,E-L (León) Ms 8,,299v,,,,Dom. Quotidiano,,BNSV,MASS,https://musicahispanica.eu/source/20175,,Benedicite omnia opera domini domino hymnum dicite et superexaltate eum in saecula,,,,,,SEMM,0
,,https://musicahispanica.eu/chant/89474,Benedicite omnia opera domini domino hymnum ,h00602c,,,,E-L (León) Ms 8,,299v,,,,Dom. Quotidiano,,BNSV,MASS,https://musicahispanica.eu/source/20175,,Benedicite omnia opera domini domino hymnum dicite et superexaltate eum in saecula,,,,,,SEMM,0
,,https://musicahispanica.eu/chant/72152,Benedicite omnia opera domini domino hymnum ,h00602c,*,,,E-Mh (Madrid) Cod. 30,,064v,,,,Leocadiae,14120920,BNSV,MASS,https://musicahispanica.eu/source/20176,,Benedicite omnia opera domini domino hymnum dicite et super exsaltate eum in saecula amen ,,,,,,SEMM,0
,,https://musicahispanica.eu/chant/79314,Benedicite omnia opera domini domino hymnum,h00602c,,,,E-Mh (Madrid) Cod. 30,,126v,,,,Nativitas Domini,02122500,BNSV,MASS,https://musicahispanica.eu/source/20176,,Benedicite omnia opera domini domino hymnum,,,,,,SEMM,0
,,https://musicahispanica.eu/chant/79395,Benedicite omnia opera domini domino hymnum ,h00602c,,,,E-Mh (Madrid) Cod. 30,,155r,,,,Circumcisio Domini,02010110,BNSV,MASS,https://musicahispanica.eu/source/20176,,Benedicite omnia opera domini domino hymnum dicite et super exsaltate eum in saecula seculorum amen,,,,,,SEMM,0
,,https://musicahispanica.eu/chant/79595,Benedicite omnia opera domini domino hymnum ,h00602c,,,,E-Mh (Madrid) Cod. 30,,184r,,,,Allisionis Infantum,,BNSV,MASS,https://musicahispanica.eu/source/20176,,Benedicite omnia opera domini domino hymnum dicite et superexaltate eum in saecula,,,,,,SEMM,0
,,https://musicahispanica.eu/chant/79760,Benedicite omnia opera domini domino hymnum ,h00602c,,,,E-Mh (Madrid) Cod. 30,,097v,,,,Assumptio Mariae (Hispanic rite),,BNSV,MASS,https://musicahispanica.eu/source/20176,,Benedicite omnia opera domini domino hymnum dicite et superexaltate eum in saecula saeculorum amen,,,,,,SEMM,0
,,https://musicahispanica.eu/chant/71683,Benedicite omnia opera domini domino hymnum ,h00602c,,,,E-Tc (Toledo) 35.4,3,169v,,,,,,BNSV,,https://musicahispanica.eu/source/20185,,Benedicite omnia opera domini domino hymnum dicite et superexaltate eum in saecula,,,,,,SEMM,0
,,https://musicahispanica.eu/chant/74840,Benedicite omnia opera domini domino laudate ,h00602c,,,,E-Tc (Toledo) 35.4,c,021r,,,,Octava Paschae,08021000,BNSV,MASS,https://musicahispanica.eu/source/20185,,Benedicite omnia opera domini domino laudate et superexaltate eum in saecula,,,,,,SEMM,0
,,https://musicahispanica.eu/chant/91801,Benedicite omnia opera domini domino laudate ,h00602c,*,,,E-Tc (Toledo) 35.6,,079v,,,,De Sancta Cruce,15011000,BNSV,MASS,https://musicahispanica.eu/source/20187,,Benedicite omnia opera domini domino laudate et superexaltate eum in saecula amen,,,,,,SEMM,0
,,https://musicahispanica.eu/chant/103051,Benedicite omnia opera domini domino hymnum ,h00602c,,,,E-Tc (Toledo) 35.7,2,101r,,,,Circumcisio Domini,02010110,BNSV,MASS,https://musicahispanica.eu/source/20188,,Benedicite omnia opera domini domino hymnum dicite et superexaltate eum in saecula saeculorum amen,,,,,,SEMM,0
,,https://musicahispanica.eu/chant/80106,Benedicite omnia opera domini domino hymnum ,h00602c,,,,E-Tc (Toledo) 35.7,2,036v,,,,Assumptio Mariae (Hispanic rite),,BNSV,MASS,https://musicahispanica.eu/source/20188,,Benedicite omnia opera domini domino hymnum dicite et superexaltate eum in saecula saeculorum amen,,,,,,SEMM,0
,,https://musicahispanica.eu/chant/84210,Benedicite omnia opera domini domino hymnum ,h00602c,,,,E-Zfm (Zaragoza) Ms-418,,003v,,,,Vincentii,14012200,BNSV,MASS,https://musicahispanica.eu/source/20192,,Benedicite omnia opera domini domino hymnum dicite et superexaltate eum in saecula amen,,,,,,SEMM,0
,,https://musicahispanica.eu/chant/75191,Benedicite omnia opera domini domino hymnum ,h00602c,*,,,GB-Lbl (London) Add MS 30844,,130r,,,,Epiphania,05010600,BNSV,MASS,https://musicahispanica.eu/source/20201,,Benedicite omnia opera domini domino hymnum dicamus et superexaltemus eum in saecula amen,,,,,,SEMM,0
,,https://musicahispanica.eu/chant/75372,Benedicite omnia opera domini domino hymnum ,h00602c,*,,,GB-Lbl (London) Add MS 30844,,117r,,,,Circumcisio Domini,02010110,BNSV,MASS,https://musicahispanica.eu/source/20201,,Benedicite omnia opera domini domino hymnum dicite et superexaltate eum in saecula saeculorum amen,,,,,,SEMM,0
,,https://musicahispanica.eu/chant/79739,Benedicite omnia opera domini domino hymnum ,h00602c,*,,,GB-Lbl (London) Add MS 30844,,040r,,,,Exspectationis BMV,14121810,BNSV,MASS,https://musicahispanica.eu/source/20201,,Benedicite omnia opera domini domino hymnum dicite et superexaltate eum in saecula saeculorum amen,,,,,,SEMM,0
,,https://musicahispanica.eu/chant/79920,Benedicite omnia opera domini domino hymnum ,h00602c,*,,,GB-Lbl (London) Add MS 30844,,070r,,,,Nativitas Domini,02122500,BNSV,MASS,https://musicahispanica.eu/source/20201,,Benedicite omnia opera domini domino hymnum dicite et superexaltate eum in saecula saeculorum amen,,,,,,SEMM,0
,,https://musicahispanica.eu/chant/80399,Benedicite omnia opera domini domino hymnum ,h00602c,*,,,GB-Lbl (London) Add MS 30846,,047r,,,,Octava Paschae,08021000,BNSV,MASS,https://musicahispanica.eu/source/20202,,Benedicite omnia opera domini domino hymnum dicite et superexaltate eum in saecula alleluia alleluia alleluia,,,,,,SEMM,0
,,https://musicahispanica.eu/chant/103515,Benedicite sancti et humiles corde dominum,h04557f,,,,E-Tc (Toledo) 35.5,3,177v,,,,Sabbato Sancto,07067000,BNSV,V,https://musicahispanica.eu/source/20186,,Benedicite sancti et humiles corde dominum,,,,,,SEMM,0
,,https://musicahispanica.eu/chant/79516,Benedicite omnia opera domini domino hymnum ,h00602k,,,,E-Mh (Madrid) Cod. 30,,171r,,,,Epiphania,05010600,BNSV,MASS,https://musicahispanica.eu/source/20176,,Benedicite omnia opera domini domino hymnum dicamus et super exaltemus eum [in saecula amen],,,,,,SEMM,0
,,https://musicahispanica.eu/chant/103000,Benedicite omnia opera domini domino hymnum ,h00602k,,,,E-Tc (Toledo) 35.7,2,068v,,,,Nativitas Domini,02122500,BNSV,MASS,https://musicahispanica.eu/source/20188,,Benedicite omnia opera domini domino hymnum dicamus et super exaltemus eum in saecula amen,,,,,,SEMM,0
,,https://musicahispanica.eu/chant/88523,Benedictus es qui vides abyssos sedes ,h00603c,,,,E-L (León) Ms 8,,200v,,,,Ascensio Domini,08065000,BNSV,MASS,https://musicahispanica.eu/source/20175,,Benedictus es qui vides abyssos sedes super cherubim et laudabilis et superexaltatus in saecula amen,,,,,,SEMM,0
,,https://musicahispanica.eu/chant/75310,Benedictus es qui vides abyssos sedes ,h00603c,*,,,GB-Lbl (London) Add MS 30844,,156v,,,,Ascensio Domini,08065000,BNSV,MASS,https://musicahispanica.eu/source/20201,,Benedictus es qui vides abyssos sedes super cherubim et laudabilis et superexaltatus in saecula amen,,,,,,SEMM,0
,,https://musicahispanica.eu/chant/79194,Benedicite sacerdotes servi domini domino,h04371d,,,,E-L (León) Ms 8,,096r,,,,"Fructuosi, Augurii et Eulogii",,BNSV,MASS,https://musicahispanica.eu/source/20175,,Benedicite sacerdotes servi domini domino,,,,,,SEMM,0
,,https://musicahispanica.eu/chant/65481,Benedicite sancti et humiles corde domino,h00602e,,,,E-L (León) Ms 8,,175r,,,,Sabbato Sancto,07067000,BNSV,N,https://musicahispanica.eu/source/20175,,Benedicite sancti et humiles corde domino,,,,,,SEMM,0
,,https://musicahispanica.eu/chant/65526,Benedicite sancti et humiles corde domino,h00602e,,,,E-L (León) Ms 8,,176v,,,,Dom. Resurrectionis,08011000,BNSV,MASS,https://musicahispanica.eu/source/20175,,Benedicite sancti et humiles corde domino,,,,,,SEMM,0
,,https://musicahispanica.eu/chant/78751,Benedicite sancti et humiles corde domino,h00602e,,,,E-L (León) Ms 8,,049r,,,,Leocadiae,14120920,BNSV,MASS,https://musicahispanica.eu/source/20175,,Benedicite sancti et humiles corde domino,,,,,,SEMM,0
,,https://musicahispanica.eu/chant/78879,Benedicite sancti et humiles corde domino,h00602e,,,,E-L (León) Ms 8,,061r,,,,Exspectationis BMV,14121810,BNSV,MASS,https://musicahispanica.eu/source/20175,,Benedicite sancti et humiles corde domino,,,,,,SEMM,0
,,https://musicahispanica.eu/chant/78961,Benedicite sancti et humiles corde domino,h00602e,,,,E-L (León) Ms 8,,072r,,,,Nativitas Domini,02122500,BNSV,MASS,https://musicahispanica.eu/source/20175,,Benedicite sancti et humiles corde domino,,,,,,SEMM,0
,,https://musicahispanica.eu/chant/79043,Benedicite sancti et humiles corde domino,h00602e,,,,E-L (León) Ms 8,,081v,,,,Circumcisio Domini,02010110,BNSV,MASS,https://musicahispanica.eu/source/20175,,Benedicite sancti et humiles corde domino,,,,,,SEMM,0
,,https://musicahispanica.eu/chant/79103,Benedicite sancti et humiles corde domino,h00602e,,,,E-L (León) Ms 8,,088r,,,,Epiphania,05010600,BNSV,MASS,https://musicahispanica.eu/source/20175,,Benedicite sancti et humiles corde domino,,,,,,SEMM,0
,,https://musicahispanica.eu/chant/79275,Benedicite sancti et humiles corde domino,h00602e,,,,E-L (León) Ms 8,,108r,,,,Carnes Tollendas,,BNSV,MASS,https://musicahispanica.eu/source/20175,,Benedicite sancti et humiles corde domino,,,,,,SEMM,0
,,https://musicahispanica.eu/chant/89404,Benedicite sancti et humiles corde domino,h00602e,,,,E-L (León) Ms 8,,298r,,,,Dom. Quotidiano,,BNSV,MASS,https://musicahispanica.eu/source/20175,,Benedicite sancti et humiles corde domino,,,,,,SEMM,0
,,https://musicahispanica.eu/chant/89413,Benedicite sancti et humiles corde domino,h00602e,,,,E-L (León) Ms 8,,298r,,,,Dom. Quotidiano,,BNSV,MASS,https://musicahispanica.eu/source/20175,,Benedicite sancti et humiles corde domino,,,,,,SEMM,0
,,https://musicahispanica.eu/chant/89418,Benedicite sancti et humiles corde domino,h00602e,,,,E-L (León) Ms 8,,298v,,,,Dom. Quotidiano,,BNSV,MASS,https://musicahispanica.eu/source/20175,,Benedicite sancti et humiles corde domino,,,,,,SEMM,0
,,https://musicahispanica.eu/chant/89422,Benedicite sancti et humiles corde domino,h00602e,,,,E-L (León) Ms 8,,298v,,,,Dom. Quotidiano,,BNSV,MASS,https://musicahispanica.eu/source/20175,,Benedicite sancti et humiles corde domino,,,,,,SEMM,0
,,https://musicahispanica.eu/chant/89427,Benedicite sancti et humiles corde domino,h00602e,,,,E-L (León) Ms 8,,298v,,,,Dom. Quotidiano,,BNSV,MASS,https://musicahispanica.eu/source/20175,,Benedicite sancti et humiles corde domino,,,,,,SEMM,0
,,https://musicahispanica.eu/chant/89432,Benedicite sancti et humiles corde domino,h00602e,,,,E-L (León) Ms 8,,298v,,,,Dom. Quotidiano,,BNSV,MASS,https://musicahispanica.eu/source/20175,,Benedicite sancti et humiles corde domino,,,,,,SEMM,0
,,https://musicahispanica.eu/chant/89437,Benedicite sancti et humiles corde domino,h00602e,,,,E-L (León) Ms 8,,298v,,,,Dom. Quotidiano,,BNSV,MASS,https://musicahispanica.eu/source/20175,,Benedicite sancti et humiles corde domino,,,,,,SEMM,0
,,https://musicahispanica.eu/chant/89442,Benedicite sancti et humiles corde domino,h00602e,,,,E-L (León) Ms 8,,299r,,,,Dom. Quotidiano,,BNSV,MASS,https://musicahispanica.eu/source/20175,,Benedicite sancti et humiles corde domino,,,,,,SEMM,0
,,https://musicahispanica.eu/chant/89447,Benedicite sancti et humiles corde domino,h00602e,,,,E-L (León) Ms 8,,299r,,,,Dom. Quotidiano,,BNSV,MASS,https://musicahispanica.eu/source/20175,,Benedicite sancti et humiles corde domino,,,,,,SEMM,0
,,https://musicahispanica.eu/chant/89451,Benedicite sancti et humiles corde domino,h00602e,,,,E-L (León) Ms 8,,299r,,,,Dom. Quotidiano,,BNSV,MASS,https://musicahispanica.eu/source/20175,,Benedicite sancti et humiles corde domino,,,,,,SEMM,0
,,https://musicahispanica.eu/chant/89456,Benedicite sancti et humiles corde domino,h00602e,,,,E-L (León) Ms 8,,299r,,,,Dom. Quotidiano,,BNSV,MASS,https://musicahispanica.eu/source/20175,,Benedicite sancti et humiles corde domino,,,,,,SEMM,0
,,https://musicahispanica.eu/chant/89461,Benedicite sancti et humiles corde domino,h00602e,,,,E-L (León) Ms 8,,299v,,,,Dom. Quotidiano,,BNSV,MASS,https://musicahispanica.eu/source/20175,,Benedicite sancti et humiles corde domino,,,,,,SEMM,0
,,https://musicahispanica.eu/chant/89466,Benedicite sancti et humiles corde domino,h00602e,,,,E-L (León) Ms 8,,299v,,,,Dom. Quotidiano,,BNSV,MASS,https://musicahispanica.eu/source/20175,,Benedicite sancti et humiles corde domino,,,,,,SEMM,0
,,https://musicahispanica.eu/chant/89471,Benedicite sancti et humiles corde domino,h00602e,,,,E-L (León) Ms 8,,299v,,,,Dom. Quotidiano,,BNSV,MASS,https://musicahispanica.eu/source/20175,,Benedicite sancti et humiles corde domino,,,,,,SEMM,0
,,https://musicahispanica.eu/chant/89476,Benedicite sancti et humiles corde domino,h00602e,,,,E-L (León) Ms 8,,299v,,,,Dom. Quotidiano,,BNSV,MASS,https://musicahispanica.eu/source/20175,,Benedicite sancti et humiles corde domino,,,,,,SEMM,0
,,https://musicahispanica.eu/chant/72154,Benedicite sancti et humiles corde domino ,h00602e,*,,,E-Mh (Madrid) Cod. 30,,065r,,,,Leocadiae,14120920,BNSV,MASS,https://musicahispanica.eu/source/20176,,Benedicite sancti et humiles corde domino hymnum,,,,,,SEMM,0
,,https://musicahispanica.eu/chant/79316,Benedicite sancti et humiles corde domino ,h00602e,,,,E-Mh (Madrid) Cod. 30,,126v,,,,Nativitas Domini,02122500,BNSV,MASS,https://musicahispanica.eu/source/20176,,Benedicite sancti et humiles corde domino hymnum ,,,,,,SEMM,0
,,https://musicahispanica.eu/chant/79398,Benedicite sancti et humiles corde domino ,h00602e,,,,E-Mh (Madrid) Cod. 30,,155r,,,,Circumcisio Domini,02010110,BNSV,MASS,https://musicahispanica.eu/source/20176,,Benedicite sancti et humiles corde domino hymnum,,,,,,SEMM,0
,,https://musicahispanica.eu/chant/79519,Benedicite sancti et humiles corde domino ,h00602e,,,,E-Mh (Madrid) Cod. 30,,171v,,,,Epiphania,05010600,BNSV,MASS,https://musicahispanica.eu/source/20176,,Benedicite sancti et humiles corde domino hymnum,,,,,,SEMM,0
,,https://musicahispanica.eu/chant/79597,Benedicite sancti et humiles corde domino ,h00602e,,,,E-Mh (Madrid) Cod. 30,,184r,,,,Allisionis Infantum,,BNSV,MASS,https://musicahispanica.eu/source/20176,,Benedicite sancti et humiles corde domino hymnum,,,,,,SEMM,0
,,https://musicahispanica.eu/chant/79762,Benedicite sancti et humiles corde domino ,h00602e,,,,E-Mh (Madrid) Cod. 30,,097v,,,,Assumptio Mariae (Hispanic rite),,BNSV,MASS,https://musicahispanica.eu/source/20176,,Benedicite sancti et humiles corde domino hymnum ,,,,,,SEMM,0
,,https://musicahispanica.eu/chant/71685,Benedicite sancti et humiles corde domino,h00602e,,,,E-Tc (Toledo) 35.4,5,170r,,,,,,BNSV,,https://musicahispanica.eu/source/20185,,Benedicite sancti et humiles corde domino,,,,,,SEMM,0
,,https://musicahispanica.eu/chant/74838,Benedicite sancti et humiles corde domine,h00602e,,,,E-Tc (Toledo) 35.4,e,021r,,,,Octava Paschae,08021000,BNSV,MASS,https://musicahispanica.eu/source/20185,,Benedicite sancti et humiles corde domine,,,,,,SEMM,0
,,https://musicahispanica.eu/chant/91804,Benedicite sancti et humiles corde domino,h00602e,*,,,E-Tc (Toledo) 35.6,,079v,,,,De Sancta Cruce,15011000,BNSV,MASS,https://musicahispanica.eu/source/20187,,Benedicite sancti et humiles corde domino,,,,,,SEMM,0
,,https://musicahispanica.eu/chant/103003,Benedicite sancti et humiles corde domino,h00602e,,,,E-Tc (Toledo) 35.7,4,068v,,,,Nativitas Domini,02122500,BNSV,MASS,https://musicahispanica.eu/source/20188,,Benedicite sancti et humiles corde domino,,,,,,SEMM,0
,,https://musicahispanica.eu/chant/103053,Benedicite sancti et humiles corde domino,h00602e,,,,E-Tc (Toledo) 35.7,4,101v,,,,Circumcisio Domini,02010110,BNSV,MASS,https://musicahispanica.eu/source/20188,,Benedicite sancti et humiles corde domino,,,,,,SEMM,0
,,https://musicahispanica.eu/chant/80108,Benedicite sancti et humiles corde domino,h00602e,,,,E-Tc (Toledo) 35.7,4,036v,,,,Assumptio Mariae (Hispanic rite),,BNSV,MASS,https://musicahispanica.eu/source/20188,,Benedicite sancti et humiles corde domino,,,,,,SEMM,0
,,https://musicahispanica.eu/chant/84212,Benedicite sancti et humiles corde domino ,h00602e,,,,E-Zfm (Zaragoza) Ms-418,,003v,,,,Vincentii,14012200,BNSV,MASS,https://musicahispanica.eu/source/20192,,Benedicite sancti et humiles corde domino hymnum,,,,,,SEMM,0
,,https://musicahispanica.eu/chant/75194,Benedicite sancti et humiles corde domino ,h00602e,*,,,GB-Lbl (London) Add MS 30844,,130r,,,,Epiphania,05010600,BNSV,MASS,https://musicahispanica.eu/source/20201,,Benedicite sancti et humiles corde domino hymnum dicamus et exaltemus eum in saecula amen ,,,,,,SEMM,0
,,https://musicahispanica.eu/chant/75374,Benedicite sancti et humiles corde domino ,h00602e,*,,,GB-Lbl (London) Add MS 30844,,117r,,,,Circumcisio Domini,02010110,BNSV,MASS,https://musicahispanica.eu/source/20201,,Benedicite sancti et humiles corde domino hymnum dicite,,,,,,SEMM,0
,,https://musicahispanica.eu/chant/79741,Benedicite sancti et humiles corde domino ,h00602e,*,,,GB-Lbl (London) Add MS 30844,,040r,,,,Exspectationis BMV,14121810,BNSV,MASS,https://musicahispanica.eu/source/20201,,Benedicite sancti et humiles corde domino hymnum dicite,,,,,,SEMM,0
,,https://musicahispanica.eu/chant/79922,Benedicite sancti et humiles corde domino ,h00602e,*,,,GB-Lbl (London) Add MS 30844,,070r,,,,Nativitas Domini,02122500,BNSV,MASS,https://musicahispanica.eu/source/20201,,Benedicite sancti et humiles corde domino hymnum dicite,,,,,,SEMM,0
,,https://musicahispanica.eu/chant/80401,Benedicite sancti et humiles corde domino ,h00602e,*,,,GB-Lbl (London) Add MS 30846,,047r,,,,Octava Paschae,08021000,BNSV,MASS,https://musicahispanica.eu/source/20202,,Benedicite sancti et humiles corde domino hymnum dicite,,,,,,SEMM,0
,,https://musicahispanica.eu/chant/89397,Et non tetigit eos omnino ignis ,h00604c,,,,E-L (León) Ms 8,,297v,,,,Dom. Quotidiano,,BNSV,MASS,https://musicahispanica.eu/source/20175,,Et non tetigit eos omnino ignis neque contristabit ne quisquam moleste eis fuit,,,,,,SEMM,0
,,https://musicahispanica.eu/chant/75442,Et non tetigit eos omnino ignis ,h00604c,,,,E-Tc (Toledo) 35.4,3,169v,,,,,,BNSV,,https://musicahispanica.eu/source/20185,,Et non tetigit eos omnino ignis neque constritabit nec quicquam moleste eis intulit,,,,,,SEMM,0
,,https://musicahispanica.eu/chant/75449,Et non tetigit eos omnino ignis ,h00604c,,,,E-Tc (Toledo) 35.7,3,045r,,,,Assumptio Mariae (Hispanic rite),,BNSV,MASS,https://musicahispanica.eu/source/20188,,Et non tetigit eos omnino ignis neque constristabit nec quisquam moleste eis intulit,,,,,,SEMM,0
,,https://musicahispanica.eu/chant/79146,Benedicite sancti et humiles corde,h04367d,,,,E-L (León) Ms 8,,092r,,,,Allisionis Infantum,,BNSV,MASS,https://musicahispanica.eu/source/20175,,Benedicite sancti et humiles corde,,,,,,SEMM,0
,,https://musicahispanica.eu/chant/63795,Et benedictum nomen gloriae tuae quod ,h00602a,,,,E-L (León) Ms 8,,088r,,,,Epiphania,05010600,BNSV,MASS,https://musicahispanica.eu/source/20175,,Et benedictum nomen gloriae tuae quod est sanctum et laudabile et super exaltatum in saecula amen,,,,,,SEMM,0
,,https://musicahispanica.eu/chant/78748,Et benedictum nomen gloriae tuae quod ,h00602a,,,,E-L (León) Ms 8,,049r,,,,Leocadiae,14120920,BNSV,MASS,https://musicahispanica.eu/source/20175,,Et benedictum nomen gloriae tuae quod est sanctum et laudabile et superexaltatum in saecula,,,,,,SEMM,0
,,https://musicahispanica.eu/chant/78875,Et benedictum nomen gloriae tuae quod ,h00602a,,,,E-L (León) Ms 8,,060v,,,,Exspectationis BMV,14121810,BNSV,MASS,https://musicahispanica.eu/source/20175,,Et benedictum nomen gloriae tuae quod est sanctum et laudabile et gloriosum,,,,,,SEMM,0
,,https://musicahispanica.eu/chant/78964,Et benedictum nomen gloriae tuae quod ,h00602a,,,,E-L (León) Ms 8,,072r,,,,Nativitas Domini,02122500,BNSV,MASS,https://musicahispanica.eu/source/20175,,Et benedictum nomen gloriae tuae quod est sanctum et laudabile et superexaltatum in saecula,,,,,,SEMM,0
,,https://musicahispanica.eu/chant/79038,Et benedictum nomen gloriae tuae quod ,h00602a,,,,E-L (León) Ms 8,,081r,,,,Circumcisio Domini,02010110,BNSV,MASS,https://musicahispanica.eu/source/20175,,Et benedictum nomen gloriae tuae quod est sanctum et laudabile et superexaltatum in saecula,,,,,,SEMM,0
,,https://musicahispanica.eu/chant/74834,Benedictum nomen gloriae tuae quod est ,h00602a,,,,E-Tc (Toledo) 35.4,a,021r,,,,Octava Paschae,08021000,BNSV,MASS,https://musicahispanica.eu/source/20185,,Benedictum nomen gloriae tuae quod est sanctum et laudabile et superexaltatum in saecula,,,,,,SEMM,0
,,https://musicahispanica.eu/chant/75445,Benedictum nomen gloriae tuae quod est ,h00602a,,,,E-Tc (Toledo) 35.4,1,169v,,,,,,BNSV,,https://musicahispanica.eu/source/20185,,Benedictum nomen gloriae tuae quod est sanctum et laudabile et superexaltatum in saecula,,,,,,SEMM,0
,,https://musicahispanica.eu/chant/103517,Quia liberavit nos dominus ab inferis*,h04557h,,,,E-Tc (Toledo) 35.5,5,177v,,,,Sabbato Sancto,07067000,BNSV,V,https://musicahispanica.eu/source/20186,,Quia liberavit nos dominus ab inferis*,,,,,,SEMM,0
,,https://musicahispanica.eu/chant/103513,Benedicite omnia opera domini domino hymnum ,h04557d,,,,E-Tc (Toledo) 35.5,1,177v,,,,Sabbato Sancto,07067000,BNSV,V,https://musicahispanica.eu/source/20186,,Benedicite omnia opera domini domino hymnum dicite et superexaltate eum in saecula amen,,,,,,SEMM,0
,,https://musicahispanica.eu/chant/79596,Benedicite sacerdotes servi tui domini domino,h00602m,,,,E-Mh (Madrid) Cod. 30,,184r,,,,Allisionis Infantum,,BNSV,MASS,https://musicahispanica.eu/source/20176,,Benedicite sacerdotes servi tui domini domino,,,,,,SEMM,0
,,https://musicahispanica.eu/chant/79740,Benedicite sacerdotes servi domini domino hymnum ,h00602m,*,,,GB-Lbl (London) Add MS 30844,,040r,,,,Exspectationis BMV,14121810,BNSV,MASS,https://musicahispanica.eu/source/20201,,Benedicite sacerdotes servi domini domino hymnum dicite et superexaltate,,,,,,SEMM,0
,,https://musicahispanica.eu/chant/89400,Et benedictum nomen gloriae tuae quod ,h00602i,,,,E-L (León) Ms 8,,298r,,,,Dom. Quotidiano,,BNSV,MASS,https://musicahispanica.eu/source/20175,,Et benedictum nomen gloriae tuae quod est sanctum et laudabile et super exsaltatum in saecula amen,,,,,,SEMM,0
,,https://musicahispanica.eu/chant/79313,Et benedictum nomen gloriae tuae quod ,h00602i,,,,E-Mh (Madrid) Cod. 30,,126r,,,,Nativitas Domini,02122500,BNSV,MASS,https://musicahispanica.eu/source/20176,,Et benedictum nomen gloriae tuae quod est sanctum et laudabile et super exsaltatum in saecula amen,,,,,,SEMM,0
,,https://musicahispanica.eu/chant/79514,Et benedictum nomen gloriae tuae quod ,h00602i,,,,E-Mh (Madrid) Cod. 30,,171r,,,,Epiphania,05010600,BNSV,MASS,https://musicahispanica.eu/source/20176,,Et benedictum nomen gloriae tuae quod est sanctum et laudabile et super exsaltatum in saecula amen,,,,,,SEMM,0
,,https://musicahispanica.eu/chant/102999,Et benedictum nomen gloriae tuae quod ,h00602i,,,,E-Tc (Toledo) 35.7,1,068v,,,,Nativitas Domini,02122500,BNSV,MASS,https://musicahispanica.eu/source/20188,,Et benedictum nomen gloriae tuae quod est sanctum et laudabile et super exsaltatum in saecula amen,,,,,,SEMM,0
,,https://musicahispanica.eu/chant/75190,Et benedictum nomen gloriae tuae quod ,h00602i,*,,,GB-Lbl (London) Add MS 30844,,130r,,,,Epiphania,05010600,BNSV,MASS,https://musicahispanica.eu/source/20201,,Et benedictum nomen gloriae tuae quod est sanctum et laudabile et super exaltatum in saecula amen,,,,,,SEMM,0
,,https://musicahispanica.eu/chant/79919,Et benedictum nomen gloriae tuae quod ,h00602i,*,,,GB-Lbl (London) Add MS 30844,,069v,,,,Nativitas Domini,02122500,BNSV,MASS,https://musicahispanica.eu/source/20201,,Et benedictum nomen gloriae tuae quod est sanctum et laudabile et super exsaltatum in saecula amen,,,,,,SEMM,0
,,https://musicahispanica.eu/chant/65961,Benedictus domine deus patrum nostrorum et ,h00603a,,,,E-L (León) Ms 8,,200v,,,,Ascensio Domini,08065000,BNSV,MASS,https://musicahispanica.eu/source/20175,,Benedictus domine deus patrum nostrorum et admirabilis et super exaltatus in saecula amen,,,,,,SEMM,0
,,https://musicahispanica.eu/chant/75308,Benedictus es domine deus patrum nostrorum ,h00603a,*,,,GB-Lbl (London) Add MS 30844,,156v,,,,Ascensio Domini,08065000,BNSV,MASS,https://musicahispanica.eu/source/20201,,Benedictus es domine deus patrum nostrorum et admirabilis et superexaltatus in saecula amen,,,,,,SEMM,0
,,https://musicahispanica.eu/chant/79198,Confitemini domino quoniam bonus in saeculum ,h04371h,,,,E-L (León) Ms 8,,096r,,,,"Fructuosi, Augurii et Eulogii",,BNSV,MASS,https://musicahispanica.eu/source/20175,,Confitemini domino quoniam bonus in saeculum misericordia ejus amen,,,,,,SEMM,0
,,https://musicahispanica.eu/chant/103514,Benedicite sacerdotes domini*,h04557e,,,,E-Tc (Toledo) 35.5,2,177v,,,,Sabbato Sancto,07067000,BNSV,V,https://musicahispanica.eu/source/20186,,Benedicite sacerdotes domini*,,,,,,SEMM,0
,,https://musicahispanica.eu/chant/79521,Quia eripuit nos ab inferis et ,h00602l,,,,E-Mh (Madrid) Cod. 30,,171v,,,,Epiphania,05010600,BNSV,MASS,https://musicahispanica.eu/source/20176,,Quia eripuit nos ab inferis et de manu mortis salvabit nos et liberavit nos de medio ardentis flammae et emedio ignis eduxit nos confitemini domino quoniam bonus laudate et superexaltate eum in saecula saeculorum amen,,,,,,SEMM,0
,,https://musicahispanica.eu/chant/75196,Quia eripuit nos ab inferis et ,h00602l,*,,,GB-Lbl (London) Add MS 30844,,130r,,,,Epiphania,05010600,BNSV,MASS,https://musicahispanica.eu/source/20201,,Quia eripuit nos ab inferis et de manu mortis salvavit nos et liberavit nos de medio ardentis flammae et emedio ignis eduxit nos confitemini domino quoniam bonus laudate et super exaltate eum in saecula saeculorum amen,,,,,,SEMM,0
,,https://musicahispanica.eu/chant/88524,Benedictus es in solidamento caeli et ,h00603d,,,,E-L (León) Ms 8,,200v,,,,Ascensio Domini,08065000,BNSV,MASS,https://musicahispanica.eu/source/20175,,Benedictus es in solidamento caeli et laudabilis et gloriosus in saecula amen,,,,,,SEMM,0
,,https://musicahispanica.eu/chant/75311,Benedictus es in solidamento caeli et ,h00603d,*,,,GB-Lbl (London) Add MS 30844,,156v,,,,Ascensio Domini,08065000,BNSV,MASS,https://musicahispanica.eu/source/20201,,Benedictus es in solidamento caeli et laudabilis et gloriosus in saecula amen ,,,,,,SEMM,0
,,https://musicahispanica.eu/chant/79101,Benedicite filii hominum domino*,h00602h,,,,E-L (León) Ms 8,,088r,,,,Epiphania,05010600,BNSV,MASS,https://musicahispanica.eu/source/20175,,Benedicite filii hominum domino*,,,,,,SEMM,0
,,https://musicahispanica.eu/chant/79517,Benedicite filii hominum [domino] ,h00602h,,,,E-Mh (Madrid) Cod. 30,,171r,,,,Epiphania,05010600,BNSV,MASS,https://musicahispanica.eu/source/20176,,Benedicite filii hominum [domino] ,,,,,,SEMM,0
,,https://musicahispanica.eu/chant/91802,Benedicite filii hominum domino,h00602h,,,,E-Tc (Toledo) 35.6,,079v,,,,De Sancta Cruce,15011000,BNSV,MASS,https://musicahispanica.eu/source/20187,,Benedicite filii hominum domino,,,,,,SEMM,0
,,https://musicahispanica.eu/chant/75192,Benedicite filii hominum domino hymnum dicamus ,h00602h,*,,,GB-Lbl (London) Add MS 30844,,130r,,,,Epiphania,05010600,BNSV,MASS,https://musicahispanica.eu/source/20201,,Benedicite filii hominum domino hymnum dicamus et super exaltemus eum in saecula amen,,,,,,SEMM,0
,,https://musicahispanica.eu/chant/45359,Benedictus es domine deus patrum nostrorum ,h04557a,,,,E-Tc (Toledo) 35.5,,177v,,,,Sabbato Sancto,07067000,BNS,V,https://musicahispanica.eu/source/20186,,Benedictus es domine deus patrum nostrorum et laudabilis et superexaltatus in saecula amen,,,,,,SEMM,0
,,https://musicahispanica.eu/chant/79195,Benedicite sancti et humiles corde domino,h04371e,,,,E-L (León) Ms 8,,096r,,,,"Fructuosi, Augurii et Eulogii",,BNSV,MASS,https://musicahispanica.eu/source/20175,,Benedicite sancti et humiles corde domino,,,,,,SEMM,0
,,https://musicahispanica.eu/chant/79143,Benedicat te omnis creatura tua domine ,h04367a,,,,E-L (León) Ms 8,,092r,,,,Allisionis Infantum,,BNSV,MASS,https://musicahispanica.eu/source/20175,,Benedicat te omnis creatura tua domine amen,,,,,,SEMM,0
,,https://musicahispanica.eu/chant/88531,Quia liberavit nos ab inferis et ,h00603l,,,,E-L (León) Ms 8,,200v,,,,Ascensio Domini,08065000,BNSV,MASS,https://musicahispanica.eu/source/20175,,Quia liberavit nos ab inferis et de manu mortis salvabit nos et eripuit nos de medio ardentis flammae et emedio igni eduxit nos confitemini domino quoniam bonus quoniam in saeculum misericordia ejus amen,,,,,,SEMM,0
,,https://musicahispanica.eu/chant/65525,Benedicte sacerdotes servi domini domino,h00602d,,,,E-L (León) Ms 8,,176v,,,,Dom. Resurrectionis,08011000,BNSV,MASS,https://musicahispanica.eu/source/20175,,Benedicte sacerdotes servi domini domino,,,,,,SEMM,0
,,https://musicahispanica.eu/chant/78750,Benedicite sacerdotes servi domini domino ,h00602d,,,,E-L (León) Ms 8,,049r,,,,Leocadiae,14120920,BNSV,MASS,https://musicahispanica.eu/source/20175,,Benedicite sacerdotes servi domini domino ,,,,,,SEMM,0
,,https://musicahispanica.eu/chant/78877,Benedicite sacerdotes servi domini domino ,h00602d,,,,E-L (León) Ms 8,,060v,,,,Exspectationis BMV,14121810,BNSV,MASS,https://musicahispanica.eu/source/20175,,Benedicite sacerdotes servi domini domino ,,,,,,SEMM,0
,,https://musicahispanica.eu/chant/78962,Benedicite sacerdotes servi domini domino ,h00602d,,,,E-L (León) Ms 8,,072r,,,,Nativitas Domini,02122500,BNSV,MASS,https://musicahispanica.eu/source/20175,,Benedicite sacerdotes servi domini domino ,,,,,,SEMM,0
,,https://musicahispanica.eu/chant/79042,Benedicite sacerdotes servi domino ,h00602d,,,,E-L (León) Ms 8,,081v,,,,Circumcisio Domini,02010110,BNSV,MASS,https://musicahispanica.eu/source/20175,,Benedicite sacerdotes servi domino ,,,,,,SEMM,0
,,https://musicahispanica.eu/chant/79102,Benedicite sacerdotes servi domini domino ,h00602d,,,,E-L (León) Ms 8,,088r,,,,Epiphania,05010600,BNSV,MASS,https://musicahispanica.eu/source/20175,,Benedicite sacerdotes servi domini domino ,,,,,,SEMM,0
,,https://musicahispanica.eu/chant/79270,Benedicite sacerdotes servi domini domino ,h00602d,,,,E-L (León) Ms 8,,107v,,,,Carnes Tollendas,,BNSV,MASS,https://musicahispanica.eu/source/20175,,Benedicite sacerdotes servi domini domino ,,,,,,SEMM,0
,,https://musicahispanica.eu/chant/88320,Benedicite sacerdotes servi domini domino ,h00602d,,,,E-L (León) Ms 8,,175r,,,,Sabbato Sancto,07067000,BNSV,N,https://musicahispanica.eu/source/20175,,Benedicite sacerdotes servi domini domino ,,,,,,SEMM,0
,,https://musicahispanica.eu/chant/89403,Benedicite sacerdotes domini domino ,h00602d,,,,E-L (León) Ms 8,,298r,,,,Dom. Quotidiano,,BNSV,MASS,https://musicahispanica.eu/source/20175,,Benedicite sacerdotes domini domino ,,,,,,SEMM,0
,,https://musicahispanica.eu/chant/89412,Benedicite sacerdotes  domini domino ,h00602d,,,,E-L (León) Ms 8,,298r,,,,Dom. Quotidiano,,BNSV,MASS,https://musicahispanica.eu/source/20175,,Benedicite sacerdotes  domini domino ,,,,,,SEMM,0
,,https://musicahispanica.eu/chant/89417,Benedicite sacerdotes servi domini domino ,h00602d,,,,E-L (León) Ms 8,,298v,,,,Dom. Quotidiano,,BNSV,MASS,https://musicahispanica.eu/source/20175,,Benedicite sacerdotes servi domini domino ,,,,,,SEMM,0
,,https://musicahispanica.eu/chant/89421,Benedicite sacerdotes servi domini,h00602d,,,,E-L (León) Ms 8,,298v,,,,Dom. Quotidiano,,BNSV,MASS,https://musicahispanica.eu/source/20175,,Benedicite sacerdotes servi domini,,,,,,SEMM,0
,,https://musicahispanica.eu/chant/89426,Benedicite sacerdotes servi domini domino ,h00602d,,,,E-L (León) Ms 8,,298v,,,,Dom. Quotidiano,,BNSV,MASS,https://musicahispanica.eu/source/20175,,Benedicite sacerdotes servi domini domino ,,,,,,SEMM,0
,,https://musicahispanica.eu/chant/89431,Benedicite sacerdotes servi domini domino ,h00602d,,,,E-L (León) Ms 8,,298v,,,,Dom. Quotidiano,,BNSV,MASS,https://musicahispanica.eu/source/20175,,Benedicite sacerdotes servi domini domino ,,,,,,SEMM,0
,,https://musicahispanica.eu/chant/89436,Benedicite sacerdotes servi domini domino ,h00602d,,,,E-L (León) Ms 8,,298v,,,,Dom. Quotidiano,,BNSV,MASS,https://musicahispanica.eu/source/20175,,Benedicite sacerdotes servi domini domino ,,,,,,SEMM,0
,,https://musicahispanica.eu/chant/89441,Benedicite sacerdotes servi domini domino ,h00602d,,,,E-L (León) Ms 8,,299r,,,,Dom. Quotidiano,,BNSV,MASS,https://musicahispanica.eu/source/20175,,Benedicite sacerdotes servi domini domino ,,,,,,SEMM,0
,,https://musicahispanica.eu/chant/89446,Benedicite sacerdotes domini domino ,h00602d,,,,E-L (León) Ms 8,,299r,,,,Dom. Quotidiano,,BNSV,MASS,https://musicahispanica.eu/source/20175,,Benedicite sacerdotes domini domino ,,,,,,SEMM,0
,,https://musicahispanica.eu/chant/89450,Benedicite sacerdotes servi domini domino ,h00602d,,,,E-L (León) Ms 8,,299r,,,,Dom. Quotidiano,,BNSV,MASS,https://musicahispanica.eu/source/20175,,Benedicite sacerdotes servi domini domino ,,,,,,SEMM,0
,,https://musicahispanica.eu/chant/89455,Benedicite sacerdotes servi domini domino ,h00602d,,,,E-L (León) Ms 8,,299r,,,,Dom. Quotidiano,,BNSV,MASS,https://musicahispanica.eu/source/20175,,Benedicite sacerdotes servi domini domino ,,,,,,SEMM,0
,,https://musicahispanica.eu/chant/89460,Benedicite sacerdotes servi domini domino ,h00602d,,,,E-L (León) Ms 8,,299v,,,,Dom. Quotidiano,,BNSV,MASS,https://musicahispanica.eu/source/20175,,Benedicite sacerdotes servi domini domino ,,,,,,SEMM,0
,,https://musicahispanica.eu/chant/89465,Benedicite sacerdotes servi domini domino ,h00602d,,,,E-L (León) Ms 8,,299v,,,,Dom. Quotidiano,,BNSV,MASS,https://musicahispanica.eu/source/20175,,Benedicite sacerdotes servi domini domino ,,,,,,SEMM,0
,,https://musicahispanica.eu/chant/89470,Benedicite sacerdotes servi domini domino ,h00602d,,,,E-L (León) Ms 8,,299v,,,,Dom. Quotidiano,,BNSV,MASS,https://musicahispanica.eu/source/20175,,Benedicite sacerdotes servi domini domino ,,,,,,SEMM,0
,,https://musicahispanica.eu/chant/89475,Benedicite sacerdotes servi domini domino ,h00602d,,,,E-L (León) Ms 8,,299v,,,,Dom. Quotidiano,,BNSV,MASS,https://musicahispanica.eu/source/20175,,Benedicite sacerdotes servi domini domino ,,,,,,SEMM,0
,,https://musicahispanica.eu/chant/72153,Benedicite sacerdotes servi domini domino hymnum,h00602d,*,,,E-Mh (Madrid) Cod. 30,,065r,,,,Leocadiae,14120920,BNSV,MASS,https://musicahispanica.eu/source/20176,,Benedicite sacerdotes servi domini domino hymnum,,,,,,SEMM,0
,,https://musicahispanica.eu/chant/79315,Benedicite sacerdotes et servi domini domino ,h00602d,,,,E-Mh (Madrid) Cod. 30,,126v,,,,Nativitas Domini,02122500,BNSV,MASS,https://musicahispanica.eu/source/20176,,Benedicite sacerdotes et servi domini domino hymnum,,,,,,SEMM,0
,,https://musicahispanica.eu/chant/79397,Benedicite sacerdotes servi domini domino hymnum,h00602d,,,,E-Mh (Madrid) Cod. 30,,155r,,,,Circumcisio Domini,02010110,BNSV,MASS,https://musicahispanica.eu/source/20176,,Benedicite sacerdotes servi domini domino hymnum,,,,,,SEMM,0
,,https://musicahispanica.eu/chant/79518,Benecite sacerdotes servi domini domino hymnum,h00602d,,,,E-Mh (Madrid) Cod. 30,,171v,,,,Epiphania,05010600,BNSV,MASS,https://musicahispanica.eu/source/20176,,Benecite sacerdotes servi domini domino hymnum,,,,,,SEMM,0
,,https://musicahispanica.eu/chant/79761,Benedicite sacerdotes servi domini domino hymnum ,h00602d,,,,E-Mh (Madrid) Cod. 30,,097v,,,,Assumptio Mariae (Hispanic rite),,BNSV,MASS,https://musicahispanica.eu/source/20176,,Benedicite sacerdotes servi domini domino hymnum ,,,,,,SEMM,0
,,https://musicahispanica.eu/chant/71684,Benedicite sacerdotes servi domini domino,h00602d,,,,E-Tc (Toledo) 35.4,4,170r,,,,,,BNSV,,https://musicahispanica.eu/source/20185,,Benedicite sacerdotes servi domini domino,,,,,,SEMM,0
,,https://musicahispanica.eu/chant/74839,Benedicite sacerdotes domini domino,h00602d,,,,E-Tc (Toledo) 35.4,d,021r,,,,Octava Paschae,08021000,BNSV,MASS,https://musicahispanica.eu/source/20185,,Benedicite sacerdotes domini domino,,,,,,SEMM,0
,,https://musicahispanica.eu/chant/91803,Benedicite sacerdotes servi domini domino ,h00602d,*,,,E-Tc (Toledo) 35.6,,079v,,,,De Sancta Cruce,15011000,BNSV,MASS,https://musicahispanica.eu/source/20187,,Benedicite sacerdotes servi domini domino ,,,,,,SEMM,0
,,https://musicahispanica.eu/chant/103002,Benedicite sacerdotes servi domini domino,h00602d,,,,E-Tc (Toledo) 35.7,3,068v,,,,Nativitas Domini,02122500,BNSV,MASS,https://musicahispanica.eu/source/20188,,Benedicite sacerdotes servi domini domino,,,,,,SEMM,0
,,https://musicahispanica.eu/chant/103052,Benedicite sacerdotes  domini domino,h00602d,,,,E-Tc (Toledo) 35.7,3,101v,,,,Circumcisio Domini,02010110,BNSV,MASS,https://musicahispanica.eu/source/20188,,Benedicite sacerdotes  domini domino,,,,,,SEMM,0
,,https://musicahispanica.eu/chant/80107,Benedicite sacerdotes servi domini domino,h00602d,,,,E-Tc (Toledo) 35.7,3,036v,,,,Assumptio Mariae (Hispanic rite),,BNSV,MASS,https://musicahispanica.eu/source/20188,,Benedicite sacerdotes servi domini domino,,,,,,SEMM,0
,,https://musicahispanica.eu/chant/84211,Benedicite sacerdotes servi domini domino hymnum,h00602d,,,,E-Zfm (Zaragoza) Ms-418,,003v,,,,Vincentii,14012200,BNSV,MASS,https://musicahispanica.eu/source/20192,,Benedicite sacerdotes servi domini domino hymnum,,,,,,SEMM,0
,,https://musicahispanica.eu/chant/75193,Benecite sacerdotes servi domini domino hymnun ,h00602d,*,,,GB-Lbl (London) Add MS 30844,,130r,,,,Epiphania,05010600,BNSV,MASS,https://musicahispanica.eu/source/20201,,Benecite sacerdotes servi domini domino hymnun dicamus et super exaltemus eum in saecula amen,,,,,,SEMM,0
,,https://musicahispanica.eu/chant/75373,Benedicite sacerdotes servi domini domino hymnum ,h00602d,*,,,GB-Lbl (London) Add MS 30844,,117r,,,,Circumcisio Domini,02010110,BNSV,MASS,https://musicahispanica.eu/source/20201,,Benedicite sacerdotes servi domini domino hymnum dicite,,,,,,SEMM,0
,,https://musicahispanica.eu/chant/79921,Benedicite sacerdotes et servi domini domino ,h00602d,*,,,GB-Lbl (London) Add MS 30844,,070r,,,,Nativitas Domini,02122500,BNSV,MASS,https://musicahispanica.eu/source/20201,,Benedicite sacerdotes et servi domini domino hymnum dicite,,,,,,SEMM,0
,,https://musicahispanica.eu/chant/80400,Benedicite sacerdotes servi domini domino hymnum ,h00602d,*,,,GB-Lbl (London) Add MS 30846,,047r,,,,Octava Paschae,08021000,BNSV,MASS,https://musicahispanica.eu/source/20202,,Benedicite sacerdotes servi domini domino hymnum dicite,,,,,,SEMM,0
,,https://musicahispanica.eu/chant/89396,Et excussit flammam ignis de fornace ,h00604b,,,,E-L (León) Ms 8,,297v,,,,Dom. Quotidiano,,BNSV,MASS,https://musicahispanica.eu/source/20175,,Et excussit flammam ignis de fornace et fecit medium fornacis tamquam spiritum roris flantis ,,,,,,SEMM,0
,,https://musicahispanica.eu/chant/75441,Et excussit flammam ignis de fornace ,h00604b,,,,E-Tc (Toledo) 35.4,2,169v,,,,,,BNSV,,https://musicahispanica.eu/source/20185,,Et excussit flammam ignis de fornace et fecit medium fornacis tamquam spiritum roris flante,,,,,,SEMM,0
,,https://musicahispanica.eu/chant/75448,Et excussit flammam ignis de fornace ,h00604b,,,,E-Tc (Toledo) 35.7,2,045r,,,,Assumptio Mariae (Hispanic rite),,BNSV,MASS,https://musicahispanica.eu/source/20188,,Et excussit flammam ignis de fornace et fecit medium fornacis tamquam spiritum roris flantis,,,,,,SEMM,0
,,https://musicahispanica.eu/chant/79191,Benedictus es domine deus patrum nostrorum ,h04371a,,,,E-L (León) Ms 8,,096r,,,,"Fructuosi, Augurii et Eulogii",,BNSV,MASS,https://musicahispanica.eu/source/20175,,Benedictus es domine deus patrum nostrorum et laudabilis et gloriosus in saecula amen,,,,,,SEMM,0
,,https://musicahispanica.eu/chant/79151,Benedicite Ananias Azarias et Misael domino,h04367e,,,,E-L (León) Ms 8,,092v,,,,Allisionis Infantum,,BNSV,MASS,https://musicahispanica.eu/source/20175,,Benedicite Ananias Azarias et Misael domino,,,,,,SEMM,0
