id,corpus_id,chantlink,incipit,cantus_id,mode,finalis,differentia,siglum,position,folio,sequence,marginalia,cao_concordances,feast,feast_code,genre,office,srclink,melody_id,full_text,full_text_manuscript,volpiano,notes,dataset_name,dataset_idx,db,image_link
,,https://cantusbohemiae.cz/chant/6246,Date magnitudinem Deo nostro Deus vera ,g00993,,,,CZ-Pn (Praha) XIV D 12,,188r,,,,Sabbato Sancto,07067000,CaV,MASS,https://cantusbohemiae.cz/source/4807,,Date magnitudinem Deo nostro Deus vera opera ejus et omnes viae ejus judicia,,,,,,FCB,
,,https://cantusbohemiae.cz/chant/8917,Date magnitudinem Deo nostro Deus vera ,g00993,,,,CZ-R (Rajhrad) R 396,,050r,,,,Sabbato Sancto,07067000,CaV,MASS,https://cantusbohemiae.cz/source/7157,,Date magnitudinem Deo nostro Deus vera opera ejus et omnes viae ejus judicia,,,,,,FCB,
,,https://cantusbohemiae.cz/chant/20521,Date magnitudinem Deo nostro Deus vera ,g00993,,,,CZ-R (Rajhrad) R 418,,053r,,,,Sabbato Sancto,07067000,CaV,MASS,https://cantusbohemiae.cz/source/11622,,Date magnitudinem Deo nostro Deus vera opera ejus et omnes viae ejus judicia,,,,,,FCB,
,,https://pemdatabase.eu/musical-item/59296,Date magnitudinem Deo nostro Deus vera ,g00993,8,,,"E-SAu (Salamanca) Universidad, Archivo y Biblioteca Ms 2637",,098r,,,,Sabbato Sancto,07067000,CaV,MI,https://pemdatabase.eu/source/48357,,,,,,,,PEM,https://pemdatabase.eu/gallery-item/8950
,,http://musmed.eu/chant/19296,Date magnitudinem Deo nostro Deus verax ,g00993,,,,F-LA Ms 239,,051v,,,,Sabbato Sancto,07067000,CaV,,http://musmed.eu/source/11599,,Date magnitudinem Deo nostro Deus verax opera ejus et omnes viae ejus judicia,,,,,,MMMO,https://bibliotheque-numerique.ville-laon.fr/viewer/1457/?offset=1#page=110&viewer=picture&o=bookmarks&n=0&q=
,,http://musmed.eu/chant/117050,Date magnitudinem Deo nostro Deus vera ,g00993,,,,F-Pn Lat. 17436,,017v,,,,Sabbato Sancto,07067000,CaV,,http://musmed.eu/source/13502,,Date magnitudinem Deo nostro Deus vera opera ejus et omnes viae ejus judicia,,,,,,MMMO,https://gallica.bnf.fr/ark:/12148/btv1b8426787t/f40.item.zoom
,,http://musmed.eu/chant/157224,Date magnitudinem Deo nostro Deus vera ,g00993,,,,I-Ra Ms 1383,,079r,,,,Sabbato Sancto,07067000,CaV,,http://musmed.eu/source/157182,,Date magnitudinem Deo nostro Deus vera opera ejus et omnes viae ejus judicia,,,,,,MMMO,https://www.internetculturale.it/jmms/iccuviewer/iccu.jsp?id=oai%3Awww.internetculturale.sbn.it%2FTeca%3A20%3ANT0000%3AN%3ACNMD0000306636&mode=all&teca=MagTeca+-+ICCU&viewType=onepage&mediaType=image&objectIndex=162
,,http://musmed.eu/chant/237651,Date magnitudinem Deo nostro Deus vera ,g00993,,,,I-Tn G.V.20,,095v,,,,Sabbato Sancto,07067000,CaV,,http://musmed.eu/source/236017,,Date magnitudinem Deo nostro Deus vera opera ejus et omnes viae ejus judicia,,,,,,MMMO,https://musmed.eu/visualiseur-iiif?manifest=https%3A%2F%2Fiiif.diamm.net%2Fmanifests%2FI-Tn-G-V-20%2Fmanifest.json&page=189&brightness=100&contrast=100&saturation=100&sepia=0&grayscale=0&blur=0&invert=1
,,https://pemdatabase.eu/musical-item/54641,Date magnitudinem Deo nostro Deus vera ,g00993,8,,,P-Ln (Lisboa) Biblioteca Nacional de Portugal Iluminado 084,,125v,,,,"Pent., vig.",,CaV,MI,https://pemdatabase.eu/source/52642,,,,,,,,PEM,https://pemdatabase.eu/gallery-item/17983
,,https://pemdatabase.eu/musical-item/104948,Exspectetur sicut pluvia eloquium meum et,g00991.1,8,,,P-G (Guimarães) Arquivo Municipal Alfredo Pimenta C 1508,,027v,,,,Sabbato Sancto,07067000,CaV,MI,https://pemdatabase.eu/source/49684,,,,,,,,PEM,https://pemdatabase.eu/gallery-item/15486
,,https://pemdatabase.eu/musical-item/113303,Exspectetur sicut pluvia eloquium meum et,g00991.1,8,,,P-VV (Vila Viçosa) Biblioteca do Palácio Real A.M. D-008,,168r,,,,Sabbato Sancto,07067000,CaV,MI,https://pemdatabase.eu/source/78886,,,,,,,,PEM,https://pemdatabase.eu/gallery-item/12928
,,https://pemdatabase.eu/musical-item/112256,Exspectetur sicut pluvia eloquium meum et,g00991.1,8,,,P-VV (Vila Viçosa) Biblioteca do Palácio Real A.M. D-010,,041r,,,,"Pent., vig.",,CaV,MI,https://pemdatabase.eu/source/78887,,,,,,,,PEM,https://pemdatabase.eu/gallery-item/12711
,,https://cantusdatabase.org/chant/642405,Dominus conterens bella dominus nomen,g00984b,8,,,CH-P 18,02,193,,,,Sabbato Sancto,07067000,TcV,MI,https://cantusdatabase.org/source/638308,,Dominus conterens bella dominus nomen est illi,,1---ghk--k--k---k--k--k---klkjg-hgh-jkjh-jkh--ghg7---hg-hk--gh--gf---fh-kkl--k---k---k--kjkhg-gg-hg-gfg-kk-klkjhg-gghgf-hkh-jh-hg77---4,,,,CD,http://www.e-codices.unifr.ch/en/bcj/0018/193
,,https://cantusbohemiae.cz/chant/13065,Dominus conterens bella Dominus nomen est ,g00984b,8,,,CZ-Pn (Praha) XIII B 2,,084,,,,Sabbato Sancto,07067000,CaV,MASS,https://cantusbohemiae.cz/source/11621,,Dominus conterens bella Dominus nomen est illi,,,,,,FCB,
,,https://cantusbohemiae.cz/chant/6239,Dominus conterens bella Dominus nomen est ,g00984b,,,,CZ-Pn (Praha) XIV D 12,,187r,,,,Sabbato Sancto,07067000,CaV,MASS,https://cantusbohemiae.cz/source/4807,,Dominus conterens bella Dominus nomen est illi,,,,,,FCB,
,,https://cantusbohemiae.cz/chant/13863,Dominus conterens bella Dominus nomen est ,g00984b,8,,,CZ-Pu (Praha) XIII A 5c,,115v,,,,Sabbato Sancto,07067000,CaV,MASS,https://cantusbohemiae.cz/source/11620,,Dominus conterens bella Dominus nomen est illi,,,,,,FCB,
,,https://cantusbohemiae.cz/chant/20514,Dominus conterens bella Dominus nomen est ,g00984b,,,,CZ-R (Rajhrad) R 418,,052v,,,,Sabbato Sancto,07067000,CaV,MASS,https://cantusbohemiae.cz/source/11622,,Dominus conterens bella Dominus nomen est illi,,,,,,FCB,
,,https://pemdatabase.eu/musical-item/59289,Dominus conterens bella dominus nomen est,g00984b,8,,,"E-SAu (Salamanca) Universidad, Archivo y Biblioteca Ms 2637",,097r,,,,Sabbato Sancto,07067000,CaV,MI,https://pemdatabase.eu/source/48357,,,,,,,,PEM,https://pemdatabase.eu/gallery-item/8948
,,http://musmed.eu/chant/19289,Dominus conterens bella Dominus nomen est ,g00984b,,,,F-LA Ms 239,,051r,,,,Sabbato Sancto,07067000,CaV,,http://musmed.eu/source/11599,,Dominus conterens bella Dominus nomen est illi,,,,,,MMMO,https://bibliotheque-numerique.ville-laon.fr/viewer/1457/?offset=1#page=109&viewer=picture&o=bookmarks&n=0&q=
,,http://musmed.eu/chant/116946,Deus conterens bella dominus nomen est ,g00984b,,,,F-Pn Lat. 12050,,010r,,,,Sabbato Sancto,07067000,CaV,MASS,http://musmed.eu/source/13374,,Deus conterens bella dominus nomen est illi,,,,,,MMMO,https://gallica.bnf.fr/ark:/12148/btv1b8426782r/f23.item.zoom
,,http://musmed.eu/chant/38929,Dominus conterens bella Dominus nomen est ,g00984b,8,,,F-Pn NAL 01414,,047v,,,,Sabbato Sancto,07067000,CaV,MASS,http://musmed.eu/source/28426,,Dominus conterens bella Dominus nomen est illi,,,,,,MMMO,https://gallica.bnf.fr/ark:/12148/btv1b525113345/f100.image
,,http://musmed.eu/chant/237642,Dominus conterens bella dominus nomen est ,g00984b,,,,I-Tn G.V.20,,095r,,,,Sabbato Sancto,07067000,CaV,,http://musmed.eu/source/236017,,Dominus conterens bella dominus nomen est illi,,,,,,MMMO,https://musmed.eu/visualiseur-iiif?manifest=https%3A%2F%2Fiiif.diamm.net%2Fmanifests%2FI-Tn-G-V-20%2Fmanifest.json&page=188&brightness=100&contrast=100&saturation=100&sepia=0&grayscale=0&blur=0&invert=1
,,https://pemdatabase.eu/musical-item/104932,Dominus conterens bella dominus nomen est,g00984b,8,,,P-G (Guimarães) Arquivo Municipal Alfredo Pimenta C 1508,,026v,,,,Sabbato Sancto,07067000,CaV,MI,https://pemdatabase.eu/source/49684,,,,,,,,PEM,https://pemdatabase.eu/gallery-item/15485
,,https://pemdatabase.eu/musical-item/54299,Dominus conterens bella Dominus nomen est,g00984b,8,,,P-Ln (Lisboa) Biblioteca Nacional de Portugal Iluminado 084,,102r,,,,Sabbato Sancto,07067000,CaV,MI,https://pemdatabase.eu/source/52642,,,,,,,,PEM,https://pemdatabase.eu/gallery-item/17938
,,https://cantusbohemiae.cz/chant/6245,Et sicut nix super fenum quia ,g00992,,,,CZ-Pn (Praha) XIV D 12,,188r,,,,Sabbato Sancto,07067000,CaV,MASS,https://cantusbohemiae.cz/source/4807,,Et sicut nix super fenum quia nomen domini invocabo,,,,,,FCB,
,,https://cantusbohemiae.cz/chant/8916,Et sicut nix super fenum quia ,g00992,,,,CZ-R (Rajhrad) R 396,,050r,,,,Sabbato Sancto,07067000,CaV,MASS,https://cantusbohemiae.cz/source/7157,,Et sicut nix super fenum quia nomen domini invocabo,,,,,,FCB,
,,https://cantusbohemiae.cz/chant/20520,Et sicut nix super fenum quia ,g00992,,,,CZ-R (Rajhrad) R 418,,053r,,,,Sabbato Sancto,07067000,CaV,MASS,https://cantusbohemiae.cz/source/11622,,Et sicut nix super fenum quia nomen domini invocabo,,,,,,FCB,
,,https://pemdatabase.eu/musical-item/59295,Et sicut nix super fenum quia ,g00992,8,,,"E-SAu (Salamanca) Universidad, Archivo y Biblioteca Ms 2637",,098r,,,,Sabbato Sancto,07067000,CaV,MI,https://pemdatabase.eu/source/48357,,,,,,,,PEM,https://pemdatabase.eu/gallery-item/8950
,,http://musmed.eu/chant/19295,Et sicut nix super fenum quia ,g00992,,,,F-LA Ms 239,,051v,,,,Sabbato Sancto,07067000,CaV,,http://musmed.eu/source/11599,,Et sicut nix super fenum quia nomen domini invocabo,,,,,,MMMO,https://bibliotheque-numerique.ville-laon.fr/viewer/1457/?offset=1#page=110&viewer=picture&o=bookmarks&n=0&q=
,,http://musmed.eu/chant/157223,Et sicut nix super fenum quia ,g00992,,,,I-Ra Ms 1383,,078v,,,,Sabbato Sancto,07067000,CaV,,http://musmed.eu/source/157182,,Et sicut nix super fenum quia nomen domini invocabo,,,,,,MMMO,https://www.internetculturale.it/jmms/iccuviewer/iccu.jsp?id=oai%3Awww.internetculturale.sbn.it%2FTeca%3A20%3ANT0000%3AN%3ACNMD0000306636&mode=all&teca=MagTeca+-+ICCU&viewType=onepage&mediaType=image&objectIndex=161
,,http://musmed.eu/chant/237650,Et sicut nix super fenum quia ,g00992,,,,I-Tn G.V.20,,095v,,,,Sabbato Sancto,07067000,CaV,,http://musmed.eu/source/236017,,Et sicut nix super fenum quia nomen domini invocabo,,,,,,MMMO,https://musmed.eu/visualiseur-iiif?manifest=https%3A%2F%2Fiiif.diamm.net%2Fmanifests%2FI-Tn-G-V-20%2Fmanifest.json&page=189&brightness=100&contrast=100&saturation=100&sepia=0&grayscale=0&blur=0&invert=1
,,https://pemdatabase.eu/musical-item/43428,Et sicut nix super fenum quia ,g00992,?,,,"P-BRad (Braga) Arquivo Distrital Pasta de fragmentos, 048",,B,,,,Sabbato Sancto,07067000,CaV,,https://pemdatabase.eu/source/47204,,,,,,,,PEM,https://pemdatabase.eu/gallery-item/14541
,,https://pemdatabase.eu/musical-item/54640,Et sicut nix super fenum quia,g00992,8,,,P-Ln (Lisboa) Biblioteca Nacional de Portugal Iluminado 084,,125r,,,,"Pent., vig.",,CaV,MI,https://pemdatabase.eu/source/52642,,,,,,,,PEM,https://pemdatabase.eu/gallery-item/17982
,,https://cantusbohemiae.cz/chant/13072,Deus fidelis in quo non est ,g00994,8,,,CZ-Pn (Praha) XIII B 2,,086,,,,Sabbato Sancto,07067000,CaV,MASS,https://cantusbohemiae.cz/source/11621,,Deus fidelis in quo non est iniquitas justus et sanctus Dominus,,,,,,FCB,
,,https://cantusbohemiae.cz/chant/6247,Deus fidelis in quo non est ,g00994,,,,CZ-Pn (Praha) XIV D 12,,188r,,,,Sabbato Sancto,07067000,CaV,MASS,https://cantusbohemiae.cz/source/4807,,Deus fidelis in quo non est iniquitas justus et sanctus Dominus,,,,,,FCB,
,,https://cantusbohemiae.cz/chant/13865,Deus fidelis in quo non est ,g00994,8,,,CZ-Pu (Praha) XIII A 5c,,116r,,,,Sabbato Sancto,07067000,CaV,MASS,https://cantusbohemiae.cz/source/11620,,Deus fidelis in quo non est iniquitas justus et sanctus Dominus,,,,,,FCB,
,,https://cantusbohemiae.cz/chant/8918,Deus fidelis in quo non est ,g00994,,,,CZ-R (Rajhrad) R 396,,050r,,,,Sabbato Sancto,07067000,CaV,MASS,https://cantusbohemiae.cz/source/7157,,Deus fidelis in quo non est iniquitas justus et sanctus Dominus,,,,,,FCB,
,,https://cantusbohemiae.cz/chant/20522,Deus fidelis in quo non est ,g00994,,,,CZ-R (Rajhrad) R 418,,053r,,,,Sabbato Sancto,07067000,CaV,MASS,https://cantusbohemiae.cz/source/11622,,Deus fidelis in quo non est iniquitas justus et sanctus Dominus,,,,,,FCB,
,,https://pemdatabase.eu/musical-item/59297,Deus fidelis in quo non est ,g00994,8,,,"E-SAu (Salamanca) Universidad, Archivo y Biblioteca Ms 2637",,098r,,,,Sabbato Sancto,07067000,CaV,MI,https://pemdatabase.eu/source/48357,,,,,,,,PEM,https://pemdatabase.eu/gallery-item/8950
,,http://musmed.eu/chant/19297,Deus fidelis in quo non est ,g00994,,,,F-LA Ms 239,,051v,,,,Sabbato Sancto,07067000,CaV,,http://musmed.eu/source/11599,,Deus fidelis in quo non est iniquitas justus et sanctus Dominus,,,,,,MMMO,https://bibliotheque-numerique.ville-laon.fr/viewer/1457/?offset=1#page=110&viewer=picture&o=bookmarks&n=0&q=
,,http://musmed.eu/chant/117051,Deus fidelis in quo non est ,g00994,,,,F-Pn Lat. 17436,,017v,,,,Sabbato Sancto,07067000,CaV,,http://musmed.eu/source/13502,,Deus fidelis in quo non est iniquitas justus et sanctus Dominus,,,,,,MMMO,https://gallica.bnf.fr/ark:/12148/btv1b8426787t/f40.item.zoom
,,http://musmed.eu/chant/157225,Deus fidelis in quo non est ,g00994,,,,I-Ra Ms 1383,,079r,,,,Sabbato Sancto,07067000,CaV,,http://musmed.eu/source/157182,,Deus fidelis in quo non est iniquitas justus et sanctus Dominus,,,,,,MMMO,https://www.internetculturale.it/jmms/iccuviewer/iccu.jsp?id=oai%3Awww.internetculturale.sbn.it%2FTeca%3A20%3ANT0000%3AN%3ACNMD0000306636&mode=all&teca=MagTeca+-+ICCU&viewType=onepage&mediaType=image&objectIndex=162
,,http://musmed.eu/chant/237652,Deus fidelis in quo non est ,g00994,,,,I-Tn G.V.20,,096r,,,,Sabbato Sancto,07067000,CaV,,http://musmed.eu/source/236017,,Deus fidelis in quo non est iniquitas justus et sanctus Dominus,,,,,,MMMO,https://musmed.eu/visualiseur-iiif?manifest=https%3A%2F%2Fiiif.diamm.net%2Fmanifests%2FI-Tn-G-V-20%2Fmanifest.json&page=190&brightness=100&contrast=100&saturation=100&sepia=0&grayscale=0&blur=0&invert=1
,,https://pemdatabase.eu/musical-item/54642,Deus fidelis in quo non est ,g00994,8,,,P-Ln (Lisboa) Biblioteca Nacional de Portugal Iluminado 084,,125v,,,,"Pent., vig.",,CaV,MI,https://pemdatabase.eu/source/52642,,,,,,,,PEM,https://pemdatabase.eu/gallery-item/17983
,,https://cantus.sk/chant/10492,Deus fidelis in quo non est ,g00994,,,,SK-KOs (Košice) Missale R 573 PA,,001r,,,,Sabbato Sancto,07067000,TcV,MASS,https://cantus.sk/source/10441,,Deus fidelis in quo non est iniquitas justus et sanctus dominus,,,,,,CSK,
,,https://cantusbohemiae.cz/chant/13067,Et maceriam circumdedit et circumfodit et ,g00988,8,,,CZ-Pn (Praha) XIII B 2,,085,,,,Sabbato Sancto,07067000,CaV,MASS,https://cantusbohemiae.cz/source/11621,,Et maceriam circumdedit et circumfodit et plantavit vineam Sorec et aedificavit turrim in medio ejus,,,,,,FCB,
,,https://cantusbohemiae.cz/chant/6241,Et maceriam circumdedit et circumfodit et ,g00988,,,,CZ-Pn (Praha) XIV D 12,,187v,,,,Sabbato Sancto,07067000,CaV,MASS,https://cantusbohemiae.cz/source/4807,,Et maceriam circumdedit et circumfodit et plantavit vineam Sorec et aedificavit turrim in medio ejus,,,,,,FCB,
,,https://cantusbohemiae.cz/chant/13870,Et maceriam circumdedit et circumfodit et ,g00988,8,,,CZ-Pu (Praha) XIII A 5c,,117r,,,,Sabbato Sancto,07067000,CaV,MASS,https://cantusbohemiae.cz/source/11620,,Et maceriam circumdedit et circumfodit et plantavit vineam Sorec et aedificavit turrim in medio ejus,,,,,,FCB,
,,https://cantusbohemiae.cz/chant/8912,Et maceriam circumdedit et circumfodit et ,g00988,,,,CZ-R (Rajhrad) R 396,,049v,,,,Sabbato Sancto,07067000,CaV,MASS,https://cantusbohemiae.cz/source/7157,,Et maceriam circumdedit et circumfodit et plantavit vineam Sorec et aedificavit turrim in medio ejus,,,,,,FCB,
,,https://cantusbohemiae.cz/chant/20516,Et maceriam circumdedit et circumfodit et ,g00988,,,,CZ-R (Rajhrad) R 418,,052v,,,,Sabbato Sancto,07067000,CaV,MASS,https://cantusbohemiae.cz/source/11622,,Et maceriam circumdedit et circumfodit et plantavit vineam Sorec et aedificavit turrim in medio ejus,,,,,,FCB,
,,http://musmed.eu/chant/39687,Et maceriam circumdedi et circumfodi et ,g00988,,,,D-B Ms mus 40078,,120v,,,,Sabbato Sancto,07067000,CaV,,http://musmed.eu/source/8817,,Et maceriam circumdedi et circumfodi et plantavi vineam Sorec et aedificavi turrim in medio ejus,,,,,,MMMO,https://digital.staatsbibliothek-berlin.de/werkansicht?PPN=PPN782404677&PHYSID=PHYS_0244&DMDID=DMDLOG_0001
,,https://pemdatabase.eu/musical-item/59292,Et maceriam circumdedit et circumfodit et ,g00988,8,,,"E-SAu (Salamanca) Universidad, Archivo y Biblioteca Ms 2637",,097v,,,,Sabbato Sancto,07067000,CaV,MI,https://pemdatabase.eu/source/48357,,,,,,,,PEM,https://pemdatabase.eu/gallery-item/8949
,,http://musmed.eu/chant/19291,Et maceriam circumdedi et circumfodi et ,g00988,,,,F-LA Ms 239,,051r,,,,Sabbato Sancto,07067000,CaV,,http://musmed.eu/source/11599,,Et maceriam circumdedi et circumfodi et plantavi vineam Soreph et aedificavi turrem in medio ejus,,,,,,MMMO,https://bibliotheque-numerique.ville-laon.fr/viewer/1457/?offset=1#page=109&viewer=picture&o=bookmarks&n=0&q=
,,http://musmed.eu/chant/117053,Et maceriam circumdedi et circumfodi et ,g00988,,,,F-Pn Lat. 17436,,017v,,,,Sabbato Sancto,07067000,CaV,,http://musmed.eu/source/13502,,Et maceriam circumdedi et circumfodi et plantavi vinea Sorech et aedificavi turrem in medio ejus,,,,,,MMMO,https://gallica.bnf.fr/ark:/12148/btv1b8426787t/f40.item.zoom
,,http://musmed.eu/chant/38931,Et maceriam circumdedit et circumfodit et ,g00988,8,,,F-Pn NAL 01414,,047v,,,,Sabbato Sancto,07067000,CaV,MASS,http://musmed.eu/source/28426,,Et maceriam circumdedit et circumfodit et plantavit vineam Sorec et aedificavit turrim in medio ejus,,,,,,MMMO,https://gallica.bnf.fr/ark:/12148/btv1b525113345/f100.image
,,http://musmed.eu/chant/237645,Et maceriam circumdedit et circumfodit et ,g00988,,,,I-Tn G.V.20,,095v,,,,Sabbato Sancto,07067000,CaV,,http://musmed.eu/source/236017,,Et maceriam circumdedit et circumfodit et plantavit vineam Sorec et aedificavit turrim in medio ejus,,,,,,MMMO,https://musmed.eu/visualiseur-iiif?manifest=https%3A%2F%2Fiiif.diamm.net%2Fmanifests%2FI-Tn-G-V-20%2Fmanifest.json&page=189&brightness=100&contrast=100&saturation=100&sepia=0&grayscale=0&blur=0&invert=1
,,https://pemdatabase.eu/musical-item/104936,Et maceriam circumdedit et circumfodit et,g00988,8,,,P-G (Guimarães) Arquivo Municipal Alfredo Pimenta C 1508,,026v,,,,Sabbato Sancto,07067000,CaV,MI,https://pemdatabase.eu/source/49684,,,,,,,,PEM,https://pemdatabase.eu/gallery-item/15485
,,https://pemdatabase.eu/musical-item/54301,Et maceriam circumdedit et circumfodit et,g00988,8,,,P-Ln (Lisboa) Biblioteca Nacional de Portugal Iluminado 084,,102r,,,,Sabbato Sancto,07067000,CaV,MI,https://pemdatabase.eu/source/52642,,,,,,,,PEM,https://pemdatabase.eu/gallery-item/17938
,,https://pemdatabase.eu/musical-item/113301,Et maceriam circumdedit et circumfodit et,g00988,8,,,P-VV (Vila Viçosa) Biblioteca do Palácio Real A.M. D-008,,167v,,,,Sabbato Sancto,07067000,CaV,MI,https://pemdatabase.eu/source/78886,,,,,,,,PEM,https://pemdatabase.eu/gallery-item/12928
,,https://pemdatabase.eu/musical-item/112259,Et maceriam circumdedit et circumfodit et,g00988,8,,,P-VV (Vila Viçosa) Biblioteca do Palácio Real A.M. D-010,,042v,,,,"Pent., vig.",,CaV,MI,https://pemdatabase.eu/source/78887,,,,,,,,PEM,https://pemdatabase.eu/gallery-item/12713
,,https://hun-chant.eu/chant/9456,Et maceriam,g00988, ,,,TR-Itks 2429 – Graduale Strigoniense Francisci de Futhak,1,093r,,,,H6/S,,V21,,https://hun-chant.eu/source/1347,,,,,,,,HCD,
,,https://cantusdatabase.org/chant/642404,Hic deus meus et honorabo,g00984a,8,,,CH-P 18,01,193,,,,Sabbato Sancto,07067000,TcV,MI,https://cantusdatabase.org/source/638308,,Hic deus meus et honorabo eum deus patris mei et exaltabo eum,,1---ghk---k--k---k--k---k7---k--k--k--k---klkjg-hgh-jkjh-jkh--ghg---g--hk---k--k---lmk-kh--kh-hghg-kkhkg-gf---f---hk7--jgh--gfg--ghkhk---kh-jk--kkkjh-jhg-hg---3,,,,CD,http://www.e-codices.unifr.ch/en/bcj/0018/193
,,https://cantusbohemiae.cz/chant/13064,Hic Deus meus et honorabo eum ,g00984a,8,,,CZ-Pn (Praha) XIII B 2,,084,,,,Sabbato Sancto,07067000,CaV,MASS,https://cantusbohemiae.cz/source/11621,,Hic Deus meus et honorabo eum Deus patris mei et exaltabo eum,,,,,,FCB,
,,https://cantusbohemiae.cz/chant/6238,Hic Deus meus et honorabo eum ,g00984a,,,,CZ-Pn (Praha) XIV D 12,,187r,,,,Sabbato Sancto,07067000,CaV,MASS,https://cantusbohemiae.cz/source/4807,,Hic Deus meus et honorabo eum Deus patris mei et exaltabo eum,,,,,,FCB,
,,https://cantusbohemiae.cz/chant/13862,Hic Deus meus et honorabo eum ,g00984a,8,,,CZ-Pu (Praha) XIII A 5c,,115v,,,,Sabbato Sancto,07067000,CaV,MASS,https://cantusbohemiae.cz/source/11620,,Hic Deus meus et honorabo eum Deus patris mei et exaltabo eum,,,,,,FCB,
,,https://cantusbohemiae.cz/chant/8909,Hic Deus meus et honorabo eum ,g00984a,,,,CZ-R (Rajhrad) R 396,,049r,,,,Sabbato Sancto,07067000,CaV,MASS,https://cantusbohemiae.cz/source/7157,,Hic Deus meus et honorabo eum Deus patris mei et exaltabo eum,,,,,,FCB,
,,https://cantusbohemiae.cz/chant/20513,Hic Deus meus et honorabo eum ,g00984a,,,,CZ-R (Rajhrad) R 418,,052v,,,,Sabbato Sancto,07067000,CaV,MASS,https://cantusbohemiae.cz/source/11622,,Hic Deus meus et honorabo eum Deus patris mei et exaltabo eum,,,,,,FCB,
,,https://pemdatabase.eu/musical-item/59288,Hic deus meus et honorificabo eum,g00984a,8,,,"E-SAu (Salamanca) Universidad, Archivo y Biblioteca Ms 2637",,097r,,,,Sabbato Sancto,07067000,CaV,MI,https://pemdatabase.eu/source/48357,,,,,,,,PEM,https://pemdatabase.eu/gallery-item/8948
,,http://musmed.eu/chant/48800,Hic Deus meus et honorabo eum ,g00984a,,,,F-G Ms 0084 (Ms. 395 Rés.),,125v,,,,Sabbato Sancto,07067000,CaV,,http://musmed.eu/source/10075,,Hic Deus meus et honorabo eum Deus patris mei et exaltabo eum,,,,,,MMMO,https://gallica.bnf.fr/ark:/12148/btv1b10670666x/f256.item
,,http://musmed.eu/chant/19288,Hic Deus meus et honorabo eum ,g00984a,,,,F-LA Ms 239,,051r,,,,Sabbato Sancto,07067000,CaV,,http://musmed.eu/source/11599,,Hic Deus meus et honorabo eum Deus patris mei et exaltabo eum,,,,,,MMMO,https://bibliotheque-numerique.ville-laon.fr/viewer/1457/?offset=1#page=109&viewer=picture&o=bookmarks&n=0&q=
,,http://musmed.eu/chant/116945,Hic deus meus et honorabo eum ,g00984a,,,,F-Pn Lat. 12050,,010r,,,,Sabbato Sancto,07067000,CaV,MASS,http://musmed.eu/source/13374,,Hic deus meus et honorabo eum deus patris mei et exaltabo eum,,,,,,MMMO,https://gallica.bnf.fr/ark:/12148/btv1b8426782r/f23.item.zoom
,,http://musmed.eu/chant/38928,Hic Deus meus et honorabo eum ,g00984a,8,,,F-Pn NAL 01414,,047v,,,,Sabbato Sancto,07067000,CaV,MASS,http://musmed.eu/source/28426,,Hic Deus meus et honorabo eum Deus patris mei et exaltabo eum,,,,,,MMMO,https://gallica.bnf.fr/ark:/12148/btv1b525113345/f100.image
,,http://musmed.eu/chant/237641,Hic deus meus et honorabo eum ,g00984a,,,,I-Tn G.V.20,,095r,,,,Sabbato Sancto,07067000,CaV,,http://musmed.eu/source/236017,,Hic deus meus et honorabo eum deus patris mei et exaltabo eum,,,,,,MMMO,https://musmed.eu/visualiseur-iiif?manifest=https%3A%2F%2Fiiif.diamm.net%2Fmanifests%2FI-Tn-G-V-20%2Fmanifest.json&page=188&brightness=100&contrast=100&saturation=100&sepia=0&grayscale=0&blur=0&invert=1
,,https://pemdatabase.eu/musical-item/104930,Hic deus meus et honorificabo eum,g00984a,8,,,P-G (Guimarães) Arquivo Municipal Alfredo Pimenta C 1508,,026r,,,,Sabbato Sancto,07067000,CaV,MI,https://pemdatabase.eu/source/49684,,,,,,,,PEM,https://pemdatabase.eu/gallery-item/15484
,,https://pemdatabase.eu/musical-item/54298,Hic Deus meus et honorabo eum,g00984a,8,,,P-Ln (Lisboa) Biblioteca Nacional de Portugal Iluminado 084,,102r,,,,Sabbato Sancto,07067000,CaV,MI,https://pemdatabase.eu/source/52642,,,,,,,,PEM,https://pemdatabase.eu/gallery-item/17938
,,https://pemdatabase.eu/musical-item/113299,Hic deus meus et honorabo eum,g00984a,8,,,P-VV (Vila Viçosa) Biblioteca do Palácio Real A.M. D-008,,166v,,,,Sabbato Sancto,07067000,CaV,MI,https://pemdatabase.eu/source/78886,,,,,,,,PEM,https://pemdatabase.eu/gallery-item/12927
,,https://pemdatabase.eu/musical-item/112254,Hic deus meus et honorabo eum,g00984a,8,,,P-VV (Vila Viçosa) Biblioteca do Palácio Real A.M. D-010,,040v,,,,"Pent., vig.",,CaV,MI,https://pemdatabase.eu/source/78887,,,,,,,,PEM,https://pemdatabase.eu/gallery-item/12711
,,https://pemdatabase.eu/musical-item/104968,Sicut imber super gramina et sicut,g00992.1,8,,,P-G (Guimarães) Arquivo Municipal Alfredo Pimenta C 1508,,027v,,,,Sabbato Sancto,07067000,CaV,MI,https://pemdatabase.eu/source/49684,,,,,,,,PEM,https://pemdatabase.eu/gallery-item/15486
,,https://pemdatabase.eu/musical-item/113304,Sicut imber super gramina et sicut,g00992.1,8,,,P-VV (Vila Viçosa) Biblioteca do Palácio Real A.M. D-008,,168v,,,,Sabbato Sancto,07067000,CaV,MI,https://pemdatabase.eu/source/78886,,,,,,,,PEM,https://pemdatabase.eu/gallery-item/12929
,,https://pemdatabase.eu/musical-item/112257,Sicut imber super gramina et sicut,g00992.1,8,,,P-VV (Vila Viçosa) Biblioteca do Palácio Real A.M. D-010,,041v,,,,"Pent., vig.",,CaV,MI,https://pemdatabase.eu/source/78887,,,,,,,,PEM,https://pemdatabase.eu/gallery-item/12712
,,https://cantusbohemiae.cz/chant/13068,Et torcular fodit in ea vinea ,g00989,8,,,CZ-Pn (Praha) XIII B 2,,085,,,,Sabbato Sancto,07067000,CaV,MASS,https://cantusbohemiae.cz/source/11621,,Et torcular fodit in ea vinea enim Domini Sabaoth domus Israel est,,,,,,FCB,
,,https://cantusbohemiae.cz/chant/6242,Et torcular fodit in ea vinea ,g00989,,,,CZ-Pn (Praha) XIV D 12,,187v,,,,Sabbato Sancto,07067000,CaV,MASS,https://cantusbohemiae.cz/source/4807,,Et torcular fodit in ea vinea enim Domini Sabaoth domus Israel est,,,,,,FCB,
,,https://cantusbohemiae.cz/chant/13871,Et torcular fodit in ea vinea ,g00989,8,,,CZ-Pu (Praha) XIII A 5c,,117r,,,,Sabbato Sancto,07067000,CaV,MASS,https://cantusbohemiae.cz/source/11620,,Et torcular fodit in ea vinea enim Domini Sabaoth domus Israel est,,,,,,FCB,
,,https://cantusbohemiae.cz/chant/8913,Et torcular fodit in ea vinea ,g00989,,,,CZ-R (Rajhrad) R 396,,049v,,,,Sabbato Sancto,07067000,CaV,MASS,https://cantusbohemiae.cz/source/7157,,Et torcular fodit in ea vinea enim Domini Sabaoth domus Israel est,,,,,,FCB,
,,https://cantusbohemiae.cz/chant/20517,Et torcular fodit in ea vinea ,g00989,,,,CZ-R (Rajhrad) R 418,,052v,,,,Sabbato Sancto,07067000,CaV,MASS,https://cantusbohemiae.cz/source/11622,,Et torcular fodit in ea vinea enim Domini Sabaoth domus Israel est,,,,,,FCB,
,,http://musmed.eu/chant/39688,Et torcular fodi in ea vinea ,g00989,,,,D-B Ms mus 40078,,120v,,,,Sabbato Sancto,07067000,CaV,,http://musmed.eu/source/8817,,Et torcular fodi in ea vinea enim Domini Sabaoth domus Israel est,,,,,,MMMO,https://digital.staatsbibliothek-berlin.de/werkansicht?PPN=PPN782404677&PHYSID=PHYS_0244&DMDID=DMDLOG_0001
,,https://pemdatabase.eu/musical-item/59291,Et torcular fodit in ea vinea,g00989,8,,,"E-SAu (Salamanca) Universidad, Archivo y Biblioteca Ms 2637",,097v,,,,Sabbato Sancto,07067000,CaV,MI,https://pemdatabase.eu/source/48357,,,,,,,,PEM,https://pemdatabase.eu/gallery-item/8949
,,http://musmed.eu/chant/19292,Et torcular fodi in ea vinea ,g00989,,,,F-LA Ms 239,,051r,,,,Sabbato Sancto,07067000,CaV,,http://musmed.eu/source/11599,,Et torcular fodi in ea vinea enim Domini Sabaoth domus Israel est,,,,,,MMMO,https://bibliotheque-numerique.ville-laon.fr/viewer/1457/?offset=1#page=109&viewer=picture&o=bookmarks&n=0&q=
,,http://musmed.eu/chant/117054,Et torcular fodi in eam vinea ,g00989,,,,F-Pn Lat. 17436,,017v,,,,Sabbato Sancto,07067000,CaV,,http://musmed.eu/source/13502,,Et torcular fodi in eam vinea enim Domini Sabaoth domus Israel est,,,,,,MMMO,https://gallica.bnf.fr/ark:/12148/btv1b8426787t/f40.item.zoom
,,http://musmed.eu/chant/38932,Et torcular fodit in ea vinea ,g00989,8,,,F-Pn NAL 01414,,047v,,,,Sabbato Sancto,07067000,CaV,MASS,http://musmed.eu/source/28426,,Et torcular fodit in ea vinea enim Domini Sabaoth domus Israel est,,,,,,MMMO,https://gallica.bnf.fr/ark:/12148/btv1b525113345/f100.image
,,http://musmed.eu/chant/237646,Et torcular fodit in ea vinea ,g00989,,,,I-Tn G.V.20,,095v,,,,Sabbato Sancto,07067000,CaV,,http://musmed.eu/source/236017,,Et torcular fodit in ea vinea enim domini sabaoth domus Israel est,,,,,,MMMO,https://musmed.eu/visualiseur-iiif?manifest=https%3A%2F%2Fiiif.diamm.net%2Fmanifests%2FI-Tn-G-V-20%2Fmanifest.json&page=189&brightness=100&contrast=100&saturation=100&sepia=0&grayscale=0&blur=0&invert=1
,,https://pemdatabase.eu/musical-item/104937,Et torcular fodit in ea vinea,g00989,8,,,P-G (Guimarães) Arquivo Municipal Alfredo Pimenta C 1508,,027r,,,,Sabbato Sancto,07067000,CaV,MI,https://pemdatabase.eu/source/49684,,,,,,,,PEM,https://pemdatabase.eu/gallery-item/15485
,,https://pemdatabase.eu/musical-item/54302,Et torcular fodit in ea vinea ,g00989,8,,,P-Ln (Lisboa) Biblioteca Nacional de Portugal Iluminado 084,,102v,,,,Sabbato Sancto,07067000,CaV,MI,https://pemdatabase.eu/source/52642,,,,,,,,PEM,https://pemdatabase.eu/gallery-item/17939
,,https://cantusbohemiae.cz/chant/6244,Exspectetur sicut pluvia eloquium meum et ,g00991,,,,CZ-Pn (Praha) XIV D 12,,188r,,,,Sabbato Sancto,07067000,CaV,MASS,https://cantusbohemiae.cz/source/4807,,Exspectetur sicut pluvia eloquium meum et descendant sicut ros verba mea sicut imber super gramina,,,,,,FCB,
,,https://cantusbohemiae.cz/chant/8915,Exspectetur sicut pluvia eloquium meum et ,g00991,,,,CZ-R (Rajhrad) R 396,,050r,,,,Sabbato Sancto,07067000,CaV,MASS,https://cantusbohemiae.cz/source/7157,,Exspectetur sicut pluvia eloquium meum et descendant sicut ros verba mea sicut imber super gramina,,,,,,FCB,
,,https://cantusbohemiae.cz/chant/20519,Exspectetur sicut pluvia eloquium meum et ,g00991,,,,CZ-R (Rajhrad) R 418,,053r,,,,Sabbato Sancto,07067000,CaV,MASS,https://cantusbohemiae.cz/source/11622,,Exspectetur sicut pluvia eloquium meum et descendant sicut ros verba mea sicut imber super gramina,,,,,,FCB,
,,https://pemdatabase.eu/musical-item/59294,Exspectetur sicut pluvia eloquium meum et ,g00991,8,,,"E-SAu (Salamanca) Universidad, Archivo y Biblioteca Ms 2637",,097v,,,,Sabbato Sancto,07067000,CaV,MI,https://pemdatabase.eu/source/48357,,,,,,,,PEM,https://pemdatabase.eu/gallery-item/8949
,,http://musmed.eu/chant/19294,Exspectetur sicut pluvia eloquium meum et ,g00991,,,,F-LA Ms 239,,051r,,,,Sabbato Sancto,07067000,CaV,,http://musmed.eu/source/11599,,Exspectetur sicut pluvia eloquium meum et descendant sicut ros verba mea sicut imber super gramina,,,,,,MMMO,https://bibliotheque-numerique.ville-laon.fr/viewer/1457/?offset=1#page=109&viewer=picture&o=bookmarks&n=0&q=
,,http://musmed.eu/chant/117049,Expectetur sicut pluvia eloquium meum et ,g00991,,,,F-Pn Lat. 17436,,017v,,,,Sabbato Sancto,07067000,CaV,,http://musmed.eu/source/13502,,Expectetur sicut pluvia eloquium meum et descendat sicut ros verba mea quae nomen domini invocavi,,,,,,MMMO,https://gallica.bnf.fr/ark:/12148/btv1b8426787t/f40.item.zoom
,,http://musmed.eu/chant/157221,Exspectetur sicut pluvia eloquium meum et ,g00991,,,,I-Ra Ms 1383,,078v,,,,Sabbato Sancto,07067000,CaV,,http://musmed.eu/source/157182,,Exspectetur sicut pluvia eloquium meum et descendant sicut ros verba mea sicut imber super gramina,,,,,,MMMO,https://www.internetculturale.it/jmms/iccuviewer/iccu.jsp?id=oai%3Awww.internetculturale.sbn.it%2FTeca%3A20%3ANT0000%3AN%3ACNMD0000306636&mode=all&teca=MagTeca+-+ICCU&viewType=onepage&mediaType=image&objectIndex=161
,,http://musmed.eu/chant/237649,Exspectetur sicut pluvia eloquium meum et ,g00991,,,,I-Tn G.V.20,,095v,,,,Sabbato Sancto,07067000,CaV,,http://musmed.eu/source/236017,,Exspectetur sicut pluvia eloquium meum et descendant sicut ros verba mea sicut imber super gramina,,,,,,MMMO,https://musmed.eu/visualiseur-iiif?manifest=https%3A%2F%2Fiiif.diamm.net%2Fmanifests%2FI-Tn-G-V-20%2Fmanifest.json&page=189&brightness=100&contrast=100&saturation=100&sepia=0&grayscale=0&blur=0&invert=1
,,https://pemdatabase.eu/musical-item/43423,Exspectetur sicut pluvia eloquium meum et ,g00991,?,,,"P-BRad (Braga) Arquivo Distrital Pasta de fragmentos, 048",,B,,,,Sabbato Sancto,07067000,CaV,,https://pemdatabase.eu/source/47204,,,,,,,,PEM,https://pemdatabase.eu/gallery-item/14541
,,https://pemdatabase.eu/musical-item/54639,Exspectetur sicut pluvia eloquium meum et ,g00991,8,,,P-Ln (Lisboa) Biblioteca Nacional de Portugal Iluminado 084,,125r,,,,"Pent., vig.",,CaV,MI,https://pemdatabase.eu/source/52642,,,,,,,,PEM,https://pemdatabase.eu/gallery-item/17982
