id,corpus_id,chantlink,incipit,cantus_id,mode,finalis,differentia,siglum,position,folio,sequence,marginalia,cao_concordances,feast,feast_code,genre,office,srclink,melody_id,full_text,full_text_manuscript,volpiano,notes,dataset_name,dataset_idx,db,image_link
,,https://musicahispanica.eu/chant/52309,Locutus est dominus discipulis suis dicens ,h04797,,,,E-Tc (Toledo) 35.3,,100v,,,,Dom. 4 Quadragesimae,07041000,CFP,MASS,https://musicahispanica.eu/source/20198,,Locutus est dominus discipulis suis dicens manifeste amicus noster Lazarus obiit sed gaudeo propter vos ut credatis euntes enim ad locum tollite lapidem de monumento et tollentes viderunt resurgentem et gavisi sunt gaudio magno,,,,,,SEMM,0
,,https://musicahispanica.eu/chant/71177,Quaerentibus te domine tribue fortitudinem et ,h00105,,,,E-Mh (Madrid) Cod. 56,,128r,,,,Missa votiva pluralis,15009012,CFP,MASS,https://musicahispanica.eu/source/70790,,Quaerentibus te domine tribue fortitudinem et quaerendi te jugiter infunde sanctum amorem,,,,,,SEMM,0
,,https://musicahispanica.eu/chant/71195,Quaerentibus te domine tribue fortitudine et ,h00105,,,,E-Mh (Madrid) Cod. 56,,139v,,,,Missa votiva omnimoda,15009010,CFP,MASS,https://musicahispanica.eu/source/70790,,Quaerentibus te domine tribue fortitudine et quaerendi te jugiter infunde sanctum amorem,,,,,,SEMM,0
,,https://musicahispanica.eu/chant/22077,Quaerentibus te domine tribue fortitudinem et ,h00105,,,,E-SI (Santo Domingo de Silos) MS 4,,232r,,,,Missa votiva singularis,15009011,CFP,MASS,https://musicahispanica.eu/source/21404,,Quaerentibus te domine tribue fortitudinem et quaerendi te jugiter infunde sanctum amorem,,,,,,SEMM,0
,,https://musicahispanica.eu/chant/65156,Locutus est dominus Jesus ego sum ,g03555,,,,E-L (León) Ms 8,,155r,,,,Dom. in Palmis,07061000,CFP,MASS,https://musicahispanica.eu/source/20175,,Locutus est dominus Jesus ego sum hostium si quis per me intraverit salvabitur ego sum pastor bonus qui animam meam tradidi pro ovibus ut vocem meam audiant et fiant unus grex et unus pastor,,,,,,SEMM,0
,,https://musicahispanica.eu/chant/71174,Si vis domine potes me salvare,h00109,,,,E-Mh (Madrid) Cod. 56,,121v,,,,Missa votiva singularis,15009011,CFP,MASS,https://musicahispanica.eu/source/70790,,Si vis domine potes me salvare,,,,,,SEMM,0
,,https://musicahispanica.eu/chant/59195,Consolationes tuae multae domine laetificaverunt*,h00182,,,,E-SI (Santo Domingo de Silos) MS 4,,296r,,,,Pro infirmis,16013030,CFP,MASS,https://musicahispanica.eu/source/21404,,Consolationes tuae multae domine laetificaverunt*,,,,,,SEMM,0
,,https://musicahispanica.eu/chant/44496,Dominus Jesus misit discipulos suos et ,g03551,,,,E-Tc (Toledo) 35.5,,138r,,,,Fer. 5 in Cena Dom.,07065000,CFP,MASS,https://musicahispanica.eu/source/20186,,Dominus Jesus misit discipulos suos et dixit ad eos euntes parate nobis pasca ut manducemus quia desiderio desideravi hoc pascha manducare vobiscum antequam patiar,,,,,,SEMM,0
,,https://musicahispanica.eu/chant/71102,Ab occultis meis munda me domine ,g03549,,,,E-Mh (Madrid) Cod. 56,marg.,112v,,,,Missa pro solo Episcopo dicenda,15009070,CFP,MASS,https://musicahispanica.eu/source/70790,,Ab occultis meis munda me domine et ab alienis parce servo tuo,,,,,,SEMM,0
,,https://musicahispanica.eu/chant/66417,Introduxit nos dominus in locum sanctum ,g03554,,,,E-L (León) Ms 8,,223r,,,,Primitis,,CFP,MASS,https://musicahispanica.eu/source/20175,,Introduxit nos dominus in locum sanctum suum alleluia et dedit nobis terram fluentes lac et melle et obtulimus primitias alleluia alleluia ,,,,,,SEMM,0
,,https://musicahispanica.eu/chant/65318,Memor est nostri Christe in regno ,h00045,,,,E-L (León) Ms 8,,164r,,,,Fer. 5 in Cena Dom.,07065000,CFP,MASS,https://musicahispanica.eu/source/20175,,Memor est nostri Christe in regno tuo et dignos fac nos de resurrectione tua,,,,,,SEMM,0
,,https://musicahispanica.eu/chant/21625,Memor esto nostri Christe in regno ,h00045,,,,E-SI (Santo Domingo de Silos) MS 4,,142v,,,,Fer. 5 in Cena Dom.,07065000,CFP,MASS,https://musicahispanica.eu/source/21404,,Memor esto nostri Christe in regno tuo et dignos fac nos de resurrectione tua,,,,,,SEMM,0
,,https://musicahispanica.eu/chant/71089,Quis ego aut que cognatio mea ,h00023,,,,E-Mh (Madrid) Cod. 56,,081r,,,,Missa quam Sacerdos pro se dicere debeat,15009050,CFP,MASS,https://musicahispanica.eu/source/70790,,Quis ego aut que cognatio mea ut sacrificum offeram domino sed curvabo genua mea ut placatus suscipias orationem meam,,,,,,SEMM,0
,,https://musicahispanica.eu/chant/21741,Quis ego aut quae cognatio mea ,h00023,,,,E-SI (Santo Domingo de Silos) MS 4,,195v,,,,Missa quam Sacerdos pro se dicere debeat,15009050,CFP,MASS,https://musicahispanica.eu/source/21404,,Quis ego aut quae cognatio mea ut sacrificum offeram domino sed curvabo genua mea ut placatus suscipias orationem meam,,,,,,SEMM,0
,,https://musicahispanica.eu/chant/50632,Quis ego aut quae cognatio*,h00023,,,,E-SI (Santo Domingo de Silos) MS 4,,199v,,,,Missa quam Sacerdos pro se dicere debeat,15009050,CFP,MASS,https://musicahispanica.eu/source/21404,,Quis ego aut quae cognatio*,,,,,,SEMM,0
,,https://musicahispanica.eu/chant/71220,Defensor juste defende nos et libera ,g03550,,,,E-Mh (Madrid) Cod. 56,,154r,,,,Pro tribulatione,16026000,CFP,MASS,https://musicahispanica.eu/source/70790,,Defensor juste defende nos et libera nos de manu inimicorum nostrorum,,,,,,SEMM,0
,,https://musicahispanica.eu/chant/71861,Salvus ero domine si me consolatus ,h00632,,,,E-SI (Santo Domingo de Silos) MS 3,,079r,,,,Pro uno infirmo,16013020,CFP,MASS,https://musicahispanica.eu/source/20177,,Salvus ero domine si me consolatus fueris quam vir indignus ego sim credo quia salvabis me,,,,,,SEMM,0
,,https://musicahispanica.eu/chant/52308,Mediante die festo ascendit dominum Jesus ,g03556,,,,E-Tc (Toledo) 35.3,,092v,,,,Dom. 3 Quadragesimae,07031000,CFP,MASS,https://musicahispanica.eu/source/20198,,Mediante die festo ascendit dominum Jesus Christus in templo et docebat populum et admirabantur turbae in doctrina ejus et dicebant quomodo hic litteras scit cum non didicerit et glorificabant dominum,,,,,,SEMM,0
,,https://musicahispanica.eu/chant/63524,Hic est panis verus dei qui ,g03552,,,,E-L (León) Ms 8,,073r,,,,Nativitas Domini,02122500,CFP,MASS,https://musicahispanica.eu/source/20175,,Hic est panis verus dei qui de caelo descendit et vitam tribuit mundo qui manducaverit et eo permanet in aeternum et panis quam ego dabo caro mea est pro mundi vita qui credit in me non esuriet neque sitiet umquam ecce disponam vobis sicut disposuit mihi pater regnum ut edatis et bibatis supra mensam meam in regno alleluia ,,,,,,SEMM,0
,,https://musicahispanica.eu/chant/72514,Hic est panis verus dei qui ,g03552,,,,E-Mh (Madrid) Cod. 30,,128r,,,,Nativitas Domini,02122500,CFP,MASS,https://musicahispanica.eu/source/20176,,Hic est panis verus dei qui de caelo descendit et vitam tribuit mundo qui manducaverit et eo pe[rmanet in aeternum] et panis quam e[go dabo caro mea est pro mundi vita qui] cred[it in me non esuriet neque sitiet umquam ecce disponam vobis sicut disposuit mihi pater regnum ut edatis et bibatis supra mensam meam in regno alleluia],,,,,,SEMM,0
,,https://musicahispanica.eu/chant/45401,Hic est panis verus dei qui ,g03552,,,,E-Tc (Toledo) 35.5,,192r,,,,Dom. Resurrectionis,08011000,CFP,MASS,https://musicahispanica.eu/source/20186,,Hic est panis verus dei qui de caelo descendit et vitam tribuit mundo qui manducaverit et eo permanet in aeternum et panis quam ego dabo caro mea est pro mundi vita qui credit in me non esuriet neque sitiet umquam ecce disponam vobis sicut disposuit mihi pater regnum ut edatis et bibatis supra mensam meam in regno alleluia,,,,,,SEMM,0
,,https://musicahispanica.eu/chant/21725,Eripe me de inimicis meis domine ,h00039,,,,E-SI (Santo Domingo de Silos) MS 4,,254v,,,,Unius in tribulatione,16026010,CFP,MASS,https://musicahispanica.eu/source/21404,,Eripe me de inimicis meis domine quoniam ad te confugibi educ de tribulatione animam meam perde omnes qui tribulant me quia servus tuus sum ego,,,,,,SEMM,0
,,https://musicahispanica.eu/chant/86691,Orietur in tenebris *,h00043,*,,,E-SI (Santo Domingo de Silos) MS 3,,179r,,,,Pro defunctis,13001000,CFP,MASS,https://musicahispanica.eu/source/20177,,Orietur in tenebris *,,,,,,SEMM,0
,,https://musicahispanica.eu/chant/21730,Orietur in tenebris lumen vobis et ,h00043,,,,E-SI (Santo Domingo de Silos) MS 4,,329r,,,,Pro defunctis,13001000,CFP,MASS,https://musicahispanica.eu/source/21404,,Orietur in tenebris lumen vobis et tenebrae vestrae erunt sicut meridies et requiem vobis dabit dominus semper,,,,,,SEMM,0
,,https://musicahispanica.eu/chant/64738,Fiat misericordia tua domine super nos ,h00178,,,,E-L (León) Ms 8,,134r,,,,Dom. 3 Quadragesimae,07031000,CFP,MASS,https://musicahispanica.eu/source/20175,,Fiat misericordia tua domine super nos sicut speravimus in te,,,,,,SEMM,0
,,https://musicahispanica.eu/chant/64941,Fiat misericordia tua*,h00178,,,,E-L (León) Ms 8,,144v,,,,Dom. 4 Quadragesimae,07041000,CFP,MASS,https://musicahispanica.eu/source/20175,,Fiat misericordia tua*,,,,,,SEMM,0
,,https://musicahispanica.eu/chant/59182,Fiat misericordia tua domine super nos ,h00178,,,,E-SI (Santo Domingo de Silos) MS 4,,240r,,,,Missa votiva pluralis,15009012,CFP,MASS,https://musicahispanica.eu/source/21404,,Fiat misericordia tua domine super nos sicut speravimus in te,,,,,,SEMM,0
,,https://musicahispanica.eu/chant/103221,Fiat misericordia*,h00178,,,,E-Tc (Toledo) 35.5,,055r,,,,Fer. 4 Hebd. 3 Quad.,07034000,CFP,MASS,https://musicahispanica.eu/source/20186,,Fiat misericordia*,,,,,,SEMM,0
,,https://musicahispanica.eu/chant/103234,Fiat misericordia*,h00178,,,,E-Tc (Toledo) 35.5,,060r,,,,Fer. 6 Hebd. 3 Quad.,07036000,CFP,MASS,https://musicahispanica.eu/source/20186,,Fiat misericordia*,,,,,,SEMM,0
,,https://musicahispanica.eu/chant/40752,Fiat misericordia tua domine super nos ,h00178,,,,E-Tc (Toledo) 35.5,,009v,,,,Fer. 4 Hebd. 1 Quad.,07014000,CFP,MASS,https://musicahispanica.eu/source/20186,,Fiat misericordia tua domine super nos sicut speravimus in te,,,,,,SEMM,0
,,https://musicahispanica.eu/chant/40844,Fiat misericordia,h00178,,,,E-Tc (Toledo) 35.5,,027v,,,,Dom. 2 Quadragesimae,07021000,CFP,MASS,https://musicahispanica.eu/source/20186,,Fiat misericordia,,,,,,SEMM,0
,,https://musicahispanica.eu/chant/40853,Fiat misericordia tua domine super nos ,h00178,,,,E-Tc (Toledo) 35.5,,032v,,,,Fer. 4 Hebd. 2 Quad.,07024000,CFP,MASS,https://musicahispanica.eu/source/20186,,Fiat misericordia tua domine super nos sicut speravimus,,,,,,SEMM,0
,,https://musicahispanica.eu/chant/40855,Fiat misericordia,h00178,,,,E-Tc (Toledo) 35.5,,036v,,,,Fer. 6 Hebd. 2 Quad.,07026000,CFP,MASS,https://musicahispanica.eu/source/20186,,Fiat misericordia,,,,,,SEMM,0
,,https://musicahispanica.eu/chant/62136,Fiat misericordia,h00178,,,,E-Tc (Toledo) 35.5,,050r,,,,Dom. 3 Quadragesimae,07031000,CFP,MASS,https://musicahispanica.eu/source/20186,,Fiat misericordia,,,,,,SEMM,0
,,https://musicahispanica.eu/chant/71176,Suscipiatur domine sacrificium nostrum in conspectu ,h00093,,,,E-Mh (Madrid) Cod. 56,,122bisr,,,,Missa votiva singularis,15009011,CFP,MASS,https://musicahispanica.eu/source/70790,,Suscipiatur domine sacrificium nostrum in conspectu tuo ut placeat tibi et perfice subsequentes te quoniam non est confusio confidentibus in te domine alleluia alleluia alleluia alleluia,,,,,,SEMM,0
,,https://musicahispanica.eu/chant/71669,Suscipiatur domine sacrificium nostrum in conspectu ,h00093,,,,E-SI (Santo Domingo de Silos) MS 3,,047v,,,,Missa votiva omnimoda,15009010,CFP,MASS,https://musicahispanica.eu/source/20177,,Suscipiatur domine sacrificium nostrum in conspectu tuo ut placeat tibi,,,,,,SEMM,0
,,https://musicahispanica.eu/chant/21991,Suscipiatur domine sacrificium nostrum in conspectu ,h00093,,,,E-SI (Santo Domingo de Silos) MS 4,,171r bis,,,,Missa votiva omnimoda,15009010,CFP,MASS,https://musicahispanica.eu/source/21404,,Suscipiatur domine sacrificium nostrum in conspectu tuo ut placeat tibi,,,,,,SEMM,0
,,https://musicahispanica.eu/chant/59180,Suscipiatur domine sacrificium ... ,h00093,,,,E-SI (Santo Domingo de Silos) MS 4,,209v,,,,Pro Sacerdote,16028000,CFP,MASS,https://musicahispanica.eu/source/21404,,Suscipiatur domine sacrificium ... ,,,,,,SEMM,0
,,https://musicahispanica.eu/chant/22078,Si vis domine potes me salvare,h00106,,,,E-SI (Santo Domingo de Silos) MS 4,,232r,,,,Missa votiva singularis,15009011,CFP,MASS,https://musicahispanica.eu/source/21404,,Si vis domine potes me salvare,,,,,,SEMM,0
,,https://musicahispanica.eu/chant/67530,Salus nostra in manu*,h00630,,,,E-L (León) Ms 8,,276r,,,,Pro infirmis,16013030,CFP,MASS,https://musicahispanica.eu/source/20175,,Salus nostra in manu*,,,,,,SEMM,0
,,https://musicahispanica.eu/chant/71874,Salus nostra in manu tua est ,h00630,,,,E-SI (Santo Domingo de Silos) MS 3,,098v,,,,Pro iter agentibus,16030000,CFP,MASS,https://musicahispanica.eu/source/20177,,Salus nostra in manu tua est domine respiciat super nos misericordia tua ut securi serviamus tibi,,,,,,SEMM,0
,,https://musicahispanica.eu/chant/59186,Tu es deus paenitentium*,h00179,,,,E-SI (Santo Domingo de Silos) MS 4,,267v,,,,Pro uno paenitente,16038010,CFP,MASS,https://musicahispanica.eu/source/21404,,Tu es deus paenitentium*,,,,,,SEMM,0
,,https://musicahispanica.eu/chant/71219,Placabilis esto domine,h00107,,,,E-Mh (Madrid) Cod. 56,,151r,,,,Pro tribulatione,16026000,CFP,MASS,https://musicahispanica.eu/source/70790,,Placabilis esto domine,,,,,,SEMM,0
,,https://musicahispanica.eu/chant/71868,Placabilis esto domine et ostende te ,h00107,*,,,E-SI (Santo Domingo de Silos) MS 3,,094v,,,,Pro tribulatione,16026000,CFP,MASS,https://musicahispanica.eu/source/20177,,Placabilis esto domine et ostende te nobis in tempore tribulationis et angustie nostrae,,,,,,SEMM,0
,,https://musicahispanica.eu/chant/22079,Placabilis esto domine et ostende te ,h00107,,,,E-SI (Santo Domingo de Silos) MS 4,,258v,,,,Pro tribulatione,16026000,ACC,MASS,https://musicahispanica.eu/source/21404,,Placabilis esto domine et ostende te nobis in tempore tribulationis et angustiae nostrae,,,,,,SEMM,0
,,https://musicahispanica.eu/chant/59183,Placabilis esto domine et ostende te*,h00107,,,,E-SI (Santo Domingo de Silos) MS 4,,262r,,,,Missa votiva pluralis,15009012,ACC,MASS,https://musicahispanica.eu/source/21404,,Placabilis esto domine et ostende te*,,,,,,SEMM,0
,,https://musicahispanica.eu/chant/71175,Audi orationem meam domine et clamorem ,h00631,,,,E-Mh (Madrid) Cod. 56,,121v,,,,Missa votiva singularis,15009011,CFP,MASS,https://musicahispanica.eu/source/70790,,Audi orationem meam domine et clamorem meum exaudi ad lacrimas meas ne obsurdescas parce mihi ut refrigerer,,,,,,SEMM,0
,,https://musicahispanica.eu/chant/71854,Audi orationem meam domine et clamorem ,h00631,*,,,E-SI (Santo Domingo de Silos) MS 3,,073v,,,,Missa quam Sacerdos pro se dicere debeat,15009050,CFP,MASS,https://musicahispanica.eu/source/20177,,Audi orationem meam domine et clamorem meum exaudi ad lacrimas meas ne obsurdescas parce mihi ut refrigerer,,,,,,SEMM,0
,,https://musicahispanica.eu/chant/71090,Domine non ponas mala mea coram ,h00024,,,,E-Mh (Madrid) Cod. 56,,081r,,,,Missa quam Sacerdos pro se dicere debeat,15009050,CFP,MASS,https://musicahispanica.eu/source/70790,,Domine non ponas mala mea coram oculis tuis quia gravia sunt honera mea precor te domine miserere mei,,,,,,SEMM,0
,,https://musicahispanica.eu/chant/22016,Domine non ponas mala mea coram ,h00024,,,,E-SI (Santo Domingo de Silos) MS 4,,195v,,,,Missa quam Sacerdos pro se dicere debeat,15009050,CFP,MASS,https://musicahispanica.eu/source/21404,,Domine non ponas mala mea coram oculis tuis quia gravia sunt honera mea precor te domine miserere mei.,,,,,,SEMM,0
,,https://musicahispanica.eu/chant/59192,Esto nobis domine protector et medicus ,h00180,,,,E-SI (Santo Domingo de Silos) MS 4,,271v,,,,Pro paenitentibus,16038030,CFP,MASS,https://musicahispanica.eu/source/21404,,Esto nobis domine protector et medicus tu peccatorum nostrorum vulneri solita pietate tribue medicinam tu errantibus es via et te deus pie quaerentibus das salutem,,,,,,SEMM,0
,,https://musicahispanica.eu/chant/70727,In loco viride domine ibi eum ,g03553,,,,E-SI (Santo Domingo de Silos) MS 4,,344v,,,,De anniversario defuncto,,CFP,MASS,https://musicahispanica.eu/source/21404,,In loco viride domine ibi eum colloca,,,,,,SEMM,0
,,https://musicahispanica.eu/chant/21724,Laetifica animam …,h00038,,,,E-SI (Santo Domingo de Silos) MS 4,,254v,,,,Unius in tribulatione,16026010,CFP,MASS,https://musicahispanica.eu/source/21404,,Laetifica animam …,,,,,,SEMM,0
