id,corpus_id,chantlink,incipit,cantus_id,mode,finalis,differentia,siglum,position,folio,sequence,marginalia,cao_concordances,feast,feast_code,genre,office,srclink,melody_id,full_text,full_text_manuscript,volpiano,notes,dataset_name,dataset_idx,db,image_link
,,https://musicahispanica.eu/chant/62761,Torrentem transgressa est anima nostra forsitan ,h03722,,,,E-L (León) Ms 8,,030v,,,,Aciscli,,CLM,MASS,https://musicahispanica.eu/source/20175,,Torrentem transgressa est anima nostra forsitan per transisset anima nostra aqua intolerabile,,,,,,SEMM,0
,,https://musicahispanica.eu/chant/73419,Torrentem transgressa est anima nostra forsita[ ,h03722,,,,E-Mh (Madrid) Cod. 30,,215r,,,,Tirsi,,CLM,MASS,https://musicahispanica.eu/source/20176,,Torrentem transgressa est anima nostra forsita[n] per transiset anima nostra aqua intolerabile,,,,,,SEMM,0
,,https://musicahispanica.eu/chant/84228,Torrentem transgressa est anima nostra forsitan ,h03722,,,,E-Zfm (Zaragoza) Ms-418,,004r,,,,Tirsi,,CLM,MASS,https://musicahispanica.eu/source/20192,,Torrentem transgressa est anima nostra forsitan per transisset anima nostra aqua intolerabilem deo gratias,,,,,,SEMM,0
,,https://musicahispanica.eu/chant/66526,Domine dominus noster quam admirabile est ,h04416,,,,E-L (León) Ms 8,,229r,,,,"Justi, Pastoris",14080630,CLM,MASS,https://musicahispanica.eu/source/20175,,Domine dominus noster quam admirabile est nomen tuum in universa terra R. Quoniam elevata est magnificentia tua supra caelos,,,,,,SEMM,0
,,https://musicahispanica.eu/chant/92708,Domine dominus noster quam admirabile est ,h04416,*,,,E-Tc (Toledo) 35.6,,197v,,,,"Justi, Pastoris",14080630,CLM,MASS,https://musicahispanica.eu/source/20187,,Domine dominus noster quam admirabile est nomen tuum in universa terra,,,,,,SEMM,0
,,https://musicahispanica.eu/chant/84382,Ut audiam vocem laudis tuae et ,h04427,,,,E-Zfm (Zaragoza) Ms-418,,007r,,,,Cathedra Petri,14022200,CLM,MASS,https://musicahispanica.eu/source/20192,,Ut audiam vocem laudis tuae et enarrem universa mirabilia tua,,,,,,SEMM,0
,,https://musicahispanica.eu/chant/66472,Non accedunt a te mala et ,h04422,,,,E-L (León) Ms 8,,226r,,,,Felicis,14072900,CLM,MASS,https://musicahispanica.eu/source/20175,,Non accedunt a te mala et flagellum non appropiabit tabernaculo tuo,,,,,,SEMM,0
,,https://musicahispanica.eu/chant/84962,Non accedunt a te mala et ,h04422,*,,,E-SI (Santo Domingo de Silos) MS 5,,085r,,,,Michaelis,14092900,CLM,MASS,https://musicahispanica.eu/source/20178,,Non accedunt a te mala et flagella non appropiabit tabernaculo tuo,,,,,,SEMM,0
,,https://musicahispanica.eu/chant/68071,Exaudiat te dominus in die tribulationis ,h04417,*,,,E-L (León) Ms 8,,300v,,,,Dom. Quotidiano,,CLM,MASS,https://musicahispanica.eu/source/20175,,Exaudiat te dominus in die tribulationis protegat te nomen dei Jacob,,,,,,SEMM,0
,,https://musicahispanica.eu/chant/65530,Tenebit me dextera tua et in ,h04426,,,,E-L (León) Ms 8,,176v,,,,Dom. Resurrectionis,08011000,CLM,MASS,https://musicahispanica.eu/source/20175,,Tenebit me dextera tua et in libro tuo me scribentur,,,,,,SEMM,0
,,https://musicahispanica.eu/chant/68894,Beati qui habitant in domo tua ,h00867,,,,E-Mh (Madrid) Cod. 30,,012v,,,,Suff. Adventus,,CLM,MASS,https://musicahispanica.eu/source/20176,,Beati qui habitant in domo tua domine in saecula saeculorum laudabunt te,,,,,,SEMM,0
,,https://musicahispanica.eu/chant/87341,[Beati qui habitant in domo tua ,h00867,,,,GB-Lbl (London) Add MS 11695 (ff. 1r-4v) ,,001r,,,,Romani,14080900,CLM,MASS,https://musicahispanica.eu/source/20200,,[Beati qui habitant in domo tua domine in saecula saeculorum] laudabunt te deo gratias,,,,,,SEMM,0
,,https://musicahispanica.eu/chant/65532,Laetentur caeli et exultet terra,h04420,,,,E-L (León) Ms 8,,176v,,,,Dom. Resurrectionis,08011000,CLM,MASS,https://musicahispanica.eu/source/20175,,Laetentur caeli et exultet terra,,,,,,SEMM,0
,,https://musicahispanica.eu/chant/63978,Exaudi me deus quoniam benigna est ,h04374,,,,E-L (León) Ms 8,,099r,,,,Vincentii,14012200,CLM,MASS,https://musicahispanica.eu/source/20175,,Exaudi me deus quoniam benigna est misericordia tua super me ,,,,,,SEMM,0
,,https://musicahispanica.eu/chant/73275,Exaudi me domine [quoniam benigna est ,h04374,,,,E-Mh (Madrid) Cod. 30,,209r,,,,Vincentii,14012200,CLM,MASS,https://musicahispanica.eu/source/20176,,Exaudi me domine [quoniam benigna est misericordia] tua super me ,,,,,,SEMM,0
,,https://musicahispanica.eu/chant/84216,Exaudi me domine quoniam benigna est ,h04374,,,,E-Zfm (Zaragoza) Ms-418,,003v,,,,Vincentii,14012200,CLM,MASS,https://musicahispanica.eu/source/20192,,Exaudi me domine quoniam benigna est misericordia tua super me deo gratias,,,,,,SEMM,0
,,https://musicahispanica.eu/chant/63322,Deus in medio ejus non commovebitur ,h00869,,,,E-L (León) Ms 8,,061r,,,,Exspectationis BMV,14121810,CLM,MASS,https://musicahispanica.eu/source/20175,,Deus in medio ejus non commovebitur adjuvabit eam deus aspectu suo deo gratias,,,,,,SEMM,0
,,https://musicahispanica.eu/chant/72324,Deus in medio ejus non commobevitur ,h00869,,,,E-Mh (Madrid) Cod. 30,,098r,,,,Assumptio Mariae (Hispanic rite),,CLM,MASS,https://musicahispanica.eu/source/20176,,Deus in medio ejus non commobevitur adjuvabit eam deus aspectu suo deo gratias,,,,,,SEMM,0
,,https://musicahispanica.eu/chant/53063,Deus in medio ejus non commovebitur ,h00869,,,,E-Tc (Toledo) 35.7,,036v,,,,Assumptio Mariae (Hispanic rite),,CLM,MASS,https://musicahispanica.eu/source/20188,,Deus in medio ejus non commovebitur adjuvabit eam deus aspectu suo deo gratias,,,,,,SEMM,0
,,https://musicahispanica.eu/chant/74795,Deus in medio ejus non commovebitur ,h00869,*,,,GB-Lbl (London) Add MS 30844,,040r,,,,Exspectationis BMV,14121810,CLM,MASS,https://musicahispanica.eu/source/20201,,Deus in medio ejus non commovebitur adjuvabit eam deus aspectu suo deo gratias ,,,,,,SEMM,0
,,https://musicahispanica.eu/chant/66269,Repleatur os meum deus laude tua ,h04424,,,,E-L (León) Ms 8,,215r,,,,Joannis Baptistae,14062400,CLM,MASS,https://musicahispanica.eu/source/20175,,Repleatur os meum deus laude tua ut possim cantare gloriam tuam,,,,,,SEMM,0
,,https://musicahispanica.eu/chant/65969,Aperite mihi portas justitiae,h00865,,,,E-L (León) Ms 8,,201r,,,,Ascensio Domini,08065000,CLM,MASS,https://musicahispanica.eu/source/20175,,Aperite mihi portas justitiae,,,,,,SEMM,0
,,https://musicahispanica.eu/chant/45390,Aperite mihi portas justitiae,h00865,,,,E-Tc (Toledo) 35.5,,187r,,,,Dom. Resurrectionis,08011000,CLM,MASS,https://musicahispanica.eu/source/20186,,Aperite mihi portas justitiae,,,,,,SEMM,0
,,https://musicahispanica.eu/chant/75321,Aperite mihi portas justitiae,h00865,*,,,GB-Lbl (London) Add MS 30844,,157r,,,,Ascensio Domini,08065000,CLM,MASS,https://musicahispanica.eu/source/20201,,Aperite mihi portas justitiae,,,,,,SEMM,0
,,https://musicahispanica.eu/chant/66866,In memoria aeterna erit justus ab ,h04419,,,,E-L (León) Ms 8,,246r,,,,Martini,14111100,CLM,MASS,https://musicahispanica.eu/source/20175,,In memoria aeterna erit justus ab auditu malo non timebit deo gratias,,,,,,SEMM,0
,,https://musicahispanica.eu/chant/66324,Caeli enarrant gloriam dei et opera ,h00537,,,,E-L (León) Ms 8,,218r,,,,"Petri, Pauli",14062900,CLM,MASS,https://musicahispanica.eu/source/20175,,Caeli enarrant gloriam dei et opera manum ejus annuntiant firmamentum R. Deo gratias,,,,,,SEMM,0
,,https://musicahispanica.eu/chant/61933,Caeli enarrant gloriam dei et opera ,h00537,,,,E-Tc (Toledo) 35.4,,048r,,,,Torquati et sociorum,,CLM,MASS,https://musicahispanica.eu/source/20185,,Caeli enarrant gloriam dei et opera manuum ejus annuntiant firmamentum deo gratias,,,,,,SEMM,0
,,https://musicahispanica.eu/chant/45602,Caeli enarrant gloriam dei et opera ,h00537,,,,E-Tm (Toledo) número de inventario 1325,,020r,,,,"Petri, Pauli",14062900,CLM,MASS,https://musicahispanica.eu/source/20190,,Caeli enarrant gloriam dei et opera manuum ejus annuntiant firmamentum,,,,,,SEMM,0
,,https://musicahispanica.eu/chant/99063,Caeli enarrant gloriam dei et opera ,h00537,,,,GB-Lbl (London) Add MS 30845,,034r,,,,"Petri, Pauli",14062900,CLM,MASS,https://musicahispanica.eu/source/20196,,Caeli enarrant gloriam dei et opera manuum ejus annuntiat firmamentum deo gratias,,,,,,SEMM,0
,,https://musicahispanica.eu/chant/82797,Caeli enarrant gloriam dei et opera ,h00537,*,,,GB-Lbl (London) Add MS 30846,,084r,,,,Torquati et sociorum,,CLM,MASS,https://musicahispanica.eu/source/20202,,Caeli enarrant gloriam dei et opera manuum ejus annuntiat firmamentum deo gratias,,,,,,SEMM,0
,,https://musicahispanica.eu/chant/66412,Flumen dei repletum est aqua praeparasti ,h04418,,,,E-L (León) Ms 8,,222v,,,,Primitis,,CLM,MASS,https://musicahispanica.eu/source/20175,,Flumen dei repletum est aqua praeparasti cibum nostrorum quia ita est praeparatio tua,,,,,,SEMM,0
,,https://musicahispanica.eu/chant/92478,Flumen dei repletum est aqua praeparasti ,h04418,*,,,E-Tc (Toledo) 35.6,,168v,,,,Primitis,,CLM,MASS,https://musicahispanica.eu/source/20187,,Flumen dei repletum est aqua praeparasti cibum nostrorum quia ita est praeparatio tua,,,,,,SEMM,0
,,https://musicahispanica.eu/chant/64008,Vox laetitiae et salutis in tabernaculis ,h04375,,,,E-L (León) Ms 8,,100v,,,,Tirsi,,CLM,MASS,https://musicahispanica.eu/source/20175,,Vox laetitiae et salutis in tabernaculis justorum,,,,,,SEMM,0
,,https://musicahispanica.eu/chant/73083,Circumdate Sion et complectimini eam narrate [ ,h00868,,,,E-Mh (Madrid) Cod. 30,,193v,,,,"Agnetis, Emerentianae",,CLM,MASS,https://musicahispanica.eu/source/20176,,Circumdate Sion et complectimini eam narrate [in turribus e]jus,,,,,,SEMM,0
,,https://musicahispanica.eu/chant/66178,Spiritus tuus bonus deus deducet nos ,h04425,,,,E-L (León) Ms 8,,210r,,,,Dom. Pentecostes,08081000,CLM,MASS,https://musicahispanica.eu/source/20175,,Spiritus tuus bonus deus deducet nos in viam rectam,,,,,,SEMM,0
,,https://musicahispanica.eu/chant/84017,Spiritus tuus bonus deus deducat nos ,h04425,*,,,GB-Lbl (London) Add MS 30846,,168v,,,,"Dom. Pentecostes,8",08081008,CLM,MASS,https://musicahispanica.eu/source/20202,,Spiritus tuus bonus deus deducat nos in viam rectam,,,,,,SEMM,0
