id,corpus_id,chantlink,incipit,cantus_id,mode,finalis,differentia,siglum,position,folio,sequence,marginalia,cao_concordances,feast,feast_code,genre,office,srclink,melody_id,full_text,full_text_manuscript,volpiano,notes,dataset_name,dataset_idx,db,image_link
,,https://musicahispanica.eu/chant/87889,Spe sola clamamus miseratione tuae Christe ,h04412d,,,,E-SCu (Santiago de Compostela) Ms 609,,221r,,,,,,CLMOV,Noc,https://musicahispanica.eu/source/20207,,Spe sola clamamus miseratione tuae Christe salvemur,,,,,,SEMM,0
,,https://musicahispanica.eu/chant/89557,Spe sola clamamus miseratione tuae Christe ,h04412d,,,,GB-Lbl (London) Add MS 30851,,173r,,,,In tempore Quad.,07000000,CLMOV,,https://musicahispanica.eu/source/20203,,Spe sola clamamus miseratione tuae Christe salvemur,,,,,,SEMM,0
,,https://musicahispanica.eu/chant/87056,A ruina et daemonio meridiano deus ,h00539a,*,,,E-SI (Santo Domingo de Silos) MS 7,,076v,,,,,,CLMOV,S,https://musicahispanica.eu/source/20181,,A ruina et daemonio meridiano deus sancte custodi nos,,,,,,SEMM,0
,,https://musicahispanica.eu/chant/92912,A ruina et daemonio meridiano deus ,h00539a,*,,,E-Tc (Toledo) 33.3,,023r,,,,In tempore Paschae,08000000,CLMOV,S,https://musicahispanica.eu/source/20197,,A ruina et daemonio meridiano deus sancte custodi nos,,,,,,SEMM,0
,,https://musicahispanica.eu/chant/87857,Domine deus salutis meae per diem ,h00172f,,,,E-SCu (Santiago de Compostela) Ms 609,,220v,,,,,,CLMOV,Noc,https://musicahispanica.eu/source/20207,,Domine deus salutis meae per diem clamavi et nocte coram te,,,,,,SEMM,0
,,https://musicahispanica.eu/chant/89550,Domine deus salutis meae in die ,h00172f,,,,GB-Lbl (London) Add MS 30851,,173r,,,,In tempore Quad.,07000000,CLMOV,,https://musicahispanica.eu/source/20203,,Domine deus salutis meae in die clamavi et nocte coram te,,,,,,SEMM,0
,,https://musicahispanica.eu/chant/87886,Sicut speravimus in te *,h04412l,,,,E-SCu (Santiago de Compostela) Ms 609,,221r,,,,,,CLMOV,Noc,https://musicahispanica.eu/source/20207,,Sicut speravimus in te *,,,,,,SEMM,0
,,https://musicahispanica.eu/chant/87893,Praesta deus sanctae pater omnipotens in ,h04412h,,,,E-SCu (Santiago de Compostela) Ms 609,,221r,,,,,,CLMOV,Noc,https://musicahispanica.eu/source/20207,,Praesta deus sanctae pater omnipotens in manu forti et bracchio excelso,,,,,,SEMM,0
,,https://musicahispanica.eu/chant/89561,Praesta deus sanctae pater omnipotens in ,h04412h,,,,GB-Lbl (London) Add MS 30851,,173v,,,,In tempore Quad.,07000000,CLMOV,,https://musicahispanica.eu/source/20203,,Praesta deus sanctae pater omnipotens in manu forti et bracchio excelso salvum fac domine plebem tuam,,,,,,SEMM,0
,,https://musicahispanica.eu/chant/87096,Parce precor jam deus parce precor ,h04415b,*,,,E-SI (Santo Domingo de Silos) MS 7,,098r,,,,,,CLMOV,C,https://musicahispanica.eu/source/20181,,Parce precor jam deus parce precor reis contere bella et amove plaga,,,,,,SEMM,0
,,https://musicahispanica.eu/chant/87699,Funes peccatorum circumplexi sunt me domine ,h00160a,,,,E-SCu (Santiago de Compostela) Ms 609,,215r,,,,,,CLMOV,MN,https://musicahispanica.eu/source/20207,,Funes peccatorum circumplexi sunt me domine et legem tuam non sum oblitus,,,,,,SEMM,0
,,https://musicahispanica.eu/chant/87267,Funes peccatorum circumplexi sunt me domine ,h00160a,*,,,E-SI (Santo Domingo de Silos) MS 7,,130r,,,,,,CLMOV,MN,https://musicahispanica.eu/source/20181,,Funes peccatorum circumplexi sunt me domine et legem tuam non sum oblitus,,,,,,SEMM,0
,,https://musicahispanica.eu/chant/68898,Funes peccatorum circumplexerunt me domine et ,h00160a,,,,GB-Lbl (London) Add MS 30851,,169v,,,,Dom. Quotidiano,,CLMOV,C,https://musicahispanica.eu/source/20203,,Funes peccatorum circumplexerunt me domine et legem tuam non sum oblitus,,,,,,SEMM,0
,,https://musicahispanica.eu/chant/87894,Salvum fac domine plebem tuam,h04412m,,,,E-SCu (Santiago de Compostela) Ms 609,,221r,,,,,,CLMOV,Noc,https://musicahispanica.eu/source/20207,,Salvum fac domine plebem tuam,,,,,,SEMM,0
,,https://musicahispanica.eu/chant/87006,Sed secundum multitudinem miserationum tuarum miserere ,h04413a,*,,,E-SI (Santo Domingo de Silos) MS 7,,064r,,,,Dom. Resurrectionis,08011000,CLMOV,T,https://musicahispanica.eu/source/20181,,Sed secundum multitudinem miserationum tuarum miserere nobis,,,,,,SEMM,0
,,https://musicahispanica.eu/chant/87895,Exaudi domine *,h04412i,,,,E-SCu (Santiago de Compostela) Ms 609,,221r,,,,,,CLMOV,Noc,https://musicahispanica.eu/source/20207,,Exaudi domine *,,,,,,SEMM,0
,,https://musicahispanica.eu/chant/89562,Exaudi domine *,h04412i,,,,GB-Lbl (London) Add MS 30851,,173v,,,,In tempore Quad.,07000000,CLMOV,,https://musicahispanica.eu/source/20203,,Exaudi domine *,,,,,,SEMM,0
,,https://musicahispanica.eu/chant/87853,Set secundum multitudinem miserationum tuarum miserere ,h00172c,,,,E-SCu (Santiago de Compostela) Ms 609,,220v,,,,,,CLMOV,Noc,https://musicahispanica.eu/source/20207,,Set secundum multitudinem miserationum tuarum miserere nobis,,,,,,SEMM,0
,,https://musicahispanica.eu/chant/89546,Et secundum multitudinem miserationum tuarum miserere ,h00172c,,,,GB-Lbl (London) Add MS 30851,,173r,,,,In tempore Quad.,07000000,CLMOV,,https://musicahispanica.eu/source/20203,,Et secundum multitudinem miserationum tuarum miserere nobis,,,,,,SEMM,0
,,https://musicahispanica.eu/chant/87890,Parce precor jam deus parce precor ,h04412e,,,,E-SCu (Santiago de Compostela) Ms 609,,221r,,,,,,CLMOV,Noc,https://musicahispanica.eu/source/20207,,Parce precor jam deus parce precor reis contere bella et amove plaga,,,,,,SEMM,0
,,https://musicahispanica.eu/chant/89558,Parce precor jam deus parce precor ,h04412e,,,,GB-Lbl (London) Add MS 30851,,173v,,,,In tempore Quad.,07000000,CLMOV,,https://musicahispanica.eu/source/20203,,Parce precor jam deus parce precor reis contere bella et amove plaga,,,,,,SEMM,0
,,https://musicahispanica.eu/chant/87882,Fiat domine misericordia tua domine super ,h04412a,,,,E-SCu (Santiago de Compostela) Ms 609,,221r,,,,,,CLMOV,Noc,https://musicahispanica.eu/source/20207,,Fiat domine misericordia tua domine super nos,,,,,,SEMM,0
,,https://musicahispanica.eu/chant/89554,Fiat domine misericordia tua super nos ,h04412a,,,,GB-Lbl (London) Add MS 30851,,173r,,,,In tempore Quad.,07000000,CLMOV,,https://musicahispanica.eu/source/20203,,Fiat domine misericordia tua super nos sicut speravimus in te,,,,,,SEMM,0
,,https://musicahispanica.eu/chant/87858,Intret oratio mea in conspectu tuo,h00172g,,,,E-SCu (Santiago de Compostela) Ms 609,,220v,,,,,,CLMOV,Noc,https://musicahispanica.eu/source/20207,,Intret oratio mea in conspectu tuo,,,,,,SEMM,0
,,https://musicahispanica.eu/chant/89551,Intret oratio mea in conspectu tuo,h00172g,,,,GB-Lbl (London) Add MS 30851,,173r,,,,In tempore Quad.,07000000,CLMOV,,https://musicahispanica.eu/source/20203,,Intret oratio mea in conspectu tuo,,,,,,SEMM,0
,,https://musicahispanica.eu/chant/89547,Laqueus conteratur et nos liberemur adjutorium ,h00172i,,,,GB-Lbl (London) Add MS 30851,,173r,,,,In tempore Quad.,07000000,CLMOV,,https://musicahispanica.eu/source/20203,,Laqueus conteratur et nos liberemur adjutorium nostrum in nomine domini,,,,,,SEMM,0
,,https://musicahispanica.eu/chant/87898,Averte domine iracundiam tuam a nobis,h04412k,,,,E-SCu (Santiago de Compostela) Ms 609,,221r,,,,,,CLMOV,Noc,https://musicahispanica.eu/source/20207,,Averte domine iracundiam tuam a nobis,,,,,,SEMM,0
,,https://musicahispanica.eu/chant/89564,Averte domine iracundiam tuam a nobis,h04412k,,,,GB-Lbl (London) Add MS 30851,,173v,,,,In tempore Quad.,07000000,CLMOV,,https://musicahispanica.eu/source/20203,,Averte domine iracundiam tuam a nobis,,,,,,SEMM,0
,,https://musicahispanica.eu/chant/87700,Deprecatus sum faciem tuam de toto ,h00160b,,,,E-SCu (Santiago de Compostela) Ms 609,,215r,,,,,,CLMOV,MN,https://musicahispanica.eu/source/20207,,Deprecatus sum faciem tuam de toto corde meo miserere mei deus,,,,,,SEMM,0
,,https://musicahispanica.eu/chant/87268,Deprecatus sum faciem tuam de toto ,h00160b,*,,,E-SI (Santo Domingo de Silos) MS 7,,130r,,,,,,CLMOV,MN,https://musicahispanica.eu/source/20181,,Deprecatus sum faciem tuam de toto corde meo deus meus,,,,,,SEMM,0
,,https://musicahispanica.eu/chant/68899,Deprecatus sum faciem tuam de toto ,h00160b,,,,GB-Lbl (London) Add MS 30851,,169v,,,,Dom. Quotidiano,,CLMOV,C,https://musicahispanica.eu/source/20203,,Deprecatus sum faciem tuam de toto corde meo miserere mei deus,,,,,,SEMM,0
,,https://musicahispanica.eu/chant/87095,Miserere nobis deus miserere nobis propitius ,h04415a,*,,,E-SI (Santo Domingo de Silos) MS 7,,098r,,,,,,CLMOV,C,https://musicahispanica.eu/source/20181,,Miserere nobis deus miserere nobis propitius esto peccatoribus nobis,,,,,,SEMM,0
,,https://musicahispanica.eu/chant/87892,Respiciat nos domine misericordia tuae ut ,h04412g,,,,E-SCu (Santiago de Compostela) Ms 609,,221r,,,,,,CLMOV,Noc,https://musicahispanica.eu/source/20207,,Respiciat nos domine misericordia tuae ut securi serviamus tibi,,,,,,SEMM,0
,,https://musicahispanica.eu/chant/89560,Respiciat nos domine misericordia tuae ut ,h04412g,,,,GB-Lbl (London) Add MS 30851,,173v,,,,In tempore Quad.,07000000,CLMOV,,https://musicahispanica.eu/source/20203,,Respiciat nos domine misericordia tuae ut securi serviamus tibi,,,,,,SEMM,0
,,https://musicahispanica.eu/chant/87888,Mitte manum tuam de alto et ,h04412c,,,,E-SCu (Santiago de Compostela) Ms 609,,221r,,,,,,CLMOV,Noc,https://musicahispanica.eu/source/20207,,Mitte manum tuam de alto et libera nos domine,,,,,,SEMM,0
,,https://musicahispanica.eu/chant/89556,Mitte manum tuam domine de alto ,h04412c,,,,GB-Lbl (London) Add MS 30851,,173r,,,,In tempore Quad.,07000000,CLMOV,,https://musicahispanica.eu/source/20203,,Mitte manum tuam domine de alto et libera nos domine,,,,,,SEMM,0
,,https://musicahispanica.eu/chant/87856,Domine dicanime meae salus tua ego ,h00172e,,,,E-SCu (Santiago de Compostela) Ms 609,,220v,,,,,,CLMOV,Noc,https://musicahispanica.eu/source/20207,,Domine dicanime meae salus tua ego sum,,,,,,SEMM,0
,,https://musicahispanica.eu/chant/89549,Domine dicanime meae salus tua ego ,h00172e,,,,GB-Lbl (London) Add MS 30851,,173r,,,,In tempore Quad.,07000000,CLMOV,,https://musicahispanica.eu/source/20203,,Domine dicanime meae salus tua ego sum,,,,,,SEMM,0
,,https://musicahispanica.eu/chant/92939,Convertere domine aliquantulum et repropitiare super ,h04414a,*,,,E-Tc (Toledo) 33.3,,031v,,,,In tempore Paschae,08000000,CLMOV,DU&D,https://musicahispanica.eu/source/20197,,Convertere domine aliquantulum et repropitiare super servos tuos,,,,,,SEMM,0
,,https://musicahispanica.eu/chant/87891,Miserere nobis deus miserere nobis propitius ,h04412f,,,,E-SCu (Santiago de Compostela) Ms 609,,221r,,,,,,CLMOV,Noc,https://musicahispanica.eu/source/20207,,Miserere nobis deus miserere nobis propitius esto peccatoribus nobis,,,,,,SEMM,0
,,https://musicahispanica.eu/chant/89559,Miserere nobis deus miserere nobis propitius ,h04412f,,,,GB-Lbl (London) Add MS 30851,,173v,,,,In tempore Quad.,07000000,CLMOV,,https://musicahispanica.eu/source/20203,,Miserere nobis deus miserere nobis propitius esto peccatoribus nobis,,,,,,SEMM,0
,,https://musicahispanica.eu/chant/87887,Propitius esto iniquitatibus nostris et sana ,h04412b,,,,E-SCu (Santiago de Compostela) Ms 609,,221r,,,,,,CLMOV,Noc,https://musicahispanica.eu/source/20207,,Propitius esto iniquitatibus nostris et sana domine langores nostros,,,,,,SEMM,0
,,https://musicahispanica.eu/chant/89555,Propitius esto domine iniquitatibus nostris et ,h04412b,,,,GB-Lbl (London) Add MS 30851,,173r,,,,In tempore Quad.,07000000,CLMOV,,https://musicahispanica.eu/source/20203,,Propitius esto domine iniquitatibus nostris et sana domine langores nostros,,,,,,SEMM,0
,,https://musicahispanica.eu/chant/87855,Nocte cum corde meo meditabur et ,h00172d,,,,E-SCu (Santiago de Compostela) Ms 609,,220v,,,,,,CLMOV,Noc,https://musicahispanica.eu/source/20207,,Nocte cum corde meo meditabur et inquietabam spiritum meum et dixi non in aeternum repellas deus,,,,,,SEMM,0
,,https://musicahispanica.eu/chant/89548,Nocte cum corde meo meditabur inquietabam ,h00172d,,,,GB-Lbl (London) Add MS 30851,,173r,,,,In tempore Quad.,07000000,CLMOV,,https://musicahispanica.eu/source/20203,,Nocte cum corde meo meditabur inquietabam spiritum meum et dixi non in aeternum repellas deus,,,,,,SEMM,0
,,https://musicahispanica.eu/chant/87854,Laqueus conteratur et nos liberemur adjutorium ,h00172h,,,,E-SCu (Santiago de Compostela) Ms 609,,220v,,,,,,CLMOV,Noc,https://musicahispanica.eu/source/20207,,Laqueus conteratur et nos liberemur adjutorium nostrum in nomine domini,,,,,,SEMM,0
,,https://musicahispanica.eu/chant/87859,Inclina aurem tuam ad precem meam ,h00172h,,,,E-SCu (Santiago de Compostela) Ms 609,,220v,,,,,,CLMOV,Noc,https://musicahispanica.eu/source/20207,,Inclina aurem tuam ad precem meam domine,,,,,,SEMM,0
,,https://musicahispanica.eu/chant/89552,Inclina aurem tuam ad precem meam ,h00172h,,,,GB-Lbl (London) Add MS 30851,,173r,,,,In tempore Quad.,07000000,CLMOV,,https://musicahispanica.eu/source/20203,,Inclina aurem tuam ad precem meam domine,,,,,,SEMM,0
,,https://musicahispanica.eu/chant/87896,Placare domine *,h04412j,,,,E-SCu (Santiago de Compostela) Ms 609,,221r,,,,,,CLMOV,Noc,https://musicahispanica.eu/source/20207,,Placare domine *,,,,,,SEMM,0
,,https://musicahispanica.eu/chant/89563,Placare domine *,h04412j,,,,GB-Lbl (London) Add MS 30851,,173v,,,,In tempore Quad.,07000000,CLMOV,,https://musicahispanica.eu/source/20203,,Placare domine *,,,,,,SEMM,0
