id,corpus_id,chantlink,incipit,cantus_id,mode,finalis,differentia,siglum,position,folio,sequence,marginalia,cao_concordances,feast,feast_code,genre,office,srclink,melody_id,full_text,full_text_manuscript,volpiano,notes,dataset_name,dataset_idx,db,image_link
,,https://musicahispanica.eu/chant/27253,Miserere domine miserere nobis tibi soli ,h00171,,,,E-SAu (Salamanca) Ms. 2668,,164r,,,,,,CLMOV,X,https://musicahispanica.eu/source/20205,,Miserere domine miserere nobis tibi soli peccavimus in dulce nobis rogamus,,,,,,SEMM,0
,,https://musicahispanica.eu/chant/27244,Media nocte surgebam ad confitendum tibi ,h00160,,,,E-SAu (Salamanca) Ms. 2668,,163v,,,,,,CLMOV,X,https://musicahispanica.eu/source/20205,,Media nocte surgebam ad confitendum tibi super judicia justitiae tuae,,,,,,SEMM,0
,,https://musicahispanica.eu/chant/87698,Media nocte surgebam ad confitendum tibi ,h00160,,,,E-SCu (Santiago de Compostela) Ms 609,,215r,,,,,,CLMO,MN,https://musicahispanica.eu/source/20207,,Media nocte surgebam ad confitendum tibi super judicia justitiae tuae,,,,,,SEMM,0
,,https://musicahispanica.eu/chant/87266,Media nocte surgebam ad confitendum tibi ,h00160,*,,,E-SI (Santo Domingo de Silos) MS 7,,130r,,,,,,CLMO,MN,https://musicahispanica.eu/source/20181,,Media nocte surgebam ad confitendum tibi super judicia justitiae tuae,,,,,,SEMM,0
,,https://musicahispanica.eu/chant/68893,Media nocte surgebam ad confitendum tibi ,h00160,,,,GB-Lbl (London) Add MS 30851,,169v,,,,Dom. Quotidiano,,CLMOV,C,https://musicahispanica.eu/source/20203,,Media nocte surgebam ad confitendum tibi super judicia in justitiae tuae,,,,,,SEMM,0
,,https://musicahispanica.eu/chant/87055,Ne proicias nos deus a facie ,h00539.1,*,,,E-SI (Santo Domingo de Silos) MS 7,,076v,,,,,,CLMO,S,https://musicahispanica.eu/source/20181,,Ne proicias nos deus a facie tua spiritum sanctum tuum ne auferas a nobis,,,,,,SEMM,0
,,https://musicahispanica.eu/chant/92911,Ne proicias nos deus a facie ,h00539.1,,,,E-Tc (Toledo) 33.3,,023r,,,,In tempore Paschae,08000000,CLMO,S,https://musicahispanica.eu/source/20197,,Ne proicias nos deus a facie tua spiritum sanctum tuum ne auferas a nobis,,,,,,SEMM,0
,,https://musicahispanica.eu/chant/27480,Clamor noster ad te perveniat domine ,h00172,,,,E-SAu (Salamanca) Ms. 2668,,172r,,,,Dom. Quotidiano,,CLMOV,X,https://musicahispanica.eu/source/20205,,Clamor noster ad te perveniat domine parce et miserere quia peccavimus tibi,,,,,,SEMM,0
,,https://musicahispanica.eu/chant/87850,Clamor noster ad te perveniat domine,h00172,,,,E-SCu (Santiago de Compostela) Ms 609,,220v,,,,,,CLMO,Noc,https://musicahispanica.eu/source/20207,,Clamor noster ad te perveniat domine,,,,,,SEMM,0
,,https://musicahispanica.eu/chant/87300,Clamor noster ad te perveniat domine,h00172,*,,,E-SI (Santo Domingo de Silos) MS 7,,138r,,,,Dom. Quadragesimae,07001000,CLMO,Noc,https://musicahispanica.eu/source/20181,,Clamor noster ad te perveniat domine,,,,,,SEMM,0
,,https://musicahispanica.eu/chant/68982,Clamor noster ad te perveniat domine,h00172,,,,GB-Lbl (London) Add MS 30851,,173r,,,,In tempore Quad.,07000000,CLMO,,https://musicahispanica.eu/source/20203,,Clamor noster ad te perveniat domine,,,,,,SEMM,0
,,https://musicahispanica.eu/chant/62086,Ne proicias me a facie tua ,h00539,,,,E-Tc (Toledo) 35.4,,077r,,,,Dom. Pentecostes,08081000,CLM,MASS,https://musicahispanica.eu/source/20185,,Ne proicias me a facie tua spiritum sanctum tuum ne auferas a me Deo gratias,,,,,,SEMM,0
