id,corpus_id,chantlink,incipit,cantus_id,mode,finalis,differentia,siglum,position,folio,sequence,marginalia,cao_concordances,feast,feast_code,genre,office,srclink,melody_id,full_text,full_text_manuscript,volpiano,notes,dataset_name,dataset_idx,db,image_link
,,https://musicahispanica.eu/chant/84383,Et locum habitationis gloriae tuae ut ,h04427a,,,,E-Zfm (Zaragoza) Ms-418,,007r,,,,Cathedra Petri,14022200,CLMV,MASS,https://musicahispanica.eu/source/20192,,Et locum habitationis gloriae tuae ut clara,,,,,,SEMM,0
,,https://musicahispanica.eu/chant/89519,Et in omnem terram exivit sonus ,h00537a,,,,E-L (León) Ms 8,,218r,,,,"Petri, Pauli",14062900,CLMV,MASS,https://musicahispanica.eu/source/20175,,Et in omnem terram exivit sonus sanctorum,,,,,,SEMM,0
,,https://musicahispanica.eu/chant/88628,Tota die laudem tuam *,h04424a,,,,E-L (León) Ms 8,,215r,,,,Joannis Baptistae,14062400,CLMV,MASS,https://musicahispanica.eu/source/20175,,Tota die laudem tuam *,,,,,,SEMM,0
,,https://musicahispanica.eu/chant/79109,Quoniam deus summus terribilis et rex ,h04363a,,,,E-L (León) Ms 8,,088v,,,,Epiphania,05010600,CLMV,MASS,https://musicahispanica.eu/source/20175,,Quoniam deus summus terribilis et rex magnus in omnem terram,,,,,,SEMM,0
,,https://musicahispanica.eu/chant/79218,Intende mihi et libera me quia ,h04374a,,,,E-L (León) Ms 8,,099r,,,,Vincentii,14012200,CLMV,MASS,https://musicahispanica.eu/source/20175,,Intende mihi et libera me quia tribulor usque,,,,,,SEMM,0
,,https://musicahispanica.eu/chant/73276,Intende mihi et libera me quia ,h04374a,,,,E-Mh (Madrid) Cod. 30,,209v,,,,Vincentii,14012200,CLMV,MASS,https://musicahispanica.eu/source/20176,,Intende mihi et libera me quia tribulor usque,,,,,,SEMM,0
,,https://musicahispanica.eu/chant/88584,Doce nos domine facere voluntatem tuam,h04425a,,,,E-L (León) Ms 8,,210r,,,,Dom. Pentecostes,08081000,CLMV,MASS,https://musicahispanica.eu/source/20175,,Doce nos domine facere voluntatem tuam,,,,,,SEMM,0
,,https://musicahispanica.eu/chant/88925,Paratum est cor ejus sperare in ,h04419a,,,,E-L (León) Ms 8,,246r,,,,Martini,14111100,CLMV,MASS,https://musicahispanica.eu/source/20175,,Paratum est cor ejus sperare in domino,,,,,,SEMM,0
,,https://musicahispanica.eu/chant/88737,Scuto circumdabit te veritas ejus,h04422a,,,,E-L (León) Ms 8,,226r,,,,Felicis,14072900,CLMV,MASS,https://musicahispanica.eu/source/20175,,Scuto circumdabit te veritas ejus,,,,,,SEMM,0
,,https://musicahispanica.eu/chant/84963,Scuto circumdabit te veritas ejus,h04422a,*,,,E-SI (Santo Domingo de Silos) MS 5,,085r,,,,Michaelis,14092900,CLMV,MASS,https://musicahispanica.eu/source/20178,,Scuto circumdabit te veritas ejus,,,,,,SEMM,0
,,https://musicahispanica.eu/chant/88704,Rivos ejus inebrians multiplicas generationes in ,h04418a,,,,E-L (León) Ms 8,,222v,,,,Primitis,,CLMV,MASS,https://musicahispanica.eu/source/20175,,Rivos ejus inebrians multiplicas generationes in saecula ,,,,,,SEMM,0
,,https://musicahispanica.eu/chant/92479,Rivos ejus inebrian multiplica generationes,h04418a,*,,,E-Tc (Toledo) 35.6,,169r,,,,Primitis,,CLMV,MASS,https://musicahispanica.eu/source/20187,,Rivos ejus inebrian multiplica generationes,,,,,,SEMM,0
,,https://musicahispanica.eu/chant/68072,Salvum faciat dominus sanctum suum et ,h04417a,*,,,E-L (León) Ms 8,,300v,,,,Dom. Quotidiano,,CLMV,MASS,https://musicahispanica.eu/source/20175,,Salvum faciat dominus sanctum suum et exaudiat te de caelo sancto suo impotentatibus salus dextere ejus,,,,,,SEMM,0
,,https://musicahispanica.eu/chant/88762,Quoniam elevata est magnificentia tua supra ,h04416a,,,,E-L (León) Ms 8,,229r,,,,"Justi, Pastoris",14080630,CLMV,MASS,https://musicahispanica.eu/source/20175,,Quoniam elevata est magnificentia tua supra caelos,,,,,,SEMM,0
,,https://musicahispanica.eu/chant/78966,Et nunc reges intelligite erudimini omnes ,h04047b,,,,E-L (León) Ms 8,,072v,,,,Nativitas Domini,02122500,CLMV,MASS,https://musicahispanica.eu/source/20175,,Et nunc reges intelligite erudimini omnes qui judicatis,,,,,,SEMM,0
