id,corpus_id,chantlink,incipit,cantus_id,mode,finalis,differentia,siglum,position,folio,sequence,marginalia,cao_concordances,feast,feast_code,genre,office,srclink,melody_id,full_text,full_text_manuscript,volpiano,notes,dataset_name,dataset_idx,db,image_link
,,http://musmed.eu/chant/168830,Peregrinat a natura nominis positio dum ,g04344:3,,,,CH-SGs Cod 0382,,087,,,,,,Cn,MASS,http://musmed.eu/source/14292,,Peregrinat a natura nominis positio dum in Dei transit jura hominis conditio novus color in vinctura nova fit constructio Novus tropus in figura nova fit translatio,,,,,,MMMO,https://www.e-codices.unifr.ch/en/csg/0382/87
,,http://musmed.eu/chant/168828,Exceptivam actionem verbum Patris excipit dum ,g04344,,,,CH-SGs Cod 0382,,087,,,,,,Cn,MASS,http://musmed.eu/source/14292,,Exceptivam actionem verbum Patris excipit dum deludit rationem dum naturam decipit casualem dictionem substantivum recipit actioque passionem in hoc verbo concipit In hac verbi copula stupet omnis regula,,,,,,MMMO,https://www.e-codices.unifr.ch/en/csg/0382/87
,,http://musmed.eu/chant/168832,Solis lumen nube tectum nubis sub ,g04344:7,,,,CH-SGs Cod 0382,,087,,,,"Epiphania,8",05010608,Cn,MASS,http://musmed.eu/source/14292,,Solis lumen nube tectum nubis sub velamine nostrum vergit in defectum nec hebet in lumine in defectum dans effectum sol natus in Virgine nostrae nubis fert objectum lumen in caligine.,,,,,,MMMO,https://www.e-codices.unifr.ch/en/csg/0382/87
,,http://musmed.eu/chant/168829,Inter locos locum nescit locus a ,g04344:2,,,,CH-SGs Cod 0382,,087,,,,,,Cn,MASS,http://musmed.eu/source/14292,,Inter locos locum nescit locus a contrariis suum locum obstupescit exceptum ab aliis fit elinguis obmutescit fallitur in propriis et de suis erubescit logica fallaciis,,,,,,MMMO,https://www.e-codices.unifr.ch/en/csg/0382/87
,,http://musmed.eu/chant/168834,Artis suae de censura geometer fallitur ,g04344:6,,,,CH-SGs Cod 0382,,088,,,,,,Cn,MASS,http://musmed.eu/source/14292,,Artis suae de censura geometer fallitur dum immensus sub mensura terrenorum sistitur in directum qui natura circuli convertitur sphaeram claudit quadratura et sub ipsa clauditur In hac verbi copula stupet omnis regula,,,,,,MMMO,https://www.e-codices.unifr.ch/en/csg/0382/88
,,https://cantusdatabase.org/chant/509937,Ach homo perpende fragilis mortalis,850142,,,,A-VOR 287,,324r,,,,Ad Suffragium,15000000,Cn,X,https://cantusdatabase.org/source/123643,,Ach homo perpende fragilis mortalis et instabilis quod vitare non poteris mortem quocumque jeris nam aufert te saepissime dum vivis libentissime,,,,,,CD,https://iiif-mufo.oeaw.ac.at/mahss/A-VOR287/A-VOR287-324r/full/full/0/default.jpg
,,http://musmed.eu/chant/168833,Dum ab uno non recedit alteratur ,g04344:4,,,,CH-SGs Cod 0382,,088,,,,,,Cn,MASS,http://musmed.eu/source/14292,,Dum ab uno non recedit alteratur unitas dum in unum se concedit unitur alteritas in diversum idem cedit in idem diversitas suum tamen non excedit limitem simplicitas,,,,,,MMMO,https://www.e-codices.unifr.ch/en/csg/0382/88
,,http://musmed.eu/chant/168831,Dum factoris et facturae mira fit ,g04344:5,,,,CH-SGs Cod 0382,,086,,,,,,Cn,MASS,http://musmed.eu/source/14292,,Dum factoris et facturae mira fit conjunctio quis sit modus ligaturae quis ordo quae ratio quae sint vincla quae juncturae qui gumphi quae unio stupet sui fracto jure musica proportio,,,,,,MMMO,https://www.e-codices.unifr.ch/en/csg/0382/86
