id,corpus_id,chantlink,incipit,cantus_id,mode,finalis,differentia,siglum,position,folio,sequence,marginalia,cao_concordances,feast,feast_code,genre,office,srclink,melody_id,full_text,full_text_manuscript,volpiano,notes,dataset_name,dataset_idx,db,image_link
,,https://musicahispanica.eu/chant/78570,Agios agios agios kyrie o theos,h00962,,,,E-L (León) Ms 8,,028r,,,,,,GRC,MASS,https://musicahispanica.eu/source/20175,,Agios agios agios kyrie o theos,,,,,,SEMM,0
,,https://musicahispanica.eu/chant/75455,Agios agios agios kyrie o theos ,h00962,,,,E-Mh (Madrid) Cod. 30,,099r,,,,Assumptio Mariae (Hispanic rite),,GRC,MASS,https://musicahispanica.eu/source/20176,,Agios agios agios kyrie o theos ,,,,,,SEMM,0
,,https://musicahispanica.eu/chant/75361,Agios agios agios kyrie o theos,h00962,*,,,GB-Lbl (London) Add MS 30844,,049v,,,,Exspectationis BMV,14121810,GRC,MASS,https://musicahispanica.eu/source/20201,,Agios agios agios kyrie o theos,,,,,,SEMM,0
,,https://musicahispanica.eu/chant/63782,Fotiza Jerusalem hic igarsu to fosu,h00966,,,,E-L (León) Ms 8,,087v,,,,Epiphania,05010600,GRC,MH,https://musicahispanica.eu/source/20175,,Fotiza Jerusalem hic igarsu to fosu,,,,,,SEMM,0
,,https://musicahispanica.eu/chant/63318,Agios o theos agios Ischyros agios ,h00963,,,,E-L (León) Ms 8,,060v,,,,Exspectationis BMV,14121810,GRC,MASS,https://musicahispanica.eu/source/20175,,Agios o theos agios Ischyros agios Athanatos eleison emas sanctus deus sanctus fortis sanctus immortalis miserere nobis doxa patri keiu keaion pneumati kenin keay keistus eonas ton eonon amen agios Athanatos,,,,,,SEMM,0
,,https://musicahispanica.eu/chant/63677,Agios o theos agios hiskiros agios ,h00963,,,,E-L (León) Ms 8,,081r,,,,Circumcisio Domini,02010110,GRC,MASS,https://musicahispanica.eu/source/20175,,Agios o theos agios hiskiros agios athanathos eleison emas sanctus deus sanctus fortis sanctus immortalis miserere nobis doxa patri keiu cheagion pneumati kenim keui keistus eonas tonaeo non amen ,,,,,,SEMM,0
,,https://musicahispanica.eu/chant/91560,Agios o theos agios Ischyros agios ,h00963,*,,,E-Tc (Toledo) 35.6,,030v,,,,Octava Paschae,08021000,GRC,MASS,https://musicahispanica.eu/source/20187,,Agios o theos agios Ischyros agios Athanatos eleison emas sanctus deus sanctus fortis sanctus immortalis miserere nobis*,,,,,,SEMM,0
,,https://musicahispanica.eu/chant/91873,Agios o theos agios Ischyros agios ,h00963,*,,,E-Tc (Toledo) 35.6,,092v,,,,Ascensio Domini,08065000,GRC,MASS,https://musicahispanica.eu/source/20187,,Agios o theos agios Ischyros agios Athanatos eleison emas sanctus deus sanctus fortis sanctus immortalis miserere nobis doxa patri keiu keaion pneumati kenin keay keistus eonas ton eonon amen,,,,,,SEMM,0
,,https://musicahispanica.eu/chant/52311,Agios o theos agios ischyros agios ,h00963,,,,E-Tc (Toledo) 35.7,,035v,,,,Assumptio Mariae (Hispanic rite),,GRC,MASS,https://musicahispanica.eu/source/20188,,Agios o theos agios ischyros agios athanatos eleison emas*,,,,,,SEMM,0
,,https://musicahispanica.eu/chant/52313,Doxa patri keiu keaion pneumati kenin ,h00963,,,,E-Tc (Toledo) 35.7,,035v,,,,Assumptio Mariae (Hispanic rite),,GRC,MASS,https://musicahispanica.eu/source/20188,,Doxa patri keiu keaion pneumati kenin keay keistus eonas ton eonon amen,,,,,,SEMM,0
,,https://musicahispanica.eu/chant/55995,Agios o theos agios Iskyros agios ,h00963,,,,E-Tc (Toledo) 35.7,,100v,,,,Circumcisio Domini,02010110,GRC,MASS,https://musicahispanica.eu/source/20188,,Agios o theos agios Iskyros agios athanatos eleison emas*,,,,,,SEMM,0
,,https://musicahispanica.eu/chant/56003,Doxa patri keiu keaion pneumati kenin ,h00963,,,,E-Tc (Toledo) 35.7,,101r,,,,Circumcisio Domini,02010110,GRCV,MASS,https://musicahispanica.eu/source/20188,,Doxa patri keiu keaion pneumati kenin keay keistus eonas ton eonon amen,,,,,,SEMM,0
,,https://musicahispanica.eu/chant/74791,Agios o theos agios Ischyros agios ,h00963,*,,,GB-Lbl (London) Add MS 30844,,039r,,,,Exspectationis BMV,14121810,GRC,MASS,https://musicahispanica.eu/source/20201,,Agios o theos agios Ischyros agios Athanatos eleison emas sanctus deus sanctus fortis sanctus immortalis miserere nobis doxa patri keiu keaion pneumati kenin keay keistus eonas ton eonon amen agios Athanatos,,,,,,SEMM,0
,,https://musicahispanica.eu/chant/75145,Agios o theos agios Ischyros agios ,h00963,*,,,GB-Lbl (London) Add MS 30844,,116v,,,,Circumcisio Domini,02010110,GRC,MASS,https://musicahispanica.eu/source/20201,,Agios o theos agios Ischyros agios Athanatos eleison emas sanctus deus sanctus fortis sanctus immortalis miserere nobis doxa patri keiu keaion pneumati kenin keay keistus eonas ton eonon amen,,,,,,SEMM,0
,,https://musicahispanica.eu/chant/78754,I to noma kyriu eologi menon ,h00967,,,,E-L (León) Ms 8,,049v,,,,Leocadiae,14120920,GRC,MASS,https://musicahispanica.eu/source/20175,,I to noma kyriu eologi menon alleluia apotonins cheos tu eonas alleluia alleluia,,,,,,SEMM,0
,,https://musicahispanica.eu/chant/63160,Rise me apo andro nematon o ,h00969,,,,E-L (León) Ms 8,,051r,,,,Eulaliae Emeritensis,14121010,GRC,MH,https://musicahispanica.eu/source/20175,,Rise me apo andro nematon o theos timoterias mu,,,,,,SEMM,0
,,https://musicahispanica.eu/chant/63498,Anathito yngi che blastis apo sotyra ,h00965,,,,E-L (León) Ms 8,,071r,,,,Nativitas Domini,02122500,GRC,MH,https://musicahispanica.eu/source/20175,,Anathito yngi che blastis apo sotyra che ducheosyni anathilato ama,,,,,,SEMM,0
,,https://musicahispanica.eu/chant/66174,Agios o theos ho en pyton ,h00964,,,,E-L (León) Ms 8,,209v,,,,Dom. Pentecostes,08081000,GRC,MASS,https://musicahispanica.eu/source/20175,,Agios o theos ho en pyton cherubim catezomenosino nos acalimtos agios hischiros oh enim psistis doxazomenos fonis angelicis agios athanathos o monos henea spalagnia soter eleyson ymas alleluia alleluia axihosi kyrie o theos hemon doxas te doxan chetimin amin hosti panata henixusim chepo chinisus imenopion subkyrie doxa che tihn che iu che agion pneumatim che y che ayn che istus ton eonon amin,,,,,,SEMM,0
,,https://musicahispanica.eu/chant/63968,Tachimata su kyrie epe me edilo ,h00970,,,,E-L (León) Ms 8,,098v,,,,Vincentii,14012200,GRC,MH,https://musicahispanica.eu/source/20175,,Tachimata su kyrie epe me edilo kayo ypa aposme exofta imonsuara epibleso pros naou agion su,,,,,,SEMM,0
,,https://musicahispanica.eu/chant/63115,Rantis me kyrie o theos Hyssopo ,h00968,,,,E-L (León) Ms 8,,048v,,,,Leocadiae,14120920,GRC,MH,https://musicahispanica.eu/source/20175,,Rantis me kyrie o theos Hyssopo kecataris o me plinis mece yper coyo naleo cantis o me,,,,,,SEMM,0
