id,corpus_id,chantlink,incipit,cantus_id,mode,finalis,differentia,siglum,position,folio,sequence,marginalia,cao_concordances,feast,feast_code,genre,office,srclink,melody_id,full_text,full_text_manuscript,volpiano,notes,dataset_name,dataset_idx,db,image_link
,,https://cantusdatabase.org/chant/642418,Ite missa est*,509506,*,,,CH-P 18,,196,,,,Sabbato Sancto,07067000,Ite,MI,https://cantusdatabase.org/source/638308,,Ite missa est*,,1---kl--kjkf---hkj-ghgf--e---f7---3,,,,CD,http://www.e-codices.unifr.ch/en/bcj/0018/196
,,http://musmed.eu/chant/207359,Ite missa est R. Deo gratias,509506,,,,CH-ROM Ms. liturg. FiD 5,,126v,,,,Corporis Christi,09015000,Ite,MASS,http://musmed.eu/source/97795,,Ite missa est R. Deo gratias,,,,,,MMMO,https://www.e-codices.unifr.ch/en/fdr/0005/126bv/0/Sequence-2575
,,http://musmed.eu/chant/105872,Ite missa est,509506,,,,"D-HEu Cod. Sal. X,007",,148v,,,,,,Ite,,http://musmed.eu/source/17266,,Ite missa est,,,,,,MMMO,https://digi.ub.uni-heidelberg.de/diglit/salX7/00298/image
,,http://musmed.eu/chant/105882,Ite missa est,509506,,,,"D-HEu Cod. Sal. X,007",,150v,,,,,,Ite,,http://musmed.eu/source/17266,,Ite missa est,,,,,,MMMO,https://digi.ub.uni-heidelberg.de/diglit/salX7/00302/image
,,http://musmed.eu/chant/105890,Ite missa est,509506,,,,"D-HEu Cod. Sal. X,007",,152v,,,,,,Ite,,http://musmed.eu/source/17266,,Ite missa est,,,,,,MMMO,https://digi.ub.uni-heidelberg.de/diglit/salX7/00306/image
,,http://musmed.eu/chant/105893,Ite missa est,509506,,,,"D-HEu Cod. Sal. X,007",,154r,,,,,,Ite,,http://musmed.eu/source/17266,,Ite missa est,,,,,,MMMO,https://digi.ub.uni-heidelberg.de/diglit/salX7/00309/image
,,http://musmed.eu/chant/105900,Ite missa est,509506,,,,"D-HEu Cod. Sal. X,007",,156r,,,,,,Ite,,http://musmed.eu/source/17266,,Ite missa est,,,,,,MMMO,https://digi.ub.uni-heidelberg.de/diglit/salX7/00313/image
,,http://musmed.eu/chant/105907,Ite missa est,509506,,,,"D-HEu Cod. Sal. X,007",,157v,,,,,,Ite,,http://musmed.eu/source/17266,,Ite missa est,,,,,,MMMO,https://digi.ub.uni-heidelberg.de/diglit/salX7/00316/image
,,http://musmed.eu/chant/105912,Ite missa est ,509506,,,,"D-HEu Cod. Sal. X,007",,157v,,,,,,Ite,,http://musmed.eu/source/17266,,Ite missa est ,,,,,,MMMO,https://digi.ub.uni-heidelberg.de/diglit/salX7/00316/image
,,http://musmed.eu/chant/105914,Ite missa est,509506,,,,"D-HEu Cod. Sal. X,007",,158r,,,,,,Ite,,http://musmed.eu/source/17266,,Ite missa est,,,,,,MMMO,https://digi.ub.uni-heidelberg.de/diglit/salX7/00317/image
,,http://musmed.eu/chant/105919,Ite missa est,509506,,,,"D-HEu Cod. Sal. X,007",,158r,,,,,,Ite,,http://musmed.eu/source/17266,,Ite missa est,,,,,,MMMO,https://digi.ub.uni-heidelberg.de/diglit/salX7/00317/image
,,http://musmed.eu/chant/105924,Ite missa est ,509506,,,,"D-HEu Cod. Sal. X,007",,158v,,,,,,Ite,,http://musmed.eu/source/17266,,Ite missa est ,,,,,,MMMO,https://digi.ub.uni-heidelberg.de/diglit/salX7/00318/image
,,http://musmed.eu/chant/70027,Ite missa est,509506,,,,D-KNd Ms 1001b,,304r,,,,,,Ite,MASS,http://musmed.eu/source/11493,,Ite missa est,,,,,,MMMO,http://www.ceec.uni-koeln.de/ceec-cgi/kleioc/0010/exec/pagemed/%22kn28-1001b_607.jpg%22/segment/%22body%22
,,http://musmed.eu/chant/70032,Ite missa est ,509506,,,,D-KNd Ms 1001b,,306r,,,,,,Ite,MASS,http://musmed.eu/source/11493,,Ite missa est ,,,,,,MMMO,https://digital.dombibliothek-koeln.de/hs/content/zoom/312046
,,http://musmed.eu/chant/70041,Ite missa est,509506,,,,D-KNd Ms 1001b,,310r,,,,,,Ite,MASS,http://musmed.eu/source/11493,,Ite missa est,,,,,,MMMO,https://digital.dombibliothek-koeln.de/hs/content/zoom/312054
,,http://musmed.eu/chant/70048,Ite missa est,509506,,,,D-KNd Ms 1001b,,312v,,,,,,Ite,MASS,http://musmed.eu/source/11493,,Ite missa est,,,,,,MMMO,https://digital.dombibliothek-koeln.de/hs/content/zoom/312059
,,http://musmed.eu/chant/70053,Ite missa est,509506,,,,D-KNd Ms 1001b,,314r,,,,,,Ite,MASS,http://musmed.eu/source/11493,,Ite missa est,,,,,,MMMO,http://www.ceec.uni-koeln.de/ceec-cgi/kleioc/0010/exec/pagemed/%22kn28-1001b_627.jpg%22/segment/%22body%22
,,http://musmed.eu/chant/70058,Ite missa est,509506,,,,D-KNd Ms 1001b,,315v,,,,,,Ite,MASS,http://musmed.eu/source/11493,,Ite missa est,,,,,,MMMO,https://digital.dombibliothek-koeln.de/hs/content/zoom/312065
,,http://musmed.eu/chant/70059,Ite missa est,509506,,,,D-KNd Ms 1001b,,315v,,,,,,Ite,MASS,http://musmed.eu/source/11493,,Ite missa est,,,,,,MMMO,https://digital.dombibliothek-koeln.de/hs/content/zoom/312065
,,http://musmed.eu/chant/70077,Ite missa est ,509506,,,,D-KNd Ms 1001b,,308r,,,,,,Ite,MASS,http://musmed.eu/source/11493,,Ite missa est ,,,,,,MMMO,http://www.ceec.uni-koeln.de/ceec-cgi/kleioc/0010/exec/pagemed/%22kn28-1001b_615.jpg%22/segment/%22body%22
,,http://musmed.eu/chant/53253,Ite missa est ,509506,,,,D-KWsr Drachenfels-Missale,,140r,,,,,,Ite,,http://musmed.eu/source/11578,,Ite missa est ,,,,,,MMMO,https://digital.dombibliothek-koeln.de/hs/content/zoom/263640
,,http://musmed.eu/chant/53254,Ite missa est ,509506,,,,D-KWsr Drachenfels-Missale,,140r,,,,,,Ite,,http://musmed.eu/source/11578,,Ite missa est ,,,,,,MMMO,https://digital.dombibliothek-koeln.de/hs/content/zoom/263640
,,http://musmed.eu/chant/53255,Ite missa est ,509506,,,,D-KWsr Drachenfels-Missale,,140r,,,,,,Ite,,http://musmed.eu/source/11578,,Ite missa est ,,,,,,MMMO,https://digital.dombibliothek-koeln.de/hs/content/zoom/263640
,,http://musmed.eu/chant/53256,Ite missa est ,509506,,,,D-KWsr Drachenfels-Missale,,140r,,,,,,Ite,,http://musmed.eu/source/11578,,Ite missa est ,,,,,,MMMO,https://digital.dombibliothek-koeln.de/hs/content/zoom/263640
,,http://musmed.eu/chant/53258,Ite missa est ,509506,,,,D-KWsr Drachenfels-Missale,,140r,,,,,,Ite,,http://musmed.eu/source/11578,,Ite missa est ,,,,,,MMMO,https://digital.dombibliothek-koeln.de/hs/content/zoom/263640
,,http://musmed.eu/chant/53275,Ite missa est alleluia,509506,,,,D-KWsr Drachenfels-Missale,,140r,,,,,,Ite,,http://musmed.eu/source/11578,,Ite missa est alleluia,,,,,,MMMO,https://digital.dombibliothek-koeln.de/hs/content/zoom/263640
,,http://musmed.eu/chant/53276,Ite missa est ,509506,,,,D-KWsr Drachenfels-Missale,,140r,,,,,,Ite,,http://musmed.eu/source/11578,,Ite missa est ,,,,,,MMMO,https://digital.dombibliothek-koeln.de/hs/content/zoom/263640
,,http://musmed.eu/chant/53278,Ite missa est ,509506,,,,D-KWsr Drachenfels-Missale,,140r,,,,,,Ite,,http://musmed.eu/source/11578,,Ite missa est ,,,,,,MMMO,https://digital.dombibliothek-koeln.de/hs/content/zoom/263640
,,http://musmed.eu/chant/53280,Ite missa est ,509506,,,,D-KWsr Drachenfels-Missale,,140r,,,,,,Ite,,http://musmed.eu/source/11578,,Ite missa est ,,,,,,MMMO,https://digital.dombibliothek-koeln.de/hs/content/zoom/263640
,,http://musmed.eu/chant/55850,Ite missa est,509506,,,,D-KWsr Drachenfels-Missale,,140v,,,,,,Ite,MASS,http://musmed.eu/source/11578,,Ite missa est,,,,,,MMMO,https://digital.dombibliothek-koeln.de/hs/content/zoom/263641
,,http://musmed.eu/chant/55852,Ite missa est ,509506,,,,D-KWsr Drachenfels-Missale,,140v,,,,,,Ite,MASS,http://musmed.eu/source/11578,,Ite missa est ,,,,,,MMMO,https://digital.dombibliothek-koeln.de/hs/content/zoom/263641
,,http://musmed.eu/chant/55854,Ite missa est alleluia,509506,,,,D-KWsr Drachenfels-Missale,,140v,,,,,,Ite,MASS,http://musmed.eu/source/11578,,Ite missa est alleluia,,,,,,MMMO,https://digital.dombibliothek-koeln.de/hs/content/zoom/263641
,,http://musmed.eu/chant/55855,Ite missa est alleluia alleluia,509506,,,,D-KWsr Drachenfels-Missale,,140v,,,,,,Ite,MASS,http://musmed.eu/source/11578,,Ite missa est alleluia alleluia,,,,,,MMMO,https://digital.dombibliothek-koeln.de/hs/content/zoom/263641
,,http://musmed.eu/chant/143537,Ite missa est R. Deo gratias,509506,,,,D-LEu Ms Thomas 391,,137r,,,,,,Ite,,http://musmed.eu/source/138221,,Ite missa est R. Deo gratias,,,,,,MMMO,http://universalviewer.io/uv.html?manifest=https%3A//iiif.ub.uni-leipzig.de/0000032952/manifest.json#?c=0&m=0&s=0&cv=300&xywh=-1749%2C1328%2C6604%2C2808=-1210%2C1403%2C6162%2C2808
,,http://musmed.eu/chant/143540,Ite missa est R. Deo gratias,509506,,,,D-LEu Ms Thomas 391,,137r,,,,,,Ite,,http://musmed.eu/source/138221,,Ite missa est R. Deo gratias,,,,,,MMMO,http://universalviewer.io/uv.html?manifest=https%3A//iiif.ub.uni-leipzig.de/0000032952/manifest.json#?c=0&m=0&s=0&cv=300&xywh=-1749%2C1328%2C6604%2C2808=-1210%2C1403%2C6162%2C2808
,,http://musmed.eu/chant/143544,Ite missa est R. Deo gratias,509506,,,,D-LEu Ms Thomas 391,,137v,,,,,,Ite,,http://musmed.eu/source/138221,,Ite missa est R. Deo gratias,,,,,,MMMO,http://universalviewer.io/uv.html?manifest=https%3A//iiif.ub.uni-leipzig.de/0000032952/manifest.json#?c=0&m=0&s=0&cv=301&xywh=-1446%2C956%2C6604%2C2808=-1210%2C1403%2C6162%2C2808
,,https://cantusdatabase.org/chant/373961,Ite missa est alleluia,509506,,,,D-Mbs Clm 4303,,261r,,,,Sabbato Sancto,07067000,,X,https://cantusdatabase.org/source/123681,,,,1--c-ghfg--j-hg--f--h-g-hjh-g--ghjhgfedc-f-g,,,,CD,https://www.digitale-sammlungen.de/en/view/bsb00060193?page=532
,,https://cantusdatabase.org/chant/376749,Ite missa est alleluia,509506,,,,D-Mbs Clm 4306,,077r,,,,Dom. Resurrectionis,08011000,,X,https://cantusdatabase.org/source/123684,,,,,,,,CD,https://www.digitale-sammlungen.de/en/view/bsb00060191?page=157
,,https://musicahispanica.eu/chant/35402,Ite missa est,509506,6,,,E-Bbc (Barcelona) M 1147,,061r,,,,Sabbato Sancto,07067000,Ite,MASS,https://musicahispanica.eu/source/20246,,Ite missa est,,,,,,SEMM,0
,,https://musicahispanica.eu/chant/123515,Ite missa est R. Benedicamus dominio ,509506,,,,E-Bbc (Barcelona) M 888,,135v,,,,Ad Missam,16012000,Ite,MASS,https://musicahispanica.eu/source/20232,,Ite missa est R. Benedicamus dominio deo gratias,,,,,,SEMM,0
,,https://musicahispanica.eu/chant/107324,Ite missa est | Ite missa est ,509506,4,,,E-Bbc (Barcelona) Ms. 3180,,176r,,,,Ad Missam,16012000,Ite,MASS,https://musicahispanica.eu/source/20251,,Ite missa est | Ite missa est alleluia alleluia,,,,,,SEMM,0
,,https://musicahispanica.eu/chant/46644,Ite missa est*,509506,,,,E-LUc (Lugo) s.s.,,330r,,,,Corporis Christi,09015000,Ite,MASS,https://musicahispanica.eu/source/22257,,Ite missa est*,,,,,,SEMM,0
,,https://musicahispanica.eu/chant/47233,Ite missa est,509506,,,,E-LUc (Lugo) s.s.,,414r,,,,Corporis Christi,09015000,Ite,MASS,https://musicahispanica.eu/source/22257,,Ite missa est,,,,,,SEMM,0
,,https://musicahispanica.eu/chant/45688,Ite missa est*,509506,,,,E-Mh (Madrid) Cód. 45,,040v,,,,Sabbato Sancto,07067000,Ite,MASS,https://musicahispanica.eu/source/20168,,Ite missa est*,,,,,,SEMM,0
,,https://musicahispanica.eu/chant/30180,Ite missa est alleluia Deo gratias ,509506,,,,E-Mh (Madrid) Cód. 51,,119,,,,Sabbato Sancto,07067000,Ite,MASS,https://musicahispanica.eu/source/20169,,Ite missa est alleluia Deo gratias alleluia alleluia,,,,,,SEMM,0
,,https://musicahispanica.eu/chant/34277,Ite missa est,509506,1,,,E-Mn (Madrid) Mss. 1361,,197r,,,,Ad Missam,16012000,Ite,MASS,https://musicahispanica.eu/source/19872,,Ite missa est,,,,,,SEMM,0
,,https://musicahispanica.eu/chant/34278,Ite missa est,509506,1T,,,E-Mn (Madrid) Mss. 1361,,197r,,,,Ad Missam,16012000,Ite,MASS,https://musicahispanica.eu/source/19872,,Ite missa est,,,,,,SEMM,0
,,https://musicahispanica.eu/chant/34279,Ite missa est,509506,1,,,E-Mn (Madrid) Mss. 1361,,197r,,,,Ad Missam,16012000,Ite,MASS,https://musicahispanica.eu/source/19872,,Ite missa est,,,,,,SEMM,0
,,https://musicahispanica.eu/chant/34280,Ite missa est,509506,2,,,E-Mn (Madrid) Mss. 1361,,197r,,,,Ad Missam,16012000,Ite,MASS,https://musicahispanica.eu/source/19872,,Ite missa est,,,,,,SEMM,0
,,https://musicahispanica.eu/chant/34281,Ite missa est,509506,3,,,E-Mn (Madrid) Mss. 1361,,197r,,,,Ad Missam,16012000,Ite,MASS,https://musicahispanica.eu/source/19872,,Ite missa est,,,,,,SEMM,0
,,https://musicahispanica.eu/chant/34282,Ite missa est,509506,6,,,E-Mn (Madrid) Mss. 1361,,197r,,,,Ad Missam,16012000,Ite,MASS,https://musicahispanica.eu/source/19872,,Ite missa est,,,,,,SEMM,0
,,https://musicahispanica.eu/chant/34283,Ite missa est,509506,8,,,E-Mn (Madrid) Mss. 1361,,197r,,,,Ad Missam,16012000,Ite,MASS,https://musicahispanica.eu/source/19872,,Ite missa est,,,,,,SEMM,0
,,https://musicahispanica.eu/chant/34284,Ite missa est,509506,6,,,E-Mn (Madrid) Mss. 1361,,197r,,,,Ad Missam,16012000,Ite,MASS,https://musicahispanica.eu/source/19872,,Ite missa est,,,,,,SEMM,0
,,https://musicahispanica.eu/chant/34285,Ite missa est,509506,7,,,E-Mn (Madrid) Mss. 1361,,197r,,,,Ad Missam,16012000,Ite,MASS,https://musicahispanica.eu/source/19872,,Ite missa est,,,,,,SEMM,0
,,https://musicahispanica.eu/chant/34286,Ite missa est,509506,8,,,E-Mn (Madrid) Mss. 1361,,197r,,,,Ad Missam,16012000,Ite,MASS,https://musicahispanica.eu/source/19872,,Ite missa est,,,,,,SEMM,0
,,https://musicahispanica.eu/chant/34287,Ite missa est,509506,4,,,E-Mn (Madrid) Mss. 1361,,197r,,,,Ad Missam,16012000,Ite,MASS,https://musicahispanica.eu/source/19872,,Ite missa est,,,,,,SEMM,0
,,https://pemdatabase.eu/musical-item/65496,Ite missa est,509506,,,,"E-SAu (Salamanca) Universidad, Archivo y Biblioteca Ms 2637",,102v,,,,Sabbato Sancto,07067000,Ite,X,https://pemdatabase.eu/source/48357,,,,,,,,PEM,https://pemdatabase.eu/gallery-item/8959
,,https://cantusdatabase.org/chant/484028,Ite missa est,509506,,,,E-Tc 44.2,,092r,,,,Dom. Resurrectionis,08011000,,V,https://cantusdatabase.org/source/123639,,,,,,,,CD,
,,http://musmed.eu/chant/224880,Ite missa est alleluia alleluia alleluia ,509506,,,,F-LG Ms 0002 (17),,112r,,,,Dom. Resurrectionis,08011000,Ite,MASS,http://musmed.eu/source/11655,,Ite missa est alleluia alleluia alleluia Deo dicamus gratia alleluia alleluia alleluia,,,,,,MMMO,https://arca.irht.cnrs.fr/iiif/11612/canvas/canvas-347361/view
,,http://musmed.eu/chant/208669,Ite missa est,509506,8,,,F-Pa Ms 0135,,095v,,,,Sabbato Sancto,07067000,Ite,MASS,http://musmed.eu/source/12848,,Ite missa est,,,,,,MMMO,https://gallica.bnf.fr/ark:/12148/btv1b550057271/f200.item
,,http://musmed.eu/chant/209164,Ite missa est [R. Deo gratias],509506,,,,F-Pa Ms 0135,,152r,,,,Ad Missam,16012000,Ite,MASS,http://musmed.eu/source/12848,,Ite missa est [R. Deo gratias],,,,,,MMMO,https://gallica.bnf.fr/ark:/12148/btv1b550057271/f313.item
,,http://musmed.eu/chant/80385,Ite missa est R. Deo gratias,509506,,,,F-Pa Ms 1169,,023r,,,,Dom. Resurrectionis,08011000,Ite,MASS,http://musmed.eu/source/12857,,Ite missa est R. Deo gratias,,,,,,MMMO,https://gallica.bnf.fr/ark:/12148/btv1b52000516z/f51.item.zoom
,,http://musmed.eu/chant/89263,Ite missa est,509506,,,,F-Pn Lat. 833,,282v,,,,,,Ite,,http://musmed.eu/source/13007,,Ite missa est,,,,,,MMMO,https://gallica.bnf.fr/ark:/12148/btv1b84323061/f572.item.zoom
,,http://musmed.eu/chant/89264,Ite missa est,509506,,,,F-Pn Lat. 833,,282v,,,,,,Ite,,http://musmed.eu/source/13007,,Ite missa est,,,,,,MMMO,https://gallica.bnf.fr/ark:/12148/btv1b84323061/f572.item.zoom
,,http://musmed.eu/chant/89265,Ite missa est,509506,,,,F-Pn Lat. 833,,282v,,,,,,Ite,,http://musmed.eu/source/13007,,Ite missa est,,,,,,MMMO,https://gallica.bnf.fr/ark:/12148/btv1b84323061/f572.item.zoom
,,http://musmed.eu/chant/89266,Ite missa est,509506,,,,F-Pn Lat. 833,,282v,,,,,,Ite,,http://musmed.eu/source/13007,,Ite missa est,,,,,,MMMO,https://gallica.bnf.fr/ark:/12148/btv1b84323061/f572.item.zoom
,,http://musmed.eu/chant/147547,Ite missa est R. Deo gratias,509506,,,,F-Pn Lat. 903,,148v,,,,Nativitas Domini,02122500,Ite,,http://musmed.eu/source/13022,,Ite missa est R. Deo gratias,,,,,,MMMO,https://gallica.bnf.fr/ark:/12148/btv1b10506538t/f313.item
,,http://musmed.eu/chant/147565,Ite missa est,509506,,,,F-Pn Lat. 903,,149r,,,,Stephani,02122600,Ite,,http://musmed.eu/source/13022,,Ite missa est,,,,,,MMMO,https://gallica.bnf.fr/ark:/12148/btv1b10506538t/f314.item
,,http://musmed.eu/chant/147584,Ite missa est,509506,,,,F-Pn Lat. 903,,149v,,,,Joannis Evang.,02122700,Ite,,http://musmed.eu/source/13022,,Ite missa est,,,,,,MMMO,https://gallica.bnf.fr/ark:/12148/btv1b10506538t/f315.item
,,http://musmed.eu/chant/147602,Ite missa est R. Deo gratias,509506,,,,F-Pn Lat. 903,,150r,,,,Nat. Innocentium,02122800,Ite,,http://musmed.eu/source/13022,,Ite missa est R. Deo gratias,,,,,,MMMO,https://gallica.bnf.fr/ark:/12148/btv1b10506538t/f316.item
,,https://musicahispanica.eu/chant/83355,Item missa est*,509506,,,,GB-Lbl (London) Add MS 30848,,123v,,,,Sabbato Sancto,07067000,Ite,MASS,https://musicahispanica.eu/source/74655,,Item missa est*,,,,,,SEMM,0
,,https://musicahispanica.eu/chant/59513,Ite missa est,509506,,,,GB-Lbl (London) Add MS 30850,,221v,,,,Ad Missam,16012000,Ite,MASS,https://musicahispanica.eu/source/20199,,Ite missa est,,,,,,SEMM,0
,,http://musmed.eu/chant/169513,Ite missa est ,509506,,,,GB-Lbl Additional 18032,,021v,,,,,,Ite,MASS,http://musmed.eu/source/22359,,Ite missa est ,,,,,,MMMO,https://manuscrits-france-angleterre.org/view3if/pl/ark:/81055/vdc_100055984026.0x000001/f50
,,http://musmed.eu/chant/169515,Ite missa est,509506,,,,GB-Lbl Additional 18032,,022r,,,,,,Ite,MASS,http://musmed.eu/source/22359,,Ite missa est,,,,,,MMMO,https://manuscrits-france-angleterre.org/view3if/pl/ark:/81055/vdc_100055984026.0x000001/f51
,,http://musmed.eu/chant/169517,Ite missa est,509506,,,,GB-Lbl Additional 18032,,022r,,,,,,Ite,MASS,http://musmed.eu/source/22359,,Ite missa est,,,,,,MMMO,https://manuscrits-france-angleterre.org/view3if/pl/ark:/81055/vdc_100055984026.0x000001/f51
,,http://musmed.eu/chant/169519,Ite missa est ,509506,,,,GB-Lbl Additional 18032,,022r,,,,,,Ite,MASS,http://musmed.eu/source/22359,,Ite missa est ,,,,,,MMMO,https://manuscrits-france-angleterre.org/view3if/pl/ark:/81055/vdc_100055984026.0x000001/f51
,,http://musmed.eu/chant/169521,Ite missa est ,509506,,,,GB-Lbl Additional 18032,,022r,,,,,,Ite,MASS,http://musmed.eu/source/22359,,Ite missa est ,,,,,,MMMO,https://manuscrits-france-angleterre.org/view3if/pl/ark:/81055/vdc_100055984026.0x000001/f51
,,http://musmed.eu/chant/169523,Ite missa est R. Deo gratias,509506,,,,GB-Lbl Additional 18032,,022v,,,,,,Ite,MASS,http://musmed.eu/source/22359,,Ite missa est R. Deo gratias,,,,,,MMMO,https://manuscrits-france-angleterre.org/view3if/pl/ark:/81055/vdc_100055984026.0x000001/f52
,,http://musmed.eu/chant/169524,Ite missa est,509506,,,,GB-Lbl Additional 18032,,022v,,,,,,Ite,MASS,http://musmed.eu/source/22359,,Ite missa est,,,,,,MMMO,https://manuscrits-france-angleterre.org/view3if/pl/ark:/81055/vdc_100055984026.0x000001/f52
,,http://musmed.eu/chant/169526,Ite missa est R. Deo gratias,509506,,,,GB-Lbl Additional 18032,,022v,,,,,,Ite,MASS,http://musmed.eu/source/22359,,Ite missa est R. Deo gratias,,,,,,MMMO,https://manuscrits-france-angleterre.org/view3if/pl/ark:/81055/vdc_100055984026.0x000001/f52
,,http://musmed.eu/chant/206032,Ite missa est R. Deo gratias,509506,,,,I-BV 34,,128v,,,,Dom. Resurrectionis,08011000,Ite,MASS,http://musmed.eu/source/8802,,Ite missa est R. Deo gratias,,,,,,MMMO,https://archive.org/details/palographiemusic15macq/page/129/mode/1up?view=theater
,,http://musmed.eu/chant/145053,Ite missa est,509506,,,,NL-Uu Hs. 0063,,017,,,,Comm. Apostolorum,12001000,Ite,,http://musmed.eu/source/144305,,Ite missa est,,,,,,MMMO,https://objects.library.uu.nl/reader/index.php?obj=1874-402947&lan=en#page//14/58/72/145872408395280169942277402840277440839.jpg/mode/1up
,,http://musmed.eu/chant/145056,Ite missa est ,509506,,,,NL-Uu Hs. 0063,,017,,,,,,Ite,,http://musmed.eu/source/144305,,Ite missa est ,,,,,,MMMO,https://objects.library.uu.nl/reader/index.php?obj=1874-402947&lan=en#page//14/58/72/145872408395280169942277402840277440839.jpg/mode/1up
,,http://musmed.eu/chant/145059,Ite missa est,509506,,,,NL-Uu Hs. 0063,,017,,,,,,Ite,,http://musmed.eu/source/144305,,Ite missa est,,,,,,MMMO,https://objects.library.uu.nl/reader/index.php?obj=1874-402947&lan=en#page//14/58/72/145872408395280169942277402840277440839.jpg/mode/1up
,,http://musmed.eu/chant/145071,Ite missa est,509506,,,,NL-Uu Hs. 0063,,017,,,,,,Ite,,http://musmed.eu/source/144305,,Ite missa est,,,,,,MMMO,https://objects.library.uu.nl/reader/index.php?obj=1874-402947&lan=en#page//14/58/72/145872408395280169942277402840277440839.jpg/mode/1up
,,http://musmed.eu/chant/145082,Ite missa est,509506,,,,NL-Uu Hs. 0063,,018,,,,,,Ite,,http://musmed.eu/source/144305,,Ite missa est,,,,,,MMMO,https://objects.library.uu.nl/reader/index.php?obj=1874-402947&lan=en#page//16/03/27/160327266468371523722289770956574837816.jpg/mode/1up
,,http://musmed.eu/chant/145088,Ite missa est,509506,,,,NL-Uu Hs. 0063,,018,,,,De BMV,15008000,Ite,,http://musmed.eu/source/144305,,Ite missa est,,,,,,MMMO,https://objects.library.uu.nl/reader/index.php?obj=1874-402947&lan=en#page//16/03/27/160327266468371523722289770956574837816.jpg/mode/1up
,,http://musmed.eu/chant/133476,Ite missa est,509506,,,,NL-Uu Hs. 0415,,207v,,,,,,Ite,MASS,http://musmed.eu/source/15626,,Ite missa est,,,,,,MMMO,https://objects.library.uu.nl/reader/index.php?obj=1874-339013&lan=en#page//31/60/26/3160260929487884787871255893385536824.jpg/mode/1up
,,http://musmed.eu/chant/133477,Ite missa est,509506,,,,NL-Uu Hs. 0415,,207v,,,,,,Ite,MASS,http://musmed.eu/source/15626,,Ite missa est,,,,,,MMMO,https://objects.library.uu.nl/reader/index.php?obj=1874-339013&lan=en#page//31/60/26/3160260929487884787871255893385536824.jpg/mode/1up
,,http://musmed.eu/chant/133478,Ite missa est,509506,,,,NL-Uu Hs. 0415,,207v,,,,,,Ite,MASS,http://musmed.eu/source/15626,,Ite missa est,,,,,,MMMO,https://objects.library.uu.nl/reader/index.php?obj=1874-339013&lan=en#page//31/60/26/3160260929487884787871255893385536824.jpg/mode/1up
,,http://musmed.eu/chant/133479,Ite missa est,509506,,,,NL-Uu Hs. 0415,,207v,,,,,,Ite,MASS,http://musmed.eu/source/15626,,Ite missa est,,,,,,MMMO,https://objects.library.uu.nl/reader/index.php?obj=1874-339013&lan=en#page//31/60/26/3160260929487884787871255893385536824.jpg/mode/1up
,,http://musmed.eu/chant/133480,Ite missa est R. Deo gratias,509506,,,,NL-Uu Hs. 0415,,207v,,,,,,Ite,MASS,http://musmed.eu/source/15626,,Ite missa est R. Deo gratias,,,,,,MMMO,https://objects.library.uu.nl/reader/index.php?obj=1874-339013&lan=en#page//31/60/26/3160260929487884787871255893385536824.jpg/mode/1up
,,https://pemdatabase.eu/musical-item/117240,Ite missa est R. Deo gratias,509506,*,,,P-AR (Arouca) Museu Regional de Arte Sacra do Mosteiro de Arouca Res. Ms. 025,,177v,,,,,,Ite,MI,https://pemdatabase.eu/source/46683,,,,,,,,PEM,https://pemdatabase.eu/gallery-item/17624
,,https://pemdatabase.eu/musical-item/113808,Ite missa est*,509506,1,,,P-VV (Vila Viçosa) Biblioteca do Palácio Real A.M. D-009,,006r-006v,,,,undetermined,,Ite,MI,https://pemdatabase.eu/source/78804,,,,,,,,PEM,https://pemdatabase.eu/gallery-item/11881
,,https://pemdatabase.eu/musical-item/113809,Ite missa est*,509506,2T?,,,P-VV (Vila Viçosa) Biblioteca do Palácio Real A.M. D-009,,006v,,,,undetermined,,Ite,MI,https://pemdatabase.eu/source/78804,,,,,,,,PEM,https://pemdatabase.eu/gallery-item/11882
,,https://pemdatabase.eu/musical-item/113810,Ite missa est alleluia alleluia,509506,8,,,P-VV (Vila Viçosa) Biblioteca do Palácio Real A.M. D-009,,006v,,,,,,Ite,MI,https://pemdatabase.eu/source/78804,,,,,,,,PEM,https://pemdatabase.eu/gallery-item/11882
,,https://pemdatabase.eu/musical-item/113814,Ite missa est*,509506,2,,,P-VV (Vila Viçosa) Biblioteca do Palácio Real A.M. D-009,,011v,,,,Dom. per annum,04001000,Ite,MI,https://pemdatabase.eu/source/78804,,,,,,,,PEM,https://pemdatabase.eu/gallery-item/11887
,,https://pemdatabase.eu/musical-item/113916,Ite missa est*,509506,8,,,P-VV (Vila Viçosa) Biblioteca do Palácio Real A.M. D-009,,016v,,,,De festis semiduplicibus,16015000,Ite,MI,https://pemdatabase.eu/source/78804,,,,,,,,PEM,https://pemdatabase.eu/gallery-item/11892
,,https://pemdatabase.eu/musical-item/113921,Ite missa est*,509506,?,,,P-VV (Vila Viçosa) Biblioteca do Palácio Real A.M. D-009,,020v,,,,De festis semiduplicibus,16015000,Ite,MI,https://pemdatabase.eu/source/78804,,,,,,,,PEM,https://pemdatabase.eu/gallery-item/11896
,,https://pemdatabase.eu/musical-item/113933,Ite missa est*,509506,2?,,,P-VV (Vila Viçosa) Biblioteca do Palácio Real A.M. D-009,,028v,,,,De BMV,15008000,Ite,MI,https://pemdatabase.eu/source/78804,,,,,,,,PEM,https://pemdatabase.eu/gallery-item/11904
,,https://cantusplanus.pl/chant/39357,Ite missa est,509506,,,,PL-WRu I F 411 Cistercian Gradual (Silesia),,125r,,,,Ad Missam,16012000,,MASS,https://cantusplanus.pl/source/13707,,Ite missa est,,,,,,CPL,https://cantusplanus.pl/image/38280
,,https://cantus.sk/chant/28720,Ite [missa est R. Deo gratias],509506,,,,SK-Bra (Bratislava) EC Lad.1/30,,001v,,,,Ad Missam,16012000,Ite,MASS,https://cantus.sk/source/10956,,Ite [missa est R. Deo gratias],,,,,,CSK,
,,https://cantusdatabase.org/chant/702299,Ite missa est,509506,8,,,US-KClbsc M2147.C53 1500z,,053r,,,,Missa in dominicis diebus,16012700,Ite,MI,https://cantusdatabase.org/source/699262,,Ite missa est,,,,,,CD,https://daedalus.umkc.edu/CODICES/ChantBook/ChantBookMSI/Folio 53r.html
,,https://cantusdatabase.org/chant/702314,Ite missa est,509506,5,,,US-KClbsc M2147.C53 1500z,,070r,,,,Ad Missam,16012000,Ite,MI,https://cantusdatabase.org/source/699262,,Ite missa est,,,,,,CD,https://daedalus.umkc.edu/CODICES/ChantBook/ChantBookMSI/Folio 70r.html
,,https://cantusdatabase.org/chant/703996,Ita missa est R. Deo,509506,1,,,US-KClbsc M2147.C53 1500z,,050v,,,,Missa in dominicis diebus,16012700,Ite,MI,https://cantusdatabase.org/source/699262,,Ita missa est R. Deo gratias ,,,,,,CD,https://daedalus.umkc.edu/CODICES/ChantBook/ChantBookMSI/Folio 50v.html
,,https://cantusdatabase.org/chant/707863,Ite missa est,509506,r,,,US-KClbsc M2147.C53 1500z,,037v,,,,De festis duplicibus minoribus,16016001,Ite,MI,https://cantusdatabase.org/source/699262,,Ite missa est,,,,,,CD,https://daedalus.umkc.edu/CODICES/ChantBook/ChantBookMSI/Folio 37v.html
,,https://cantusdatabase.org/chant/710100,[Ite] missa est,509506,1?,,,US-KClbsc M2147.C53 1500z,,046v,,,,Ad Missam,16012000,Ite,MI,https://cantusdatabase.org/source/699262,,[Ite] missa est,,,,,,CD,https://daedalus.umkc.edu/CODICES/ChantBook/ChantBookMSI/Folio 46v.html
,,http://musmed.eu/chant/232949,Ite missa est R. Deo gratias,509506,2,,,US-PHf Lewis E 158,,S402r,,,,Ad Missam,16012000,Ite,MASS,http://musmed.eu/source/98182,,Ite missa est R. Deo gratias,,,,,,MMMO,https://openn.library.upenn.edu/Data/0023/lewis_e_158/data/web/5411_0810_web.jpg
,,http://musmed.eu/chant/232955,Ite missa est R. Deo gratias,509506,,,,US-PHf Lewis E 158,,S403v,,,,Ad Missam,16012000,Ite,MASS,http://musmed.eu/source/98182,,Ite missa est R. Deo gratias,,,,,,MMMO,https://openn.library.upenn.edu/Data/0023/lewis_e_158/data/web/5411_0813_web.jpg
,,http://musmed.eu/chant/232960,Ite missa est R. Deo gratias,509506,,,,US-PHf Lewis E 158,,S403v,,,,Ad Missam,16012000,Ite,MASS,http://musmed.eu/source/98182,,Ite missa est R. Deo gratias,,,,,,MMMO,https://openn.library.upenn.edu/Data/0023/lewis_e_158/data/web/5411_0815_web.jpg
,,http://musmed.eu/chant/232968,Ite missa est R. Deo gratias,509506,,,,US-PHf Lewis E 158,,S404v,,,,Ad Missam,16012000,Ite,MASS,http://musmed.eu/source/98182,,Ite missa est R. Deo gratias,,,,,,MMMO,https://openn.library.upenn.edu/Data/0023/lewis_e_158/data/web/5411_0817_web.jpg
