id,corpus_id,chantlink,incipit,cantus_id,mode,finalis,differentia,siglum,position,folio,sequence,marginalia,cao_concordances,feast,feast_code,genre,office,srclink,melody_id,full_text,full_text_manuscript,volpiano,notes,dataset_name,dataset_idx,db,image_link
,,https://musicahispanica.eu/chant/46673,Laudate deum omnes virtutes ejus militiae ,h02997,,,,E-Mn (Madrid) MSS/10110,,041r,,,,Fer. 4 Hebd. 3 Quad.,07034000,LDMT,MH,https://musicahispanica.eu/source/20183,,Laudate deum omnes virtutes ejus militiae angelorum dominum laudate,,,,,,SEMM,0
,,https://musicahispanica.eu/chant/64171,Laudate dominum de caelis laudate eum ,h03008,,,,E-L (León) Ms 8,,109v,,,,Carnes Tollendas,,LDMT,MH,https://musicahispanica.eu/source/20175,,Laudate dominum de caelis laudate eum in excelsis laudate eum omnes angeli ejus,,,,,,SEMM,0
,,https://musicahispanica.eu/chant/51981,Laudate dominum de caelis laudate eum ,h03008,,,,E-Mn (Madrid) MSS/10110,,101r,,,,Fer. 3 Maj. Hebd.,07063000,LDMT,MH,https://musicahispanica.eu/source/20183,,Laudate dominum de caelis laudate eum in excelsis laudate eum omnes angeli ejus,,,,,,SEMM,0
,,https://musicahispanica.eu/chant/65131,Seniores cum junioribus laudate dominum et ,h03043,,,,E-L (León) Ms 8,,153v,,,,Dom. in Palmis,07061000,LDMT,MH,https://musicahispanica.eu/source/20175,,Seniores cum junioribus laudate dominum et exaltate nomen ejus solius,,,,,,SEMM,0
,,https://musicahispanica.eu/chant/44054,Seniores cum junioribus laudate dominum et ,h03043,,,,E-Tc (Toledo) 35.5,,111r,,,,Dom. in Palmis,07061000,LDMT,MH,https://musicahispanica.eu/source/20186,,Seniores cum junioribus laudate dominum et exaltate nomen ejus solius,,,,,,SEMM,0
,,https://musicahispanica.eu/chant/47021,In sanctis ejus laudate dominum in ,h02993,,,,E-Mn (Madrid) MSS/10110,,051v,,,,Fer. 2 Hebd. 4 Quad.,07042000,LDMT,MH,https://musicahispanica.eu/source/20183,,In sanctis ejus laudate dominum in psalterio et cithara laudate eum,,,,,,SEMM,0
,,https://musicahispanica.eu/chant/51746,In sanctis ejus laudate dominum in ,h02993,,,,E-Mn (Madrid) MSS/10110,,085r,,,,Fer. 5 Hebd. 5 Quad.,,LDMT,MH,https://musicahispanica.eu/source/20183,,In sanctis ejus laudate dominum in psalterio et cithara laudate eum,,,,,,SEMM,0
,,https://musicahispanica.eu/chant/79273,Laudate eum caeli caelorum et aquae ,h03021,,,,E-L (León) Ms 8,,107v,,,,Carnes Tollendas,,LDMT,MH,https://musicahispanica.eu/source/20175,,Laudate eum caeli caelorum et aquae quae supra caelos sunt laudent nomen domini alleluia,,,,,,SEMM,0
,,https://musicahispanica.eu/chant/64268,Laudate dominum de caelis laudate eum ,h03010,,,,E-L (León) Ms 8,,113v,,,,Carnes Tollendas,,LDMT,MH,https://musicahispanica.eu/source/20175,,Laudate dominum de caelis laudate eum omnes angeli ejus laudate eum omnes virtutes ejus,,,,,,SEMM,0
,,https://musicahispanica.eu/chant/64760,Cantate domino canticum novum laus ejus ,h02976,,,,E-L (León) Ms 8,,135r,,,,Fer. 2 Hebd. 3 Quad.,07032000,LDMT,MH,https://musicahispanica.eu/source/20175,,Cantate domino canticum novum laus ejus in eclesiis sanctorum,,,,,,SEMM,0
,,https://musicahispanica.eu/chant/64787,Cantate domino canticum novum laus ejus ,h02976,,,,E-L (León) Ms 8,,136r,,,,Fer. 3 Hebd. 3 Quad.,07033000,LDMT,MH,https://musicahispanica.eu/source/20175,,Cantate domino canticum novum laus ejus in ecclesiis sanctorum,,,,,,SEMM,0
,,https://musicahispanica.eu/chant/65955,Alleluia in caelo et in terra ,h00427,,,,E-L (León) Ms 8,,200r,,,,Ascensio Domini,08065000,LDMT,MH,https://musicahispanica.eu/source/20175,,Alleluia in caelo et in terra alleluia alleluia alleluia ,,,,,,SEMM,0
,,https://musicahispanica.eu/chant/61994,Alleluia in caelo et in terra ,h00427,,,,E-Tc (Toledo) 35.4,,061r,,,,Ascensio Domini,08065000,LDMT,MH,https://musicahispanica.eu/source/20185,,Alleluia in caelo et in terra alleluia alleluia alleluia,,,,,,SEMM,0
,,https://musicahispanica.eu/chant/91869,Alleluia In caelo et in terra ,h00427,*,,,E-Tc (Toledo) 35.6,,092r,,,,Ascensio Domini,08065000,LDMT,MH,https://musicahispanica.eu/source/20187,,Alleluia In caelo et in terra alleluia alleluia alleluia,,,,,,SEMM,0
,,https://musicahispanica.eu/chant/75302,Alleluia In caelo et in terra ,h00427,*,,,GB-Lbl (London) Add MS 30844,,154v,,,,Ascensio Domini,08065000,LDMT,MH,https://musicahispanica.eu/source/20201,,Alleluia In caelo et in terra alleluia alleluia alleluia,,,,,,SEMM,0
,,https://musicahispanica.eu/chant/64484,Montes et omnes colles ligna fructifera ,h03035,,,,E-L (León) Ms 8,,122v,,,,Fer. 6 Hebd. 1 Quad.,07016000,LDMT,MH,https://musicahispanica.eu/source/20175,,Montes et omnes colles ligna fructifera et omnes cedri et collaudant domine,,,,,,SEMM,0
,,https://musicahispanica.eu/chant/46364,Laudate nomen domini montes et omnes ,h03029,,,,E-Mn (Madrid) MSS/10110,,026r,,,,Fer. 4 Hebd. 2 Quad.,07024000,LDMT,MH,https://musicahispanica.eu/source/20183,,Laudate nomen domini montes et omnes colles ligna fructifera et omnes cedri,,,,,,SEMM,0
,,https://musicahispanica.eu/chant/51536,Laudate nomen domini montes et omnes ,h03029,,,,E-Mn (Madrid) MSS/10110,,081v,,,,Fer. 4 Hebd. 5 Quad.,,LDMT,MH,https://musicahispanica.eu/source/20183,,Laudate nomen domini montes et omnes colles ligna fructifera et omnes cedri,,,,,,SEMM,0
,,https://musicahispanica.eu/chant/64376,Caeli caelorum et aquae quae supra ,h02972,,,,E-L (León) Ms 8,,118r,,,,Fer. 2 Hebd. 1 Quad.,07012000,LDMT,MH,https://musicahispanica.eu/source/20175,,Caeli caelorum et aquae quae supra caelos sunt laudent nomen domini,,,,,,SEMM,0
,,https://musicahispanica.eu/chant/46531,Caeli caelorum et aquae quae supra ,h02972,,,,E-Mn (Madrid) MSS/10110,,030v,,,,Fer. 6 Hebd. 2 Quad.,07026000,LDMT,MH,https://musicahispanica.eu/source/20183,,Caeli caelorum et aquae quae supra caelos sunt laudent nomen domini,,,,,,SEMM,0
,,https://musicahispanica.eu/chant/51771,Caeli caelorum et aquae quae supra ,h02972,,,,E-Mn (Madrid) MSS/10110,,089v,,,,Fer. 6 Hebd. 5 Quad.,,LDMT,MH,https://musicahispanica.eu/source/20183,,Caeli caelorum et aquae quae supra caelos sunt laudent nomen domini,,,,,,SEMM,0
,,https://musicahispanica.eu/chant/64534,In excelsis laudate dominum de caelis,h02983,,,,E-L (León) Ms 8,,124v,,,,Dom. 2 Quadragesimae,07021000,LDMT,MH,https://musicahispanica.eu/source/20175,,In excelsis laudate dominum de caelis,,,,,,SEMM,0
,,https://musicahispanica.eu/chant/41504,In excelsis laudate dominum de caelis,h02983,,,,E-Tc (Toledo) 35.5,,063r,,,,Dom. 4 Quadragesimae,07041000,LDMT,MH,https://musicahispanica.eu/source/20186,,In excelsis laudate dominum de caelis,,,,,,SEMM,0
,,https://musicahispanica.eu/chant/45574,Laudate dominum de caelis*,h02983,,,,E-Tm (Toledo) número de inventario 1325,,008r,,,,Joannis Baptistae,14062400,LDMT,MH,https://musicahispanica.eu/source/20190,,Laudate dominum de caelis*,,,,,,SEMM,0
,,https://musicahispanica.eu/chant/103349,Laus ejus in ecclesia*,h03031,,,,E-Tc (Toledo) 35.5,,092r,,,,Dom. 5 Quadragesimae,,LDMT,MH,https://musicahispanica.eu/source/20186,,Laus ejus in ecclesia*,,,,,,SEMM,0
,,https://musicahispanica.eu/chant/40837,Laus ejus in ecclesia sanctorum laetetur ,h03031,,,,E-Tc (Toledo) 35.5,,020r,,,,Dom. 2 Quadragesimae,07021000,LDMT,MH,https://musicahispanica.eu/source/20186,,Laus ejus in ecclesia sanctorum laetetur Israel in eo qui fecit ipsum,,,,,,SEMM,0
,,https://musicahispanica.eu/chant/64922,Laudate dominum a terra montes et ,h03000,,,,E-L (León) Ms 8,,143v,,,,Dom. 4 Quadragesimae,07041000,LDMT,MH,https://musicahispanica.eu/source/20175,,Laudate dominum a terra montes et omnes colles ligna fructifera et omnes cedri quia exaltatum est nomen ejus solius,,,,,,SEMM,0
,,https://musicahispanica.eu/chant/43901,Laudate dominum a terra montes et ,h03000,,,,E-Tc (Toledo) 35.5,,089r,,,,Dom. 5 Quadragesimae,,LDMT,MH,https://musicahispanica.eu/source/20186,,Laudate dominum a terra montes et omnes colles ligna fructifera et omnes cedri quia exaltatum est nomen ejus solius,,,,,,SEMM,0
,,https://musicahispanica.eu/chant/64816,Cantate domino canticum novum quia beneplacitum ,h02977,,,,E-L (León) Ms 8,,137v,,,,Fer. 4 Hebd. 3 Quad.,07034000,LDMT,MH,https://musicahispanica.eu/source/20175,,Cantate domino canticum novum quia beneplacitum est ei in populo suo et exaltavit mansuetos in salute,,,,,,SEMM,0
,,https://musicahispanica.eu/chant/64237,Laudate dominum de caelis laudate eum ,h03005,,,,E-L (León) Ms 8,,112v,,,,Carnes Tollendas,,LDMT,L,https://musicahispanica.eu/source/20175,,Laudate dominum de caelis laudate eum in excelsis angeli ejus laudate eum,,,,,,SEMM,0
,,https://musicahispanica.eu/chant/51927,Laudate dominum de caelis laudate eum ,h03005,,,,E-Mn (Madrid) MSS/10110,,095v,,,,Fer. 2 Maj. Hebd.,07062000,LDMT,MH,https://musicahispanica.eu/source/20183,,Laudate dominum de caelis laudate eum in excelsis angeli ejus laudate eum,,,,,,SEMM,0
,,https://musicahispanica.eu/chant/64511,Montes et omnes colles ligna fructifera ,h03034,,,,E-L (León) Ms 8,,123v,,,,Sabb. Hebd. 1 Quad.,07017000,LDMT,MH,https://musicahispanica.eu/source/20175,,Montes et omnes colles ligna fructifera et omnes cedri laudate nomen domini,,,,,,SEMM,0
,,https://musicahispanica.eu/chant/65038,In potentatibus ejus laudate dominum secundum ,h02986,,,,E-L (León) Ms 8,,148v,,,,Fer. 5 Hebd. 4 Quad.,07045000,LDMT,MH,https://musicahispanica.eu/source/20175,,In potentatibus ejus laudate dominum secundum multitudinem magnitudinis ejus laudate eum,,,,,,SEMM,0
,,https://musicahispanica.eu/chant/46280,In potentatibus ejus laudate dominum secundum ,h02986,,,,E-Mn (Madrid) MSS/10110,,021r,,,,Fer. 2 Hebd. 2 Quad.,07022000,LDMT,MH,https://musicahispanica.eu/source/20183,,In potentatibus ejus laudate dominum secundum multitudinem magnitudinis ejus laudate eum,,,,,,SEMM,0
,,https://musicahispanica.eu/chant/78185,In potentatibus ejus laudate dominum,h02986,,,,GB-Lbl (London) Add MS 30845,,156r,,,,Letanias Apostolicas,,LDMT,MH,https://musicahispanica.eu/source/20196,,In potentatibus ejus laudate dominum,,,,,,SEMM,0
,,https://musicahispanica.eu/chant/77957,In potentatibus*,h02986,,,,GB-Lbl (London) Add MS 30846,,145r,,,,Fer. 5 de Letanias Apostolicas,,LDMT,MH,https://musicahispanica.eu/source/20202,,In potentatibus*,,,,,,SEMM,0
,,https://musicahispanica.eu/chant/64409,Caeli caelorum laudate dominum et aquae ,h02973,,,,E-L (León) Ms 8,,119v,,,,Fer. 3 Hebd. 1 Quad.,07013000,LDMT,MH,https://musicahispanica.eu/source/20175,,Caeli caelorum laudate dominum et aquae quae supra caelos sunt collaudent nomen domini,,,,,,SEMM,0
,,https://musicahispanica.eu/chant/64292,Laudate dominum omnes angeli ejus laudate ,h03019,,,,E-L (León) Ms 8,,114v,,,,Carnes Tollendas,,LDMT,MH,https://musicahispanica.eu/source/20175,,Laudate dominum omnes angeli ejus laudate eum omnes virtutes ejus,,,,,,SEMM,0
,,https://musicahispanica.eu/chant/46712,Laudate dominum omnes angeli ejus laudate ,h03019,,,,E-Mn (Madrid) MSS/10110,,046v,,,,Fer. 6 Hebd. 3 Quad.,07036000,LDMT,MH,https://musicahispanica.eu/source/20183,,Laudate dominum omnes angeli ejus laudate eum omnes virtutes ejus laudate eum sol et luna,,,,,,SEMM,0
,,https://musicahispanica.eu/chant/64871,Laudent nomen dei mei in choro ,h03030,,,,E-L (León) Ms 8,,140v,,,,Fer. 6 Hebd. 3 Quad.,07036000,LDMT,MH,https://musicahispanica.eu/source/20175,,Laudent nomen dei mei in choro in tympano et psalterio psallant ei,,,,,,SEMM,0
,,https://musicahispanica.eu/chant/40741,Ibis alleluia*,h04815,,,,E-Tc (Toledo) 35.5,4,002r,,,,Dom. 1 Quadragesimae,07011000,LDMT,MH,https://musicahispanica.eu/source/20186,,Ibis alleluia*,,,,,,SEMM,0
,,https://musicahispanica.eu/chant/68577,Laudate Dominum de caelis …,h00255.1,,,,E-SI (Santo Domingo de Silos) MS 6,,075r,,,,Dom. 3 p. Pent.,09031000,LDMT,MH,https://musicahispanica.eu/source/20179,,Laudate Dominum de caelis …,,,,,,SEMM,0
,,https://musicahispanica.eu/chant/68623,Laudate Dominum de caelis …,h00255.1,,,,E-SI (Santo Domingo de Silos) MS 6,,139v,,,,Dom. 9 p. Pent.,09091000,LDMT,MH,https://musicahispanica.eu/source/20179,,Laudate Dominum de caelis …,,,,,,SEMM,0
,,https://musicahispanica.eu/chant/68978,Laudate Dominum de caelis …,h00255.1,,,,E-SI (Santo Domingo de Silos) MS 6,,088r,,,,Dom. 4 p. Pent.,09041000,LDMT,MH,https://musicahispanica.eu/source/20179,,Laudate Dominum de caelis …,,,,,,SEMM,0
,,https://musicahispanica.eu/chant/70720,Laudate dominum de caelis*,h00255.1,,,,E-Tc (Toledo) 35.4,,131r,,,,Dom. 10 Quotidiano,,LDMT,MH,https://musicahispanica.eu/source/20185,,Laudate dominum de caelis*,,,,,,SEMM,0
,,https://musicahispanica.eu/chant/64562,Te laudant montes et omnes colles ,h03046,,,,E-L (León) Ms 8,,126r,,,,Fer. 2 Hebd. 2 Quad.,07022000,LDMT,MH,https://musicahispanica.eu/source/20175,,Te laudant montes et omnes colles te laudant principes et omnes judices terrae omnes populi te collaudant domine,,,,,,SEMM,0
,,https://musicahispanica.eu/chant/52093,Te laudant montes et omnes colles ,h03046,,,,E-Mn (Madrid) MSS/10110,,111v,,,,Fer. 5 in Cena Dom.,07065000,LDMT,MH,https://musicahispanica.eu/source/20183,,Te laudant montes et omnes colles te laudant principes et omnes judices terrae omnes angeli te collaudant domine,,,,,,SEMM,0
,,https://musicahispanica.eu/chant/64960,Laudate dominum in sanctis ejus laudate ,h03015,,,,E-L (León) Ms 8,,145r,,,,Fer. 2 Hebd. 4 Quad.,07042000,LDMT,MH,https://musicahispanica.eu/source/20175,,Laudate dominum in sanctis ejus laudate eum in firmamento magnitudinis ejus,,,,,,SEMM,0
,,https://musicahispanica.eu/chant/63310,Laudate dominum de caelis alleluia ,h00255,,,,E-L (León) Ms 8,,060r,,,,Exspectationis BMV,14121810,LDMT,MH,https://musicahispanica.eu/source/20175,,Laudate dominum de caelis alleluia ,,,,,,SEMM,0
,,https://musicahispanica.eu/chant/63401,Laudate dominum de caelis alleluia*,h00255,,,,E-L (León) Ms 8,,065v,,,,Hebd. Adventus,01008000,LDMT,MH,https://musicahispanica.eu/source/20175,,Laudate dominum de caelis alleluia*,,,,,,SEMM,0
,,https://musicahispanica.eu/chant/63787,Laudate dominum de caelis alleluia ,h00255,,,,E-L (León) Ms 8,,087v,,,,Epiphania,05010600,LDMT,MH,https://musicahispanica.eu/source/20175,,Laudate dominum de caelis alleluia ,,,,,,SEMM,0
,,https://musicahispanica.eu/chant/63887,Laudate dominum de caelis alleluia,h00255,,,,E-L (León) Ms 8,,093r,,,,Dom. p. Allisionis Infantum,,LDMT,MH,https://musicahispanica.eu/source/20175,,Laudate dominum de caelis alleluia,,,,,,SEMM,0
,,https://musicahispanica.eu/chant/64087,Laudate dominum de caelis alleluia ,h00255,,,,E-L (León) Ms 8,,105r,,,,Dom. Quinquagesimae,06031000,LDMT,MH,https://musicahispanica.eu/source/20175,,Laudate dominum de caelis alleluia ,,,,,,SEMM,0
,,https://musicahispanica.eu/chant/64128,Laudate dominum de caelis alleluia ,h00255,,,,E-L (León) Ms 8,,107r,,,,Carnes Tollendas,,LDMT,MH,https://musicahispanica.eu/source/20175,,Laudate dominum de caelis alleluia ,,,,,,SEMM,0
,,https://musicahispanica.eu/chant/65513,Laudate dominum de caelis alleluia ,h00255,,,,E-L (León) Ms 8,,176r,,,,Dom. Resurrectionis,08011000,LDMT,MH,https://musicahispanica.eu/source/20175,,Laudate dominum de caelis alleluia ,,,,,,SEMM,0
,,https://musicahispanica.eu/chant/68016,Laudate dominum de caelis alleluia ,h00255,,,,E-L (León) Ms 8,,296v,,,,Dom. Quotidiano,,LDMT,MH,https://musicahispanica.eu/source/20175,,Laudate dominum de caelis alleluia ,,,,,,SEMM,0
,,https://musicahispanica.eu/chant/72313,Laudate dominum de caelis alleluia,h00255,,,,E-Mh (Madrid) Cod. 30,,096v,,,,Assumptio Mariae (Hispanic rite),,LDMT,MH,https://musicahispanica.eu/source/20176,,"Laudate dominum de caelis alleluia
",,,,,,SEMM,0
,,https://musicahispanica.eu/chant/72415,Laudate dominum de caelis alleluia,h00255,,,,E-Mh (Madrid) Cod. 30,,108v,,,,Suff. Adventus,,LDMT,MH,https://musicahispanica.eu/source/20176,,Laudate dominum de caelis alleluia,,,,,,SEMM,0
,,https://musicahispanica.eu/chant/72641,Laudate dominum de caelis alleluia,h00255,,,,E-Mh (Madrid) Cod. 30,,154r,,,,Circumcisio Domini,02010110,LDMT,MH,https://musicahispanica.eu/source/20176,,Laudate dominum de caelis alleluia,,,,,,SEMM,0
,,https://musicahispanica.eu/chant/72718,Laudate dominum de caelis alleluia,h00255,,,,E-Mh (Madrid) Cod. 30,,170r,,,,Epiphania,05010600,LDMT,MH,https://musicahispanica.eu/source/20176,,"Laudate dominum de caelis alleluia
",,,,,,SEMM,0
,,https://musicahispanica.eu/chant/84958,Laudate dominum de caelis alleluia laudate ,h00255,*,,,E-SI (Santo Domingo de Silos) MS 5,,085r,,,,Michaelis,14092900,LDMT,MH,https://musicahispanica.eu/source/20178,,Laudate dominum de caelis alleluia laudate in excelsis alleluia alleluia,,,,,,SEMM,0
,,https://musicahispanica.eu/chant/68474,Laudate Dominum de caelis alleluia,h00255,,,,E-SI (Santo Domingo de Silos) MS 6,,126v,,,,Dom. 8 p. Pent.,09081000,LDMT,MH,https://musicahispanica.eu/source/20179,,Laudate Dominum de caelis alleluia,,,,,,SEMM,0
,,https://musicahispanica.eu/chant/68528,Laudate Dominum de caelis alleluia,h00255,,,,E-SI (Santo Domingo de Silos) MS 6,,106v,,,,Dom. 6 p. Pent.,09061000,LDMT,MH,https://musicahispanica.eu/source/20179,,Laudate Dominum de caelis alleluia,,,,,,SEMM,0
,,https://musicahispanica.eu/chant/68650,Laudate Dominum de caelis alleluia ...,h00255,,,,E-SI (Santo Domingo de Silos) MS 6,,118bis v,,,,Dom. 7 p. Pent.,09071000,LDMT,MH,https://musicahispanica.eu/source/20179,,Laudate Dominum de caelis alleluia ...,,,,,,SEMM,0
,,https://musicahispanica.eu/chant/68674,Laudate Dominum de caelis alleluia,h00255,,,,E-SI (Santo Domingo de Silos) MS 6,,097r,,,,Dom. 5 p. Pent.,09051000,LDMT,MH,https://musicahispanica.eu/source/20179,,Laudate Dominum de caelis alleluia,,,,,,SEMM,0
,,https://musicahispanica.eu/chant/62079,Laudate dominum de caelis alleluia,h00255,,,,E-Tc (Toledo) 35.4,1,076r,,,,Dom. Pentecostes,08081000,LDMT,MH,https://musicahispanica.eu/source/20185,,Laudate dominum de caelis alleluia,,,,,,SEMM,0
,,https://musicahispanica.eu/chant/69724,Laudate dominum de caelis alleluia,h00255,,,,E-Tc (Toledo) 35.4,,085r,,,,Dom. 1 Quotidiano,,LDMT,MH,https://musicahispanica.eu/source/20185,,Laudate dominum de caelis alleluia,,,,,,SEMM,0
,,https://musicahispanica.eu/chant/69776,Laudate dominum de caelis alleluia,h00255,,,,E-Tc (Toledo) 35.4,,096r,,,,Dom. 2 Quotidiano,,LDMT,MH,https://musicahispanica.eu/source/20185,,Laudate dominum de caelis alleluia,,,,,,SEMM,0
,,https://musicahispanica.eu/chant/70163,Laudate dominum de caelis alleluia,h00255,,,,E-Tc (Toledo) 35.4,,114r,,,,Dom. 6 Quotidiano,,LDMT,MH,https://musicahispanica.eu/source/20185,,Laudate dominum de caelis alleluia,,,,,,SEMM,0
,,https://musicahispanica.eu/chant/70317,Laudate dominum de caelis alleluia,h00255,,,,E-Tc (Toledo) 35.4,,118v,,,,Dom. 7 Quotidiano,,LDMT,MH,https://musicahispanica.eu/source/20185,,Laudate dominum de caelis alleluia,,,,,,SEMM,0
,,https://musicahispanica.eu/chant/70766,Laudate dominum de celis alleluia,h00255,,,,E-Tc (Toledo) 35.4,,138r,,,,Dom. 12 Quotidiano,,LDMT,MH,https://musicahispanica.eu/source/20185,,Laudate dominum de celis alleluia,,,,,,SEMM,0
,,https://musicahispanica.eu/chant/103547,Laudate Dominum de caelis alleluia,h00255,,,,E-Tc (Toledo) 35.5,,195r,,,,Fer. 2 p. Pascha,08012000,LDMT,MH,https://musicahispanica.eu/source/20186,,Laudate Dominum de caelis alleluia,,,,,,SEMM,0
,,https://musicahispanica.eu/chant/92469,Laudate dominum de caelis*,h00255,,,,E-Tc (Toledo) 35.6,,168r,,,,Primitis,,LDMT,MH,https://musicahispanica.eu/source/20187,,Laudate dominum de caelis*,,,,,,SEMM,0
,,https://musicahispanica.eu/chant/74902,Laudate dominum de caelis alleluia alleluia ,h00255,*,,,GB-Lbl (London) Add MS 30844,,068r,,,,Nativitas Domini,02122500,LDMT,MH,https://musicahispanica.eu/source/20201,,Laudate dominum de caelis alleluia alleluia alleluia,,,,,,SEMM,0
,,https://musicahispanica.eu/chant/75178,Laudate dominum de caelis alleluia,h00255,*,,,GB-Lbl (London) Add MS 30844,,128v,,,,Epiphania,05010600,LDMT,MH,https://musicahispanica.eu/source/20201,,Laudate dominum de caelis alleluia,,,,,,SEMM,0
,,https://musicahispanica.eu/chant/75355,Laudate dominum de caelis alleluia,h00255,*,,,GB-Lbl (London) Add MS 30844,,038r,,,,Exspectationis BMV,14121810,LDMT,MH,https://musicahispanica.eu/source/20201,,Laudate dominum de caelis alleluia,,,,,,SEMM,0
,,https://musicahispanica.eu/chant/100606,Laudate dominum de caelis,h00255,*,,,GB-Lbl (London) Add MS 30845,,086v,,,,Assumptio Mariae (Hispanic rite),,LDMT,MH,https://musicahispanica.eu/source/20196,,Laudate dominum de caelis,,,,,,SEMM,0
,,https://musicahispanica.eu/chant/101153,Laudate dominum de caelis alleluia,h00255,*,,,GB-Lbl (London) Add MS 30845,,119v,,,,Michaelis,14092900,LDMT,MH,https://musicahispanica.eu/source/20196,,Laudate dominum de caelis alleluia,,,,,,SEMM,0
,,https://musicahispanica.eu/chant/80094,Laudate dominum de caelis alleluia,h00255,*,,,GB-Lbl (London) Add MS 30846,,009v,,,,Fer. 3 p. Pascha,08013000,LDMT,MH,https://musicahispanica.eu/source/20202,,Laudate dominum de caelis alleluia,,,,,,SEMM,0
,,https://musicahispanica.eu/chant/80176,Laudate Dominum de caelis,h00255,*,,,GB-Lbl (London) Add MS 30846,,015v,,,,Engratiae,,LDMT,MH,https://musicahispanica.eu/source/20202,,Laudate Dominum de caelis,,,,,,SEMM,0
,,https://musicahispanica.eu/chant/80444,Laudate Dominum de caelis alleluia,h00255,*,,,GB-Lbl (London) Add MS 30846,,053r,,,,Fer. 2 p. Oct.Pasch.,08022000,LDMT,MH,https://musicahispanica.eu/source/20202,,Laudate Dominum de caelis alleluia,,,,,,SEMM,0
,,https://musicahispanica.eu/chant/80468,Laudate Dominum de caelis alleluia,h00255,*,,,GB-Lbl (London) Add MS 30846,,054r,,,,Fer. 3 p. Oct.Pasch.,08023000,LDMT,MH,https://musicahispanica.eu/source/20202,,Laudate Dominum de caelis alleluia,,,,,,SEMM,0
,,https://musicahispanica.eu/chant/80502,Laudate Dominum de caelis alleluia,h00255,*,,,GB-Lbl (London) Add MS 30846,,054v,,,,Fer. 4 p. Oct.Pasch.,08024000,LDMT,MH,https://musicahispanica.eu/source/20202,,Laudate Dominum de caelis alleluia,,,,,,SEMM,0
,,https://musicahispanica.eu/chant/80519,Laudate Dominum de caelis alleluia,h00255,*,,,GB-Lbl (London) Add MS 30846,,055r,,,,Fer. 5 p. Oct.Pasch.,08025000,LDMT,MH,https://musicahispanica.eu/source/20202,,Laudate Dominum de caelis alleluia,,,,,,SEMM,0
,,https://musicahispanica.eu/chant/80536,Laudate Dominum de caelis,h00255,*,,,GB-Lbl (London) Add MS 30846,,056r,,,,Fer. 6 p. Oct.Pasch.,08026000,LDMT,MH,https://musicahispanica.eu/source/20202,,Laudate Dominum de caelis,,,,,,SEMM,0
,,https://musicahispanica.eu/chant/80569,Laudate Dominum de caelis alleluia,h00255,,,,GB-Lbl (London) Add MS 30846,,058v,,,,"Dom. Resurrect.,8",08011008,LDMT,MH,https://musicahispanica.eu/source/20202,,Laudate Dominum de caelis alleluia,,,,,,SEMM,0
,,https://musicahispanica.eu/chant/82914,Laudate Dominum de caelis ,h00255,*,,,GB-Lbl (London) Add MS 30846,,098r,,,,Inventio Crucis,14050300,LDMT,MH,https://musicahispanica.eu/source/20202,,Laudate Dominum de caelis ,,,,,,SEMM,0
,,https://musicahispanica.eu/chant/83244,Laudate Dominum de caelis ,h00255,*,,,GB-Lbl (London) Add MS 30846,,111v,,,,Dom. 4 p. Pascha,08051000,LDMT,MH,https://musicahispanica.eu/source/20202,,Laudate Dominum de caelis ,,,,,,SEMM,0
,,https://musicahispanica.eu/chant/83343,Laudate Dominum de caelis alleluia,h00255,*,,,GB-Lbl (London) Add MS 30846,,113r,,,,Ascensio Domini,08065000,LDMT,MH,https://musicahispanica.eu/source/20202,,Laudate Dominum de caelis alleluia,,,,,,SEMM,0
,,https://musicahispanica.eu/chant/83592,Laudate dominum de caelis ,h00255,*,,,GB-Lbl (London) Add MS 30846,,126r,,,,Dom. p. Ascensionem,,LDMT,MH,https://musicahispanica.eu/source/20202,,Laudate dominum de caelis ,,,,,,SEMM,0
,,https://musicahispanica.eu/chant/83998,Laudate Dominum de caelis alleluia,h00255,*,,,GB-Lbl (London) Add MS 30846,,167v,,,,"Dom. Pentecostes,8",08081008,LDMT,MH,https://musicahispanica.eu/source/20202,,Laudate Dominum de caelis alleluia,,,,,,SEMM,0
,,https://musicahispanica.eu/chant/64132,Alleluia laudate eum omnes angeli ejus ,h03024,,,,E-L (León) Ms 8,,107v,,,,Carnes Tollendas,,LDMT,MH,https://musicahispanica.eu/source/20175,,Alleluia laudate eum omnes angeli ejus laudate eum omnes virtutes ejus alleluia alleluia ,,,,,,SEMM,0
,,https://musicahispanica.eu/chant/68019,Laudate eum omnes angelis ejus laudate ,h03024,,,,E-L (León) Ms 8,,296v,,,,Dom. Quotidiano,,LDMT,MH,https://musicahispanica.eu/source/20175,,Laudate eum omnes angelis ejus laudate eum omnes virtutes ejus alleluia ,,,,,,SEMM,0
,,https://musicahispanica.eu/chant/64642,Juvenes et virgines servores cum junioribus ,h02996,,,,E-L (León) Ms 8,,129r,,,,Fer. 5 Hebd. 2 Quad.,07025000,LDMT,MH,https://musicahispanica.eu/source/20175,,Juvenes et virgines servores cum junioribus laudate dominum,,,,,,SEMM,0
,,https://musicahispanica.eu/chant/65375,Posuerunt peccatores laqueos mihi et a ,h03038,,,,E-L (León) Ms 8,,166v,,,,Fer. 6 in Parasceve,07066000,LDMT,MH,https://musicahispanica.eu/source/20175,,Posuerunt peccatores laqueos mihi et a mandatis tuis non erravi domine,,,,,,SEMM,0
,,https://musicahispanica.eu/chant/45932,Secundum multitudinem magnitudinis ejus laudate dominum ,h03042,,,,E-Mn (Madrid) MSS/10110,,002r,,,,Fer. 2 Hebd. 1 Quad.,07012000,LDMT,MH,https://musicahispanica.eu/source/20183,,Secundum multitudinem magnitudinis ejus laudate dominum in sanctis ejus,,,,,,SEMM,0
,,https://musicahispanica.eu/chant/47057,Secundum multitudinem magnitudinis ejus laudate dominum ,h03042,,,,E-Mn (Madrid) MSS/10110,,055v,,,,Fer. 3 Hebd. 4 Quad.,07043000,LDMT,MH,https://musicahispanica.eu/source/20183,,Secundum multitudinem magnitudinis ejus laudate dominum in sanctis ejus,,,,,,SEMM,0
,,https://musicahispanica.eu/chant/65066,Laudate dominum secundum multitudinem magnitudinis ejus,h03020,,,,E-L (León) Ms 8,,150r,,,,Fer. 6 Hebd. 4 Quad.,07046000,LDMT,MH,https://musicahispanica.eu/source/20175,,Laudate dominum secundum multitudinem magnitudinis ejus,,,,,,SEMM,0
,,https://musicahispanica.eu/chant/64985,In sanctis ejus laudate dominum in ,h02992,,,,E-L (León) Ms 8,,146r,,,,Fer. 3 Hebd. 4 Quad.,07043000,LDMT,MH,https://musicahispanica.eu/source/20175,,In sanctis ejus laudate dominum in firmamento virtutis ejus laudate eum,,,,,,SEMM,0
,,https://musicahispanica.eu/chant/45956,In sanctis ejus laudate dominum in ,h02992,,,,E-Mn (Madrid) MSS/10110,,006r,,,,Fer. 3 Hebd. 1 Quad.,07013000,LDMT,MH,https://musicahispanica.eu/source/20183,,In sanctis ejus laudate dominum in firmamento virtutis ejus laudate dominum,,,,,,SEMM,0
,,https://musicahispanica.eu/chant/46258,In sanctis ejus laudate,h02992,,,,E-Mn (Madrid) MSS/10110,,018v,,,,Sabb. Hebd. 1 Quad.,07017000,LDMT,MH,https://musicahispanica.eu/source/20183,,In sanctis ejus laudate,,,,,,SEMM,0
,,https://musicahispanica.eu/chant/46548,In sanctis ejus laudate dominum in ,h02992,,,,E-Mn (Madrid) MSS/10110,,032v,,,,Sabb. Hebd. 2 Quad.,07027000,LDMT,MH,https://musicahispanica.eu/source/20183,,In sanctis ejus laudate dominum in firmamento virtutis ejus laudate dominum,,,,,,SEMM,0
,,https://musicahispanica.eu/chant/46729,In sanctis ejus laudate dominum in ,h02992,,,,E-Mn (Madrid) MSS/10110,,048v,,,,Sabb. Hebd. 3 Quad.,07037000,LDMT,MH,https://musicahispanica.eu/source/20183,,In sanctis ejus laudate dominum in firmamento virtutis ejus laudate dominum,,,,,,SEMM,0
,,https://musicahispanica.eu/chant/64721,Laudate dominum de caelis omnes stellae ,h03011,,,,E-L (León) Ms 8,,132v,,,,Dom. 3 Quadragesimae,07031000,LDMT,MH,https://musicahispanica.eu/source/20175,,Laudate dominum de caelis omnes stellae et lumen caeli caelorum et aquae quae sunt supra caelos laudent nomen domini,,,,,,SEMM,0
,,https://musicahispanica.eu/chant/40867,Laudate dominum de caelis omnes stellae ,h03011,,,,E-Tc (Toledo) 35.5,,039v,,,,Dom. 3 Quadragesimae,07031000,LDMT,MH,https://musicahispanica.eu/source/20186,,Laudate dominum de caelis omnes stellae et lumen caeli caelorum et aquae quae sunt supra caelos laudent nomen domini,,,,,,SEMM,0
,,https://musicahispanica.eu/chant/68689,Laudate ...,h00214,,,,E-SI (Santo Domingo de Silos) MS 6,,063v,,,,Dom. 2 p. Pent.,09021000,LDMT,MH,https://musicahispanica.eu/source/20179,,Laudate ...,,,,,,SEMM,0
,,https://musicahispanica.eu/chant/68815,Laudate ...,h00214,,,,E-SI (Santo Domingo de Silos) MS 6,,028v,,,,Commune unius Virginis,,LDMT,MH,https://musicahispanica.eu/source/20179,,Laudate ...,,,,,,SEMM,0
,,https://musicahispanica.eu/chant/89862,Laudate*,h00214,,,,E-Tm (Toledo) número de inventario 1325,,019r,,,,"Petri, Pauli",14062900,LDMT,MH,https://musicahispanica.eu/source/20190,,Laudate*,,,,,,SEMM,0
,,https://musicahispanica.eu/chant/69283,Laudate*,h00214,,,,GB-Lbl (London) Add MS 30851,,192v,,,,Pro uno infirmo,16013020,LDMT,MH,https://musicahispanica.eu/source/20203,,Laudate*,,,,,,SEMM,0
,,https://musicahispanica.eu/chant/84340,In lege domini alleluia *,h04569,*,,,E-Zfm (Zaragoza) Ms-418,,007r,,,,Cathedra Petri,14022200,LDMT,MH,https://musicahispanica.eu/source/20192,,In lege domini alleluia *,,,,,,SEMM,0
,,https://musicahispanica.eu/chant/100665,Laudate *,h00004,*,,,GB-Lbl (London) Add MS 30845,,097r,,,,Genesii,14082530,LDMT,MH,https://musicahispanica.eu/source/20196,,Laudate *,,,,,,SEMM,0
,,https://musicahispanica.eu/chant/80236,Laudate dominum *,h00004,*,,,GB-Lbl (London) Add MS 30846,,025v,,,,Fer. 4 p. Pascha,08014000,LDMT,MH,https://musicahispanica.eu/source/20202,,Laudate dominum *,,,,,,SEMM,0
,,https://musicahispanica.eu/chant/80254,Laudate *,h00004,*,,,GB-Lbl (London) Add MS 30846,,027r,,,,Fer. 5 p. Pascha,08015000,LDMT,MH,https://musicahispanica.eu/source/20202,,Laudate *,,,,,,SEMM,0
,,https://musicahispanica.eu/chant/82940,Laudate *,h00004,*,,,GB-Lbl (London) Add MS 30846,,105v,,,,Dom. 3 p. Pascha,08041000,LDMT,MH,https://musicahispanica.eu/source/20202,,Laudate *,,,,,,SEMM,0
,,https://pemdatabase.eu/musical-item/46544,Laudate dominum a terra montes et ,h00004,?,,,"P-LA (Lamego) Arquivo da Sé Caixa 2, Fragmento 017 (olim ver s I - II)",,Av,,,,Dom. de Passione,07051000,LDMT,,https://pemdatabase.eu/source/46528,,,,,,,,PEM,https://pemdatabase.eu/gallery-item/13997
,,https://musicahispanica.eu/chant/62320,Laudate dominum a terra montes et ,h00004,,,,"P-LA Caixa 2, Fragmento 017",,001v,,,,Dom. de Passione,07051000,LDMT,,https://musicahispanica.eu/source/62316,,Laudate dominum a terra montes et omnes colles ligna fructifera et omnes cedri quia exaltatum est nomen ejus solius,,,,,,SEMM,0
,,https://musicahispanica.eu/chant/108230,Cantate domino*,h04813,,,,E-Tc (Toledo) 35.4,,070r,,,,Sabb. de Letanias Apostolicas,,LDMT,MH,https://musicahispanica.eu/source/20185,,Cantate domino*,,,,,,SEMM,0
,,https://musicahispanica.eu/chant/65012,In firmamento virtutis ejus laudate eum,h02984,,,,E-L (León) Ms 8,,147v,,,,Fer. 4 Hebd. 4 Quad.,07044000,LDMT,MH,https://musicahispanica.eu/source/20175,,In firmamento virtutis ejus laudate eum,,,,,,SEMM,0
,,https://musicahispanica.eu/chant/66046,In firmamento virtutis ejus laudate eum*,h02984,,,,E-L (León) Ms 8,,204r,,,,Letanias Apostolicas,,LDMT,M,https://musicahispanica.eu/source/20175,,In firmamento virtutis ejus laudate eum*,,,,,,SEMM,0
,,https://musicahispanica.eu/chant/78257,In firmamento*,h02984,,,,E-L (León) Ms 8,,001r,,,,Letanias,,LDMT,MH,https://musicahispanica.eu/source/20175,,In firmamento*,,,,,,SEMM,0
,,https://musicahispanica.eu/chant/74705,In firmamento virtutis [ejus] ,h02984,,,,E-Mh (Madrid) Cod. 60 (2) and (3),,029r,,,,Letanias,,LDMT,MH,https://musicahispanica.eu/source/20180,,In firmamento virtutis [ejus] ,,,,,,SEMM,0
,,https://musicahispanica.eu/chant/78146,In firmamento virtutis ejus laudate eum,h02984,,,,GB-Lbl (London) Add MS 30845,,153v,,,,Letanias Apostolicas,,LDMT,MH,https://musicahispanica.eu/source/20196,,In firmamento virtutis ejus laudate eum,,,,,,SEMM,0
,,https://musicahispanica.eu/chant/77897,In firmamento virtutis ejus laudate eum,h02984,*,,,GB-Lbl (London) Add MS 30846,,137r,,,,Letanias Apostolicas,,LDMT,MH,https://musicahispanica.eu/source/20202,,In firmamento virtutis ejus laudate eum,,,,,,SEMM,0
,,https://musicahispanica.eu/chant/64591,Omnes electi dei reges et potentes ,h03036,,,,E-L (León) Ms 8,,127r,,,,Fer. 3 Hebd. 2 Quad.,07023000,LDMT,MH,https://musicahispanica.eu/source/20175,,Omnes electi dei reges et potentes omnes populi cantate deo laudem,,,,,,SEMM,0
,,https://musicahispanica.eu/chant/64896,Beneplacitum est domino in populo suo ,h02971,,,,E-L (León) Ms 8,,142r,,,,Sabb. Hebd. 3 Quad.,07037000,LDMT,MH,https://musicahispanica.eu/source/20175,,Beneplacitum est domino in populo suo et exaltavit mansuetos in salute,,,,,,SEMM,0
,,https://musicahispanica.eu/chant/65198,In cymbalis benesonantibus domino cantate angeli ,h02980,,,,E-L (León) Ms 8,,157v,,,,Fer. 3 Maj. Hebd.,07063000,LDMT,MH,https://musicahispanica.eu/source/20175,,In cymbalis benesonantibus domino cantate angeli ejus laudent eum,,,,,,SEMM,0
,,https://musicahispanica.eu/chant/78223,In cymbalis benesonantibus,h02980,,,,GB-Lbl (London) Add MS 30845,,157v,,,,Letanias Apostolicas,,LDMT,MH,https://musicahispanica.eu/source/20196,,In cymbalis benesonantibus,,,,,,SEMM,0
,,https://musicahispanica.eu/chant/68023,Laus ejus in ecclesiis sanctorum alleluia ,h03032,*,,,E-L (León) Ms 8,,296v,,,,Dom. Quotidiano,,LDMT,MH,https://musicahispanica.eu/source/20175,,Laus ejus in ecclesiis sanctorum alleluia ,,,,,,SEMM,0
,,https://musicahispanica.eu/chant/64343,Laudate dominum de caelis laudate eum ,h03003,,,,E-L (León) Ms 8,,117r,,,,Dom. 1 Quadragesimae,07011000,LDMT,MH,https://musicahispanica.eu/source/20175,,Laudate dominum de caelis laudate eum in excelsis,,,,,,SEMM,0
,,https://musicahispanica.eu/chant/40836,Laudate dominum de caelis laudate eum ,h03003,,,,E-Tc (Toledo) 35.5,,017v,,,,Dom. 2 Quadragesimae,07021000,LDMT,MH,https://musicahispanica.eu/source/20186,,Laudate dominum de caelis laudate eum in excelsis,,,,,,SEMM,0
,,https://musicahispanica.eu/chant/63121,Laudate dominum in sanctis ejus alleluia,h00204,,,,E-L (León) Ms 8,,049r,,,,Leocadiae,14120920,LDMT,MH,https://musicahispanica.eu/source/20175,,Laudate dominum in sanctis ejus alleluia,,,,,,SEMM,0
,,https://musicahispanica.eu/chant/63164,Laudate dominum in sanctis ejus alleluia ,h00204,,,,E-L (León) Ms 8,,051r,,,,Eulaliae Emeritensis,14121010,LDMT,MH,https://musicahispanica.eu/source/20175,,Laudate dominum in sanctis ejus alleluia ,,,,,,SEMM,0
,,https://musicahispanica.eu/chant/68025,Laudate dominum in sanctis ejus alleluia,h00204,,,,E-L (León) Ms 8,,296v,,,,Dom. Quotidiano,,LDMT,MH,https://musicahispanica.eu/source/20175,,Laudate dominum in sanctis ejus alleluia,,,,,,SEMM,0
,,https://musicahispanica.eu/chant/68031,Laudate dominum in sanctis ejus alleluia ,h00204,,,,E-L (León) Ms 8,,297r,,,,Dom. Quotidiano,,LDMT,MH,https://musicahispanica.eu/source/20175,,Laudate dominum in sanctis ejus alleluia ,,,,,,SEMM,0
,,https://musicahispanica.eu/chant/68226,Laudate dominum in sanctis ejus alleluia,h00204,,,,E-Mh (Madrid) Cod. 30,,006r,,,,Aciscli,,LDMT,MH,https://musicahispanica.eu/source/20176,,Laudate dominum in sanctis ejus alleluia,,,,,,SEMM,0
,,https://musicahispanica.eu/chant/71703,Laudate dominum in sanctis ejus alleluia,h00204,,,,E-SI (Santo Domingo de Silos) MS 3,,054r,,,,Pro infirmis,16013030,LDMT,MH,https://musicahispanica.eu/source/20177,,Laudate dominum in sanctis ejus alleluia,,,,,,SEMM,0
,,https://musicahispanica.eu/chant/86485,Laudate dominum in sanctis ejus alleluia,h00204,*,,,E-SI (Santo Domingo de Silos) MS 3,,138r,,,,Commune unius Virginis,,LDMT,MH,https://musicahispanica.eu/source/20177,,Laudate dominum in sanctis ejus alleluia,,,,,,SEMM,0
,,https://musicahispanica.eu/chant/86632,Laudate dominum in sanctis ejus alleluia,h00204,,,,E-SI (Santo Domingo de Silos) MS 3,,170v,,,,Fer. 3 per annum,04003000,LDMT,MH,https://musicahispanica.eu/source/20177,,Laudate dominum in sanctis ejus alleluia,,,,,,SEMM,0
,,https://musicahispanica.eu/chant/86657,Laudate dominum in sanctis ejus alleluia,h00204,,,,E-SI (Santo Domingo de Silos) MS 3,,173r,,,,Fer. 4 per annum,04004000,LDMT,MH,https://musicahispanica.eu/source/20177,,Laudate dominum in sanctis ejus alleluia,,,,,,SEMM,0
,,https://musicahispanica.eu/chant/86682,Laudate dominum in sanctis ejus alleluia,h00204,,,,E-SI (Santo Domingo de Silos) MS 3,,176v,,,,Fer. 5 per annum,04005000,LDMT,MH,https://musicahispanica.eu/source/20177,,Laudate dominum in sanctis ejus alleluia,,,,,,SEMM,0
,,https://musicahispanica.eu/chant/86764,Laudate dominum in sanctis ejus alleluia,h00204,*,,,E-SI (Santo Domingo de Silos) MS 3,,186r,,,,Assumptio Mariae (Hispanic rite),,LDMT,MH,https://musicahispanica.eu/source/20177,,Laudate dominum in sanctis ejus alleluia,,,,,,SEMM,0
,,https://musicahispanica.eu/chant/68770,Laudate dominum in sanctis ejus alleluia,h00204,,,,E-SI (Santo Domingo de Silos) MS 6,,020r,,,,Comm. unius Confessoris,12004000,LDMT,MH,https://musicahispanica.eu/source/20179,,Laudate dominum in sanctis ejus alleluia,,,,,,SEMM,0
,,https://musicahispanica.eu/chant/61803,Laudate dominum in sanctis ejus alleluia,h00204,,,,E-Tc (Toledo) 35.4,,017r,,,,Fer. 2 p. Pascha,08012000,LDMT,,https://musicahispanica.eu/source/20185,,Laudate dominum in sanctis ejus alleluia,,,,,,SEMM,0
,,https://musicahispanica.eu/chant/61804,Laudate dominum in sanctis ejus alleluia,h00204,,,,E-Tc (Toledo) 35.4,,017r,,,,Fer. 2 p. Pascha,08012000,BNMT,,https://musicahispanica.eu/source/20185,,Laudate dominum in sanctis ejus alleluia,,,,,,SEMM,0
,,https://musicahispanica.eu/chant/61805,Laudate dominum in sanctis ejus alleluia,h00204,,,,E-Tc (Toledo) 35.4,,017r,,,,Fer. 3 p. Pascha,08013000,LDMT,,https://musicahispanica.eu/source/20185,,Laudate dominum in sanctis ejus alleluia,,,,,,SEMM,0
,,https://musicahispanica.eu/chant/61806,Laudate dominum in sanctis ejus alleluia,h00204,,,,E-Tc (Toledo) 35.4,,017r,,,,Fer. 4 p. Pascha,08014000,LDMT,,https://musicahispanica.eu/source/20185,,Laudate dominum in sanctis ejus alleluia,,,,,,SEMM,0
,,https://musicahispanica.eu/chant/61807,Laudate dominum in sanctis ejus alleluia,h00204,,,,E-Tc (Toledo) 35.4,,017r,,,,Fer. 5 p. Pascha,08015000,LDMT,,https://musicahispanica.eu/source/20185,,Laudate dominum in sanctis ejus alleluia,,,,,,SEMM,0
,,https://musicahispanica.eu/chant/61808,Laudate dominum in sanctis ejus alleluia,h00204,,,,E-Tc (Toledo) 35.4,,017r,,,,Fer. 6 p. Pascha,08016000,LDMT,,https://musicahispanica.eu/source/20185,,Laudate dominum in sanctis ejus alleluia,,,,,,SEMM,0
,,https://musicahispanica.eu/chant/84205,Laudate dominum in sanctis ejus alleluia,h00204,,,,E-Zfm (Zaragoza) Ms-418,,003r,,,,Vincentii,14012200,LDMT,MH,https://musicahispanica.eu/source/20192,,Laudate dominum in sanctis ejus alleluia,,,,,,SEMM,0
,,https://musicahispanica.eu/chant/101203,Laudate dominum in sanctis *,h00204,*,,,GB-Lbl (London) Add MS 30845,,128v,,,,"Fausti, Januarii et Martialis",,LDMT,MH,https://musicahispanica.eu/source/20196,,Laudate dominum in sanctis *,,,,,,SEMM,0
,,https://musicahispanica.eu/chant/101354,Laudate dominum in sanctis *,h00204,*,,,GB-Lbl (London) Add MS 30845,,132r,,,,"Cosmae, Damiani",14092700,LDMTV,MH,https://musicahispanica.eu/source/20196,,Laudate dominum in sanctis *,,,,,,SEMM,0
,,https://musicahispanica.eu/chant/101517,Laudate dominum in sanctis *,h00204,*,,,GB-Lbl (London) Add MS 30845,,136v,,,,"Vincentii, Sabinae et Christetae",,LDMT,MH,https://musicahispanica.eu/source/20196,,Laudate dominum in sanctis *,,,,,,SEMM,0
,,https://musicahispanica.eu/chant/101688,Laudate dominum in sanctis ejus alleluia,h00204,*,,,GB-Lbl (London) Add MS 30845,,146r,,,,Aemiliani Cucullati,14111220,LDMT,MH,https://musicahispanica.eu/source/20196,,Laudate dominum in sanctis ejus alleluia,,,,,,SEMM,0
,,https://musicahispanica.eu/chant/101741,Laudate dominum in sanctis ejus alleluia,h00204,*,,,GB-Lbl (London) Add MS 30845,,150v,,,,Transl. Saturnini,,LDMT,MH,https://musicahispanica.eu/source/20196,,Laudate dominum in sanctis ejus alleluia,,,,,,SEMM,0
,,https://musicahispanica.eu/chant/78224,Laudate dominum in sanctis,h00204,,,,GB-Lbl (London) Add MS 30845,,157v,,,,Letanias Apostolicas,,LDMT,MH,https://musicahispanica.eu/source/20196,,Laudate dominum in sanctis,,,,,,SEMM,0
,,https://musicahispanica.eu/chant/80631,Laudate dominum in sanctis ejus alleluia ,h00204,*,,,GB-Lbl (London) Add MS 30846,,062r,,,,Sabbato in Albis,08017000,LDMT,MH,https://musicahispanica.eu/source/20202,,Laudate dominum in sanctis ejus alleluia alleluia,,,,,,SEMM,0
,,https://musicahispanica.eu/chant/82792,Laudate dominum in sanctis ,h00204,*,,,GB-Lbl (London) Add MS 30846,,083r,,,,Torquati et sociorum,,LDMT,MH,https://musicahispanica.eu/source/20202,,Laudate dominum in sanctis ,,,,,,SEMM,0
,,https://musicahispanica.eu/chant/83487,Laudate dominum in sanctis,h00204,*,,,GB-Lbl (London) Add MS 30846,,122v,,,,Ascensio Domini,08065000,LDMT,MH,https://musicahispanica.eu/source/20202,,Laudate dominum in sanctis,,,,,,SEMM,0
,,https://musicahispanica.eu/chant/46240,Seniores cum junioribus laudent nomen domini,h03044,,,,E-Mn (Madrid) MSS/10110,,016r,,,,Fer. 6 Hebd. 1 Quad.,07016000,LDMT,MH,https://musicahispanica.eu/source/20183,,Seniores cum junioribus laudent nomen domini,,,,,,SEMM,0
,,https://musicahispanica.eu/chant/48020,Seniores cum junioribus laudent nomen domini,h03044,,,,E-Mn (Madrid) MSS/10110,,067v,,,,Fer. 6 Hebd. 4 Quad.,07046000,LDMT,MH,https://musicahispanica.eu/source/20183,,Seniores cum junioribus laudent nomen domini,,,,,,SEMM,0
,,https://musicahispanica.eu/chant/63502,Laudate dominum de caelis alleluia alleluia ,h00255.3,,,,E-L (León) Ms 8,,071v,,,,Nativitas Domini,02122500,LDMT,MH,https://musicahispanica.eu/source/20175,,Laudate dominum de caelis alleluia alleluia alleluia ,,,,,,SEMM,0
,,https://musicahispanica.eu/chant/45375,Laudate dominum de caelis alleluia alleluia ,h00255.3,,,,E-Tc (Toledo) 35.5,2,185r,,,,Dom. Resurrectionis,08011000,LDMT,MH,https://musicahispanica.eu/source/20186,,Laudate dominum de caelis alleluia alleluia alleluia,,,,,,SEMM,0
,,https://musicahispanica.eu/chant/55587,Laudate dominum de caelis alleluia alleluia ,h00255.3,,,,E-Tc (Toledo) 35.7,1,066v,,,,Nativitas Domini,02122500,LDMT,MH,https://musicahispanica.eu/source/20188,,Laudate dominum de caelis alleluia alleluia alleluia,,,,,,SEMM,0
,,https://musicahispanica.eu/chant/20082,Laudate dominum de caeli alleluia alleluia ,h00014,,,,E-Mn (Madrid) MSS/10001 (flyleaves),,002r,,,,In tempore Adventus,01000000,LDMT,MH,https://musicahispanica.eu/source/20036,,Laudate dominum de caeli alleluia alleluia alleluia,,,,,,SEMM,0
,,https://musicahispanica.eu/chant/86588,Laudate dominum de caelis alleluia,h00014,,,,E-SI (Santo Domingo de Silos) MS 3,,154v,,,,Fest. per annum,04000000,LDMT,MH,https://musicahispanica.eu/source/20177,,Laudate dominum de caelis alleluia,,,,,,SEMM,0
,,https://musicahispanica.eu/chant/68821,Laudate dominum de caeli alleluia alleluia ,h00014,,,,E-SI (Santo Domingo de Silos) MS 6,,047v,,,,Dom. 1 p. Pent.,09011010,LDMT,MH,https://musicahispanica.eu/source/20179,,Laudate dominum de caeli alleluia alleluia alleluia,,,,,,SEMM,0
,,https://musicahispanica.eu/chant/80279,Laudate dominum *,h00014,*,,,GB-Lbl (London) Add MS 30846,,034v,,,,Fer. 6 p. Pascha,08016000,LDMT,MH,https://musicahispanica.eu/source/20202,,Laudate dominum *,,,,,,SEMM,0
,,https://musicahispanica.eu/chant/80555,Laudate dominum *,h00014,*,,,GB-Lbl (London) Add MS 30846,,056v,,,,Sabbato in Albis,08017000,LDMT,MH,https://musicahispanica.eu/source/20202,,Laudate dominum *,,,,,,SEMM,0
,,https://musicahispanica.eu/chant/83545,Laudate dominum *,h00014,*,,,GB-Lbl (London) Add MS 30846,,124r,,,,Sabb. p. Ascensionem,,LDMT,MH,https://musicahispanica.eu/source/20202,,Laudate dominum *,,,,,,SEMM,0
,,https://musicahispanica.eu/chant/83765,Laudate dominum *,h00014,*,,,GB-Lbl (London) Add MS 30846,,130v,,,,Fer. 2 p. Ascensio.,,LDMT,MH,https://musicahispanica.eu/source/20202,,Laudate dominum *,,,,,,SEMM,0
,,https://musicahispanica.eu/chant/65169,In tympano et choro laudate dominum ,h02994,,,,E-L (León) Ms 8,,155v,,,,Fer. 2 Maj. Hebd.,07062000,LDMT,MH,https://musicahispanica.eu/source/20175,,In tympano et choro laudate dominum in cordis et organo laudate eum,,,,,,SEMM,0
,,https://musicahispanica.eu/chant/46510,In tympano et choro laudate dominum ,h02994,,,,E-Mn (Madrid) MSS/10110,,028r,,,,Fer. 5 Hebd. 2 Quad.,07025000,LDMT,MH,https://musicahispanica.eu/source/20183,,In tympano et choro laudate dominum in cordis et organo laudate eum,,,,,,SEMM,0
,,https://musicahispanica.eu/chant/51487,In tympano et choro laudate dominum ,h02994,,,,E-Mn (Madrid) MSS/10110,,078r,,,,Fer. 3 Hebd. 5 Quad.,,LDMT,MH,https://musicahispanica.eu/source/20183,,In tympano et choro laudate dominum in cordis et organo laudate eum,,,,,,SEMM,0
,,https://musicahispanica.eu/chant/45612,Alleluia confessio*,h04550,,,,E-Tm (Toledo) número de inventario 1325,,001r,,,,Martini,14111100,LDMT,MH,https://musicahispanica.eu/source/20190,,Alleluia confessio*,,,,,,SEMM,0
,,https://musicahispanica.eu/chant/64134,Laudate eum sol et luna laudate ,h03026,,,,E-L (León) Ms 8,,107v,,,,Carnes Tollendas,,LDMT,MH,https://musicahispanica.eu/source/20175,,Laudate eum sol et luna laudate eum omnes stellae et lumen alleluia ,,,,,,SEMM,0
,,https://musicahispanica.eu/chant/64693,Qui exaltavit cornu populi sui hymnis ,h03040,,,,E-L (León) Ms 8,,131r,,,,Sabb. Hebd. 2 Quad.,07027000,LDMT,MH,https://musicahispanica.eu/source/20175,,Qui exaltavit cornu populi sui hymnis omnibus sanctis ejus filiis Israel populo appropinquanti sibi,,,,,,SEMM,0
,,https://musicahispanica.eu/chant/68028,Gloria et honor patri et filio ,h02979,,,,E-L (León) Ms 8,,296v,,,,Dom. Quotidiano,,LDMT,MH,https://musicahispanica.eu/source/20175,,Gloria et honor patri et filio et spiritui sancto alleluia ,,,,,,SEMM,0
,,https://musicahispanica.eu/chant/71810,Laudate dominum in sanctis ejus alleluia ,h03013,,,,E-Mh (Madrid) Cod. 30,,047v,,,,Andreae,14113000,LDMT,MH,https://musicahispanica.eu/source/20176,,Laudate dominum in sanctis ejus alleluia alleluia,,,,,,SEMM,0
,,https://musicahispanica.eu/chant/92703,Laudate dominum in sanctis ejus alleluia ,h03013,*,,,E-Tc (Toledo) 35.6,,197r,,,,"Justi, Pastoris",14080630,LDMT,MH,https://musicahispanica.eu/source/20187,,Laudate dominum in sanctis ejus alleluia alleluia,,,,,,SEMM,0
,,https://musicahispanica.eu/chant/103064,Laudate dominum in*,h03013,,,,E-Tc (Toledo) 35.7,,108r,,,,Initio anni,,LDMT,MH,https://musicahispanica.eu/source/20188,,Laudate dominum in*,,,,,,SEMM,0
,,https://musicahispanica.eu/chant/74949,Laudate dominum in sanctis ejus alleluia ,h03013,*,,,GB-Lbl (London) Add MS 30844,,075r,,,,Stephani,02122600,LDMT,MH,https://musicahispanica.eu/source/20201,,Laudate dominum in sanctis ejus alleluia alleluia ,,,,,,SEMM,0
,,https://musicahispanica.eu/chant/74993,Laudate dominum in sanctis ejus alleluia ,h03013,*,,,GB-Lbl (London) Add MS 30844,,089r,,,,Eugeniae,,LDMT,MH,https://musicahispanica.eu/source/20201,,Laudate dominum in sanctis ejus alleluia alleluia,,,,,,SEMM,0
,,https://musicahispanica.eu/chant/75069,Laudate dominum in sanctis ejus alleluia,h03013,*,,,GB-Lbl (London) Add MS 30844,,102v,,,,Joannis Evang.,02122700,LDMT,MH,https://musicahispanica.eu/source/20201,,Laudate dominum in sanctis ejus alleluia,,,,,,SEMM,0
,,https://musicahispanica.eu/chant/69798,Laudate dominum de caelis alleluia alleluia,h00255.2,,,,E-Tc (Toledo) 35.4,,101r,,,,Dom. 3 Quotidiano,,LDMT,MH,https://musicahispanica.eu/source/20185,,Laudate dominum de caelis alleluia alleluia,,,,,,SEMM,0
,,https://musicahispanica.eu/chant/70101,Laudate dominum de caelis alleluia alleluia,h00255.2,,,,E-Tc (Toledo) 35.4,,105r,,,,Dom. 4 Quotidiano,,LDMT,MH,https://musicahispanica.eu/source/20185,,Laudate dominum de caelis alleluia alleluia,,,,,,SEMM,0
,,https://musicahispanica.eu/chant/40740,Laudate dominum de caelis alleluia alleluia,h00255.2,,,,E-Tc (Toledo) 35.5,,001r,,,,Dom. 1 Quadragesimae,07011000,LDMT,MH,https://musicahispanica.eu/source/20186,,Laudate dominum de caelis alleluia alleluia,,,,,,SEMM,0
,,https://musicahispanica.eu/chant/64320,Sol et luna laudate dominum omnes ,h03045,,,,E-L (León) Ms 8,,115v,,,,Carnes Tollendas,,LDMT,MH,https://musicahispanica.eu/source/20175,,Sol et luna laudate dominum omnes stellae et lumen laudate eum quoniam ipse dixit et facta sunt mandavit et creata sunt,,,,,,SEMM,0
,,https://musicahispanica.eu/chant/46216,Laudate dominum in sanctis ejus laudate ,h03016,,,,E-Mn (Madrid) MSS/10110,,012v,,,,Fer. 5 Hebd. 1 Quad.,07015000,LDMT,MH,https://musicahispanica.eu/source/20183,,Laudate dominum in sanctis ejus laudate eum in firmamento virtutis ejus,,,,,,SEMM,0
,,https://musicahispanica.eu/chant/46689,Laudate dominum in sanctis ejus laudate ,h03016,,,,E-Mn (Madrid) MSS/10110,,043v,,,,Fer. 5 Hebd. 3 Quad.,07035000,LDMT,MH,https://musicahispanica.eu/source/20183,,Laudate dominum in sanctis ejus laudate eum in firmamento virtutis ejus,,,,,,SEMM,0
,,https://musicahispanica.eu/chant/68030,Sicut erat in principio et nunc ,h04551,,,,E-L (León) Ms 8,,297r,,,,Dom. Quotidiano,,LDMT,MH,https://musicahispanica.eu/source/20175,,Sicut erat in principio et nunc et sempet et in saecula saeculorum amen alleluia ,,,,,,SEMM,0
,,https://musicahispanica.eu/chant/64432,Ipse dixit et facta sunt ipse ,h02995,,,,E-L (León) Ms 8,,120v,,,,Fer. 4 Hebd. 1 Quad.,07014000,LDMT,MH,https://musicahispanica.eu/source/20175,,Ipse dixit et facta sunt ipse mandavit et creata sunt,,,,,,SEMM,0
,,https://musicahispanica.eu/chant/65090,In psalterio et cithara hymnum dicamus ,h02989,,,,E-L (León) Ms 8,,151r,,,,Sabb. Hebd. 4 Quad.,07047000,LDMT,MH,https://musicahispanica.eu/source/20175,,In psalterio et cithara hymnum dicamus in choro laus resonet domino in cordis et organo,,,,,,SEMM,0
,,https://musicahispanica.eu/chant/46343,In psalterio et cithara hymnum dicamus ,h02989,,,,E-Mn (Madrid) MSS/10110,,023v,,,,Fer. 3 Hebd. 2 Quad.,07023000,LDMT,MH,https://musicahispanica.eu/source/20183,,In psalterio et cithara hymnum dicamus in choro laus resonet domino in cordis et organo,,,,,,SEMM,0
,,https://musicahispanica.eu/chant/51436,In psalterio et cithara hymnum dicamus ,h02989,,,,E-Mn (Madrid) MSS/10110,,074v,,,,Fer. 2 Hebd. 5 Quad.,,LDMT,MH,https://musicahispanica.eu/source/20183,,In psalterio et cithara hymnum dicamus in choro laus resonet domino in cordis et organo,,,,,,SEMM,0
,,https://musicahispanica.eu/chant/64613,Reges terrae et omnes populi principes ,h03041,,,,E-L (León) Ms 8,,128r,,,,Fer. 4 Hebd. 2 Quad.,07024000,LDMT,MH,https://musicahispanica.eu/source/20175,,Reges terrae et omnes populi principes et omnes judices terrae laudate dominum,,,,,,SEMM,0
,,https://musicahispanica.eu/chant/64664,Exaltatum est nomen ejus solius confessio ,h02978,,,,E-L (León) Ms 8,,129v,,,,Fer. 6 Hebd. 2 Quad.,07026000,LDMT,MH,https://musicahispanica.eu/source/20175,,Exaltatum est nomen ejus solius confessio ejus super caelum et terram,,,,,,SEMM,0
,,https://musicahispanica.eu/chant/64130,Laudate eum in excelsis alleluia ,h03023,,,,E-L (León) Ms 8,,107v,,,,Carnes Tollendas,,LDMT,MH,https://musicahispanica.eu/source/20175,,Laudate eum in excelsis alleluia ,,,,,,SEMM,0
,,https://musicahispanica.eu/chant/107198,In sanctis ejus laudate dominum*,h02991,,,,E-Mn (Madrid) MSS/10110,,106r,,,,Fer. 4 Maj. Hebd.,07064000,LDMT,MH,https://musicahispanica.eu/source/20183,,In sanctis ejus laudate dominum*,,,,,,SEMM,0
,,https://musicahispanica.eu/chant/47158,In sanctis ejus laudate dominum,h02991,,,,E-Mn (Madrid) MSS/10110,,063v,,,,Fer. 5 Hebd. 4 Quad.,07045000,LDMT,MH,https://musicahispanica.eu/source/20183,,In sanctis ejus laudate dominum,,,,,,SEMM,0
,,https://musicahispanica.eu/chant/71974,In sanctis ejus laudate dominum alleluia ,h02991,,,,E-SI (Santo Domingo de Silos) MS 3,,110br,,,,De Sanctis,12015000,LDMT,MH,https://musicahispanica.eu/source/20177,,In sanctis ejus laudate dominum alleluia alleluia,,,,,,SEMM,0
,,https://musicahispanica.eu/chant/65279,Laudate dominum de caelis quia exaltatum ,h03012,,,,E-L (León) Ms 8,,162r,,,,Fer. 5 in Cena Dom.,07065000,LDMT,M,https://musicahispanica.eu/source/20175,,Laudate dominum de caelis quia exaltatum est nomen domini solius,,,,,,SEMM,0
,,https://musicahispanica.eu/chant/64214,Laudate dominum de caelis laudate eum ,h03006,,,,E-L (León) Ms 8,,111v,,,,Carnes Tollendas,,LDMT,MH,https://musicahispanica.eu/source/20175,,Laudate dominum de caelis laudate eum in excelsis laudate dominum omnes angeli ejus,,,,,,SEMM,0
,,https://musicahispanica.eu/chant/48374,Omnis spiritus laudet nomen domini,h03037,,,,E-Mn (Madrid) MSS/10110,,070v,,,,Sabb. Hebd. 4 Quad.,07047000,LDMT,MH,https://musicahispanica.eu/source/20183,,Omnis spiritus laudet nomen domini,,,,,,SEMM,0
,,https://musicahispanica.eu/chant/46626,In jubilatione laudate dominum omnis spiritus ,h02985,,,,E-Mn (Madrid) MSS/10110,,038r,,,,Fer. 3 Hebd. 3 Quad.,07033000,LDMT,MH,https://musicahispanica.eu/source/20183,,In jubilatione laudate dominum omnis spiritus laudet nomen domini,,,,,,SEMM,0
,,https://musicahispanica.eu/chant/45374,Alleluia*,h02970,,,,E-Tc (Toledo) 35.5,1,185r,,,,Dom. Resurrectionis,08011000,LDMT,MH,https://musicahispanica.eu/source/20186,,Alleluia*,,,,,,SEMM,0
,,https://musicahispanica.eu/chant/62106,Alleluia,h02970,,,,E-Tc (Toledo) 35.5,,001r,,,,Dom. 1 Quadragesimae,07011000,LDMT,MH,https://musicahispanica.eu/source/20186,,Alleluia,,,,,,SEMM,0
,,https://musicahispanica.eu/chant/64460,Laudate dominum a terra dracones et ,h02999,,,,E-L (León) Ms 8,,121v,,,,Fer. 5 Hebd. 1 Quad.,07015000,LDMT,MH,https://musicahispanica.eu/source/20175,,Laudate dominum a terra dracones et omnes abyssi,,,,,,SEMM,0
,,https://musicahispanica.eu/chant/64136,Cantate domino canticum novum alleluia alleluia ,h00375,,,,E-L (León) Ms 8,,107v,,,,Carnes Tollendas,,LDMT,MH,https://musicahispanica.eu/source/20175,,Cantate domino canticum novum alleluia alleluia ,,,,,,SEMM,0
,,https://musicahispanica.eu/chant/65545,Cantate domino*,h00375,,,,E-L (León) Ms 8,,177v,,,,Fer. 3 p. Pascha,08013000,LDMT,MASS,https://musicahispanica.eu/source/20175,,Cantate domino*,,,,,,SEMM,0
,,https://musicahispanica.eu/chant/68021,Cantate domino canticum novum alleluia alleluia ,h00375,*,,,E-L (León) Ms 8,,296v,,,,Dom. Quotidiano,,LDMT,MH,https://musicahispanica.eu/source/20175,,Cantate domino canticum novum alleluia alleluia ,,,,,,SEMM,0
,,https://musicahispanica.eu/chant/71815,Cantate domino canticum novum alleluia alleluia,h00375,,,,E-SI (Santo Domingo de Silos) MS 3,,060v,,,,Pro defunctis,13001000,LDMT,MH,https://musicahispanica.eu/source/20177,,Cantate domino canticum novum alleluia alleluia,,,,,,SEMM,0
,,https://musicahispanica.eu/chant/71833,Cantate domino*,h00375,,,,E-SI (Santo Domingo de Silos) MS 3,,063r,,,,De uno defuncto,13009000,LDMT,MH,https://musicahispanica.eu/source/20177,,Cantate domino*,,,,,,SEMM,0
,,https://musicahispanica.eu/chant/85165,Cantate domino canticum novum alleluia,h00375,*,,,E-SI (Santo Domingo de Silos) MS 7,,020r,,,,Pro defunctis,13001000,LDMT,MH,https://musicahispanica.eu/source/20181,,Cantate domino canticum novum alleluia,,,,,,SEMM,0
,,https://musicahispanica.eu/chant/85365,Cantate *,h00375,*,,,E-SI (Santo Domingo de Silos) MS 7,,030r,,,,De defunctorum Aepiscoporum,,LDMT,MH,https://musicahispanica.eu/source/20181,,Cantate *,,,,,,SEMM,0
,,https://musicahispanica.eu/chant/61809,Cantate domino canticum novum alleluia,h00375,,,,E-Tc (Toledo) 35.4,,017r,,,,Sabbato in Albis,08017000,LDMT,,https://musicahispanica.eu/source/20185,,Cantate domino canticum novum alleluia,,,,,,SEMM,0
,,https://musicahispanica.eu/chant/69364,Cantate domino canticum novum alleluia alleluia ,h00375,,,,GB-Lbl (London) Add MS 30851,,199r,,,,Pro defunctis Sacerdotibus,13011000,LDMT,MH,https://musicahispanica.eu/source/20203,,Cantate domino canticum novum alleluia alleluia ,,,,,,SEMM,0
,,https://musicahispanica.eu/chant/69383,Cantate dominum canticum novum,h00375,,,,GB-Lbl (London) Add MS 30851,,200r,,,,De uno defuncto,13009000,LDMT,MH,https://musicahispanica.eu/source/20203,,Cantate dominum canticum novum,,,,,,SEMM,0
,,https://musicahispanica.eu/chant/69397,Cantate*,h00375,,,,GB-Lbl (London) Add MS 30851,,200v,,,,De uno defuncto,13009000,LDMT,MH,https://musicahispanica.eu/source/20203,,Cantate*,,,,,,SEMM,0
,,https://musicahispanica.eu/chant/66769,Laudate dominum*,h00194,,,,E-L (León) Ms 8,,242v,,,,Letanias Canonicas,,LDMT,N,https://musicahispanica.eu/source/20175,,Laudate dominum*,,,,,,SEMM,0
,,https://musicahispanica.eu/chant/86332,Laudate dominum *,h00194,*,,,E-SI (Santo Domingo de Silos) MS 3,,131v,,,,Comm. unius Confessoris,12004000,LDMT,MH,https://musicahispanica.eu/source/20177,,Laudate dominum *,,,,,,SEMM,0
,,https://musicahispanica.eu/chant/68583,Laudate dominum …,h00194,,,,E-SI (Santo Domingo de Silos) MS 6,,009r,,,,De uno justi,,LDMT,MH,https://musicahispanica.eu/source/20179,,Laudate dominum …,,,,,,SEMM,0
,,https://musicahispanica.eu/chant/102972,Laudate dominum*,h00194,,,,E-Tc (Toledo) 35.7,,048r,,,,Assumptio Mariae (Hispanic rite),,LDMT,MH,https://musicahispanica.eu/source/20188,,Laudate dominum*,,,,,,SEMM,0
,,https://musicahispanica.eu/chant/75027,Laudate dominum *,h00194,*,,,GB-Lbl (London) Add MS 30844,,096r,,,,Jacobi fratris Domini,,LDMT,MH,https://musicahispanica.eu/source/20201,,Laudate dominum *,,,,,,SEMM,0
,,https://musicahispanica.eu/chant/46199,Montes et omnes colles ligna fructifera ,h03033,,,,E-Mn (Madrid) MSS/10110,,010r,,,,Fer. 4 Hebd. 1 Quad.,07014000,LDMT,MH,https://musicahispanica.eu/source/20183,,Montes et omnes colles ligna fructifera et omnes cedri laudate dominum,,,,,,SEMM,0
,,https://musicahispanica.eu/chant/47137,Montes et omnes colles ligna fructifera ,h03033,,,,E-Mn (Madrid) MSS/10110,,059v,,,,Fer. 4 Hebd. 4 Quad.,07044000,LDMT,MH,https://musicahispanica.eu/source/20183,,Montes et omnes colles ligna fructifera et omnes cedri laudate dominum,,,,,,SEMM,0
,,https://musicahispanica.eu/chant/65229,In cymbalis benesonantibus in cymbalis jubilationum ,h02981,,,,E-L (León) Ms 8,,159r,,,,Fer. 4 Maj. Hebd.,07064000,LDMT,MH,https://musicahispanica.eu/source/20175,,In cymbalis benesonantibus in cymbalis jubilationum omnis spiritus laudet dominum,,,,,,SEMM,0
,,https://musicahispanica.eu/chant/66091,In cymbalis*,h02981,,,,E-L (León) Ms 8,,205v,,,,Fer. 6 de Letanias Apostolicas,,LDMT,MH,https://musicahispanica.eu/source/20175,,In cymbalis*,,,,,,SEMM,0
,,https://musicahispanica.eu/chant/46564,In cymbalis benesonantibus in cymbalis jubilationum ,h02981,,,,E-Mn (Madrid) MSS/10110,,035r,,,,Fer. 2 Hebd. 3 Quad.,07032000,LDMT,MH,https://musicahispanica.eu/source/20183,,In cymbalis benesonantibus in cymbalis jubilationum omnis spiritus laudet dominum,,,,,,SEMM,0
,,https://musicahispanica.eu/chant/78013,In cymbalis benesonantibus in cymbalis jubilationum ,h02981,*,,,GB-Lbl (London) Add MS 30846,,152r,,,,Fer. 6 de Letanias Apostolicas,,LDMT,MH,https://musicahispanica.eu/source/20202,,In cymbalis benesonantibus in cymbalis jubilationum omnis spiritus laudet dominum,,,,,,SEMM,0
,,https://musicahispanica.eu/chant/64843,Laetetur Israel in domino et filii ,h04410,,,,E-L (León) Ms 8,,139r,,,,Fer. 5 Hebd. 3 Quad.,07035000,LDMT,MH,https://musicahispanica.eu/source/20175,,Laetetur Israel in domino et filii Sion exultent super regem suum,,,,,,SEMM,0
