id,corpus_id,chantlink,incipit,cantus_id,mode,finalis,differentia,siglum,position,folio,sequence,marginalia,cao_concordances,feast,feast_code,genre,office,srclink,melody_id,full_text,full_text_manuscript,volpiano,notes,dataset_name,dataset_idx,db,image_link
,,https://musicahispanica.eu/chant/64137,Alleluia alleluia alleluia ,h00375a,,,,E-L (León) Ms 8,,107v,,,,Carnes Tollendas,,LDMTV,MH,https://musicahispanica.eu/source/20175,,Alleluia alleluia alleluia ,,,,,,SEMM,0
,,https://musicahispanica.eu/chant/68022,Alleluia alleluia alleluia ,h00375a,*,,,E-L (León) Ms 8,,296v,,,,Dom. Quotidiano,,LDMTV,MH,https://musicahispanica.eu/source/20175,,Alleluia alleluia alleluia ,,,,,,SEMM,0
,,https://musicahispanica.eu/chant/85166,Alleluia alleluia,h00375a,*,,,E-SI (Santo Domingo de Silos) MS 7,,020r,,,,Pro defunctis,13001000,LDMTV,MH,https://musicahispanica.eu/source/20181,,Alleluia alleluia,,,,,,SEMM,0
,,https://musicahispanica.eu/chant/64131,Alleluia,h03023a,,,,E-L (León) Ms 8,,107v,,,,Carnes Tollendas,,LDMTV,MH,https://musicahispanica.eu/source/20175,,Alleluia,,,,,,SEMM,0
,,https://musicahispanica.eu/chant/64344,Omnes angeli ejus,h03003a,,,,E-L (León) Ms 8,,117r,,,,Dom. 1 Quadragesimae,07011000,LDMTV,MH,https://musicahispanica.eu/source/20175,,Omnes angeli ejus,,,,,,SEMM,0
,,https://musicahispanica.eu/chant/62117,Omnes angeli dei,h03003a,,,,E-Tc (Toledo) 35.5,,017v,,,,Dom. 2 Quadragesimae,07021000,LDMTV,MH,https://musicahispanica.eu/source/20186,,Omnes angeli dei,,,,,,SEMM,0
,,https://pemdatabase.eu/musical-item/73788,Et exaltabit cornu populi sui (…),h00004a,?,,,"P-LA (Lamego) Arquivo da Sé Caixa 2, Fragmento 017 (olim ver s I - II)",,Av,,,,Dom. de Passione,07051000,LDMTV,,https://pemdatabase.eu/source/46528,,,,,,,,PEM,https://pemdatabase.eu/gallery-item/13997
,,https://musicahispanica.eu/chant/62321,Et exaltabit cornu populi sui*,h00004a,,,,"P-LA Caixa 2, Fragmento 017",1,001v,,,,Dom. de Passione,07051000,LDMTV,,https://musicahispanica.eu/source/62316,,Et exaltabit cornu populi sui*,,,,,,SEMM,0
,,https://musicahispanica.eu/chant/65378,Iniquos odio*,h03038a,,,,E-L (León) Ms 8,,166v,,,,Fer. 6 in Parasceve,07066000,LDMTV,MH,https://musicahispanica.eu/source/20175,,Iniquos odio*,,,,,,SEMM,0
,,https://musicahispanica.eu/chant/80201,Cantate domino*,h03034a,,,,E-L (León) Ms 8,,123v,,,,Sabb. Hebd. 1 Quad.,07017000,LDMTV,MH,https://musicahispanica.eu/source/20175,,Cantate domino*,,,,,,SEMM,0
,,https://musicahispanica.eu/chant/63166,Alleluia alleluia,h00204c,,,,E-L (León) Ms 8,,051r,,,,Eulaliae Emeritensis,14121010,LDMT,MH,https://musicahispanica.eu/source/20175,,Alleluia alleluia,,,,,,SEMM,0
,,https://musicahispanica.eu/chant/63503,Laudate eum in excelsis alleluia alleluia,h00255d,,,,E-L (León) Ms 8,,071v,,,,Nativitas Domini,02122500,LDSV,MH,https://musicahispanica.eu/source/20175,,Laudate eum in excelsis alleluia alleluia,,,,,,SEMM,0
,,https://musicahispanica.eu/chant/63788,Laudate eum in excelsis alleluia alleluia ,h00255d,,,,E-L (León) Ms 8,,087v,,,,Epiphania,05010600,LDMTV,MH,https://musicahispanica.eu/source/20175,,Laudate eum in excelsis alleluia alleluia ,,,,,,SEMM,0
,,https://musicahispanica.eu/chant/72416,Laudate eum in excelsis alleluia,h00255d,,,,E-Mh (Madrid) Cod. 30,,108v,,,,Suff. Adventus,,LDMTV,MH,https://musicahispanica.eu/source/20176,,Laudate eum in excelsis alleluia,,,,,,SEMM,0
,,https://musicahispanica.eu/chant/72719,Laudate eum in excelsis alleluia alleluia,h00255d,,,,E-Mh (Madrid) Cod. 30,,170r,,,,Epiphania,05010600,LDMTV,MH,https://musicahispanica.eu/source/20176,,"Laudate eum in excelsis alleluia alleluia
",,,,,,SEMM,0
,,https://musicahispanica.eu/chant/62107,Laudate eum in excelsis*,h00255d,,,,E-Tc (Toledo) 35.5,,001r,,,,Dom. 1 Quadragesimae,07011000,LDMTV,MH,https://musicahispanica.eu/source/20186,,Laudate eum in excelsis*,,,,,,SEMM,0
,,https://musicahispanica.eu/chant/55588,Laudate eum in excelsis alleluia alleluia,h00255d,,,,E-Tc (Toledo) 35.7,1,066v,,,,Nativitas Domini,02122500,LDMTV,MH,https://musicahispanica.eu/source/20188,,Laudate eum in excelsis alleluia alleluia,,,,,,SEMM,0
,,https://musicahispanica.eu/chant/45933,Laudate dominum de caelis,h03042a,,,,E-Mn (Madrid) MSS/10110,,002r,,,,Fer. 2 Hebd. 1 Quad.,07012000,LDMTV,MH,https://musicahispanica.eu/source/20183,,Laudate dominum de caelis,,,,,,SEMM,0
,,https://musicahispanica.eu/chant/79274,Alleluia,h03021a,,,,E-L (León) Ms 8,,107v,,,,Carnes Tollendas,,LDMTV,MH,https://musicahispanica.eu/source/20175,,Alleluia,,,,,,SEMM,0
,,https://musicahispanica.eu/chant/64923,Et exaltavit cornu populi sui,h03000a,,,,E-L (León) Ms 8,,143v,,,,Dom. 4 Quadragesimae,07041000,LDMTV,MH,https://musicahispanica.eu/source/20175,,Et exaltavit cornu populi sui,,,,,,SEMM,0
,,https://musicahispanica.eu/chant/62163,Et exaltavit cornu populi sui,h03000a,,,,E-Tc (Toledo) 35.5,,089r,,,,Dom. 5 Quadragesimae,,LDMTV,MH,https://musicahispanica.eu/source/20186,,Et exaltavit cornu populi sui,,,,,,SEMM,0
,,https://musicahispanica.eu/chant/108251,Laudate eum*,h00255a,,,,E-Tc (Toledo) 35.4,,085r,,,,Dom. 1 Quotidiano,,LDMTV,MH,https://musicahispanica.eu/source/20185,,Laudate eum*,,,,,,SEMM,0
,,https://musicahispanica.eu/chant/108662,Laudate*,h00255a,,,,E-Tc (Toledo) 35.4,,138r,,,,Dom. 12 Quotidiano,,LDMTV,MH,https://musicahispanica.eu/source/20185,,Laudate*,,,,,,SEMM,0
,,https://musicahispanica.eu/chant/74903,Laudate eum in excelsis alleluia alleluia ,h00255a,*,,,GB-Lbl (London) Add MS 30844,,068r,,,,Nativitas Domini,02122500,LDMTV,MH,https://musicahispanica.eu/source/20201,,Laudate eum in excelsis alleluia alleluia gloria tibi deus,,,,,,SEMM,0
,,https://musicahispanica.eu/chant/75179,Laudate eum in excelsis alleluia alleluia,h00255a,*,,,GB-Lbl (London) Add MS 30844,,128v,,,,Epiphania,05010600,LDMTV,MH,https://musicahispanica.eu/source/20201,,Laudate eum in excelsis alleluia alleluia,,,,,,SEMM,0
,,https://musicahispanica.eu/chant/80445,Laudate *,h00255a,*,,,GB-Lbl (London) Add MS 30846,,053r,,,,Fer. 2 p. Oct.Pasch.,08022000,LDMTV,MH,https://musicahispanica.eu/source/20202,,Laudate *,,,,,,SEMM,0
,,https://musicahispanica.eu/chant/80520,Laudate *,h00255a,*,,,GB-Lbl (London) Add MS 30846,,055r,,,,Fer. 5 p. Oct.Pasch.,08025000,LDMTV,MH,https://musicahispanica.eu/source/20202,,Laudate *,,,,,,SEMM,0
,,https://musicahispanica.eu/chant/63789,Laudate eum omnes virtutes ejus alleluia ,h00255e,,,,E-L (León) Ms 8,,087v,,,,Epiphania,05010600,LDMTV,MH,https://musicahispanica.eu/source/20175,,Laudate eum omnes virtutes ejus alleluia alleluia alleluia ,,,,,,SEMM,0
,,https://musicahispanica.eu/chant/72720,Laudate eum omnes virtutes ejus alleluia ,h00255e,,,,E-Mh (Madrid) Cod. 30,,170r,,,,Epiphania,05010600,LDMTV,MH,https://musicahispanica.eu/source/20176,,"Laudate eum omnes virtutes ejus alleluia alleluia alleluia
",,,,,,SEMM,0
,,https://musicahispanica.eu/chant/75180,Laudate eum omnes virtutes ejus alleluia ,h00255e,*,,,GB-Lbl (London) Add MS 30844,,128v,,,,Epiphania,05010600,LDMTV,MH,https://musicahispanica.eu/source/20201,,Laudate eum omnes virtutes ejus alleluia alleluia alleluia,,,,,,SEMM,0
,,https://musicahispanica.eu/chant/86633,Laudate eum *,h00204b,,,,E-SI (Santo Domingo de Silos) MS 3,,170v,,,,Fer. 3 per annum,04003000,LDMTV,MH,https://musicahispanica.eu/source/20177,,Laudate eum *,,,,,,SEMM,0
,,https://musicahispanica.eu/chant/86683,Laudate *,h00204b,*,,,E-SI (Santo Domingo de Silos) MS 3,,176v,,,,Fer. 5 per annum,04005000,LDMTV,MH,https://musicahispanica.eu/source/20177,,Laudate *,,,,,,SEMM,0
,,https://musicahispanica.eu/chant/65132,Confitemini domini in caelo et in ,h03043a,,,,E-L (León) Ms 8,,153v,,,,Dom. in Palmis,07061000,LDMTV,MH,https://musicahispanica.eu/source/20175,,Confitemini domini in caelo et in terra,,,,,,SEMM,0
,,https://musicahispanica.eu/chant/62180,Confitemini domini in caelo et in ,h03043a,,,,E-Tc (Toledo) 35.5,,111v,,,,Dom. in Palmis,07061000,LDMTV,MH,https://musicahispanica.eu/source/20186,,Confitemini domini in caelo et in terra,,,,,,SEMM,0
,,https://musicahispanica.eu/chant/64173,Adjutor et liberator noster es tu ,h03008b,,,,E-L (León) Ms 8,,110r,,,,Carnes Tollendas,,LDMTV,MH,https://musicahispanica.eu/source/20175,,Adjutor et liberator noster es tu domine ne tardaveris ad salvandum nos,,,,,,SEMM,0
,,https://musicahispanica.eu/chant/68029,Alleluia,h02979a,,,,E-L (León) Ms 8,,297r,,,,Dom. Quotidiano,,LDMTV,MH,https://musicahispanica.eu/source/20175,,Alleluia,,,,,,SEMM,0
,,https://musicahispanica.eu/chant/75303,Laudate dominum de caelis,h00427a,*,,,GB-Lbl (London) Add MS 30844,,154v,,,,Ascensio Domini,08065000,LDMTV,MH,https://musicahispanica.eu/source/20201,,Laudate dominum de caelis,,,,,,SEMM,0
,,https://musicahispanica.eu/chant/65281,Laus deo in excelsis sanctorum,h03012b,,,,E-L (León) Ms 8,,162r,,,,Fer. 5 in Cena Dom.,07065000,LDMTV,M,https://musicahispanica.eu/source/20175,,Laus deo in excelsis sanctorum,,,,,,SEMM,0
,,https://musicahispanica.eu/chant/64535,Sol et luna omnes stellae et ,h02983a,,,,E-L (León) Ms 8,,124v,,,,Dom. 2 Quadragesimae,07021000,LDMTV,MH,https://musicahispanica.eu/source/20175,,Sol et luna omnes stellae et lumen,,,,,,SEMM,0
,,https://musicahispanica.eu/chant/62149,Sol et luna omnes stellae et ,h02983a,,,,E-Tc (Toledo) 35.5,,063r,,,,Dom. 4 Quadragesimae,07041000,LDMTV,MH,https://musicahispanica.eu/source/20186,,Sol et luna omnes stellae et lumen laudate deo,,,,,,SEMM,0
,,https://musicahispanica.eu/chant/64345,Omnes virtutes ejus,h03003b,,,,E-L (León) Ms 8,,117r,,,,Dom. 1 Quadragesimae,07011000,LDMTV,MH,https://musicahispanica.eu/source/20175,,Omnes virtutes ejus,,,,,,SEMM,0
,,https://musicahispanica.eu/chant/62118,Omnes virtutes ejus,h03003b,,,,E-Tc (Toledo) 35.5,,017v,,,,Dom. 2 Quadragesimae,07021000,LDMTV,MH,https://musicahispanica.eu/source/20186,,Omnes virtutes ejus,,,,,,SEMM,0
,,https://musicahispanica.eu/chant/63888,Alleluia alleluia ,h00255c,,,,E-L (León) Ms 8,,093r,,,,Dom. p. Allisionis Infantum,,LDMTV,MH,https://musicahispanica.eu/source/20175,,Alleluia alleluia ,,,,,,SEMM,0
,,https://musicahispanica.eu/chant/64129,Alleluia alleluia,h00255c,,,,E-L (León) Ms 8,,107r,,,,Carnes Tollendas,,LDMTV,MH,https://musicahispanica.eu/source/20175,,Alleluia alleluia,,,,,,SEMM,0
,,https://musicahispanica.eu/chant/62119,Laudent nomen dei in choro in ,h03031a,,,,E-Tc (Toledo) 35.5,,020r,,,,Dom. 2 Quadragesimae,07021000,LDMTV,MH,https://musicahispanica.eu/source/20186,,Laudent nomen dei in choro in tympano in psalterio psallant,,,,,,SEMM,0
,,https://pemdatabase.eu/musical-item/73789,Laus omnibus sanctis eius (…),h00004b,?,,,"P-LA (Lamego) Arquivo da Sé Caixa 2, Fragmento 017 (olim ver s I - II)",,Av,,,,Dom. de Passione,07051000,LDMTV,,https://pemdatabase.eu/source/46528,,,,,,,,PEM,https://pemdatabase.eu/gallery-item/13997
,,https://musicahispanica.eu/chant/62322,Laus omnibus sanctis ejus*,h00004b,,,,"P-LA Caixa 2, Fragmento 017",2,001v,,,,Dom. de Passione,07051000,LDMTV,,https://musicahispanica.eu/source/62316,,Laus omnibus sanctis ejus*,,,,,,SEMM,0
,,https://musicahispanica.eu/chant/64135,Alleluia,h03026a,,,,E-L (León) Ms 8,,107v,,,,Carnes Tollendas,,LDMTV,MH,https://musicahispanica.eu/source/20175,,Alleluia,,,,,,SEMM,0
,,https://musicahispanica.eu/chant/64722,Reges terrae et omnes populi principes ,h03011a,,,,E-L (León) Ms 8,,132v,,,,Dom. 3 Quadragesimae,07031000,LDMTV,MH,https://musicahispanica.eu/source/20175,,Reges terrae et omnes populi principes et omnes judices terrae,,,,,,SEMM,0
,,https://musicahispanica.eu/chant/103200,Reges terrae et omnes populi principes ,h03011a,,,,E-Tc (Toledo) 35.5,,039v,,,,Dom. 3 Quadragesimae,07031000,LDMTV,MH,https://musicahispanica.eu/source/20186,,Reges terrae et omnes populi principes et omnes judices terrae,,,,,,SEMM,0
,,https://musicahispanica.eu/chant/65133,Hymnum dicite deo omnes servi ejus,h03043b,,,,E-L (León) Ms 8,,153v,,,,Dom. in Palmis,07061000,LDMTV,MH,https://musicahispanica.eu/source/20175,,Hymnum dicite deo omnes servi ejus,,,,,,SEMM,0
,,https://musicahispanica.eu/chant/62181,Hymnum dicite deo omnes servi ejus,h03043b,,,,E-Tc (Toledo) 35.5,,111v,,,,Dom. in Palmis,07061000,LDMTV,MH,https://musicahispanica.eu/source/20186,,Hymnum dicite deo omnes servi ejus,,,,,,SEMM,0
,,https://musicahispanica.eu/chant/64172,A vigilia matutina usque ad nocte ,h03008a,,,,E-L (León) Ms 8,,110r,,,,Carnes Tollendas,,LDMTV,MH,https://musicahispanica.eu/source/20175,,A vigilia matutina usque ad nocte deus sancte custodi nos,,,,,,SEMM,0
,,https://musicahispanica.eu/chant/65280,Laus deo in excelsis,h03012a,,,,E-L (León) Ms 8,,162r,,,,Fer. 5 in Cena Dom.,07065000,LDMTV,M,https://musicahispanica.eu/source/20175,,Laus deo in excelsis,,,,,,SEMM,0
,,https://musicahispanica.eu/chant/64133,Alleluia ,h03024a,,,,E-L (León) Ms 8,,107v,,,,Carnes Tollendas,,LDMTV,MH,https://musicahispanica.eu/source/20175,,Alleluia ,,,,,,SEMM,0
,,https://musicahispanica.eu/chant/68020,Alleluia,h03024a,,,,E-L (León) Ms 8,,296v,,,,Dom. Quotidiano,,LDMTV,MH,https://musicahispanica.eu/source/20175,,Alleluia,,,,,,SEMM,0
,,https://musicahispanica.eu/chant/79272,Alleluia,h03024a,,,,E-L (León) Ms 8,,107v,,,,Carnes Tollendas,,LDMTV,MH,https://musicahispanica.eu/source/20175,,Alleluia,,,,,,SEMM,0
,,https://musicahispanica.eu/chant/64924,Laus omnibus sanctis ejus,h03000b,,,,E-L (León) Ms 8,,143v,,,,Dom. 4 Quadragesimae,07041000,LDMTV,MH,https://musicahispanica.eu/source/20175,,Laus omnibus sanctis ejus,,,,,,SEMM,0
,,https://musicahispanica.eu/chant/62164,Laus omnibus sanctis ejus,h03000b,,,,E-Tc (Toledo) 35.5,,089r,,,,Dom. 5 Quadragesimae,,LDMTV,MH,https://musicahispanica.eu/source/20186,,Laus omnibus sanctis ejus,,,,,,SEMM,0
,,https://musicahispanica.eu/chant/63311,Alleluia,h00255b,,,,E-L (León) Ms 8,,060r,,,,Exspectationis BMV,14121810,LDMTV,MH,https://musicahispanica.eu/source/20175,,Alleluia,,,,,,SEMM,0
,,https://musicahispanica.eu/chant/63312,Alleluia,h00255b,,,,E-L (León) Ms 8,,060r,,,,Exspectationis BMV,14121810,LDSV,MH,https://musicahispanica.eu/source/20175,,Alleluia,,,,,,SEMM,0
,,https://musicahispanica.eu/chant/64088,Alleluia,h00255b,,,,E-L (León) Ms 8,,105r,,,,Dom. Quinquagesimae,06031000,LDMTV,MH,https://musicahispanica.eu/source/20175,,Alleluia,,,,,,SEMM,0
,,https://musicahispanica.eu/chant/65514,Alleluia,h00255b,,,,E-L (León) Ms 8,,176r,,,,Dom. Resurrectionis,08011000,LDMTV,MH,https://musicahispanica.eu/source/20175,,Alleluia,,,,,,SEMM,0
,,https://musicahispanica.eu/chant/65515,Alleluia,h00255b,,,,E-L (León) Ms 8,,176v,,,,Dom. Resurrectionis,08011000,LDMTV,MH,https://musicahispanica.eu/source/20175,,Alleluia,,,,,,SEMM,0
,,https://musicahispanica.eu/chant/68017,Alleluia,h00255b,,,,E-L (León) Ms 8,,296v,,,,Dom. Quotidiano,,LDMTV,MH,https://musicahispanica.eu/source/20175,,Alleluia,,,,,,SEMM,0
,,https://musicahispanica.eu/chant/68018,Alleluia,h00255b,,,,E-L (León) Ms 8,,296v,,,,Dom. Quotidiano,,LDMTV,MH,https://musicahispanica.eu/source/20175,,Alleluia,,,,,,SEMM,0
,,https://musicahispanica.eu/chant/72314,Alleluia *,h00255b,,,,E-Mh (Madrid) Cod. 30,,096v,,,,Assumptio Mariae (Hispanic rite),,LDMTV,MH,https://musicahispanica.eu/source/20176,,Alleluia *,,,,,,SEMM,0
,,https://musicahispanica.eu/chant/72315,Alleluia *,h00255b,,,,E-Mh (Madrid) Cod. 30,,096v,,,,Assumptio Mariae (Hispanic rite),,LDMTV,MH,https://musicahispanica.eu/source/20176,,Alleluia *,,,,,,SEMM,0
,,https://musicahispanica.eu/chant/62080,Alleluia,h00255b,,,,E-Tc (Toledo) 35.4,,076r,,,,Dom. Pentecostes,08081000,LDMTV,MH,https://musicahispanica.eu/source/20185,,Alleluia,,,,,,SEMM,0
,,https://musicahispanica.eu/chant/62081,Alleluia,h00255b,,,,E-Tc (Toledo) 35.4,,076r,,,,Dom. Pentecostes,08081000,LDMTV,MH,https://musicahispanica.eu/source/20185,,Alleluia,,,,,,SEMM,0
,,https://musicahispanica.eu/chant/75356,Alleluia *,h00255b,*,,,GB-Lbl (London) Add MS 30844,,038r,,,,Exspectationis BMV,14121810,LDMTV,MH,https://musicahispanica.eu/source/20201,,Alleluia *,,,,,,SEMM,0
,,https://musicahispanica.eu/chant/75357,Alleluia *,h00255b,*,,,GB-Lbl (London) Add MS 30844,,038r,,,,Exspectationis BMV,14121810,LDMTV,MH,https://musicahispanica.eu/source/20201,,Alleluia *,,,,,,SEMM,0
,,https://musicahispanica.eu/chant/80537,Alleluia *,h00255b,*,,,GB-Lbl (London) Add MS 30846,,056r,,,,Fer. 6 p. Oct.Pasch.,08026000,LDMTV,MH,https://musicahispanica.eu/source/20202,,Alleluia *,,,,,,SEMM,0
,,https://musicahispanica.eu/chant/74950,Laudate *,h03013a,*,,,GB-Lbl (London) Add MS 30844,,075r,,,,Stephani,02122600,LDMTV,MH,https://musicahispanica.eu/source/20201,,Laudate *,,,,,,SEMM,0
,,https://musicahispanica.eu/chant/68024,Alleluia,h03032a,*,,,E-L (León) Ms 8,,296v,,,,Dom. Quotidiano,,LDMTV,MH,https://musicahispanica.eu/source/20175,,Alleluia,,,,,,SEMM,0
,,https://musicahispanica.eu/chant/72642,Gloria tibi deus *,h00255f,*,,,E-Mh (Madrid) Cod. 30,,154r,,,,Circumcisio Domini,02010110,LDMTV,MH,https://musicahispanica.eu/source/20176,,Gloria tibi deus *,,,,,,SEMM,0
,,https://musicahispanica.eu/chant/94386,Gloria tibi deus,h00255f,,,,E-Tc (Toledo) 35.7,2,066v,,,,Nativitas Domini,02122500,LDMTV,MH,https://musicahispanica.eu/source/20188,,Gloria tibi deus,,,,,,SEMM,0
,,https://musicahispanica.eu/chant/75363,Gloria tibi deus *,h00255f,*,,,GB-Lbl (London) Add MS 30844,,068r,,,,Nativitas Domini,02122500,LDMTV,MH,https://musicahispanica.eu/source/20201,,Gloria tibi deus *,,,,,,SEMM,0
,,https://musicahispanica.eu/chant/63122,Alleluia,h00204a,,,,E-L (León) Ms 8,,049r,,,,Leocadiae,14120920,LDMTV,MH,https://musicahispanica.eu/source/20175,,Alleluia,,,,,,SEMM,0
,,https://musicahispanica.eu/chant/63165,Alleluia,h00204a,,,,E-L (León) Ms 8,,051r,,,,Eulaliae Emeritensis,14121010,LDMTV,MH,https://musicahispanica.eu/source/20175,,Alleluia,,,,,,SEMM,0
,,https://musicahispanica.eu/chant/68026,Alleluia,h00204a,,,,E-L (León) Ms 8,,296v,,,,Dom. Quotidiano,,LDMTV,MH,https://musicahispanica.eu/source/20175,,Alleluia,,,,,,SEMM,0
,,https://musicahispanica.eu/chant/68027,Alleluia,h00204a,,,,E-L (León) Ms 8,,296v,,,,Dom. Quotidiano,,LDMTV,MH,https://musicahispanica.eu/source/20175,,Alleluia,,,,,,SEMM,0
,,https://musicahispanica.eu/chant/68032,Alleluia,h00204a,,,,E-L (León) Ms 8,,297r,,,,Dom. Quotidiano,,LDMTV,MH,https://musicahispanica.eu/source/20175,,Alleluia,,,,,,SEMM,0
,,https://musicahispanica.eu/chant/84206,Alleluia *,h00204a,,,,E-Zfm (Zaragoza) Ms-418,,003r,,,,Vincentii,14012200,LDMTV,MH,https://musicahispanica.eu/source/20192,,Alleluia *,,,,,,SEMM,0
