id,corpus_id,chantlink,incipit,cantus_id,mode,finalis,differentia,siglum,position,folio,sequence,marginalia,cao_concordances,feast,feast_code,genre,office,srclink,melody_id,full_text,full_text_manuscript,volpiano,notes,dataset_name,dataset_idx,db,image_link
,,https://musicahispanica.eu/chant/92876,Alleluia domine clamavi ad te exaudi ,h03057,,,,E-Tc (Toledo) 33.3,,013v,,,,De uno justi,,LDOF,T,https://musicahispanica.eu/source/20197,,Alleluia domine clamavi ad te exaudi me,,,,,,SEMM,0
,,https://musicahispanica.eu/chant/110236,Beati servi illi quos cum venerit ,h03053,*,,,E-Mh (Madrid) Cod. 118,,002r,,,,,,LDOF,,https://musicahispanica.eu/source/110211,,Beati servi illi quos cum venerit dominus invenerit vigilantes,,,,,,SEMM,0
,,https://musicahispanica.eu/chant/68885,Alleluia Beati servi illi quos cum ,h03053,,,,GB-Lbl (London) Add MS 30851,,168r,,,,Dom. Quotidiano,,LDOF,C,https://musicahispanica.eu/source/20203,,Alleluia Beati servi illi quos cum venerit dominus invenerit vigilantes,,,,,,SEMM,0
,,https://musicahispanica.eu/chant/92806,Gloriemur domine in laude tua,h03093,,,,E-Tc (Toledo) 33.3,,003r,,,,In tempore Quad.,07000000,LDOF,,https://musicahispanica.eu/source/20197,,Gloriemur domine in laude tua,,,,,,SEMM,0
,,https://musicahispanica.eu/chant/92908,Alleluia alleluia Salva nos domine deus ,h03083,,,,E-Tc (Toledo) 33.3,,023r,,,,In tempore Paschae,08000000,LDOF,S,https://musicahispanica.eu/source/20197,,Alleluia alleluia Salva nos domine deus noster et congrega nos de gentibus,,,,,,SEMM,0
,,https://musicahispanica.eu/chant/85368,Alleluia alleluia praeveni in maturitate et ,h04552,*,,,E-SI (Santo Domingo de Silos) MS 7,,034v,,,,,,LDOF,Pec,https://musicahispanica.eu/source/20181,,Alleluia alleluia praeveni in maturitate et exclamavi et in verbo tuo speravi alleluia,,,,,,SEMM,0
,,https://musicahispanica.eu/chant/87260,Alleluia alleluia alleluia alleluia alleluia De ,h04519,*,,,E-SI (Santo Domingo de Silos) MS 7,,127r,,,,,,LDOF,MN,https://musicahispanica.eu/source/20181,,Alleluia alleluia alleluia alleluia alleluia De profundis clamavi ad te domine alleluia,,,,,,SEMM,0
,,https://musicahispanica.eu/chant/87104,Alleluia alleluia Laus tibi domine et ,h03086,*,,,E-SI (Santo Domingo de Silos) MS 7,,103v,,,,,,LDOF,C,https://musicahispanica.eu/source/20181,,Alleluia alleluia Laus tibi domine et aeternae gloriae salva plebem tuam domine,,,,,,SEMM,0
,,https://musicahispanica.eu/chant/86880,Alleluia Resurrexit dominus Jesus Christus,h03082,*,,,E-SI (Santo Domingo de Silos) MS 7,,058r,,,,Dom. Resurrectionis,08011000,LDOF,P&S,https://musicahispanica.eu/source/20181,,Alleluia Resurrexit dominus Jesus Christus,,,,,,SEMM,0
,,https://musicahispanica.eu/chant/92865,Alleluia alleluia alleluia resurrexit dominus Jesus ,h03082,,,,E-Tc (Toledo) 33.3,,011v,,,,In tempore Paschae,08000000,LDOF,T,https://musicahispanica.eu/source/20197,,Alleluia alleluia alleluia resurrexit dominus Jesus Christus,,,,,,SEMM,0
,,https://musicahispanica.eu/chant/23593,Alleluia alleluia Media nocte clamor factus ,h00118,,,,E-SAu (Salamanca) Ms. 2668,,144r,,,,,,LDOF,X,https://musicahispanica.eu/source/20205,,Alleluia alleluia Media nocte clamor factus est ecce sponsus venit exite obviam ei ,,,,,,SEMM,0
,,https://musicahispanica.eu/chant/87660,Alleluia alleluia Media nocte clamor factus ,h00118,,,,E-SCu (Santiago de Compostela) Ms 609,,210r,,,,,,LDOF,MN,https://musicahispanica.eu/source/20207,,Alleluia alleluia Media nocte clamor factus est ecce sponsus venit exite obviam ei,,,,,,SEMM,0
,,https://musicahispanica.eu/chant/80359,Alleluia *,h00118,*,,,GB-Lbl (London) Add MS 30846,,044r,,,,Octava Paschae,08021000,LDOF,V,https://musicahispanica.eu/source/20202,,Alleluia *,,,,,,SEMM,0
,,https://musicahispanica.eu/chant/68852,Alleluia alleluia Media nocte clamor factus ,h00118,,,,GB-Lbl (London) Add MS 30851,,166v,,,,Sabb. Hebd. 1 Quad.,07017000,LDOF,C,https://musicahispanica.eu/source/20203,,Alleluia alleluia Media nocte clamor factus est ecce sponsus venit exite obviam ei,,,,,,SEMM,0
,,https://musicahispanica.eu/chant/87235,Alleluia alleluia Dignare domine noctem istam ,h03056,*,,,E-SI (Santo Domingo de Silos) MS 7,,116r,,,,,,LDOF,AL,https://musicahispanica.eu/source/20181,,Alleluia alleluia Dignare domine noctem istam sine tribulatione et a peccato nos custodire,,,,,,SEMM,0
,,https://musicahispanica.eu/chant/68839,Alleluia Dignare domine noctem istam sine ,h03056,*,,,GB-Lbl (London) Add MS 30851,,166r,,,,Ordo quiete ante lectulo,,LDOF,,https://musicahispanica.eu/source/20203,,Alleluia Dignare domine noctem istam sine tribulatione et a peccato nos custodire,,,,,,SEMM,0
,,https://musicahispanica.eu/chant/92969,Alleluia alleluia alleluia alleluia Laus tibi ,h03107,,,,E-Tc (Toledo) 33.3,,043v,,,,,,LDOF,DU&D,https://musicahispanica.eu/source/20197,,Alleluia alleluia alleluia alleluia Laus tibi laus tibi laus tibi Jesu Christe,,,,,,SEMM,0
,,https://musicahispanica.eu/chant/92810,Alleluia Ascendit dominus in jubilatione,h03052,,,,E-Tc (Toledo) 33.3,,003v,,,,Ascensio Domini,08065000,LDOF,,https://musicahispanica.eu/source/20197,,Alleluia Ascendit dominus in jubilatione,,,,,,SEMM,0
,,https://musicahispanica.eu/chant/92935,Alleluia alleluia alleluia Vivit anima mea ,h03092,,,,E-Tc (Toledo) 33.3,,031v,,,,In tempore Paschae,08000000,LDOF,DU&D,https://musicahispanica.eu/source/20197,,Alleluia alleluia alleluia Vivit anima mea deus et laudabit me,,,,,,SEMM,0
,,https://musicahispanica.eu/chant/27335,Laus tibi laus tibi laus tibi ,h00170,,,,E-SAu (Salamanca) Ms. 2668,,171r,,,,Dom. Quadragesimae,07001000,LDOF,X,https://musicahispanica.eu/source/20205,,Laus tibi laus tibi laus tibi domine rex aeternae gloriae,,,,,,SEMM,0
,,https://musicahispanica.eu/chant/87292,Laus tibi domine rex aeternae gloriae,h00170,*,,,E-SI (Santo Domingo de Silos) MS 7,,137r,,,,Dom. Quadragesimae,07001000,LDOF,Noc,https://musicahispanica.eu/source/20181,,Laus tibi domine rex aeternae gloriae,,,,,,SEMM,0
,,https://musicahispanica.eu/chant/27239,Laus tibi laus tibi laus tibi ,h00159,,,,E-SAu (Salamanca) Ms. 2668,,161r,,,,In tempore Quad.,07000000,LDOF,X,https://musicahispanica.eu/source/20205,,Laus tibi laus tibi laus tibi domine rex aeternae gloriae,,,,,,SEMM,0
,,https://musicahispanica.eu/chant/87694,Laus tibi laus tibi laus tibi ,h00159,,,,E-SCu (Santiago de Compostela) Ms 609,,213v,,,,,,LDOF,MN,https://musicahispanica.eu/source/20207,,Laus tibi laus tibi laus tibi domine rex aeternae gloriae,,,,,,SEMM,0
,,https://musicahispanica.eu/chant/87784,Laus tibi laus tibi laus tibi ,h00159,,,,E-SCu (Santiago de Compostela) Ms 609,,218v,,,,,,LDOF,Noc,https://musicahispanica.eu/source/20207,,Laus tibi laus tibi laus tibi domine rex aeternae gloriae,,,,,,SEMM,0
,,https://musicahispanica.eu/chant/87085,Laus tibi laus tibi laus tibi ,h00159,*,,,E-SI (Santo Domingo de Silos) MS 7,,093v,,,,,,LDOF,C,https://musicahispanica.eu/source/20181,,Laus tibi laus tibi laus tibi domine rex aeternae gloriae,,,,,,SEMM,0
,,https://musicahispanica.eu/chant/87087,Laus tibi laus tibi laus tibi ,h00159,*,,,E-SI (Santo Domingo de Silos) MS 7,,094r,,,,,,LDOF,C,https://musicahispanica.eu/source/20181,,Laus tibi laus tibi laus tibi domine rex aeternae gloriae,,,,,,SEMM,0
,,https://musicahispanica.eu/chant/87000,Alleluia Magnus dominus noster et magna ,h03080,*,,,E-SI (Santo Domingo de Silos) MS 7,,063v,,,,Dom. Resurrectionis,08011000,LDOF,T,https://musicahispanica.eu/source/20181,,Alleluia Magnus dominus noster et magna virtus ejus,,,,,,SEMM,0
,,https://musicahispanica.eu/chant/87102,Alleluia alleluia alleluia alleluia alleluia alleluia ,h03058,*,,,E-SI (Santo Domingo de Silos) MS 7,,103r,,,,,,LDOF,C,https://musicahispanica.eu/source/20181,,Alleluia alleluia alleluia alleluia alleluia alleluia Illumina domi[ne] oculos nostros ne umquam obdormiamus in mortem,,,,,,SEMM,0
,,https://musicahispanica.eu/chant/68456,Alleluia alleluia alleluia alleluia alleluia illumina ,h03058,,,,GB-Lbl (London) Add MS 30851,,164r,,,,Dom. Quadragesimae,07001000,LDMT,MH,https://musicahispanica.eu/source/20203,,Alleluia alleluia alleluia alleluia alleluia illumina domine oculos nostros ne umquam obdormiamur in morte alleluia ,,,,,,SEMM,0
,,https://musicahispanica.eu/chant/86804,Alleluia alleluia cantabo domino in vita ,h03054,*,,,E-SI (Santo Domingo de Silos) MS 7,,045r,,,,,,LDOF,P&S,https://musicahispanica.eu/source/20181,,Alleluia alleluia cantabo domino in vita mea,,,,,,SEMM,0
,,https://musicahispanica.eu/chant/87057,Alleluia alleluia alleluia Salvos nos fac ,h03088,*,,,E-SI (Santo Domingo de Silos) MS 7,,081r,,,,,,LDOF,S&O,https://musicahispanica.eu/source/20181,,Alleluia alleluia alleluia Salvos nos fac domine deus noster,,,,,,SEMM,0
,,https://musicahispanica.eu/chant/92914,Alleluia alleluia alleluia Salvos nos fac ,h03088,,,,E-Tc (Toledo) 33.3,,026v,,,,Dom. per annum,04001000,LDOF,S&O,https://musicahispanica.eu/source/20197,,Alleluia alleluia alleluia Salvos nos fac domine deus noster,,,,,,SEMM,0
,,https://musicahispanica.eu/chant/86851,Alleluia alleluia Veni domine et apparere ,h03090,*,,,E-SI (Santo Domingo de Silos) MS 7,,056v,,,,In tempore Adventus,01000000,LDOF,P&S,https://musicahispanica.eu/source/20181,,Alleluia alleluia Veni domine et apparere populo tuo,,,,,,SEMM,0
,,https://musicahispanica.eu/chant/86806,Alleluia alleluia dextera domini fecit virtutem,h03055,*,,,E-SI (Santo Domingo de Silos) MS 7,,045r,,,,,,LDOF,P&S,https://musicahispanica.eu/source/20181,,Alleluia alleluia dextera domini fecit virtutem,,,,,,SEMM,0
,,https://musicahispanica.eu/chant/92741,Alleluia alleluia dextera domini fecit virtutem,h03055,*,,,E-Tc (Toledo) 33.3,,002v,,,,In tempore Quad.,07000000,LDOF,,https://musicahispanica.eu/source/20197,,Alleluia alleluia dextera domini fecit virtutem,,,,,,SEMM,0
,,https://musicahispanica.eu/chant/87663,Laus tibi domine rex aeternae gloriae,h03095,,,,E-SCu (Santiago de Compostela) Ms 609,,210r,,,,,,LDOF,MN,https://musicahispanica.eu/source/20207,,Laus tibi domine rex aeternae gloriae,,,,,,SEMM,0
,,https://musicahispanica.eu/chant/87240,Laus tibi domine rex aeternae gloriae,h03095,*,,,E-SI (Santo Domingo de Silos) MS 7,,119r,,,,,,LDOF,AL,https://musicahispanica.eu/source/20181,,Laus tibi domine rex aeternae gloriae,,,,,,SEMM,0
,,https://musicahispanica.eu/chant/92803,Laus tibi domine rex aeternae gloriae,h03095,,,,E-Tc (Toledo) 33.3,,003r,,,,In tempore Quad.,07000000,LDOF,,https://musicahispanica.eu/source/20197,,Laus tibi domine rex aeternae gloriae,,,,,,SEMM,0
,,https://musicahispanica.eu/chant/92827,Laus tibi domine rex aeternae gloriae,h03095,*,,,E-Tc (Toledo) 33.3,,008v,,,,Dom. Quadragesimae,07001000,LDOF,T,https://musicahispanica.eu/source/20197,,Laus tibi domine rex aeternae gloriae,,,,,,SEMM,0
,,https://musicahispanica.eu/chant/68459,Laus tibi domine rex aeterne gloriae,h03095,,,,GB-Lbl (London) Add MS 30851,,164r,,,,Dom. Quadragesimae,07001000,LDMT,MH,https://musicahispanica.eu/source/20203,,Laus tibi domine rex aeterne gloriae,,,,,,SEMM,0
,,https://musicahispanica.eu/chant/87052,Alleluia alleluia Salvos nos fac domine ,h03089,*,,,E-SI (Santo Domingo de Silos) MS 7,,076r,,,,,,LDOF,S,https://musicahispanica.eu/source/20181,,Alleluia alleluia Salvos nos fac domine deus noster en congrega nos de gentibus,,,,,,SEMM,0
,,https://musicahispanica.eu/chant/87100,Alleluia alleluia A laqueo venantium et ,h03051,*,,,E-SI (Santo Domingo de Silos) MS 7,,103r,,,,,,LDOF,C,https://musicahispanica.eu/source/20181,,Alleluia alleluia A laqueo venantium et a verbo aspero libera nos deus noster alleluia,,,,,,SEMM,0
,,https://musicahispanica.eu/chant/68449,A laqueo venantium*,h03051,,,,GB-Lbl (London) Add MS 30851,,164r,,,,Dom. Quadragesimae,07001000,LDOF,L,https://musicahispanica.eu/source/20203,,A laqueo venantium*,,,,,,SEMM,0
,,https://musicahispanica.eu/chant/68453,Alleluia A laqueo venantium et a ,h03051,,,,GB-Lbl (London) Add MS 30851,,164r,,,,Dom. Quadragesimae,07001000,LDOF,MH,https://musicahispanica.eu/source/20203,,Alleluia A laqueo venantium et a verbo aspero libera nos deus noster,,,,,,SEMM,0
,,https://musicahispanica.eu/chant/27225,Alleluia alleluia beati immaculati in via ,h00154,,,,E-SAu (Salamanca) Ms. 2668,,158v,,,,,,LDOF,X,https://musicahispanica.eu/source/20205,,Alleluia alleluia beati immaculati in via qui ambulant lege domini,,,,,,SEMM,0
,,https://musicahispanica.eu/chant/87985,Alleluia alleluia beati immaculati in via ,h00154,*,,,E-SCu (Santiago de Compostela) Ms 609,,222r,,,,,,LDOF,Noc,https://musicahispanica.eu/source/20207,,Alleluia alleluia beati immaculati in via qui ambulant lege domini alleluia,,,,,,SEMM,0
,,https://musicahispanica.eu/chant/69123,Alleluia alleluia alleluia Beati immaculati in ,h00154,,,,GB-Lbl (London) Add MS 30851,,178v,,,,Sabb. Quadragesimae,07007000,LDOF,Noc,https://musicahispanica.eu/source/20203,,Alleluia alleluia alleluia Beati immaculati in via qui ambulant in lege domini,,,,,,SEMM,0
,,https://musicahispanica.eu/chant/92739,Alleluia veniat super nos misericordia tua ,h03091,*,,,E-Tc (Toledo) 33.3,,002v,,,,In tempore Quad.,07000000,LDOF,,https://musicahispanica.eu/source/20197,,Alleluia veniat super nos misericordia tua domine,,,,,,SEMM,0
,,https://musicahispanica.eu/chant/27235,Alleluia alleluia alleluia alleluia alleluia,h00158,,,,E-SAu (Salamanca) Ms. 2668,,160v,,,,,,LDOF,X,https://musicahispanica.eu/source/20205,,Alleluia alleluia alleluia alleluia alleluia,,,,,,SEMM,0
,,https://musicahispanica.eu/chant/87690,Alleluia alleluia alleluia alleluia alleluia,h00158,,,,E-SCu (Santiago de Compostela) Ms 609,,213v,,,,,,LDOF,MN,https://musicahispanica.eu/source/20207,,Alleluia alleluia alleluia alleluia alleluia,,,,,,SEMM,0
,,https://musicahispanica.eu/chant/87086,Alleluia alleluia alleluia,h00158,*,,,E-SI (Santo Domingo de Silos) MS 7,,093v,,,,,,LDOF,C,https://musicahispanica.eu/source/20181,,Alleluia alleluia alleluia,,,,,,SEMM,0
,,https://musicahispanica.eu/chant/87088,Alleluia alleluia alleluia,h00158,*,,,E-SI (Santo Domingo de Silos) MS 7,,094r,,,,,,LDOF,C,https://musicahispanica.eu/source/20181,,Alleluia alleluia alleluia,,,,,,SEMM,0
,,https://musicahispanica.eu/chant/27331,Alleluia alleluia alleluia alleluia alleluia,h00169,,,,E-SAu (Salamanca) Ms. 2668,,170v,,,,,,LDOF,X,https://musicahispanica.eu/source/20205,,Alleluia alleluia alleluia alleluia alleluia,,,,,,SEMM,0
,,https://musicahispanica.eu/chant/87781,Alleluia alleluia alleluia alleluia alleluia labia ,h00169,,,,E-SCu (Santiago de Compostela) Ms 609,,218v,,,,,,LDOF,Noc,https://musicahispanica.eu/source/20207,,Alleluia alleluia alleluia alleluia alleluia labia mea laudabant te domine alleluia,,,,,,SEMM,0
,,https://musicahispanica.eu/chant/87289,Alleluia alleluia alleluia alleluia labia mea ,h00169,*,,,E-SI (Santo Domingo de Silos) MS 7,,137r,,,,,,LDOF,Noc,https://musicahispanica.eu/source/20181,,Alleluia alleluia alleluia alleluia labia mea laudabunt te domine,,,,,,SEMM,0
,,https://musicahispanica.eu/chant/68964,Alleluia alleluia alleluia alleluia alleluia Labia ,h00169,,,,GB-Lbl (London) Add MS 30851,,172v,,,,Dom. Quadragesimae,07001000,LDOF,M,https://musicahispanica.eu/source/20203,,Alleluia alleluia alleluia alleluia alleluia Labia mea laudabunt te domine,,,,,,SEMM,0
,,https://musicahispanica.eu/chant/87034,Alleluia alleluia Salva plebem tuam domine,h03085,*,,,E-SI (Santo Domingo de Silos) MS 7,,070v,,,,,,LDOF,Q&Q,https://musicahispanica.eu/source/20181,,Alleluia alleluia Salva plebem tuam domine,,,,,,SEMM,0
,,https://musicahispanica.eu/chant/92881,Alleluia alleluia salva domine plebem tuam ,h03085,,,,E-Tc (Toledo) 33.3,,017v,,,,Dom. per annum,04001000,LDOF,Q&Q,https://musicahispanica.eu/source/20197,,Alleluia alleluia salva domine plebem tuam domine,,,,,,SEMM,0
,,https://musicahispanica.eu/chant/87066,Repleatur os meum deus laudem tuam,h03108,*,,,E-SI (Santo Domingo de Silos) MS 7,,090r,,,,,,LDOF,DU&D,https://musicahispanica.eu/source/20181,,Repleatur os meum deus laudem tuam,,,,,,SEMM,0
