id,corpus_id,chantlink,incipit,cantus_id,mode,finalis,differentia,siglum,position,folio,sequence,marginalia,cao_concordances,feast,feast_code,genre,office,srclink,melody_id,full_text,full_text_manuscript,volpiano,notes,dataset_name,dataset_idx,db,image_link
,,https://musicahispanica.eu/chant/87242,Oleum recondite in vasis vestris ut ,h03095h,*,,,E-SI (Santo Domingo de Silos) MS 7,,119r,,,,,,LDOFV,AL,https://musicahispanica.eu/source/20181,,Oleum recondite in vasis vestris ut lampades vestrae sint semper accense alleluia,,,,,,SEMM,0
,,https://musicahispanica.eu/chant/27240,Beati servi illi quos cum venerit ,h00159a,,,,E-SAu (Salamanca) Ms. 2668,,161r,,,,In tempore Quad.,07000000,LDOFV,X,https://musicahispanica.eu/source/20205,,Beati servi illi quos cum venerit Dominus invenerit vigilantes,,,,,,SEMM,0
,,https://musicahispanica.eu/chant/87695,Beati servi illi quos cum venerit ,h00159a,,,,E-SCu (Santiago de Compostela) Ms 609,,213v,,,,,,LDOFV,MN,https://musicahispanica.eu/source/20207,,Beati servi illi quos cum venerit dominus invenerit vigilantes rex,,,,,,SEMM,0
,,https://musicahispanica.eu/chant/110235,Domine exaudi vocem meam,h00056a,*,,,E-Mh (Madrid) Cod. 118,,002r,,,,,,LDOFV,,https://musicahispanica.eu/source/110211,,Domine exaudi vocem meam,,,,,,SEMM,0
,,https://musicahispanica.eu/chant/68881,Domine exaudi vocem meam ,h00056a,,,,GB-Lbl (London) Add MS 30851,,168r,,,,Dom. Quotidiano,,LDOFV,C,https://musicahispanica.eu/source/20203,,Domine exaudi vocem meam ,,,,,,SEMM,0
,,https://musicahispanica.eu/chant/87101,A labiis iniquis et a lingua ,h03051a,*,,,E-SI (Santo Domingo de Silos) MS 7,,103r,,,,,,LDOFV,C,https://musicahispanica.eu/source/20181,,A labiis iniquis et a lingua maligna erue nos Christe deus,,,,,,SEMM,0
,,https://musicahispanica.eu/chant/45958,Ut confiteamur nomini sancto tuo*,h03093b,,,,E-Mn (Madrid) MSS/10110,,006v,,,,Fer. 3 Hebd. 1 Quad.,07013000,LDMTV,MH,https://musicahispanica.eu/source/20183,,Ut confiteamur nomini sancto tuo*,,,,,,SEMM,0
,,https://musicahispanica.eu/chant/92808,Ut confiteamur nomini sancto tuo et ,h03093b,,,,E-Tc (Toledo) 33.3,,003r,,,,In tempore Quad.,07000000,LDOFV,,https://musicahispanica.eu/source/20197,,Ut confiteamur nomini sancto tuo et gloriemur,,,,,,SEMM,0
,,https://musicahispanica.eu/chant/27236,De profundis clamabi ad te domine ,h00158a,,,,E-SAu (Salamanca) Ms. 2668,,160v,,,,,,LDOFV,X,https://musicahispanica.eu/source/20205,,De profundis clamabi ad te domine ,,,,,,SEMM,0
,,https://musicahispanica.eu/chant/87691,De profundis clamavi ad te domine ,h00158a,,,,E-SCu (Santiago de Compostela) Ms 609,,213v,,,,,,LDOFV,MN,https://musicahispanica.eu/source/20207,,De profundis clamavi ad te domine alleluia,,,,,,SEMM,0
,,https://musicahispanica.eu/chant/27337,Et judicia tua adjuvabunt me,h00170b,,,,E-SAu (Salamanca) Ms. 2668,,171r,,,,Dom. Quadragesimae,07001000,LDOFV,X,https://musicahispanica.eu/source/20205,,Et judicia tua adjuvabunt me,,,,,,SEMM,0
,,https://musicahispanica.eu/chant/87294,Et judicia tua adjuvabit me,h00170b,*,,,E-SI (Santo Domingo de Silos) MS 7,,137r,,,,Dom. Quadragesimae,07001000,LDOFV,Noc,https://musicahispanica.eu/source/20181,,Et judicia tua adjuvabit me,,,,,,SEMM,0
,,https://musicahispanica.eu/chant/27226,Beati qui praescrutantur testimonia eius in ,h00154a,,,,E-SAu (Salamanca) Ms. 2668,,158v,,,,,,LDOFV,X,https://musicahispanica.eu/source/20205,,Beati qui praescrutantur testimonia eius in toto corde suo exquirunt eum,,,,,,SEMM,0
,,https://musicahispanica.eu/chant/87986,Beati qui praescrutantur testimonia ejus in ,h00154a,*,,,E-SCu (Santiago de Compostela) Ms 609,,222r,,,,,,LDOFV,Noc,https://musicahispanica.eu/source/20207,,Beati qui praescrutantur testimonia ejus in toto corde suo exquirunt eum alleluia,,,,,,SEMM,0
,,https://musicahispanica.eu/chant/89577,Beati qui praescrutantur testimonia ejus in ,h00154a,,,,GB-Lbl (London) Add MS 30851,,178v,,,,Sabb. Quadragesimae,07007000,LDOFV,Noc,https://musicahispanica.eu/source/20203,,Beati qui praescrutantur testimonia ejus in toto corde suo exquirunt eum,,,,,,SEMM,0
,,https://musicahispanica.eu/chant/92970,Illumina domine oculos nostros ne umquam ,h03107a,,,,E-Tc (Toledo) 33.3,,043v,,,,,,LDOFV,DU&D,https://musicahispanica.eu/source/20197,,Illumina domine oculos nostros ne umquam obdormiamus in morte,,,,,,SEMM,0
,,https://musicahispanica.eu/chant/87262,Fiant aures tuae intendentes ad orationem ,h04519b,*,,,E-SI (Santo Domingo de Silos) MS 7,,127r,,,,,,LDOFV,MN,https://musicahispanica.eu/source/20181,,Fiant aures tuae intendentes ad orationem servi tui alleluia,,,,,,SEMM,0
,,https://musicahispanica.eu/chant/85369,Praevenerunt oculi mei deus ad te ,h04552a,*,,,E-SI (Santo Domingo de Silos) MS 7,,034v,,,,,,LDOFV,Pec,https://musicahispanica.eu/source/20181,,Praevenerunt oculi mei deus ad te diluculo ut meditarer eloquia tua alleluia ,,,,,,SEMM,0
,,https://musicahispanica.eu/chant/87001,Et sapientiae ejus non est numerus,h03080a,*,,,E-SI (Santo Domingo de Silos) MS 7,,063v,,,,Dom. Resurrectionis,08011000,LDOFV,T,https://musicahispanica.eu/source/20181,,Et sapientiae ejus non est numerus,,,,,,SEMM,0
,,https://musicahispanica.eu/chant/27334,Et in nomine tuo levabo manus ,h00169c,,,,E-SAu (Salamanca) Ms. 2668,,170v,,,,,,LDOFV,X,https://musicahispanica.eu/source/20205,,Et in nomine tuo levabo manus meus,,,,,,SEMM,0
,,https://musicahispanica.eu/chant/87783,Et in nomine tuo levabo manus ,h00169c,,,,E-SCu (Santiago de Compostela) Ms 609,,218v,,,,,,LDOFV,Noc,https://musicahispanica.eu/source/20207,,Et in nomine tuo levabo manus meus alleluia,,,,,,SEMM,0
,,https://musicahispanica.eu/chant/87291,Et in nomine tuo levabo manus ,h00169c,*,,,E-SI (Santo Domingo de Silos) MS 7,,137r,,,,,,LDOFV,Noc,https://musicahispanica.eu/source/20181,,Et in nomine tuo levabo manus meas,,,,,,SEMM,0
,,https://musicahispanica.eu/chant/89533,Salva plebem tuam domine,h03095d,,,,GB-Lbl (London) Add MS 30851,,164r,,,,Dom. Quadragesimae,07001000,LDOFV,MH,https://musicahispanica.eu/source/20203,,Salva plebem tuam domine,,,,,,SEMM,0
,,https://musicahispanica.eu/chant/87067,Ut possim cantare tota die magnificentias ,h03108a,*,,,E-SI (Santo Domingo de Silos) MS 7,,090v,,,,,,LDOFV,DU&D,https://musicahispanica.eu/source/20181,,Ut possim cantare tota die magnificentias tuas,,,,,,SEMM,0
,,https://musicahispanica.eu/chant/92809,Benedictus dominus deus Israel a saeculo ,h03093c,,,,E-Tc (Toledo) 33.3,,003v,,,,In tempore Quad.,07000000,LDOFV,,https://musicahispanica.eu/source/20197,,Benedictus dominus deus Israel a saeculo et usque in saeculum fiat fiat,,,,,,SEMM,0
,,https://musicahispanica.eu/chant/92804,Ad te levamus oculos nostros domine,h03095a,,,,E-Tc (Toledo) 33.3,,003r,,,,In tempore Quad.,07000000,LDOFV,,https://musicahispanica.eu/source/20197,,Ad te levamus oculos nostros domine,,,,,,SEMM,0
,,https://musicahispanica.eu/chant/87106,Quam redemisti tuo sanguine,h03086b,*,,,E-SI (Santo Domingo de Silos) MS 7,,103v,,,,,,LDOFV,C,https://musicahispanica.eu/source/20181,,Quam redemisti tuo sanguine,,,,,,SEMM,0
,,https://musicahispanica.eu/chant/110237,Amen dico vobis quia praecinget se ,h03053a,*,,,E-Mh (Madrid) Cod. 118,,002r,,,,,,LDOFV,,https://musicahispanica.eu/source/110211,,Amen dico vobis quia praecinget se et ministravit illis alleluia,,,,,,SEMM,0
,,https://musicahispanica.eu/chant/68887,Amen dico vobis quia praecinget se ,h03053a,,,,GB-Lbl (London) Add MS 30851,,168v,,,,Dom. Quotidiano,,LDOFV,C,https://musicahispanica.eu/source/20203,,Amen dico vobis quia praecinget se et ministravit illis alleluia ,,,,,,SEMM,0
,,https://musicahispanica.eu/chant/27333,Sic benedicam te in vita mea,h00169b,,,,E-SAu (Salamanca) Ms. 2668,,170v,,,,,,LDOFV,X,https://musicahispanica.eu/source/20205,,Sic benedicam te in vita mea,,,,,,SEMM,0
,,https://musicahispanica.eu/chant/87782,Sic benedicam te in vita mea ,h00169b,,,,E-SCu (Santiago de Compostela) Ms 609,,218v,,,,,,LDOFV,Noc,https://musicahispanica.eu/source/20207,,Sic benedicam te in vita mea alleluia,,,,,,SEMM,0
,,https://musicahispanica.eu/chant/87290,Sic benedicam te in vita mea,h00169b,*,,,E-SI (Santo Domingo de Silos) MS 7,,137r,,,,,,LDOFV,Noc,https://musicahispanica.eu/source/20181,,Sic benedicam te in vita mea,,,,,,SEMM,0
,,https://musicahispanica.eu/chant/68965,Sic benedicam te in vita mea ,h00169b,,,,GB-Lbl (London) Add MS 30851,,172v,,,,Dom. Quadragesimae,07001000,LDOFV,M,https://musicahispanica.eu/source/20203,,Sic benedicam te in vita mea alleluia et in nomine tuo levabo manus meas,,,,,,SEMM,0
,,https://musicahispanica.eu/chant/89534,Rege eam domine,h03095e,,,,GB-Lbl (London) Add MS 30851,,164r,,,,Dom. Quadragesimae,07001000,LDOFV,MH,https://musicahispanica.eu/source/20203,,Rege eam domine,,,,,,SEMM,0
,,https://musicahispanica.eu/chant/92909,Ut confiteamur nomini sancto tuo et ,h03083a,,,,E-Tc (Toledo) 33.3,,023r,,,,In tempore Paschae,08000000,LDOFV,S,https://musicahispanica.eu/source/20197,,Ut confiteamur nomini sancto tuo et gloriemur in laude tua,,,,,,SEMM,0
,,https://musicahispanica.eu/chant/23594,Oleum recondite in vasis vestris ut ,h00118a,,,,E-SAu (Salamanca) Ms. 2668,,144r,,,,,,LDOFV,X,https://musicahispanica.eu/source/20205,,Oleum recondite in vasis vestris ut lampades vestrae sint semper accense laus tibi domine rex eternae gloriae,,,,,,SEMM,0
,,https://musicahispanica.eu/chant/87661,Oleum recondite in vasis vestris ut ,h00118a,,,,E-SCu (Santiago de Compostela) Ms 609,,210r,,,,,,LDOFV,MN,https://musicahispanica.eu/source/20207,,Oleum recondite in vasis vestris ut lampades vestrae sint semper accense alleluia,,,,,,SEMM,0
,,https://musicahispanica.eu/chant/68853,Oleum recondite in vasis vestris ut ,h00118a,,,,GB-Lbl (London) Add MS 30851,,166v,,,,Sabb. Hebd. 1 Quad.,07017000,LDOFV,C,https://musicahispanica.eu/source/20203,,Oleum recondite in vasis vestris ut lampades vestre sint semper accense,,,,,,SEMM,0
,,https://musicahispanica.eu/chant/87786,Et judicia tua adjuvabunt me,h00159d,,,,E-SCu (Santiago de Compostela) Ms 609,,218v,,,,,,LDOFV,Noc,https://musicahispanica.eu/source/20207,,Et judicia tua adjuvabunt me,,,,,,SEMM,0
,,https://musicahispanica.eu/chant/86882,Sit gloria illi in saecula saeculorum ,h03082a,*,,,E-SI (Santo Domingo de Silos) MS 7,,058r,,,,Dom. Resurrectionis,08011000,LDOFV,P&S,https://musicahispanica.eu/source/20181,,Sit gloria illi in saecula saeculorum alleluia,,,,,,SEMM,0
,,https://musicahispanica.eu/chant/92866,Sit gloria illi in saecula saeculorum,h03082a,,,,E-Tc (Toledo) 33.3,,011v,,,,In tempore Paschae,08000000,LDOFV,T,https://musicahispanica.eu/source/20197,,Sit gloria illi in saecula saeculorum,,,,,,SEMM,0
,,https://musicahispanica.eu/chant/92807,Salvos nos fac domine deus noster ,h03093a,,,,E-Tc (Toledo) 33.3,,003r,,,,In tempore Quad.,07000000,LDOFV,,https://musicahispanica.eu/source/20197,,Salvos nos fac domine deus noster et congrega nos de gentibus,,,,,,SEMM,0
,,https://musicahispanica.eu/chant/27336,Vivit anima mea deus et laudabit ,h00170a,,,,E-SAu (Salamanca) Ms. 2668,,171r,,,,Dom. Quadragesimae,07001000,LDOFV,X,https://musicahispanica.eu/source/20205,,Vivit anima mea deus et laudabit te ,,,,,,SEMM,0
,,https://musicahispanica.eu/chant/87293,Vivit anima mea deus et laudabit ,h00170a,*,,,E-SI (Santo Domingo de Silos) MS 7,,137r,,,,Dom. Quadragesimae,07001000,LDOFV,Noc,https://musicahispanica.eu/source/20181,,Vivit anima mea deus et laudabit te,,,,,,SEMM,0
,,https://musicahispanica.eu/chant/27237,Domine exaudi vocem meam,h00158b,,,,E-SAu (Salamanca) Ms. 2668,,160v,,,,,,LDOFV,X,https://musicahispanica.eu/source/20205,,Domine exaudi vocem meam,,,,,,SEMM,0
,,https://musicahispanica.eu/chant/87692,Domine exaudi vocem meam alleluia,h00158b,,,,E-SCu (Santiago de Compostela) Ms 609,,213v,,,,,,LDOFV,MN,https://musicahispanica.eu/source/20207,,Domine exaudi vocem meam alleluia,,,,,,SEMM,0
,,https://musicahispanica.eu/chant/92971,Confirma super nos deus misericordiam tuam,h03107b,,,,E-Tc (Toledo) 33.3,,043v,,,,,,LDOFV,DU&D,https://musicahispanica.eu/source/20197,,Confirma super nos deus misericordiam tuam,,,,,,SEMM,0
,,https://musicahispanica.eu/chant/87035,Et benedic hereditatem tuam,h03085a,*,,,E-SI (Santo Domingo de Silos) MS 7,,070v,,,,,,LDOFV,Q&Q,https://musicahispanica.eu/source/20181,,Et benedic hereditatem tuam,,,,,,SEMM,0
,,https://musicahispanica.eu/chant/92882,Et benedic hereditatem tuam,h03085a,,,,E-Tc (Toledo) 33.3,,017v,,,,Dom. per annum,04001000,LDOFV,Q&Q,https://musicahispanica.eu/source/20197,,Et benedic hereditatem tuam,,,,,,SEMM,0
,,https://musicahispanica.eu/chant/87261,Domine exaudi vocem meam alleluia,h04519a,*,,,E-SI (Santo Domingo de Silos) MS 7,,127r,,,,,,LDOFV,MN,https://musicahispanica.eu/source/20181,,Domine exaudi vocem meam alleluia,,,,,,SEMM,0
,,https://musicahispanica.eu/chant/86807,Dextera domini exaltavit me,h03055a,*,,,E-SI (Santo Domingo de Silos) MS 7,,045r,,,,,,LDOFV,P&S,https://musicahispanica.eu/source/20181,,Dextera domini exaltavit me,,,,,,SEMM,0
,,https://musicahispanica.eu/chant/92742,Dextera domini exaltavit me,h03055a,*,,,E-Tc (Toledo) 33.3,,002v,,,,In tempore Quad.,07000000,LDOFV,,https://musicahispanica.eu/source/20197,,Dextera domini exaltavit me,,,,,,SEMM,0
,,https://musicahispanica.eu/chant/87241,Alleluia alleluia media nocte clamor factus ,h03095g,*,,,E-SI (Santo Domingo de Silos) MS 7,,119r,,,,,,LDOFV,AL,https://musicahispanica.eu/source/20181,,Alleluia alleluia media nocte clamor factus est ecce sponsus venit exite obviam ei alleluia,,,,,,SEMM,0
,,https://musicahispanica.eu/chant/87053,Ut confiteamur nomini sancto tuo et ,h03089a,*,,,E-SI (Santo Domingo de Silos) MS 7,,076r,,,,,,LDOFV,S,https://musicahispanica.eu/source/20181,,Ut confiteamur nomini sancto tuo et gloriemur in laude tua,,,,,,SEMM,0
,,https://musicahispanica.eu/chant/92936,Et judicia tua adjuvabit me,h03092a,,,,E-Tc (Toledo) 33.3,,031v,,,,In tempore Paschae,08000000,LDOFV,DU&D,https://musicahispanica.eu/source/20197,,Et judicia tua adjuvabit me,,,,,,SEMM,0
,,https://musicahispanica.eu/chant/27241,Amen dico vobis quoniam praecingeret ministrabit ,h00159b,,,,E-SAu (Salamanca) Ms. 2668,,161r,,,,In tempore Quad.,07000000,LDOFV,X,https://musicahispanica.eu/source/20205,,Amen dico vobis quoniam praecingeret ministrabit illis,,,,,,SEMM,0
,,https://musicahispanica.eu/chant/87696,Amen dico vobis quoniam praecingeret ministravit ,h00159b,,,,E-SCu (Santiago de Compostela) Ms 609,,214r,,,,,,LDOFV,MN,https://musicahispanica.eu/source/20207,,Amen dico vobis quoniam praecingeret ministravit illis rex,,,,,,SEMM,0
,,https://musicahispanica.eu/chant/110233,Fiant aures tuae intendentes ad orationem ,h00056b,*,,,E-Mh (Madrid) Cod. 118,,002r,,,,,,LDOFV,,https://musicahispanica.eu/source/110211,,Fiant aures tuae intendentes ad orationem servi tui,,,,,,SEMM,0
,,https://musicahispanica.eu/chant/68882,Fiant aures tuae intendentes ad orationem ,h00056b,,,,GB-Lbl (London) Add MS 30851,,168r,,,,Dom. Quotidiano,,LDOFV,C,https://musicahispanica.eu/source/20203,,Fiant aures tuae intendentes ad orationem servi tui,,,,,,SEMM,0
,,https://musicahispanica.eu/chant/87103,Confirma super nos misericordiam tuam et ,h03058a,*,,,E-SI (Santo Domingo de Silos) MS 7,,103r,,,,,,LDOFV,C,https://musicahispanica.eu/source/20181,,Confirma super nos misericordiam tuam et veritas tua maneat nobiscum in aeternum,,,,,,SEMM,0
,,https://musicahispanica.eu/chant/68458,Confirma super nos misericordiam tuam et ,h03058a,,,,GB-Lbl (London) Add MS 30851,,164r,,,,Dom. Quadragesimae,07001000,LDMTV,M,https://musicahispanica.eu/source/20203,,Confirma super nos misericordiam tuam et veritas tua maneat nobiscum in aeternum,,,,,,SEMM,0
,,https://musicahispanica.eu/chant/86805,Psallam deo meo quamdiu ero,h03054a,*,,,E-SI (Santo Domingo de Silos) MS 7,,045r,,,,,,LDOFV,P&S,https://musicahispanica.eu/source/20181,,Psallam deo meo quamdiu ero,,,,,,SEMM,0
,,https://musicahispanica.eu/chant/87058,Et congrega nos de gentibus,h03088a,*,,,E-SI (Santo Domingo de Silos) MS 7,,081r,,,,,,LDOFV,S&O,https://musicahispanica.eu/source/20181,,Et congrega nos de gentibus,,,,,,SEMM,0
,,https://musicahispanica.eu/chant/92915,Et congrega nos de gentibus,h03088a,,,,E-Tc (Toledo) 33.3,,026v,,,,Dom. per annum,04001000,LDOFV,S&O,https://musicahispanica.eu/source/20197,,Et congrega nos de gentibus,,,,,,SEMM,0
,,https://musicahispanica.eu/chant/87785,Vivit anima mea deus et laudabit ,h00159c,,,,E-SCu (Santiago de Compostela) Ms 609,,218v,,,,,,LDOFV,Noc,https://musicahispanica.eu/source/20207,,Vivit anima mea deus et laudabit te,,,,,,SEMM,0
,,https://musicahispanica.eu/chant/92877,Dirigatur oratio mea deus in conspectu ,h03057a,,,,E-Tc (Toledo) 33.3,,013v,,,,De uno justi,,LDOFV,T,https://musicahispanica.eu/source/20197,,Dirigatur oratio mea deus in conspectu tuo,,,,,,SEMM,0
,,https://musicahispanica.eu/chant/86852,Relaxa facinora plebe tuae,h03090a,*,,,E-SI (Santo Domingo de Silos) MS 7,,056v,,,,In tempore Adventus,01000000,LDOFV,P&S,https://musicahispanica.eu/source/20181,,Relaxa facinora plebe tuae,,,,,,SEMM,0
,,https://musicahispanica.eu/chant/27238,Fiant aures tuae intendentes adorationem servi ,h00158c,,,,E-SAu (Salamanca) Ms. 2668,,161r,,,,,,LDOFV,X,https://musicahispanica.eu/source/20205,,Fiant aures tuae intendentes adorationem servi tui,,,,,,SEMM,0
,,https://musicahispanica.eu/chant/87693,Fiant aures tuae intendentes adorationem servi ,h00158c,,,,E-SCu (Santiago de Compostela) Ms 609,,213v,,,,,,LDOFV,MN,https://musicahispanica.eu/source/20207,,Fiant aures tuae intendentes adorationem servi tui alleluia,,,,,,SEMM,0
,,https://musicahispanica.eu/chant/92805,Miserere nobis deus miserere nobis,h03095b,,,,E-Tc (Toledo) 33.3,,003r,,,,In tempore Quad.,07000000,LDOFV,,https://musicahispanica.eu/source/20197,,Miserere nobis deus miserere nobis,,,,,,SEMM,0
,,https://musicahispanica.eu/chant/87105,Rege eam domine *,h03086a,*,,,E-SI (Santo Domingo de Silos) MS 7,,103v,,,,,,LDOFV,C,https://musicahispanica.eu/source/20181,,Rege eam domine *,,,,,,SEMM,0
,,https://musicahispanica.eu/chant/27332,Labia mea laudabant te domine,h00169a,,,,E-SAu (Salamanca) Ms. 2668,,170v,,,,,,LDOFV,X,https://musicahispanica.eu/source/20205,,Labia mea laudabant te domine,,,,,,SEMM,0
,,https://musicahispanica.eu/chant/89535,Quam redemisti tuo sanguine,h03095f,,,,GB-Lbl (London) Add MS 30851,,164r,,,,Dom. Quadragesimae,07001000,LDOFV,MH,https://musicahispanica.eu/source/20203,,Quam redemisti tuo sanguine,,,,,,SEMM,0
,,https://musicahispanica.eu/chant/87236,Fiat domine misericordia tua super nos ,h03056a,*,,,E-SI (Santo Domingo de Silos) MS 7,,116r,,,,,,LDOFV,AL,https://musicahispanica.eu/source/20181,,Fiat domine misericordia tua super nos sicut speravimus in te,,,,,,SEMM,0
,,https://musicahispanica.eu/chant/68840,Fiat domine misericordia tua super nos ,h03056a,,,,GB-Lbl (London) Add MS 30851,,166r,,,,Ordo quiete ante lectulo,,LDOFV,,https://musicahispanica.eu/source/20203,,Fiat domine misericordia tua super nos sicut speravimus in te,,,,,,SEMM,0
