id,corpus_id,chantlink,incipit,cantus_id,mode,finalis,differentia,siglum,position,folio,sequence,marginalia,cao_concordances,feast,feast_code,genre,office,srclink,melody_id,full_text,full_text_manuscript,volpiano,notes,dataset_name,dataset_idx,db,image_link
,,https://musicahispanica.eu/chant/64684,Qui sanat contritos corde et alligat ,h00932b,,,,E-L (León) Ms 8,,130v,,,,Fer. 6 Hebd. 2 Quad.,07026000,LDSV,N,https://musicahispanica.eu/source/20175,,Qui sanat contritos corde et alligat contrictiones eorum,,,,,,SEMM,0
,,https://musicahispanica.eu/chant/71078,Qui sanat contritos corde et alligat ,h00932b,,,,E-Mh (Madrid) Cod. 56,,049r,,,,Fer. 6 in Parasceve,07066000,LDSV,T,https://musicahispanica.eu/source/70790,,Qui sanat contritos corde et alligat contrictiones eorum,,,,,,SEMM,0
,,https://musicahispanica.eu/chant/64449,Suavis sit ei laudatio mea ego ,h00015a,,,,E-L (León) Ms 8,,121r,,,,Fer. 4 Hebd. 1 Quad.,07014000,LDSV,N,https://musicahispanica.eu/source/20175,,Suavis sit ei laudatio mea ego vero delectabor in domino,,,,,,SEMM,0
,,https://musicahispanica.eu/chant/71070,Suavis sit ei laudatio mea ego ,h00015a,,,,E-Mh (Madrid) Cod. 56,,048v,,,,Fer. 6 in Parasceve,07066000,LDSV,T,https://musicahispanica.eu/source/70790,,Suavis sit ei laudatio mea ego vero delectabo in domino,,,,,,SEMM,0
,,https://musicahispanica.eu/chant/64543,Quaerite dominum et confortamini quaerite faciem ,h00921a,,,,E-L (León) Ms 8,,125r,,,,Dom. 2 Quadragesimae,07021000,LDSV,MASS,https://musicahispanica.eu/source/20175,,Quaerite dominum et confortamini quaerite faciem ejus semper,,,,,,SEMM,0
,,https://musicahispanica.eu/chant/64734,Dum confusi et reveriti fuerint omnes ,h00928b,,,,E-L (León) Ms 8,,134r,,,,Dom. 3 Quadragesimae,07031000,LDSV,MASS,https://musicahispanica.eu/source/20175,,Dum confusi et reveriti fuerint omnes qui quaerunt mala mihi,,,,,,SEMM,0
,,https://musicahispanica.eu/chant/62154,Dum confusi et reveriti fuerint omnes ,h00928b,,,,E-Tc (Toledo) 35.5,2,071v,,,,Dom. 4 Quadragesimae,07041000,LDSV,MASS,https://musicahispanica.eu/source/20186,,Dum confusi et reveriti fuerint omnes qui quaerunt animam meam,,,,,,SEMM,0
,,https://musicahispanica.eu/chant/62211,Constitue super eum diabolum et satan ,h00923d,,,,E-Tc (Toledo) 35.5,4,135v,,,,Fer. 5 in Cena Dom.,07065000,LDSV,N,https://musicahispanica.eu/source/20186,,Constitue super eum diabolum et satan stet a dextris ejus,,,,,,SEMM,0
,,https://musicahispanica.eu/chant/65312,Homo pacis meae in quo speravi ,h00936a,,,,E-L (León) Ms 8,,163v,,,,Fer. 5 in Cena Dom.,07065000,LDSV,N,https://musicahispanica.eu/source/20175,,Homo pacis meae in quo speravi ampliavit adversum me supplantatione,,,,,,SEMM,0
,,https://musicahispanica.eu/chant/62169,Acuerunt linguas suas sicut serpentes venenum ,h00925b,,,,E-Tc (Toledo) 35.5,,096r,,,,Dom. Quadragesimae,07001000,LDSV,MASS,https://musicahispanica.eu/source/20186,,Acuerunt linguas suas sicut serpentes venenum aspidum sub labiis eorum,,,,,,SEMM,0
,,https://musicahispanica.eu/chant/64936,Confitebor illi in ecclesia magna in ,h00920a,,,,E-L (León) Ms 8,,144r,,,,Dom. 4 Quadragesimae,07041000,LDSV,MASS,https://musicahispanica.eu/source/20175,,Confitebor illi in ecclesia magna in populo gravi laudabo eum,,,,,,SEMM,0
,,https://musicahispanica.eu/chant/65151,Rex aeterne gloriae,h00935a,,,,E-L (León) Ms 8,,154v,,,,Dom. in Palmis,07061000,LDSV,MASS,https://musicahispanica.eu/source/20175,,Rex aeterne gloriae,,,,,,SEMM,0
,,https://musicahispanica.eu/chant/62212,Cum judicatur exeat condemnatus et oratio ,h00923e,,,,E-Tc (Toledo) 35.5,5,135v,,,,Fer. 5 in Cena Dom.,07065000,LDSV,N,https://musicahispanica.eu/source/20186,,Cum judicatur exeat condemnatus et oratio ejus fiat in peccatum,,,,,,SEMM,0
,,https://musicahispanica.eu/chant/62170,Custodi me domine de manu peccatoris ,h00925c,,,,E-Tc (Toledo) 35.5,,096r,,,,Dom. Quadragesimae,07001000,LDSV,MASS,https://musicahispanica.eu/source/20186,,Custodi me domine de manu peccatoris ab hominibus iniquis libera me,,,,,,SEMM,0
,,https://musicahispanica.eu/chant/103441,Locuti sunt de me lingua ,h00923a,,,,E-Tc (Toledo) 35.5,,125v,,,,Fer. 4 de Passione,07054000,LDSV,V2,https://musicahispanica.eu/source/20186,,Locuti sunt de me lingua ,,,,,,SEMM,0
,,https://musicahispanica.eu/chant/62208,Locuti sunt de me lingua mendacii ,h00923a,,,,E-Tc (Toledo) 35.5,1,135r,,,,Fer. 5 in Cena Dom.,07065000,LDSV,N,https://musicahispanica.eu/source/20186,,Locuti sunt de me lingua mendacii verbus odii circumdederunt me et expugnaverunt me gratis,,,,,,SEMM,0
,,https://musicahispanica.eu/chant/64396,Benedic anima mea domino et noli ,h00919a,,,,E-L (León) Ms 8,,119r,,,,Fer. 2 Hebd. 1 Quad.,07012000,LDSV,N,https://musicahispanica.eu/source/20175,,Benedic anima mea domino et noli oblivisci omnes retributiones ejus,,,,,,SEMM,0
,,https://musicahispanica.eu/chant/71068,Benedic anima mea domino et noli ,h00919a,,,,E-Mh (Madrid) Cod. 56,,048v,,,,Fer. 6 in Parasceve,07066000,LDSV,T,https://musicahispanica.eu/source/70790,,Benedic anima mea domino et noli oblivisci omnes retributiones ejus,,,,,,SEMM,0
,,https://musicahispanica.eu/chant/64503,Sit nomen domini benedictum et hox ,h00934a,,,,E-L (León) Ms 8,,123r,,,,Fer. 6 Hebd. 1 Quad.,07016000,LDSV,N,https://musicahispanica.eu/source/20175,,Sit nomen domini benedictum et hox nunc et usque in saeculum,,,,,,SEMM,0
,,https://musicahispanica.eu/chant/71072,Sit nomen domini benedictum ex hoc ,h00934a,,,,E-Mh (Madrid) Cod. 56,,048v,,,,Fer. 6 in Parasceve,07066000,LDSV,T,https://musicahispanica.eu/source/70790,,Sit nomen domini benedictum ex hoc nunc et usque in saeculum,,,,,,SEMM,0
,,https://musicahispanica.eu/chant/64582,Confitemini deo deorum,h00922a,,,,E-L (León) Ms 8,,126v,,,,Fer. 2 Hebd. 2 Quad.,07022000,LDMTV,N,https://musicahispanica.eu/source/20175,,Confitemini deo deorum,,,,,,SEMM,0
,,https://musicahispanica.eu/chant/64633,Confitemini deo deorum,h00922a,,,,E-L (León) Ms 8,,128v,,,,Fer. 4 Hebd. 2 Quad.,07024000,LDMTV,N,https://musicahispanica.eu/source/20175,,Confitemini deo deorum,,,,,,SEMM,0
,,https://musicahispanica.eu/chant/71074,Confitemini deo deorum quoniam bonus,h00922a,,,,E-Mh (Madrid) Cod. 56,,049r,,,,Fer. 6 in Parasceve,07066000,LDSV,T,https://musicahispanica.eu/source/70790,,Confitemini deo deorum quoniam bonus,,,,,,SEMM,0
,,https://musicahispanica.eu/chant/71076,Confitemini deo deorum quoniam bonus,h00922a,,,,E-Mh (Madrid) Cod. 56,,049r,,,,Fer. 6 in Parasceve,07066000,LDSV,T,https://musicahispanica.eu/source/70790,,Confitemini deo deorum quoniam bonus,,,,,,SEMM,0
,,https://musicahispanica.eu/chant/62185,Confitemini deo deorum*,h00922a,,,,E-Tc (Toledo) 35.5,1,117v,,,,Dom. in Palmis,07061000,LDSV,MASS,https://musicahispanica.eu/source/20186,,Confitemini deo deorum*,,,,,,SEMM,0
,,https://musicahispanica.eu/chant/77940,Confitemini domino dominorum,h00922a,*,,,GB-Lbl (London) Add MS 30846,,143r,,,,Letanias Apostolicas,,LDSV,MASS,https://musicahispanica.eu/source/20202,,Confitemini domino dominorum,,,,,,SEMM,0
,,https://musicahispanica.eu/chant/71062,Laudabunt dominum qui requirunt eum,h00095a,,,,E-Mh (Madrid) Cod. 56,,048r,,,,Fer. 6 in Parasceve,07066000,LDSV,T,https://musicahispanica.eu/source/70790,,Laudabunt dominum qui requirunt eum,,,,,,SEMM,0
,,https://musicahispanica.eu/chant/21784,Laudabunt dominum qui requirunt eum,h00095a,,,,E-SI (Santo Domingo de Silos) MS 4,,154v,,,,Sabbato Sancto,07067000,LDSV,MASS,https://musicahispanica.eu/source/21404,,Laudabunt dominum qui requirunt eum,,,,,,SEMM,0
,,https://musicahispanica.eu/chant/103384,Qui cogitaverunt malitias in corde suo ,h00925a,,,,E-Tc (Toledo) 35.5,,108v,,,,Fer. 6 Hebd. 5 Quad.,,ANTV,V2,https://musicahispanica.eu/source/20186,,Qui cogitaverunt malitias in corde suo tota die constituebant proelia,,,,,,SEMM,0
,,https://musicahispanica.eu/chant/62168,Qui cogitaverunt malitias in corde suo ,h00925a,,,,E-Tc (Toledo) 35.5,,095v,,,,Dom. Quadragesimae,07001000,LDSV,MASS,https://musicahispanica.eu/source/20186,,Qui cogitaverunt malitias in corde suo tota die constituebant proelia,,,,,,SEMM,0
,,https://musicahispanica.eu/chant/64937,Quoniam adstitit a dextris pauperum ut ,h00920b,,,,E-L (León) Ms 8,,144r,,,,Dom. 4 Quadragesimae,07041000,LDSV,MASS,https://musicahispanica.eu/source/20175,,Quoniam adstitit a dextris pauperum ut salvam faceret a persequentibus animam meam,,,,,,SEMM,0
,,https://musicahispanica.eu/chant/62134,Quoniam adstitit a dextris pauperis ut ,h00920b,,,,E-Tc (Toledo) 35.5,,048r,,,,Dom. 3 Quadragesimae,07031000,LDSV,MASS,https://musicahispanica.eu/source/20186,,Quoniam adstitit a dextris pauperis ut salvum faceret a persequentibus animam meam,,,,,,SEMM,0
,,https://musicahispanica.eu/chant/62210,Posuerunt adversum me mala pro bonis ,h00923c,,,,E-Tc (Toledo) 35.5,3,135v,,,,Fer. 5 in Cena Dom.,07065000,LDSV,N,https://musicahispanica.eu/source/20186,,Posuerunt adversum me mala pro bonis et odium pro dilectione mea,,,,,,SEMM,0
,,https://musicahispanica.eu/chant/62110,Incipite domino in confessione psallite deo ,h00932a,,,,E-Tc (Toledo) 35.5,,007v,,,,Fer. 4 Hebd. 1 Quad.,07014000,LDSV,MASS,https://musicahispanica.eu/source/20186,,Incipite domino in confessione psallite deo nostro in laude,,,,,,SEMM,0
,,https://musicahispanica.eu/chant/62198,Domine firmamentum meum et refugium meum ,h00924a,,,,E-Tc (Toledo) 35.5,,123v,,,,Fer. 4 de Passione,07054000,LDSV,N,https://musicahispanica.eu/source/20186,,Domine firmamentum meum et refugium meum et liberator meus,,,,,,SEMM,0
,,https://musicahispanica.eu/chant/64733,Sed et lingua mea annuntiavit justitiam ,h00928a,,,,E-L (León) Ms 8,,134r,,,,Dom. 3 Quadragesimae,07031000,LDSV,MASS,https://musicahispanica.eu/source/20175,,Sed et lingua mea annuntiavit justitiam tuam tota die laudem tuam,,,,,,SEMM,0
,,https://musicahispanica.eu/chant/62153,Sed et lingua mea annuntiabit justitiam ,h00928a,,,,E-Tc (Toledo) 35.5,1,071v,,,,Dom. 4 Quadragesimae,07041000,LDSV,MASS,https://musicahispanica.eu/source/20186,,Sed et lingua mea annuntiabit justitiam tuam tota die laudem tuam,,,,,,SEMM,0
,,https://musicahispanica.eu/chant/64355,Laudent illum caeli et terra mare ,h00931a,,,,E-L (León) Ms 8,,117v,,,,Dom. 1 Quadragesimae,07011000,LDSV,MASS,https://musicahispanica.eu/source/20175,,Laudent illum caeli et terra mare et omnia aquae in eis sunt,,,,,,SEMM,0
,,https://musicahispanica.eu/chant/62122,Laudent illum celi ac terra mare ,h00931a,,,,E-Tc (Toledo) 35.5,,025r,,,,Dom. 2 Quadragesimae,07021000,LDSV,MASS,https://musicahispanica.eu/source/20186,,Laudent illum celi ac terra mare et omnia que in eis sunt,,,,,,SEMM,0
,,https://musicahispanica.eu/chant/64309,Et ego confitebor tibi in varis ,h00927a,,,,E-L (León) Ms 8,,115r,,,,Carnes Tollendas,,LDSV,N,https://musicahispanica.eu/source/20175,,Et ego confitebor tibi in varis psalmorum deus,,,,,,SEMM,0
,,https://musicahispanica.eu/chant/71066,Et ego confitebor tibi in vasis ,h00927a,,,,E-Mh (Madrid) Cod. 56,,048v,,,,Fer. 6 in Parasceve,07066000,LDSV,T,https://musicahispanica.eu/source/70790,,Et ego confitebor tibi in vasis psalmorum deus laudem tuam,,,,,,SEMM,0
,,https://musicahispanica.eu/chant/62186,Confitemini domino dominorum*,h00922b,,,,E-Tc (Toledo) 35.5,2,117v,,,,Dom. in Palmis,07061000,LDSV,MASS,https://musicahispanica.eu/source/20186,,Confitemini domino dominorum*,,,,,,SEMM,0
,,https://musicahispanica.eu/chant/65186,Impulsus sum ut caderem et dominus ,h00028a,,,,E-L (León) Ms 8,,156v,,,,Fer. 2 Maj. Hebd.,07062000,LDOFV,N,https://musicahispanica.eu/source/20175,,Impulsus sum ut caderem et dominus suscepit me,,,,,,SEMM,0
,,https://musicahispanica.eu/chant/21834,Impulsus sum ut caderem et dominus ,h00028a,,,,E-SI (Santo Domingo de Silos) MS 4,,140v,,,,Fer. 5 in Cena Dom.,07065000,LDSV,MASS,https://musicahispanica.eu/source/21404,,Impulsus sum ut caderem et dominus suscepit me,,,,,,SEMM,0
,,https://musicahispanica.eu/chant/64254,Sicut adipe et pinguedine repleatur anima ,h00930a,,,,E-L (León) Ms 8,,113r,,,,Carnes Tollendas,,LDMTV,N,https://musicahispanica.eu/source/20175,,Sicut adipe et pinguedine repleatur anima mea et labia exultationis laudabunt nomen tuum,,,,,,SEMM,0
,,https://musicahispanica.eu/chant/71064,Sicut adipe et pinguedine repleatur anima ,h00930a,,,,E-Mh (Madrid) Cod. 56,,048v,,,,Fer. 6 in Parasceve,07066000,LDSV,T,https://musicahispanica.eu/source/70790,,"Sicut adipe et pinguedine repleatur anima mea et labia exultationis laudabunt te domine
",,,,,,SEMM,0
,,https://musicahispanica.eu/chant/65152,Lauda anima mea dominum laudabo deum ,h00935b,,,,E-L (León) Ms 8,,154v,,,,Dom. in Palmis,07061000,LDSV,MASS,https://musicahispanica.eu/source/20175,,Lauda anima mea dominum laudabo deum in vita mea,,,,,,SEMM,0
,,https://musicahispanica.eu/chant/62213,Tu autem domine fac mecum misericordiam ,h00923f,,,,E-Tc (Toledo) 35.5,6,135v,,,,Fer. 5 in Cena Dom.,07065000,LDSV,N,https://musicahispanica.eu/source/20186,,Tu autem domine fac mecum misericordiam propter nomen tuum quia suavis misericordia tua libera me,,,,,,SEMM,0
,,https://musicahispanica.eu/chant/65217,Excipe servum tuum in bono ut ,h00926a,,,,E-L (León) Ms 8,,158v,,,,Fer. 3 Maj. Hebd.,07063000,LDSV,N,https://musicahispanica.eu/source/20175,,Excipe servum tuum in bono ut non calumnientur mihi superbi,,,,,,SEMM,0
,,https://musicahispanica.eu/chant/62209,Pro eo quod eos diligebam adversantur ,h00923b,,,,E-Tc (Toledo) 35.5,2,135v,,,,Fer. 5 in Cena Dom.,07065000,LDSV,N,https://musicahispanica.eu/source/20186,,Pro eo quod eos diligebam adversantur ego autem orabam pro eis,,,,,,SEMM,0
