id,corpus_id,chantlink,incipit,cantus_id,mode,finalis,differentia,siglum,position,folio,sequence,marginalia,cao_concordances,feast,feast_code,genre,office,srclink,melody_id,full_text,full_text_manuscript,volpiano,notes,dataset_name,dataset_idx,db,image_link
,,http://musmed.eu/chant/220228,Propitius esto parce nobis domine | Ab ,909041e,,,,D-Mbs Clm 02542,,109v,,,,Ad Missam,16012000,LiV,MASS,http://musmed.eu/source/12117,,Propitius esto parce nobis domine | Ab insidiis diaboli libera nos domine A fulgure et tempestate | Per mysterium sanctae incarnationis tuae libera nos domine | Per passionem et crucem tuam libera nos domine | Per gloriosam resurrectionem tuam libera nos domine | Per admirabilem ascensionem tuam libera nos domine | Per gratiam sancti spiritus paracliti libera nos domine | In die judicii libera nos domine,,,,,,MMMO,https://www.digitale-sammlungen.de/en/view/bsb00017609?page=222
,,http://musmed.eu/chant/220501,Propitius esto parce nobis domine | Ab ,909041e,,,,D-TRp Hs 0187,,081v,,,,Sabbato Sancto,07067000,LiV,MASS,http://musmed.eu/source/14562,,Propitius esto parce nobis domine | Ab omni malo libera nos domine | Ab omni peccato libera nos domine | Ab insidiis et laqueis diaboli libera nos domine | Per crucem et passionem et mortem tuam libera nos domine | Per sanctam resurrectionem tuam libera nos domine || (in vigilia pentecostes) Per spiritum paraclitum libera nos domine | In die judicii libera nos domine ,,,,,,MMMO,https://universalviewer.io/uv.html?manifest=https%3A//textgridlab.org/1.0/iiif/manifests/textgrid%3A2z33n.0/manifest.json&fbclid=IwAR0zEljbDsLksibc0EJo3pnQVeE0-MxPuXXZRxKTGsJ6SkuLQy_YNksP0Y0#?c=0&m=0&s=0&cv=165&xywh=-2675%2C-1%2C7849%2C3546
,,http://musmed.eu/chant/75997,Gratiam tuam concede nobis Domine. | Salutem ,909041e,,,,F-AUT Ms S 0012 (11),,093v,,,,Fer. 4 in Letaniis,08064000,LiV,MASS,http://musmed.eu/source/8575,,Gratiam tuam concede nobis Domine. | Salutem et sanitatem dona nobis domine | Gaudium cum pace tribue nobis domine | Nunc et in perpetuum miserere nobis | Pluviam congruentem dona nobis domine,,,,,,MMMO,https://bvmm.irht.cnrs.fr/iiif/21561/canvas/canvas-1938502/view
,,http://musmed.eu/chant/201194,Propitius esto parce nobis domine | Propitius ,909041e,,,,F-CA Ms 0078 (79),,023r,,,,Sabbato Sancto,07067000,LiV,MASS,http://musmed.eu/source/9076,,Propitius esto parce nobis domine | Propitius esto libera nos domine | A peste et fame libera nos Domine | A subitanea et inprovisa morte lib | Ab insidiis diaboli lib* | A percutionem inimici Lib* | A ventura ira lib* | Per incarnationem et incarnationem tuam lib* | Per nativitatem circimcisionem tuam lib* | per apparitionem et baptismum tuum libera * | Per jejunium et temptationes tuas lib* | Per passionem et crucem tuam lib* | Per mortem et sepulchrum tuam lib* | Per sanctam resurrectionem et ascensionem tuam libera | Per adventum sancti spiritus paracliti libera | In die mortis nostrae lib* | In die judicii lib*,,,,,,MMMO,https://bvmm.irht.cnrs.fr/iiif/19354/canvas/canvas-1722534/view
,,http://musmed.eu/chant/218253,Propitius esto parce nobis domine | Ab ,909041e,,,,F-Pn Lat. 17307,,109r,,,,Sabbato Sancto,07067000,LiV,MASS,http://musmed.eu/source/13489,,Propitius esto parce nobis domine | Ab omni malo libera nos domine | A ventura ira  In die judicii | Per nativitatem tuam Per baptismum tuum Per jejunium tuum | Per crucem et passionem tuam | Per resurrectionem tuam | Per admirabilem ascensionem tuam | Per adventum spiritus sancti paracliti | Per misericordiam tuam,,,,,,MMMO,https://gallica.bnf.fr/ark:/12148/btv1b84262643/f223.item.zoom
,,http://musmed.eu/chant/229039,Propitius esto parce nobis Domine | Ab ,909041e,,,,F-Pn Lat. 9441,,076r,,,,Sabbato Sancto,07067000,LiV,MASS,http://musmed.eu/source/13295,,Propitius esto parce nobis Domine | Ab omni malo libera nos domine | Ab insidiis diaboli A periculo mortis Ab subitanea morte A peste et fame Ab omni peccato libera nos domine | Ab omni perpetua libera nos domine | Per mysterium sanctae incarnationis tuae libera nos domine | Per adventum tuum libera nos domine | Per nativitatem tuam libera nos domine | Per baptismum et sanctum jejunium tuum libera nos domine | Per crucem et passionem tuam libera nos domine | Per mortem et sepulturam tuam libera nos domine | Per sanctam resurrectionem tuam libera nos domine | Per admirabilem ascensionem tuam libera nos domine | Per adventum spiritus sancti paracliti libera nos domine | In die judicii libera nos domine,,,,,,MMMO,https://gallica.bnf.fr/ark:/12148/btv1b52510137d/f171
,,http://musmed.eu/chant/235809,Propitius esto parce nobis domine | Ab ,909041e,,,,F-VN Ms 0759,,104r,,,,Sabbato Sancto,07067000,LiV,MASS,http://musmed.eu/source/15006,,Propitius esto parce nobis domine | Ab omni malo libera nos domine | Per crucem tuam libera nos domine | Per crucem tuam libera nos domine |  Per sanctam resurrectionem tuam libera nos domine | Per adventum spiritus sancti paracliti libera nos domine | In die judicii libera nos domine,,,,,,MMMO,0
,,http://musmed.eu/chant/220395,Propitius esto | A pravis cogit | A ,909041e,,,,I-Ra Ms 1383,,087r,,,,Sabbato Sancto,07067000,LiV,MASS,http://musmed.eu/source/157182,,Propitius esto | A pravis cogit | A malis operibus | A subitanea mortis | Per adventum tuum | Per nativitatem tuam | Per baptismum et jejunium tuum | Per crucem et passionem tuam | Per mortem et resurrectionem tuam | Per gloriosam ascensionem | Per adventum spiritus sancti paracliti | In die judicii,,,,,,MMMO,https://www.internetculturale.it/jmms/iccuviewer/iccu.jsp?id=oai%3Awww.internetculturale.sbn.it/Teca%3A20%3ANT0000%3AN%3ACNMD0000306636&mode=all&teca=MagTeca%20-%20ICCU&viewType=onepage&mediaType=image&objectIndex=178
,,http://musmed.eu/chant/220405,Propitius esto | A potestate diabli | A ,909041e,,,,I-Ra Ms 1383,,088r,,,,Sabbato Sancto,07067000,LiV,MASS,http://musmed.eu/source/157182,,Propitius esto | A potestate diabli | A poenis inferni Seq. ut supra,,,,,,MMMO,0
,,https://cantusplanus.pl/chant/27431,Propitius esto parce nobis domine | Propitius ,909041e,,,,PL-SAk 40 Graduał z Sandomierza,04,037v,,,,Sabbato Sancto,07067000,La,MASS,https://cantusplanus.pl/source/26589,,Propitius esto parce nobis domine | Propitius esto libera nobis domine | Propitius esto exaudi nos domine | Ab insidiis diaboli libera nos domine| Ab omni malo libera nos domine | A dampnatione perpetua libera nos domine | Per mysterium incarnationis tuae audi nos | Per nativitatem tuam | Per baptismum et jejunium | Per crucem et passionem | Per mortem et sepulturam tuam | Per sanctam resurrectionem | Per admirabilem | Per ascensionem tuam | Per adventum spiritus sancti paracliti | In die judicii ,,,,,,CPL,https://cantusplanus.pl/image/26664
,,http://musmed.eu/chant/231554,Propitius esto parce nobis Domine | A ,909041e,,,,US-PHf Lewis E 158,,151r,,,,Dom. Resurrectionis,08011000,LiV,MASS,http://musmed.eu/source/98182,,Propitius esto parce nobis Domine | A damnatione perpetua Libera nos Domine | Ab imminentibus peccatorum nostrorum periculis L* |  Ab omnium immunditia mentis et corporis L* | Ab ira et odium et omni mala voluntatem L* |Ab immundis cogitatoribus L* | A caecitate cordis L* | A fulgure et tempestate L* [152r] | Ab omni malo L* | Per mysterium sanctae incarnationis tuae L* | Per passionem et crucem tuam L* | Per gloriosam resurrectionem tuam L* | Per admirabilem ascensionem tuam L* | Per gratiam spiritus sancti paracliti L* | In die judicii L*,,,,,,MMMO,https://openn.library.upenn.edu/Data/0023/lewis_e_158/data/web/5411_0356_web.jpg
,,https://cantusdatabase.org/chant/1003095,Precibus virginis Mariae peccata ejus,a07764:03,,,,US-STu MSS CODEX 0734 FF,3,077r,,,,Pro defunctis,13001000,LiV,X,https://cantusdatabase.org/source/1000019,,Precibus virginis Mariae peccata ejus dimitte,,1---efed--c--d7---e--f--g---h--g-e-f--e---e7--d-g--fed---d-e-c-b--a---e--f7-ede--d---3,,,,CD,
,,https://cantusdatabase.org/chant/713023,Pater de caelis deus miserere,909041a,8,,,CDN-VicBCpc D-0es6l,01,001v,,,,Sabbato Sancto,07067000,LiV,MI,https://cantusdatabase.org/source/713018,,Pater de caelis deus miserere nobis | Fili redemptor mundi deus miserere nobis | Spiritus sancte deus nobis | Sancta trinitas unus deus miserere nobis,,,,,,CD,https://fragmentarium.ms/view/page/F-es6l/7953/63186
,,http://musmed.eu/chant/207656,Pater de caelis deus miserere nobis | ,909041a,,,,CH-ROM Ms. liturg. FiD 5,,110r,,,,Sabbato Sancto,07067000,LiV,MASS,http://musmed.eu/source/97795,,Pater de caelis deus miserere nobis | Fili redemptor mundi deus miserere nobis | Spiritus sancte deus miserere nobis | Sancta trinitas unus deus miserere nobis,,,,,,MMMO,https://www.e-codices.unifr.ch/en/fdr/0005/110r/0/Sequence-2575
,,http://musmed.eu/chant/57630,Pater de caelis deus miserere nobis | ,909041a,,,,D-KNd Ms 1001b,,137v,,,,Sabbato Sancto,07067000,LiV,,http://musmed.eu/source/11493,,Pater de caelis deus miserere nobis | Fili redemptor mundi deus miserere nobis | Spiritus sancte deus miserere nobis | Sancta trinitas unus deus miserere nobis,,,,,,MMMO,https://digital.dombibliothek-koeln.de/hs/content/zoom/311703
,,http://musmed.eu/chant/220219,Pater de caelis deus miserere nobis | ,909041a,,,,D-Mbs Clm 02542,,107r,,,,Ad Missam,16012000,LiV,MASS,http://musmed.eu/source/12117,,Pater de caelis deus miserere nobis | Fili redemptor mundi deus miserere nobis | Spiritus sancte deus miserere nobis | Sancta trinitas unus deus miserere nobis,,,,,,MMMO,https://www.digitale-sammlungen.de/en/view/bsb00017609?page=217
,,http://musmed.eu/chant/220224,Pater de caelis deus miserere nobis | ,909041a,,,,D-Mbs Clm 02542,,108r,,,,Ad Missam,16012000,LiV,MASS,http://musmed.eu/source/12117,,Pater de caelis deus miserere nobis | Fili redemptor mundi deus miserere nobis | Spiritus sancte deus miserere nobis | Sancta trinitas unus Deus miserere nobis,,,,,,MMMO,https://www.digitale-sammlungen.de/en/view/bsb00017609?page=219
,,https://musicahispanica.eu/chant/96205,Pater de caelis deus miserere nobis | ,909041a,5,,,E-Bbc (Barcelona) M 889,P,070r,,,,Sabbato Sancto,07067000,Li,X,https://musicahispanica.eu/source/20235,,Pater de caelis deus miserere nobis | Fili redemptor mundi deus miserere nobis | Spiritus sancte deus miserere nobis | Sancta trinitas unus deus miserere nobis | Sancta Maria ora pro nobis | Sancta dei genetrix ora pro nobis | Sancta virgo virginum ora pro nobis Sancte Michael ora pro nobis | Sancte Gabriel ora pro nobis | Sancte Raphael ora pro nobis | Omnes sancti beatorum spirituum ordines orate pro nobis | Sancte Joannes Baptista ora pro nobis | Omnes sancti patriarchae et prophetae orate pro nobis | Sancte Petre ora pro nobis | Sancte Paule ora pro nobis | Sancte Andrea ora pro nobis | Sancte Iacobe ora pro nobis | Sancte Joannes ora pro nobis | Sancte Phylippe | Sancte Bartolomee ora pro nobis | Sancte Mathee ora pro nobis | Sancte Thoma ora pro nobis | Sancte jacobe ora pro nobis | Sancte Symon ora pro nobis | Sancte Thaddee ora pro nobis | Sancte Mathia ora pro nobis | Sancte Luca ora pro nobis | Sancte marce ora pro nobis | Omnes sancti apostoli et evangelistae orate pro nobis | Sancte Stephane ora pro nobis | Sancte Laurenti ora pro nobis | Sancte Vincenti ora pro nobis | Omnes sancti martyres orate pro nobis | Sancte Sylvester ora pro nobis | Sancte Martine ora pro nobis | Sancte Benedicte ora pro nobis | Omnes sancti confessores orate pro nobis | Sancta felicitas ora pro nobis | Sancta Agatha ora pro nobis | Sancta Agnes ora pro nobis | Omnes sanctae virgines continentes orate pro nobis | Omnes sancti mare orate pro nobis | Propitius esto parce nos domine | Propitius libera nos domine | Ab omni malo libera nos domine | Per nativitatem tuam libera nos domine | Per passionem et crucem tuam libera nos domine | Per gloriosam resurrectionem tuam libera nos domine | Per admirabilem ascensionem tuam libera nos domine | Per adventum spiritus paracliti libera nos domine | Peccatores te rogamus audi nos | Ut pacem et corcondiam dones te rogamus audi nos | Ut gratiam sancti spiritus cordibus nostris infundere digneris te rogamos audi nos | Ut cunctum populum christianum precioso sanguine tuo redemptum conservare digneris te rogamus | Ut cunctis fidelibus defunctis requiem aeternam donare digneris te rogamus audi nos | Ut nos exaudire digneris te rogamus | Fili dei te rogamus audi nos | Agnus dei qui tollis peccata mundi parce nobis domine | Agnus dei qui tollis peccata mundi libera nos | Agnus dei qui tollis peccata mundi dona nobis pacem | Kyrie eleison | Kyrie eleison | Kyrie eleison | Christe eleison | Christe eleison | Christe eleison | Kyrie eleison | Kyrie eleison | Kyrie eleison | ,,,,,,SEMM,0
,,http://musmed.eu/chant/75992,Pater de caelis deus miserere nobis | ,909041a,,,,F-AUT Ms S 0012 (11),,093r,,,,Fer. 4 in Letaniis,08064000,LiV,,http://musmed.eu/source/8575,,Pater de caelis deus miserere nobis | Fili redemptor mundi deus miserere nobis | Spiritus sancte deus miserere nobis |  Ipse idemque benigne deus miserere nobis | Qui est trinus et unus deus miserere nobis | Sancta trinitas unus deus miserere nobis | Sancte sanctorum deus miserere nobis,,,,,,MMMO,https://bvmm.irht.cnrs.fr/iiif/21561/canvas/canvas-1938501/view
,,http://musmed.eu/chant/137904,Pater de caelis deus miserere nobis | ,909041a,,,,F-CA Ms 0061 (62),,145v,,,,In Letaniis maj.,08042500,LiV,,http://musmed.eu/source/9071,,Pater de caelis deus miserere nobis | Fili redemptor mundi deus miserere nobis | Spiritus sancte deus miserere nobis | Qui es trinus et unus deus miserere nobis,,,,,,MMMO,https://bvmm.irht.cnrs.fr/consult/consult.php?mode=ecran&panier=false&reproductionId=19290&VUE_ID=1708984&carouselThere=false&nbVignettes=4x3&page=13&angle=0&zoom=moyen&tailleReelle=
,,http://musmed.eu/chant/201321,Pater de caelis deus miserere nobis | ,909041a,,,,F-CA Ms 0078 (79),,040r,,,,In Letaniis maj.,08042500,LiV,,http://musmed.eu/source/9076,,Pater de caelis deus miserere nobis | Fili redemptor mundi deus miserere nobis | Spiritus sancte deus miserere nobis | Qui es trinus et unus deus mis* | Ipse ideoque benigne Deus mis* | Sancte sanctorum Deus mis*,,,,,,MMMO,https://bvmm.irht.cnrs.fr/iiif/19354/canvas/canvas-1722551/view
,,http://musmed.eu/chant/208652,Pater de caelis deus miserere nobis | ,909041a,,,,F-Pa Ms 0135,,093v,,,,Sabbato Sancto,07067000,LiV,MASS,http://musmed.eu/source/12848,,Pater de caelis deus miserere nobis | Fili redemptor mundi deus miserere nobis | Spiritus sancte deus miserere nobis | Sancta trinitas unus deus miserere nobis,,,,,,MMMO,https://gallica.bnf.fr/ark:/12148/btv1b550057271/f196.item
,,http://musmed.eu/chant/208800,Kyrie Qui pretioso | Pater de caelis | ,909041a,,,,F-Pa Ms 0135,,108r,,,,Fer. 2 in Letaniis,08062000,LiV,MASS,http://musmed.eu/source/12848,,Kyrie Qui pretioso | Pater de caelis | Domine miserere | ,,,,,,MMMO,https://gallica.bnf.fr/ark:/12148/btv1b550057271/f225.item
,,http://musmed.eu/chant/161582,Pater de caelis Deus miserere nobis | ,909041a,,,,F-Pn Lat. 1121,,164v,,,,Fer. 4 in Letaniis,08064000,LiV,,http://musmed.eu/source/13060,,Pater de caelis Deus miserere nobis | Fili redemptor mundi Deus miserere nobis | Spiritus sancte Deus miserere nobis | Qui es trinus et unus Deus miserere nobis | Sancta trinitas Deus miserere nobis | Ipse idem quae benignus Deus miserere nobis,,,,,,MMMO,https://gallica.bnf.fr/ark:/12148/btv1b8432272p/f336.item
,,http://musmed.eu/chant/110291,Pater de caelis deus miserere nobis | ,909041a,,,,F-Pn Lat. 904,,043v,,,,Fer. 4 Cinerum,06034000,LiV,,http://musmed.eu/source/13023,,Pater de caelis deus miserere nobis | Fili redemptor mundi deus miserere nobis | Spiritus sancte deus miserere nobis | Sancta trinitas unus deus miserere nobis,,,,,,MMMO,https://gallica.bnf.fr/ark:/12148/btv1b84324657/f96.image
,,http://musmed.eu/chant/229035,Pater de caelis deus miserere nobis | ,909041a,,,,F-Pn Lat. 9441,,076r,,,,Sabbato Sancto,07067000,LiV,MASS,http://musmed.eu/source/13295,,Pater de caelis deus miserere nobis | Fili redemptor mundi Deus miserere nobis | Spiritus sancte Deus miserere nobis | Qui es trinitas et unus Deus miserere nobis,,,,,,MMMO,https://gallica.bnf.fr/ark:/12148/btv1b52510137d/f171
,,http://musmed.eu/chant/80918,Pater de caelis deus miserere nobis | ,909041a,,,,F-Pn NAL 01235,,135r,,,,Ad Processionem,16009000,LiV,,http://musmed.eu/source/13534,,Pater de caelis deus miserere nobis | Kyrieleison Christe eleison Christe audi nos | Fili redemptor mundi deus miserere nobis Kyrieleison| Spiritus sancte deus miserere nobis  Kyrieleison| Sancta Maria ora pro nobis Kyrieleison *,,,,,,MMMO,https://gallica.bnf.fr/ark:/12148/btv1b8432301z/f281.image
,,http://musmed.eu/chant/231550,Pater de caelis Deus miserere nobis | ,909041a,,,,US-PHf Lewis E 158,,151r,,,,Dom. Resurrectionis,08011000,LiV,MASS,http://musmed.eu/source/98182,,Pater de caelis Deus miserere nobis | Fili redemptor mundi Deus miserere nobis | Spiritus sancte Deus miserere nobis | Sancta trinitas unus Deus miserere nobis,,,,,,MMMO,https://openn.library.upenn.edu/Data/0023/lewis_e_158/data/web/5411_0356_web.jpg
,,http://musmed.eu/chant/201195,Peccatores te rogamus audi nos | Ut ,909041f.1,,,,F-CA Ms 0078 (79),,023v,,,,Sabbato Sancto,07067000,LiV,MASS,http://musmed.eu/source/9076,,Peccatores te rogamus audi nos | Ut pacem nobis dones te rogamus audi nos | Ut pacem nobis dones TE ROGAMUS | Ut aeries temperiem nobis dones | Ut fructus terrae nobis concedas | Ut donum apostolicum in sancta religione conservare digneris TE ROG | Ut episcoporum nostrorum conservare digneris | Ut regi nostro vitam atque victo victoriam dones Te rogamus | Ut cuntum populum Christianum pretioso sanguine tuo redemptum confer | Ut ecclesiam tuam protegere et exaltare digneris te rogamus audi nos | Ut gratiam sancti spiritus cordibus nostris infundere digneris TE rogamus | Ut nobis misereris misericors misereri digneris TE rogamus audi nos | Ut nos exaudire digneris te rog*amus audi nos | Ut cunctis fidelibus defunctis requiem aeternam dones TE rogamus* | Fili Dei te rogamus audi nos,,,,,,MMMO,https://bvmm.irht.cnrs.fr/iiif/19354/canvas/canvas-1722535/view
,,https://cantus.sk/chant/19924,Peccatores te rogamus audi nos | Ut ,909041f.1,,,,SK-BRsa (Bratislava) Slovenský národný archív - Graduale Nitriensis,05,054r,,,,Sabbato Sancto,07067000,Varia,MASS,https://cantus.sk/source/6776,,Peccatores te rogamus audi nos | Ut pacem nobis dones te rogamus audi nos | Ut ecclesiam tuam regere et defendere digneris te rogamus audi nos | Ut fontem istum benedicere digneris te rogamus audi nos | Ut fontem istum benedicere et consecrare digneris te rogamus audi nos | Ut fontem istum benedicere consecrare et sanctificare digneris te rogamus audi nos | Ut nos exaudire digneris te rogamus audi nos | Ut nos custodire digneris te rogamus audi nos | Fili dei te rogamus audi nos,,,,,,CSK,
,,https://cantusdatabase.org/chant/1003348,Sancte Maria ora pro nobis,a07786:04,3,,,D-WIl 2 upper pastedown,03,001v,,,,In Letaniis,08068010,LiV,X,https://cantusdatabase.org/source/702501,,Sancte Maria ora pro nobis,,1---d--f---d--d--c---ghhk--h---f---gf--e---,,,,CD,https://fragmentarium.ms/view/page/F-ymov/9948/72413
,,https://cantusdatabase.org/chant/1003352,Sancte Michael ora pro nobis,a07786:04,3,,,D-WIl 2 upper pastedown,07,001v,,,,In Letaniis,08068010,LiV,X,https://cantusdatabase.org/source/702501,,Sancte Michael ora pro nobis,,1---d--f---d--d--c---h--h---f---gf--e7---,,,,CD,https://fragmentarium.ms/view/page/F-ymov/9948/72413
,,https://cantusdatabase.org/chant/1003354,Sancte Johannes*,a07786:04,3,,,D-WIl 2 upper pastedown,09,001v,,,,In Letaniis,08068010,LiV,X,https://cantusdatabase.org/source/702501,,Sancte Johannes*,,1---d--f---d--d--c---,,,,CD,https://fragmentarium.ms/view/page/F-ymov/9948/72413
,,https://cantusdatabase.org/chant/1003356,Sancte Petre*,a07786:04,3,,,D-WIl 2 upper pastedown,11,001v,,,,In Letaniis,08068010,LiV,X,https://cantusdatabase.org/source/702501,,Sancte Petre*,,1---d--f---d--c---,,,,CD,https://fragmentarium.ms/view/page/F-ymov/9948/72413
,,https://cantusdatabase.org/chant/1003358,Sancte Paule*,a07786:04,3,,,D-WIl 2 upper pastedown,13,001v,,,,In Letaniis,08068010,LiV,X,https://cantusdatabase.org/source/702501,,Sancte Paule*,,1---d--f---dC--c---,,,,CD,https://fragmentarium.ms/view/page/F-ymov/9948/72413
,,https://cantusdatabase.org/chant/1003360,Sancte Andrea*,a07786:04,3,,,D-WIl 2 upper pastedown,15,001v,,,,In Letaniis,08068010,LiV,X,https://cantusdatabase.org/source/702501,,Sancte Andrea*,,1---d--f---d--d--c---,,,,CD,https://fragmentarium.ms/view/page/F-ymov/9948/72413
,,https://cantusdatabase.org/chant/1003362,Sancte Jacobe*,a07786:04,3,,,D-WIl 2 upper pastedown,17,001v,,,,In Letaniis,08068010,LiV,X,https://cantusdatabase.org/source/702501,,Sancte Jacobe*,,1---d--f---d--d--c---,,,,CD,https://fragmentarium.ms/view/page/F-ymov/9948/72413
,,https://cantusdatabase.org/chant/1003364,Sancte Stephane*,a07786:04,3,,,D-WIl 2 upper pastedown,19,001v,,,,In Letaniis,08068010,LiV,X,https://cantusdatabase.org/source/702501,,Sancte Stephane*,,1---d--f---d--d--c---,,,,CD,https://fragmentarium.ms/view/page/F-ymov/9948/72413
,,https://cantusdatabase.org/chant/1003366,Sancte Clemens*,a07786:04,3,,,D-WIl 2 upper pastedown,21,001v,,,,In Letaniis,08068010,LiV,X,https://cantusdatabase.org/source/702501,,Sancte Clemens*,,1---d--f---d--c---,,,,CD,https://fragmentarium.ms/view/page/F-ymov/9948/72413
,,https://cantusdatabase.org/chant/1003368,Sancte Laurenti*,a07786:04,3,,,D-WIl 2 upper pastedown,23,001v,,,,In Letaniis,08068010,LiV,X,https://cantusdatabase.org/source/702501,,Sancte Laurenti*,,1---d--f---d--dC--c---,,,,CD,https://fragmentarium.ms/view/page/F-ymov/9948/72413
,,https://cantusdatabase.org/chant/1003370,Sancte Albane*,a07786:04,3,,,D-WIl 2 upper pastedown,25,001v,,,,In Letaniis,08068010,LiV,X,https://cantusdatabase.org/source/702501,,Sancte Albane*,,1---d--f---d--d--c7---,,,,CD,https://fragmentarium.ms/view/page/F-ymov/9948/72413
,,https://cantusdatabase.org/chant/1003372,Sancte Hilari*,a07786:04,3,,,D-WIl 2 upper pastedown,27,001v,,,,In Letaniis,08068010,LiV,X,https://cantusdatabase.org/source/702501,,Sancte Hilari*,,1---d--f---d--d--c7---,,,,CD,https://fragmentarium.ms/view/page/F-ymov/9948/72413
,,https://cantusdatabase.org/chant/1003374,Sancte Martine*,a07786:04,3,,,D-WIl 2 upper pastedown,29,001v,,,,In Letaniis,08068010,LiV,X,https://cantusdatabase.org/source/702501,,Sancte Martine*,,1---d--f---d--d--c7---,,,,CD,https://fragmentarium.ms/view/page/F-ymov/9948/72413
,,https://cantusdatabase.org/chant/1003375,Sancte Benedicte*,a07786:04,3,,,D-WIl 2 upper pastedown,30,001v,,,,In Letaniis,08068010,LiV,X,https://cantusdatabase.org/source/702501,,Sancte Benedicte*,,1---d--f---d--d--d--c7-,,,,CD,https://fragmentarium.ms/view/page/F-ymov/9948/72413
,,https://cantusdatabase.org/chant/1003376,Sancte Gregori*,a07786:04,3,,,D-WIl 2 upper pastedown,31,001v,,,,In Letaniis,08068010,LiV,X,https://cantusdatabase.org/source/702501,,Sancte Gregori*,,1---d--f---d--d--c7---,,,,CD,https://fragmentarium.ms/view/page/F-ymov/9948/72413
,,https://cantusdatabase.org/chant/1003377,Sancta Felicitas*,a07786:04,3,,,D-WIl 2 upper pastedown,32,001v,,,,In Letaniis,08068010,LiV,X,https://cantusdatabase.org/source/702501,,Sancta Felicitas*,,1---d--f---d--d--d--c7---,,,,CD,https://fragmentarium.ms/view/page/F-ymov/9948/72413
,,https://cantusdatabase.org/chant/1003378,Sancta Agnes*,a07786:04,3,,,D-WIl 2 upper pastedown,33,001v,,,,In Letaniis,08068010,LiV,X,https://cantusdatabase.org/source/702501,,Sancta Agnes*,,1---d--f---d--c7---,,,,CD,https://fragmentarium.ms/view/page/F-ymov/9948/72413
,,https://cantus.sk/chant/20504,Sancte Petre ora pro nobis | Sancte ,909041d.1,,,,SK-BRsa (Bratislava) Slovenský národný archív - Graduale Nitriensis,03,052v,,,,Sabbato Sancto,07067000,Varia,MASS,https://cantus.sk/source/6776,,"Sancte Petre ora pro nobis | Sancte Paule ora pro nobis | Sancte Andrea ora pro nobis | Sancte Bartholomaee ora pro nobis | Omnes sancti apostoli et evangelistae orate pro nobis | Sancte Stephane protomartyre ora pro nobis | Sancte Georgi ora pro nobis | Sancte Laurentii ora pro nobis | Omnes sancti martyres orate pro nobis | Sancte Silvester ora pro nobis | Sancte Martine ora pro nobis | Sancte Nicolae ora pro nobis | Sancte rex Stephane ora pro nobis | Sancte rex Ladislae ora pro nobis | Sancte dux Emerice ora pro nobis | Omnes sancti confessores orate pro nobis | Sancta Maria Magdalena ora pro nobis | Sancta Anna ora pro nobis | Sancta Margareta ora pro nobis | Sancta Dorotea ora pro nobis | Sancta Catharina ora pro nobis | Omnes sanctae virgines et viduae orate pro nobis

",,,,,,CSK,
,,http://musmed.eu/chant/158271,Hunc diem Multos annos (ter) | Istam ,a07736,,,,CH-SGs Cod 0381,,012,,,,,,LiV,MASS,http://musmed.eu/source/14291,,Hunc diem Multos annos (ter) | Istam congregationem Deus conservet (ter) | Annos vitae Deus multiplicet | Feliciter Feliciter Feliciter | Tempora bona habeant Tempora bona habeant Tempora bona habeant Amen,,,,,,MMMO,https://www.e-codices.unifr.ch/en/csg/0381/12/0/
,,http://musmed.eu/chant/215284,Hunc diem Multos annos (ter) | Istam ,a07736,,,,CH-SGs Cod 0484,,204,,,,Ad Missam,16012000,LiV,MASS,http://musmed.eu/source/14311,,Hunc diem Multos annos (ter) | Istam congregationem Deus conservet (ter) | Annos vitae Deus multiplicet | Feliciter Feliciter Feliciter | Tempora bona habeant Tempora bona habeant Tempora bona habeant Amen,,,,,,MMMO,https://www.e-codices.unifr.ch/en/csg/0484/204/0/
,,http://musmed.eu/chant/207661,Propitius esto parce nobis domine | Ab ,909041e.2,,,,CH-ROM Ms. liturg. FiD 5,,110v,,,,Sabbato Sancto,07067000,LiV,MASS,http://musmed.eu/source/97795,,Propitius esto parce nobis domine | Ab imminentibus peccatorum nostrorum periculis libera nos domine | A damnatione perpetua libera nos domine | Per mysterium sanctae incarnationis tuae libera nos domine | Per passionem et crucem tuam libera nos domine | Per gloriosam resurrectionem tuam libera nos domine | Per admirabilem ascensionem tuam libera nos domine | Per gratiam sancti spiritus paracliti libera nos domine ,,,,,,MMMO,https://www.e-codices.unifr.ch/en/fdr/0005/110v/0/Sequence-2575
,,http://musmed.eu/chant/220220,Propitius esto parce nobis domine | Ab ,909041e.2,,,,D-Mbs Clm 02542,,107v,,,,Ad Missam,16012000,LiV,MASS,http://musmed.eu/source/12117,,Propitius esto parce nobis domine | Ab imminentibus peccatorum nostrorum periculis libera nos domine | A damnatione perpetua libera nos domine |  Per mysterium sanctae incarnationis tuae libera nos domine | Per passionem et crucem tuam libera nos domine | Per gloriosam resurrectionem tuam libera nos domine | Per admirabilem ascensionem tuam libera nos domine | Per gratiam sancti spiritus paracliti libera nos domine ,,,,,,MMMO,https://www.digitale-sammlungen.de/en/view/bsb00017609?page=218
,,https://cantusdatabase.org/chant/1003346,Aufer a nobis domine iniquitates,a07786:01,3,,,D-WIl 2 upper pastedown,01,001v,,,,In Letaniis,08068010,LiV,X,https://cantusdatabase.org/source/702501,,Aufer a nobis domine iniquitates nostras ut mereamur puris mentibus introire ad sacra sanctorum,,1---eD--g---hk---k--k---k--j--k--l--k---kj--h---h---g--hj--k---h---gf--f---e--f--g---g--f--fe--d---g---hhk--h---f--gf--e---,,,,CD,https://fragmentarium.ms/view/page/F-ymov/9948/72413
,,https://cantusdatabase.org/chant/1003349,Aufer a*,a07786:01,3,,,D-WIl 2 upper pastedown,04,001v,,,,In Letaniis,08068010,LiV,X,https://cantusdatabase.org/source/702501,,Aufer a*,,1---eD--g---hk7---,,,,CD,https://fragmentarium.ms/view/page/F-ymov/9948/72413
,,http://musmed.eu/chant/207660,Sancte Petre ora pro nobis | Sancte ,909041d,,,,CH-ROM Ms. liturg. FiD 5,,110r,,,,Sabbato Sancto,07067000,LiV,MASS,http://musmed.eu/source/97795,,Sancte Petre ora pro nobis | Sancte Paule ora pro nobis | Sancte Andrea ora pro nobis | Sancte Jacobe | Sancte Joannes ora pro nobis | Omnes sancti apostoli et evangelistae orate pro nobis | Sancte Stephane ora pro nobis | Sancte Laurentii ora pro nobis | Sancte Thomae Johannes et Paule Omnes sancti martyres ora te pro nobis | Sancte Martine Nicholae Benedicte Bernardae | Omnes sancti confessores orate pro nobis | Sancta Maria Magdalena ora pro nobis | Sancta Agatha ora pro nobis | Sancta Agnes ora pro nobis | Sancta Catherinae ora pro nobis | Omnes sanctae virgines orate pro nobis | Omnes sancti et sanctae orate,,,,,,MMMO,https://www.e-codices.unifr.ch/en/fdr/0005/110r/0/Sequence-2575
,,http://musmed.eu/chant/220218,Sancte Petre ora pro nobis | Sancte ,909041d,,,,D-Mbs Clm 02542,,107r,,,,Ad Missam,16012000,LiV,MASS,http://musmed.eu/source/12117,,Sancte Petre ora pro nobis | Sancte Paule ora pro nobis | Sancte Andrea ora pro nobis | Sancte Jacobe ora pro nobis | Sancte Thomae ora pro nobis | Sancte Johannes ora pro nobis | Sancte Johannes et Paule | Omnes sancti apostoli et evangelistae ora te pro nobis | [Omnes sancti discipuli domini ora te pro nobis] | Sancte Stephane ora pro nobis | Sancte Laurentii ora pro nobis | Sancte Vincenti ora pro nobis | Omnes sancti martyres ora te pro nobis |  Martine  Nicholae Benedicte Bernardi Omnes sancti confessores orate pro nobis | Sancta Maria Magdalena ora pro nobis | Sancta Agatha Sancta Agnes ora pro nobis | Omnes sanctae virgines orate pro nobis | Omnes sancti orate pro nobis,,,,,,MMMO,https://www.digitale-sammlungen.de/en/view/bsb00017609?page=217
,,http://musmed.eu/chant/220227,Sancte Petre ora pro nobis | Sancte ,909041d,,,,D-Mbs Clm 02542,,108v,,,,Ad Missam,16012000,LiV,MASS,http://musmed.eu/source/12117,,Sancte Petre ora pro nobis | Sancte Paule ora pro nobis | Sancte Andrea ora pro nobis | Sancte Johannes ora pro nobis |  Sancte Jacobe ora pro nobis |  Sancte Phillipe ora pro nobis |  Sancte Bartholomae ora pro nobis |  Sancte Mathee ora pro nobis | Sancte Thoma ora pro nobis |  Sancte Jacobe ora pro nobis |  Sancte Simon ora pro nobis | Sancte Thadee ora pro nobis | Sancte Mathia ora pro nobis |  Sancte Barnaba ora pro nobis |  Sancte Luca ora pro nobis |  Sancte Marce ora pro nobis | Omnes sancti apostoli et evangelistae orate pro nobis | Omnes sancti discipuli Domini ora te pro nobis | Sancte Stephane ora pro nobis |  Sancte Line ora pro nobis | Sancte Clete ora pro nobis | Sancte Clemens ora pro nobis | Sancte Syxti ora pro nobis |  Sancte Urbane ora pro nobis |  Sancte Fabiane ora pro nobis |  Sancte Corneli ora pro nobis | Sancte Cypriane ora pro nobis | Sancte Laurentii ora pro nobis | Sancte Vincenti ora pro nobis |  Sancte Mammes ora pro nobis | Sancte Benigne ora pro nobis | Sancte Sebastiane ora pro nobis |Sancte Kyliane et sociis tuis orate pro nobis | Kyrenee Dionisii Maurici cum sociis tuis | Omnes sancti martyres orate pro nobis | Sancte Silvester ora pro nobis |  Sancte Leo ora pro nobis | Sancte Gregori ora pro nobis | Hilari Martine Nikolae Ambrosi Sancte Augustine ora pro nobis Jeronime benedicte Columbane Maure Omni sancti confessores orate pro nobis | Sancta Maria Magdalena ora pro nobis Felicitas Perpetua Agatha | Sancta Agnes ora pro nobis | Sancta Caecilia ora pro nobis Lucia Petronilla Margarita Scolastica | Omnes sanctae virgines orate pro nobis | Omnes sancti orate pro nobis,,,,,,MMMO,https://www.digitale-sammlungen.de/en/view/bsb00017609?page=220
,,http://musmed.eu/chant/220500,Sancte Johannes Batista ora pro nobis | ,909041d,,,,D-TRp Hs 0187,,081v,,,,Sabbato Sancto,07067000,LiV,MASS,http://musmed.eu/source/14562,,Sancte Johannes Batista ora pro nobis | Sancte Petre ora pro nobis | Sancte Paule ora pro nobis | Sancte Andrea ora pro nobis | Sancte Jacobe ora pro nobis Johannes Symon Juda Bartholomae Mathaee | Sancte Laurentii ora pro nobis | Sancte Vincenti ora pro nobis | Maure Frotgenti Gervasi Prothasi Dyonisi Ypolite Sebastiane | Sancte Benedicte pater Paule Martine Nicolae Sancte Evurci Aniane Gregori Augustine Ambrosi | Sancta Scholastica or Sancta Maria Magdalena or | Maria Aegyptica Maria Jacobi Salome Cecilia Agnes Tenestina | Omnes sancti orate pro nobis,,,,,,MMMO,https://universalviewer.io/uv.html?manifest=https%3A//textgridlab.org/1.0/iiif/manifests/textgrid%3A2z33n.0/manifest.json&fbclid=IwAR0zEljbDsLksibc0EJo3pnQVeE0-MxPuXXZRxKTGsJ6SkuLQy_YNksP0Y0#?c=0&m=0&s=0&cv=165&xywh=-2675%2C-1%2C7849%2C3546
,,http://musmed.eu/chant/208656,Sancte Petre ora pro nobis | Sancte ,909041d,,,,F-Pa Ms 0135,,094r,,,,Sabbato Sancto,07067000,LiV,MASS,http://musmed.eu/source/12848,,Sancte Petre ora pro nobis | Sancte Andrea ora pro nobis | Sancte Joannes ora pro nobis | Jacobe Philippe Bartholomeae Mathaee | Omnes sancti apostoli et evangelistae orate pro nobis | Omnes sancti discipuli domini orate pro nobis Omnis sancti innocentis | Sancte Stephane ora pro nobis |  Line Clete | Sancte Laurentii ora pro nobis | Vincenti  Sixte Dionisi cum sociis tuis | Omnes sancti martyres orate pro nobis | Sancte Silvester ora pro nobis | Sancte Gregori ora pro nobis | Hilari Martine Remigi Audoene | Sancte Augustine ora pro nobis | Omnes sancti  confessores ora te pro nobis | Sancta Maria Magdalena ora pro nobis | Felicitas Perpetua Agatha Agnes Caecilia Scolastica | Omnes sanctae virgines orate pro nobis | Omnes sancti orate pro nobis,,,,,,MMMO,https://gallica.bnf.fr/ark:/12148/btv1b550057271/f197.item
,,http://musmed.eu/chant/208660,Sancte Paule ora pro nobis | Jacobe ,909041d,,,,F-Pa Ms 0135,,094r,,,,Sabbato Sancto,07067000,LiV,MASS,http://musmed.eu/source/12848,,Sancte Paule ora pro nobis | Jacobe Thoma Symon Thadaee | Omnes sancti apostoli et evangelistae ora te pro nobis | Clemesn Corneli Cypriane Sebastiane Maurici cum sociis tuis | Omnes sancti martyres orate pro nobis | Nicholae Benedicte Germane Romane Leonarde | Omnes sancti confessores orate pro nobis | Lucia Petronella Katerina Juliana Brigida | Omnes sanctae virgines | Omnes sancti ,,,,,,MMMO,https://gallica.bnf.fr/ark:/12148/btv1b550057271/f197.item
,,http://musmed.eu/chant/218252,Sancte Petre | Sancte Paule| Sancte Andrea | ,909041d,,,,F-Pn Lat. 17307,,109r,,,,Sabbato Sancto,07067000,LiV,MASS,http://musmed.eu/source/13489,,Sancte Petre | Sancte Paule| Sancte Andrea | Sancte Joannes ora pro nobis | Omnes sancti apostoli et evangelistae | Sancte Stephane | Sancte Corneli | Sancte Cypriani | Sancte Panthaleon | Omnes sancti martyres | Sancte Silvester| Sancte Martine | Sancte Nicholae | Sancte Remigii | Sancte Egidi | Omnes sancti confessores | Sancta Maria Magdalena | Sancta Felicitas | Sancta Perpetua | Sancta Margarita | Omnes sanctae virgines | Omnes sancti v,,,,,,MMMO,https://gallica.bnf.fr/ark:/12148/btv1b84262643/f223.item.zoom
,,http://musmed.eu/chant/229038,Sancte Petre ora pro nobis | Sancte ,909041d,,,,F-Pn Lat. 9441,,076r,,,,Sabbato Sancto,07067000,LiV,MASS,http://musmed.eu/source/13295,,Sancte Petre ora pro nobis | Sancte Paule ora pro nobis | Sancte Andrea ora pro nobis | Sancte Joannes evangelista ora pro nobis | Phlippe Bartholomaee Mathaee Symon Juda Barnaba Mathia Thoma Luca Marce | Omnes sancti apostoli et evangelistae orate pro nobis | Omnes sancti discipuli Domini ora te pro nobis | Sancte Stephane ora pro nobis | Line Clete Clemens Syxte Cornele Cipriane Dionys cum sociis Mauritii cum sociis [76v] Eustachi cum sociis Sancte Laurentii ora pro nobis | Sancte Vincenti ora pro nobis | Omnes sancti martyres ora te pro nobis | Sancte Silvester ora pro nobis  Martine Marcelle Gendulfe Nicholae | Sancte Gregori ora pro nobis | Sancte Augustine ora pro nobis Ambrosi Clodoalde Jeronimae Benedicte Maure Jermane | Omnes sancti confessores orate pro nobis | Sancta Maria Magdalena ora pro nobis Maria Aegyptiaca Felicitas Perpetua | Sancta Agnes ora pro nobis | Sancta Agatha ora pro nobis | Sancta Caecilia ora pro nobis Lucia | Sancta Anastasia ora pro nobis | Genoveva Tecla Aurea | Omnes sanctae virgines orate pro nobis | Omnes sancti ,,,,,,MMMO,https://gallica.bnf.fr/ark:/12148/btv1b52510137d/f171
,,http://musmed.eu/chant/235808,Sancte Petre ora pro nobis | Sancte ,909041d,,,,F-VN Ms 0759,,103v,,,,Sabbato Sancto,07067000,LiV,MASS,http://musmed.eu/source/15006,,Sancte Petre ora pro nobis | Sancte Paule ora pro nobis | Sancte Andrea ora pro nobis | Omnes chorus apostolorum | Sancte Stephane ora pro nobis | Sancte Laurentii ora pro nobis | Sancte Vincenti ora pro nobis | Omnes chorus martyrum orate pro nobis | Sancte Vitone | Sancte Martine | Sancte Benedicte | Omnes chorus confessorum ora pro nobis | Sancta Maria Magdalena | Sancta Felicitas | Sancta Perpetua | Sancta Agatha | Omnes chorus virginum ora pro nobis | Omnes sancti orate pro nobis,,,,,,MMMO,0
,,http://musmed.eu/chant/220394,Sancte Johannis Baptiste | Sancte Johannis | Sancte ,909041d,,,,I-Ra Ms 1383,,086v,,,,Sabbato Sancto,07067000,LiV,MASS,http://musmed.eu/source/157182,,Sancte Johannis Baptiste | Sancte Johannis | Sancte Thomas | Sancte Jacobe | Sancte Philippe | Omnes sancti apostoli et evangelistae | Sancte Xyste | Sancte Corneli | Sce Cyprian | Omnes sancti martyres | Sancte Augustine Martine Ambrosi | Omnes sancti confessores | Sancte Basili Effrem Romane Placide Omnes sancti monachi et eremitae | Sancta Lucia Cecilia Anastasia Omnes sanctae virgines | Omnes sancti et sanctae Dei ,,,,,,MMMO,https://www.internetculturale.it/jmms/iccuviewer/iccu.jsp?id=oai%3Awww.internetculturale.sbn.it/Teca%3A20%3ANT0000%3AN%3ACNMD0000306636&mode=all&teca=MagTeca%20-%20ICCU&viewType=onepage&mediaType=image&objectIndex=177
,,http://musmed.eu/chant/220404,Sancte Bartholomaee Mathaee Marce Lucas | Omnes ,909041d,,,,I-Ra Ms 1383,,088r,,,,Sabbato Sancto,07067000,LiV,MASS,http://musmed.eu/source/157182,,Sancte Bartholomaee Mathaee Marce Lucas | Omnes sancti apostoli et evangelistae | Omnes sancti discipuli domini | Innocentes Laurenti Joh et Paule Cosmas et Damiane Tiburtiae et Valer Fabiane et sebastiane Omnes sancti martyres | Omnes sancti pontifices et confessores | Saba [?] Machari Pabnupiae Fortunate | Omnes xxxx | Sancta Savina Constantia Barbara Scolastica Omnes sce virgines | Omnes sci et sancre Dei,,,,,,MMMO,0
,,https://cantusplanus.pl/chant/27430,Sancte Petre ora pro nobis | Sancte ,909041d,,,,PL-SAk 40 Graduał z Sandomierza,03,037v,,,,Sabbato Sancto,07067000,La,MASS,https://cantusplanus.pl/source/26589,,Sancte Petre ora pro nobis | Sancte Paule ora pro nobis | Sancte Andrea ora pro nobis | Sancte Iacobe ora pro nobis | Sancte Joannes ora pro nobis | Sancte Thoma ora pro nobis | Sancte Philippe ora pro nobis | Sancte Bartolomaee ora pro nobis | Sancte Matthaee ora pro nobis | Sancte Simon ora pro nobis | Sancte Thaddaee ora pro nobis |  Sancte Matthia ora pro nobis | Sancte Barnaba ora pro nobis | Sancte Luca ora pro nobis | Sancte Marce ora pro nobis | Omnes sancti Apostoli et Evangelistae orate pro nobis | Sancte Stephane ora pro nobis | Sancte Clemens ora pro nobis | Sancte Innocenti ora pro nobis | Sancte Adalberte ora pro nobis | Sancte Maurici ora pro nobis | Sancte Dyonisi ora pro nobis | Omnes sancti martyres ora te pro nobis | Sancte Silvester ora pro nobis | Sancte Gregori ora pro nobis | Sancte Augustine ora pro nobis | Sancte Nicolae ora pro nobis | Sancte Martine ora pro nobis | Omnes sancti confessores orate pro nobis Sancta Maria Magdalena ora pro nobis | Sancta Maria Aegyptiaca ora pro nobis | Sancta Felicitas ora pro nobis | Sancta Agnes ora pro nobis | Sancta Agatha ora pro nobis | Sancta Catharina ora pro nobis | Sancta Margareta ora pro nobis |  Omnes sancti orate pro nobis | ,,,,,,CPL,https://cantusplanus.pl/image/26664
,,http://musmed.eu/chant/231553,Sancte Petre ora pro nobis | Sancte ,909041d,,,,US-PHf Lewis E 158,,151r,,,,Dom. Resurrectionis,08011000,LiV,MASS,http://musmed.eu/source/98182,,Sancte Petre ora pro nobis | Sancte Paule ora pro nobis | Sancte Andrea ora pro nobis | Sancte Johannes ora pro nobis | Thoma - Jacobe - Philippe [151v]  Bartholomeae - Mathaee - Simon - Tadaee - Mathia - Marce - Luca - Barnaba  | Omnes sancti discipuli Domini ora te pro nobis | Omnes sancti innocentes orate pro nobis | Sancte Stephane ora pro nobis | Stephane - Clemens - Corneli - Cypriane - Sancte Laurentii ora pro nobis | Sancte Vincenti ora pro nobis | Sancti Dyonisi et socius tuis | Sancte Maurici cum socius tuis | Sebastiane - Thoma Petre | Omnes sancti martyres orate pro nobis | Sancte Silvester ora pro nobis | Hylari - Martine [Sancte Gregori ora pro nobis] | Sancte Augustine ora pro nobis | Ambrosi Gregori Nicholae | Sancte Dominice BIS DICAT | Sancte Francisce Hieronime Benedicte Antoni Omnes sancti confessores orate pro nobis | Sancta Maria Magdalena ora pro nobis | Felicitas Perpetua Agatha Lucia | Sancta Agnes ora pro nobis | Sancta Caecilia ora pro nobis | [Sancta Agatha ora pro nobis | Sancta Anastasia ora pro nobis] Katherina| Omnes sanctae virgines orate pro nobis | Omnes sancti orate pro nobis,,,,,,MMMO,https://openn.library.upenn.edu/Data/0023/lewis_e_158/data/web/5411_0356_web.jpg
,,https://cantusdatabase.org/chant/1003094,Salvator veniam concede,a07764:02,,,,US-STu MSS CODEX 0734 FF,2,076v,,,,Pro defunctis,13001000,LiV,X,https://cantusdatabase.org/source/1000019,,Salvator veniam concede,,1---e--d77-gfe--d---de--cb--a7---e--fede--d---3,,,,CD,
,,https://cantusdatabase.org/chant/1003350,Miserere miserere miserere populo tuo,a07786:03,3,,,D-WIl 2 upper pastedown,05,001v,,,,In Letaniis,08068010,LiV,X,https://cantusdatabase.org/source/702501,,Miserere miserere miserere populo tuo quem redemisti Christe sanguine tuo ne in aeternum israscaris nobis,,1---g--g--hk--k---l--k--kj--h---h--g--hk--k---l--l--k---kj--h---h---6------6---d--f7--d---d--c---g---g---g--hk--h---g--f--g--gh---gf--e7---,,,,CD,https://fragmentarium.ms/view/page/F-ymov/9948/72413
,,https://cantusdatabase.org/chant/1003379,Omnes sancti orate pro nobis,a07786:04b,3,,,D-WIl 2 upper pastedown,34,001v,,,,In Letaniis,08068010,LiV,X,https://cantusdatabase.org/source/702501,,Omnes sancti orate pro nobis,,1---d--f---dc--c---f--g-hhk--g---f---gf--e77---4,,,,CD,https://fragmentarium.ms/view/page/F-ymov/9948/72413
,,http://musmed.eu/chant/207662,Peccatores te rogamus audi nos | Ut ,909041f,,,,CH-ROM Ms. liturg. FiD 5,,111r,,,,Sabbato Sancto,07067000,LiV,MASS,http://musmed.eu/source/97795,,Peccatores te rogamus audi nos | Ut pacem nobis dones te rogamus audi nos | Ut ecclesiam tuam regere et defensare digneris te rogamus audi nos |  Ut loca nostra et omnes habitationes in eis visitare et consolari digneris te rogamus audi nos | Ut regularibus disciplinis nos instruere digneris te rogamus audi nos | Ut omnibus benefactoribus nostris sempiterna bona retribuas te rogamus audi nos | Ut omnibus fidelibus defunctis requiem aeternam donare digneris te rogamus audi nos | Fili dei te rogamus audi nos,,,,,,MMMO,https://www.e-codices.unifr.ch/en/fdr/0005/111r/0/Sequence-2575
,,http://musmed.eu/chant/220229,Peccatores te rogamus audi nos | Ut ,909041f,,,,D-Mbs Clm 02542,,110v,,,,Ad Missam,16012000,LiV,MASS,http://musmed.eu/source/12117,,Peccatores te rogamus audi nos | Ut pacem nobis dones te rogamus audi nos | Ut ecclesiam tuam regere et defensare digneris te rogamus audi nos | Ut domnum apostolicum et omnes gradus ecclesiae in sancta religione conservare digneris te rogamus audi nos | Ut cunctum populum christianum precioso sanguine tuo redemptum conservare digneris te rogamus audi nos | Ut regularibus et disciplinis nos instruere digneris te rogamus audi nos | Ut locum istum et omnes habitantes in eo visitare et consolari digneris te rogamus audi nos | Ut omnisbus benefactoribus nostris sempiterna bona tribuas te rogamus audi nos | Ut fructum terrae dare et conservare digneris te rogamus audi nos | Ut omnibus fidelibus defunctis requiem aeternam donare digneris te rogamus audi nos | Ut nos exaudire digneris te rogamus audi nos | Fili dei te rogamus audi nos | Fili Dei te rogamus audi nos,,,,,,MMMO,https://www.digitale-sammlungen.de/en/view/bsb00017609?page=224
,,http://musmed.eu/chant/220502,Peccatores te rogamus audi nos | Ut ,909041f,,,,D-TRp Hs 0187,,081v,,,,Sabbato Sancto,07067000,LiV,MASS,http://musmed.eu/source/14562,,Peccatores te rogamus audi nos | Ut pacem et concordiam nobis dones te | Ut locum istum et omnes habitantes in eo visitari et consolari digneris te rogamus audi nos | Ut gratiam sancti spiritus cordibus nostris infundere digneris te rogamus audi nos | Ut nos exaudire digneris te rogamus audi nos | Fili Dei te rogamus audi nos Accendite,,,,,,MMMO,https://universalviewer.io/uv.html?manifest=https%3A//textgridlab.org/1.0/iiif/manifests/textgrid%3A2z33n.0/manifest.json&fbclid=IwAR0zEljbDsLksibc0EJo3pnQVeE0-MxPuXXZRxKTGsJ6SkuLQy_YNksP0Y0#?c=0&m=0&s=0&cv=165&xywh=-2675%2C-1%2C7849%2C3546
,,http://musmed.eu/chant/218254,Peccatores te rogamus audi nos | Ut ,909041f,,,,F-Pn Lat. 17307,,109r,,,,Sabbato Sancto,07067000,LiV,MASS,http://musmed.eu/source/13489,,Peccatores te rogamus audi nos | Ut pacem nobis dones | Ut aeris temperiem bonam nobis dones | Ut fructus terrae dare et conservare digneris |  Ut cunctum populum Christianum pretioso sanguine tuo redemptum conservare digneris,,,,,,MMMO,https://gallica.bnf.fr/ark:/12148/btv1b84262643/f223.item.zoom
,,http://musmed.eu/chant/229040,Peccatores te rogamus audi nos | Ut ,909041f,,,,F-Pn Lat. 9441,,077r,,,,Sabbato Sancto,07067000,LiV,MASS,http://musmed.eu/source/13295,,Peccatores te rogamus audi nos | Ut pacem nobis dones te rogamus audi nos | U spatium penitentiae | Ut compunctionem | Ut fontem lacrimarum nobis dones | Ut ecclesiam tuam sanctam regere et defensare digneris te rogamus audi nos | Ut domnum apostolicum et omnes gradus ecclesiasticos in sancta religione conservare digneris te rogamus audi nos | Ut antitistem nostrum et cunctas congregationes illi commissas in tuo sancto servitio conservare digneris | Ut regem nostram conservare digneris | Ut cathe cuminos nostros fonte ? baptatis purificare digneris | Ut cunctis fidelibus defunctorum requiem aeternam donare digneris | Ut ad gaudia aeterna perducere digneris | Ut nos exaudire digneris Te rogamus audi nos | Fili Dei te rogamus audi nos,,,,,,MMMO,https://gallica.bnf.fr/ark:/12148/btv1b52510137d/f173
,,http://musmed.eu/chant/235810,Peccatores te rogamus audi nos | Ut ,909041f,,,,F-VN Ms 0759,,104r,,,,Sabbato Sancto,07067000,LiV,MASS,http://musmed.eu/source/15006,,Peccatores te rogamus audi nos | Ut pacem nobis dones te rogamus audi nos | Ut ecclesiam tuam regere et defensare digneris te rogamus audi nos | Ut cunctum populum christianum pretiosissimo sanguine tuo redemptum conservare digneris te rogamus audi nos | Ut nos exaudire digneris te rogamus,,,,,,MMMO,0
,,http://musmed.eu/chant/220396,Peccatores | Ut nobis parcas | Ut pacem ,909041f,,,,I-Ra Ms 1383,,087r,,,,Sabbato Sancto,07067000,LiV,MASS,http://musmed.eu/source/157182,,"Peccatores | Ut nobis parcas | Ut pacem nobis dones | Ut nos exaudire digneris
Fili Dei | Pastor bone Redemptor mundi mediator Dei et hominum",,,,,,MMMO,https://www.internetculturale.it/jmms/iccuviewer/iccu.jsp?id=oai%3Awww.internetculturale.sbn.it/Teca%3A20%3ANT0000%3AN%3ACNMD0000306636&mode=all&teca=MagTeca%20-%20ICCU&viewType=onepage&mediaType=image&objectIndex=178
,,https://cantusplanus.pl/chant/27432,Peccatores te rogamus audi nos | Ut ,909041f,,,,PL-SAk 40 Graduał z Sandomierza,05,037v,,,,Sabbato Sancto,07067000,La,MASS,https://cantusplanus.pl/source/26589,,Peccatores te rogamus audi nos | Ut pacem et concordiam |  Ut ecclesiam tuam regere et defendere digneris | Ut domnum apostolicum et antistitem nostrum et omnem gradum ecclesiastici ordinis in sancta religione conservare digneris | Ut gratiam sancti spiritus cordi illius infundere digneris | Ut fontem istum benedicere et consecrare digneris | Ut cunctum populum christianum precioso tuo sanguine redemptur conservare digneris | Ut nobis miseris misericors misereri digneris | Ut nos in hiis paschalibus gaudiis conservare digneris | Ut nos ad gaudia aeterna perducere digneris | Ut catechuminos nostros ad xxx gratiam perducere digneris | Ut nos exaudire digneris | Fili dei te rogamus audi nos,,,,,,CPL,https://cantusplanus.pl/image/26664
,,http://musmed.eu/chant/231555,Peccatores te rogamus audi nos | Ut ,909041f,,,,US-PHf Lewis E 158,,152r,,,,Dom. Resurrectionis,08011000,LiV,MASS,http://musmed.eu/source/98182,,Peccatores te rogamus audi nos | Ut pacem nobis dones TR* | Ut misericordia et pietas tua nos custodiat TR* | Ut ecclesiam tuam regere et defensare digneris TR* | Ut domnum apostolicum et omnes grades ecclesiae in sancta religione conservare digneris TR* | Ut epos et priores nostros et cunctas congregationes illi comissas in tuo sancto servitio conservare digneris TR* | Ut regibus et principibus nostris pacem et veram concordiam donare digneris TR* | Ut cunctum populum Christianum precioso sanguine tuo redemptum conservare digneris TR* | Ut omnibus benefactoribus nostris sempiterna bona retribuas TR* | Ut animas nostras et parentum nostrorum ab aeterna damnatione eripias TR* | Ut fructus terrae dare et conservare digneris TR* | Ut oculos misericordiae tuae super nos reducere digneris TR* | Ut obsequium servitutis nostrae rationabile facias TR* | Ut mentes nostras ad caelestia desideria erigas TR* |  Ut miserias pauperum et captuorum intueri et relevare digneris TR* | Ut loca nostra et omnibus habitantes in eis visitare et consolare digneris TR* | Ut regularibus disciplinum nos instruere digneris TR* | Ut omnibus fidelibus defunctis requiem aeternam dones TR* | Ut nos exaudire digneris TR*,,,,,,MMMO,https://openn.library.upenn.edu/Data/0023/lewis_e_158/data/web/5411_0358_web.jpg
,,http://musmed.eu/chant/220221,Peccatores te rogamus audi nos | Ut ,909041f.2,,,,D-Mbs Clm 02542,,107v,,,,Ad Missam,16012000,LiV,MASS,http://musmed.eu/source/12117,,Peccatores te rogamus audi nos | Ut pacem nobis dones te rogamus audi nos | Ut ecclesiam tuam regere et defensare digneris te rogamus audi nos | Ut loca nostra et omnes habitantes in eis visitare et consolari digneris te rogamus audi nos | Ut regularibus disciplinus nos instruere digneris te rogamus audi nos | Ut omnibus benefactoribus nostris sempiterna bona retribuas te rogamus audi nos | Ut omnibus fidelibus defunctis requiem aeternam dones te rogamus audi nos | Fili Dei te rogamus audi nos,,,,,,MMMO,https://www.digitale-sammlungen.de/en/view/bsb00017609?page=218
,,https://cantusdatabase.org/chant/713024,Sancta Maria ora pro nobis,909041b,,,,CDN-VicBCpc D-0es6l,02,001v,,,,Sabbato Sancto,07067000,LiV,MI,https://cantusdatabase.org/source/713018,,Sancta Maria ora pro nobis | Sancta dei genetrix ora  | Sancta virgo virginum ora  | Sancte Michael ora pro nobis | Sancte Gabriel | Sancte Raphael,,,,,,CD,https://fragmentarium.ms/view/page/F-es6l/7953/63186
,,http://musmed.eu/chant/207658,Sancta Maria ora pro nobis | Sancta ,909041b,,,,CH-ROM Ms. liturg. FiD 5,,110r,,,,Sabbato Sancto,07067000,LiV,MASS,http://musmed.eu/source/97795,,Sancta Maria ora pro nobis | Sancta dei genitrix ora pro nobis | Sancta virgo virginum ora pro nobis | Sancte Michael ora pro nobis | Sancte Gabriel ora pro nobis | Sancte Raphael ora pro nobis,,,,,,MMMO,https://www.e-codices.unifr.ch/en/fdr/0005/110r/0/Sequence-2575
,,http://musmed.eu/chant/220216,Sancta Maria ora pro nobis | Sancta ,909041b,,,,D-Mbs Clm 02542,,107r,,,,Ad Missam,16012000,LiV,MASS,http://musmed.eu/source/12117,,Sancta Maria ora pro nobis | Sancta Dei genitrix ora pro nobis | Sancta virgo virginum ora pro nobis | Sancte Michael ora pro nobis | Sancte Gabriel ora pro nobis | Sancte Raphael ora pro nobis,,,,,,MMMO,https://www.digitale-sammlungen.de/en/view/bsb00017609?page=217
,,http://musmed.eu/chant/220225,Sancta Maria ora pro nobis | Sancta ,909041b,,,,D-Mbs Clm 02542,,108v,,,,Ad Missam,16012000,LiV,MASS,http://musmed.eu/source/12117,,Sancta Maria ora pro nobis | Sancta dei genitrix ora pro nobis | Sancta virgo virginum ora pro nobis | Sancte Michael ora pro nobis | Sancte Gabriel ora pro nobis | Sancte Raphael ora pro nobis,,,,,,MMMO,https://www.digitale-sammlungen.de/en/view/bsb00017609?page=220
,,http://musmed.eu/chant/220499,Sancta Maria ora pro nobis | Sancta ,909041b,,,,D-TRp Hs 0187,,081v,,,,Sabbato Sancto,07067000,LiV,MASS,http://musmed.eu/source/14562,,Sancta Maria ora pro nobis | Sancta dei genitrix ora pro nobis | Sancta virgo virginum ora pro nobis | Sancte Michael ora pro nobis | Sancte Gabriel ora pro nobis | Sancte Raphael ora pro nobis,,,,,,MMMO,https://universalviewer.io/uv.html?manifest=https%3A//textgridlab.org/1.0/iiif/manifests/textgrid%3A2z33n.0/manifest.json&fbclid=IwAR0zEljbDsLksibc0EJo3pnQVeE0-MxPuXXZRxKTGsJ6SkuLQy_YNksP0Y0#?c=0&m=0&s=0&cv=165&xywh=-2675%2C-1%2C7849%2C3546
,,http://musmed.eu/chant/75995,Sancta Virgo virginis ora pro nobis | ,909041b,,,,F-AUT Ms S 0012 (11),,093r,,,,Fer. 4 in Letaniis,08064000,LiV,MASS,http://musmed.eu/source/8575,,Sancta Virgo virginis ora pro nobis | Sancta dei genetrix ora pro nobis | Sancta Maria ora pro nobis | Sancte Michael ora pro nobis | Omnes sancto orate pro nobis,,,,,,MMMO,https://bvmm.irht.cnrs.fr/iiif/21561/canvas/canvas-1938501/view
,,http://musmed.eu/chant/137905,Sancta virgo virginum ora pro nobis | ,909041b,,,,F-CA Ms 0061 (62),,146r,,,,In Letaniis maj.,08042500,LiV,,http://musmed.eu/source/9071,,Sancta virgo virginum ora pro nobis | Sancta Dei genitrix | Sancta Maria Sancte Michael | Sancte Gabriel | Sancte Raphael ,,,,,,MMMO,https://bvmm.irht.cnrs.fr/consult/consult.php?mode=ecran&panier=false&reproductionId=19290&VUE_ID=1708984&carouselThere=false&nbVignettes=4x3&page=13&angle=0&zoom=moyen&tailleReelle=
,,http://musmed.eu/chant/201322,Sancta Maria ora pro nobis ad ,909041b,,,,F-CA Ms 0078 (79),,040r,,,,In Letaniis maj.,08042500,LiV,,http://musmed.eu/source/9076,,Sancta Maria ora pro nobis ad Dominum | Sancte Michael ora pro nobis ad Dominum| Sancte Gabriel ora*,,,,,,MMMO,https://bvmm.irht.cnrs.fr/iiif/19354/canvas/canvas-1722551/view
,,http://musmed.eu/chant/208654,Sancta Maria ora pro nobis | Sancta ,909041b,,,,F-Pa Ms 0135,,094r,,,,Sabbato Sancto,07067000,LiV,MASS,http://musmed.eu/source/12848,,Sancta Maria ora pro nobis | Sancta dei genitrix ora pro nobis | Sancta virgo virginum ora pro nobis | Sancte Michael ora pro nobis | Sancte Gabriel ora pro nobis | Sancte Raphael ora pro nobis,,,,,,MMMO,https://gallica.bnf.fr/ark:/12148/btv1b550057271/f197.item
,,http://musmed.eu/chant/208658,Sancta Maria ora pro nobis | Sancta ,909041b,,,,F-Pa Ms 0135,,094r,,,,Sabbato Sancto,07067000,LiV,MASS,http://musmed.eu/source/12848,,Sancta Maria ora pro nobis | Sancta dei genetrix ora pro nobis | Sancta virgo virginum ora pro nobis | Sancte Michael ora pro nobis | Sancte Gabriel ora pro nobis | Sancte Raphael ora pro nobis,,,,,,MMMO,https://gallica.bnf.fr/ark:/12148/btv1b550057271/f197.item
,,http://musmed.eu/chant/161583,Sancta virgo virginum ora pro nobis | ,909041b,,,,F-Pn Lat. 1121,,164v,,,,Fer. 4 in Letaniis,08064000,LiV,,http://musmed.eu/source/13060,,Sancta virgo virginum ora pro nobis | Sancte Michael ora pro nobis | Sancte Gabriel ora pro nobis | Sancte Raphael ora pro nobis \ Johannes  Petre Paule Andrea Stephane Clemens Dionisi Mauricii Laurenti Marcialis Martine Benedicte Valeria Felicitas Scolastica | Omnes sancti intercedite pro nobis | Redemptor mundi miserere nobis,,,,,,MMMO,https://gallica.bnf.fr/ark:/12148/btv1b8432272p/f336.item
,,http://musmed.eu/chant/218250,Sancta Maria | Sancta dei genitrix | Sancta ,909041b,,,,F-Pn Lat. 17307,,108v,,,,Sabbato Sancto,07067000,LiV,MASS,http://musmed.eu/source/13489,,Sancta Maria | Sancta dei genitrix | Sancta virgo virginum | Sancte Michael | Sancte Gabriel | Sancte Raphael Omnes sancti angeli et archangeli,,,,,,MMMO,https://gallica.bnf.fr/ark:/12148/btv1b84262643/f222.item.zoom
,,http://musmed.eu/chant/110292,Sancta Maria ora pro nobis | Sancta ,909041b,,,,F-Pn Lat. 904,,043v,,,,Fer. 4 Cinerum,06034000,LiV,,http://musmed.eu/source/13023,,Sancta Maria ora pro nobis | Sancta virgo virginum ora pro nobis | Sancte Michael ora pro nobis | Sancte Gabriel ora pro nobis | Sancte Raphael ora pro nobis,,,,,,MMMO,https://gallica.bnf.fr/ark:/12148/btv1b84324657/f96.image
,,http://musmed.eu/chant/229036,Sancta Maria ora pro nobis | Sancta ,909041b,,,,F-Pn Lat. 9441,,076r,,,,Sabbato Sancto,07067000,LiV,MASS,http://musmed.eu/source/13295,,Sancta Maria ora pro nobis | Sancta Dei genitrix ora pro nobis | Sancta virgo virginum ora pro nobis | Sancte Michael ora pro nobis | Sancte Gabriel ora pro nobis | Sancte Raphael ora pro nobis,,,,,,MMMO,https://gallica.bnf.fr/ark:/12148/btv1b52510137d/f171
,,http://musmed.eu/chant/235806,Sancta Maria ora pro nobis | Sancte ,909041b,,,,F-VN Ms 0759,,103v,,,,Sabbato Sancto,07067000,LiV,MASS,http://musmed.eu/source/15006,,Sancta Maria ora pro nobis | Sancte Michael | Sancte Gabriel | Sancte Raphael | Omnis chorus angelorum et archangelorum,,,,,,MMMO,0
,,http://musmed.eu/chant/220393,Sancta dei genitrix | Sancte Gabriel ,909041b,,,,I-Ra Ms 1383,,086v,,,,Sabbato Sancto,07067000,LiV,MASS,http://musmed.eu/source/157182,,Sancta dei genitrix | Sancte Gabriel ,,,,,,MMMO,https://www.internetculturale.it/jmms/iccuviewer/iccu.jsp?id=oai%3Awww.internetculturale.sbn.it/Teca%3A20%3ANT0000%3AN%3ACNMD0000306636&mode=all&teca=MagTeca%20-%20ICCU&viewType=onepage&mediaType=image&objectIndex=177
,,http://musmed.eu/chant/220403,Sancta virgo virginum | Sancte Raphael| Omnes ,909041b,,,,I-Ra Ms 1383,,088r,,,,Sabbato Sancto,07067000,LiV,MASS,http://musmed.eu/source/157182,,Sancta virgo virginum | Sancte Raphael| Omnes sancti angeli et archangeli ,,,,,,MMMO,https://www.internetculturale.it/jmms/iccuviewer/iccu.jsp?id=oai%3Awww.internetculturale.sbn.it/Teca%3A20%3ANT0000%3AN%3ACNMD0000306636&mode=all&teca=MagTeca%20-%20ICCU&viewType=onepage&mediaType=image&objectIndex=180
,,https://cantusplanus.pl/chant/27428,Sancta Maria ora pro nobis | Sancte ,909041b,,,,PL-SAk 40 Graduał z Sandomierza,01,037r,,,,Sabbato Sancto,07067000,La,MASS,https://cantusplanus.pl/source/26589,,Sancta Maria ora pro nobis | Sancte Michael ora pro nobis | Sancte Gabriel ora pro nobis | Sancte Raphael ora pro nobis,,,,,,CPL,https://cantusplanus.pl/image/26663
,,https://cantus.sk/chant/19921,Sancta Maria ora pro nobis | Sancta ,909041b,,,,SK-BRsa (Bratislava) Slovenský národný archív - Graduale Nitriensis,01,052r,,,,Sabbato Sancto,07067000,Varia,MASS,https://cantus.sk/source/6776,,Sancta Maria ora pro nobis | Sancta dei genetrix ora pro nobis | Sancta virgo virginum ora pro nobis | Sancte Michael ora pro nobis | Sancte Gabriel ora pro nobis | Sancte Raphael ora pro nobis,,,,,,CSK,
,,http://musmed.eu/chant/231551,Sancta Maria ora pro nobis | Sancta ,909041b,,,,US-PHf Lewis E 158,,151r,,,,Dom. Resurrectionis,08011000,LiV,MASS,http://musmed.eu/source/98182,,Sancta Maria ora pro nobis | Sancta Dei genitris ora pro nobis | Sancta virgo virginum ora pro nobis | Sancte Michael ora pro nobis | Sancte Gabriel ora pro nobis | Sancte Raphael ora pro nobis | Omnes sancti angeli et archangeli Orate pro nobis,,,,,,MMMO,https://openn.library.upenn.edu/Data/0023/lewis_e_158/data/web/5411_0356_web.jpg
,,https://musicahispanica.eu/chant/112676,Agnus dei qui tollis peccata mundi ,909041g,5,,,CDN-Tu (Toronto) E-4 138,,071r,,,,Sabbato Sancto,07067000,Li,X,https://musicahispanica.eu/source/111163,,Agnus dei qui tollis peccata mundi parce nobis domine Agnus dei qui tollis peccata mundi exaudi nos domine Agnus dei qui tollis peccata mundi miserere nobis Christe audi nos Christe exaudi nos,,,,,,SEMM,0
,,http://musmed.eu/chant/207663,Agnus dei qui tollis peccata mundi ,909041g,,,,CH-ROM Ms. liturg. FiD 5,,111r,,,,Sabbato Sancto,07067000,LiV,MASS,http://musmed.eu/source/97795,,Agnus dei qui tollis peccata mundi miserere nobis | Agnus dei qui tollis peccata mundi dona nobis pacem,,,,,,MMMO,https://www.e-codices.unifr.ch/en/fdr/0005/111r/0/Sequence-2575
,,http://musmed.eu/chant/220222,Agnus dei qui tollis peccata mundi ,909041g,,,,D-Mbs Clm 02542,,108r,,,,Ad Missam,16012000,LiV,MASS,http://musmed.eu/source/12117,,Agnus dei qui tollis peccata mundi miserere nobis ,,,,,,MMMO,https://www.digitale-sammlungen.de/en/view/bsb00017609?page=219
,,https://musicahispanica.eu/chant/112057,Agnus dei qui tollis peccata mundi ,909041g,5,,,E-Tc (Toledo) 73.29,,110v,,,,Sabbato Sancto,07067000,Li,X,https://musicahispanica.eu/source/111117,,Agnus dei qui tollis peccata mundi parce nobis domine Agnus dei qui tollis peccata mundi exaudi nos domine Agnus dei qui tollis peccata mundi miserere nobis Christe audi nos Christe exaudi nos,,,,,,SEMM,0
,,http://musmed.eu/chant/75998,Agnus Dei qui tollis peccata mundi ,909041g,,,,F-AUT Ms S 0012 (11),,093v,,,,Fer. 4 in Letaniis,08064000,LiV,MASS,http://musmed.eu/source/8575,,Agnus Dei qui tollis peccata mundi miserere nobis | Suscipe deprecationem nostram qui sedes ad dexteram patris | Agnus Dei * |  Vivo ego dicit Dominus nolo mortem peccatoris sed ut magis convertatur et vivat,,,,,,MMMO,https://bvmm.irht.cnrs.fr/iiif/21561/canvas/canvas-1938502/view
,,http://musmed.eu/chant/218255,Fili Dei | Agnus dei qui tollis ,909041g,,,,F-Pn Lat. 17307,,109r,,,,Sabbato Sancto,07067000,LiV,MASS,http://musmed.eu/source/13489,,Fili Dei | Agnus dei qui tollis peccata mundi parce nobis domine | Agnus dei qui tollis peccata mundi exaudi nos domine | Agnus dei qui tollis peccata mundi miserere nobis ,,,,,,MMMO,https://gallica.bnf.fr/ark:/12148/btv1b84262643/f223.item.zoom
,,http://musmed.eu/chant/229041,Agnus Dei qui tollis peccata mundi ,909041g,,,,F-Pn Lat. 9441,,077r,,,,Sabbato Sancto,07067000,LiV,MASS,http://musmed.eu/source/13295,,Agnus Dei qui tollis peccata mundi parce nobis Domine | Agnus Dei qui tollis peccata mundi exaudi nos Domine | Agnus Dei qui tollis peccata mundi dona nobis pacem,,,,,,MMMO,https://gallica.bnf.fr/ark:/12148/btv1b52510137d/f173
,,http://musmed.eu/chant/80915,Agne dei qui tollis peccata mundi ,909041g,,,,F-Pn NAL 01235,,134v,,,,Ad Processionem,16009000,LiV,,http://musmed.eu/source/13534,,"Agne dei qui tollis peccata mundi parce nobis domine | Agne dei qui tollis peccata mundi miserere nobis | Agne dei qui tollis peccata mundi dona nobis pacem | Suscipe depracationem nostra, qui sedes ad dexteram patris | Agne dei parce nobis domine",,,,,,MMMO,https://gallica.bnf.fr/ark:/12148/btv1b8432301z/f280.image
,,http://musmed.eu/chant/235811,Fili Dei te rogamus audi nos | ,909041g,,,,F-VN Ms 0759,,104r,,,,Sabbato Sancto,07067000,LiV,MASS,http://musmed.eu/source/15006,,Fili Dei te rogamus audi nos | Agnus Dei parce nobis Domine | Agnus Dei exaudi nos Domine | Christe audi nos,,,,,,MMMO,0
,,http://musmed.eu/chant/220397,Agnus dei qui tollis peccata | Christe ,909041g,,,,I-Ra Ms 1383,,087r,,,,Sabbato Sancto,07067000,LiV,MASS,http://musmed.eu/source/157182,,Agnus dei qui tollis peccata | Christe audi nos,,,,,,MMMO,https://www.internetculturale.it/jmms/iccuviewer/iccu.jsp?id=oai%3Awww.internetculturale.sbn.it/Teca%3A20%3ANT0000%3AN%3ACNMD0000306636&mode=all&teca=MagTeca%20-%20ICCU&viewType=onepage&mediaType=image&objectIndex=178
,,https://cantusplanus.pl/chant/27433,Agnus dei qui tollis peccata mundi ,909041g,,,,PL-SAk 40 Graduał z Sandomierza,06,037v,,,,Sabbato Sancto,07067000,La,MASS,https://cantusplanus.pl/source/26589,,Agnus dei qui tollis peccata mundi miserere nobis | Agnus dei qui tollis peccata nobis mundi exaudi nos domine | Agnus dei qui tollis peccata mundi parce nobis domine | Kyrie eleison | Christe eleison | Kyrie eleison ,,,,,,CPL,https://cantusplanus.pl/image/26664
,,https://cantus.sk/chant/19925,Agnus dei qui tollis peccata mundi ,909041g,,,,SK-BRsa (Bratislava) Slovenský národný archív - Graduale Nitriensis,06,054r,,,,Sabbato Sancto,07067000,Varia,MASS,https://cantus.sk/source/6776,,Agnus dei qui tollis peccata mundi parce nobis domine | Agnus dei qui tollis peccata mundi exaudi nos domine | Agnus dei qui tollis peccata mundi miserere nobis | Kyrie eleison Christe eleison Kyrie eleison,,,,,,CSK,
,,http://musmed.eu/chant/231556,Fili Dei TR* | Fili Dei TR* | ,909041g,,,,US-PHf Lewis E 158,,152r,,,,Dom. Resurrectionis,08011000,LiV,MASS,http://musmed.eu/source/98182,,Fili Dei TR* | Fili Dei TR* | Agnus Dei qui tollis peccata mundi parce nobis domine | Agnus Dei etc | [152v] Agnus Dei qui tollis peccata mundi exaudi nos Domine | Agnus Dei etc | Agnus Dei qui tollis peccata mundi miserere nobis | Agnus Dei etc,,,,,,MMMO,https://openn.library.upenn.edu/Data/0023/lewis_e_158/data/web/5411_0358_web.jpg
,,https://cantusdatabase.org/chant/1003093,Redemptor deus miserere,a07764:01,,,,US-STu MSS CODEX 0734 FF,1,076v,,,,Pro defunctis,13001000,LiV,X,https://cantusdatabase.org/source/1000019,,Redemptor deus miserere,,1---e--fedc--d---e--f7---g--h--g-e-f--e---3,,,,CD,
,,https://cantusdatabase.org/chant/1003096,Redemptor*,a07764:01,,,,US-STu MSS CODEX 0734 FF,4,077r,,,,Pro defunctis,13001000,LiV,X,https://cantusdatabase.org/source/1000019,,Redemptor*,,1---e--fedc--e---3,,,,CD,
,,https://cantusdatabase.org/chant/713025,Omnes sancti angeli et archangeli,909041c,,,,CDN-VicBCpc D-0es6l,03,001v,,,,Sabbato Sancto,07067000,LiV,MI,https://cantusdatabase.org/source/713018,,Omnes sancti angeli et archangeli orate pro nobis | Omnes [sancti beatorum spirituum ordines orate pro nobis | Sancte Joannes Baptista ora pro nobis | Sancte Joseph ora pro nobis | Omnes sancti patriarchae et prophetae orate pro nobis],,,,,,CD,https://fragmentarium.ms/view/page/F-es6l/7953/63186
,,http://musmed.eu/chant/207659,[Omnes sancti angeli et archangeli ora ,909041c,,,,CH-ROM Ms. liturg. FiD 5,,110r,,,,Sabbato Sancto,07067000,LiV,MASS,http://musmed.eu/source/97795,,[Omnes sancti angeli et archangeli ora te pro nobis] | Omnes sancti beatorum spirituum ordines ora te pro nobis | Sancte Joannes Baptista ora pro nobis | [Sancte Joseph ora pro nobis] | Omnes sancti patriarchae et prophetae ora te pro nobis,,,,,,MMMO,https://www.e-codices.unifr.ch/en/fdr/0005/110r/0/Sequence-2575
,,http://musmed.eu/chant/220217,[Omnes sancti angeli et archangeli ora ,909041c,,,,D-Mbs Clm 02542,,107r,,,,Ad Missam,16012000,LiV,MASS,http://musmed.eu/source/12117,,[Omnes sancti angeli et archangeli ora te pro nobis] | Omnes sancti beatorum spirituum ordines ora te pro nobis | Sancte Joannes Baptista ora pro nobis | [Sancte Joseph ora pro nobis] | Omnes sancti patriarchae et prophetae ora te pro nobis,,,,,,MMMO,https://www.digitale-sammlungen.de/en/view/bsb00017609?page=217
,,http://musmed.eu/chant/220226,Omnes sancti angeli et archangeli orate ,909041c,,,,D-Mbs Clm 02542,,108v,,,,Ad Missam,16012000,LiV,MASS,http://musmed.eu/source/12117,,Omnes sancti angeli et archangeli orate pro nobis | Omnes sancti beatorum spirituum ordines orate pro nobis | Sancte Joannes Baptista ora pro nobis Omnes sancti patriarchae et prophetae orate pro nobis,,,,,,MMMO,https://www.digitale-sammlungen.de/en/view/bsb00017609?page=220
,,http://musmed.eu/chant/208655,Omnes sancti angeli et archangeli orate ,909041c,,,,F-Pa Ms 0135,,094r,,,,Sabbato Sancto,07067000,LiV,MASS,http://musmed.eu/source/12848,,Omnes sancti angeli et archangeli orate pro nobis | Omnes sancti beatorum spirituum ordines orate pro nobis | Sancte Joannes Baptista ora pro nobis | Omnes sancti patriarchae et prophetae orate pro nobis,,,,,,MMMO,https://gallica.bnf.fr/ark:/12148/btv1b550057271/f197.item
,,http://musmed.eu/chant/208659,Omnes sancti angeli et archangeli ora ,909041c,,,,F-Pa Ms 0135,,094r,,,,Sabbato Sancto,07067000,LiV,MASS,http://musmed.eu/source/12848,,Omnes sancti angeli et archangeli ora te pro nobis | Sancte Joannes Baptista ora pro nobis | Omnes sancti patriarchae et prophetae orate pro nobis,,,,,,MMMO,https://gallica.bnf.fr/ark:/12148/btv1b550057271/f197.item
,,http://musmed.eu/chant/218251,Sancte Joannes Baptista ora pro nobis | ,909041c,,,,F-Pn Lat. 17307,,108v,,,,Sabbato Sancto,07067000,LiV,MASS,http://musmed.eu/source/13489,,Sancte Joannes Baptista ora pro nobis | Omnes sancti patriarchae et prophetae,,,,,,MMMO,https://gallica.bnf.fr/ark:/12148/btv1b84262643/f222.item.zoom
,,http://musmed.eu/chant/229037,Omnes sancti angeli et archangeli orate ,909041c,,,,F-Pn Lat. 9441,,076r,,,,Sabbato Sancto,07067000,LiV,MASS,http://musmed.eu/source/13295,,Omnes sancti angeli et archangeli orate pro nobis | Omnes sancti virtutes caelorum orate pro nobis | Sancte Joannes Baptista ora pro nobis | Omnes sancti patriarchae et prophetae ora te pro nobis,,,,,,MMMO,https://gallica.bnf.fr/ark:/12148/btv1b52510137d/f171
,,http://musmed.eu/chant/235807,Sancte Joannes Baptista |  Omnes chorus prophetarum ,909041c,,,,F-VN Ms 0759,,103v,,,,Sabbato Sancto,07067000,LiV,MASS,http://musmed.eu/source/15006,,Sancte Joannes Baptista |  Omnes chorus prophetarum orate ,,,,,,MMMO,0
,,https://cantusplanus.pl/chant/27429,Omnes sancti angeli et archangeli ora ,909041c,,,,PL-SAk 40 Graduał z Sandomierza,02,037v,,,,Sabbato Sancto,07067000,La,MASS,https://cantusplanus.pl/source/26589,,Omnes sancti angeli et archangeli ora te pro nobis | Sancte Joannes Baptista ora pro nobis | Omnes sancti patriarchae et prophetae ora te pro nobis,,,,,,CPL,https://cantusplanus.pl/image/26664
,,https://cantus.sk/chant/20498,Omnes sancti angeli et archangeli orate ,909041c,,,,SK-BRsa (Bratislava) Slovenský národný archív - Graduale Nitriensis,02,052v,,,,Sabbato Sancto,07067000,Varia,MASS,https://cantus.sk/source/6776,,Omnes sancti angeli et archangeli orate pro nobis | Sancte Joannes Baptista ora pro nobis | Omnes sancti patriarchae et prophetae orate pro nobis,,,,,,CSK,
,,http://musmed.eu/chant/231552,Omnes sancti beatorum spirituum ordines ora ,909041c,,,,US-PHf Lewis E 158,,151r,,,,Dom. Resurrectionis,08011000,LiV,MASS,http://musmed.eu/source/98182,,Omnes sancti beatorum spirituum ordines ora te pro nobis | Sancte Joannes Baptista ora pro nobis | Omnes sancti patriarchae et prophetae ora te pro nobis,,,,,,MMMO,https://openn.library.upenn.edu/Data/0023/lewis_e_158/data/web/5411_0356_web.jpg
,,http://musmed.eu/chant/82734,Hunc diem bonum habeat amen | Multos ,a07735,,,,D-W Cod Guelf Helmst 1008,,280v,,,,Pro ordinatione Episcopi,16033010,LiV,MASS,http://musmed.eu/source/15154,,Hunc diem bonum habeat amen | Multos annos amen | In hac sede amen | Tempora bona habeat amen | Sce Petre tu illum adjuva Sce Paule tu illeum adjuva...Johannes Gorgoni Dorothee Theodore Martine Columbane Galle Otmare Magne Udalrice Caecilia Margareta Lucia Feliciter feliciter feliciter amen amen amen,,,,,,MMMO,http://diglib.hab.de/wdb.php?dir=mss/1008-helmst&pointer=563
,,https://musicahispanica.eu/chant/112056,Propitius esto libera nos domine ab ,909041e.1,6,,,E-Tc (Toledo) 73.29,,110r,,,,Sabbato Sancto,07067000,Li,X,https://musicahispanica.eu/source/111117,,Propitius esto libera nos domine ab omni malo Liberanos domine ab insidiis diaboli liberanos domine Ab damnatione perpetua libera nos domine ab imminentibus peccatorum nostrorum periculis libera nos domine ab infestationibus demonum libera nos domine ab appetitu inanis gloriae libera nos domine ab immunditia mentis et corporis libera nos domine ab ira et odio et omni mala voluntate libera nos domine ab immundis cogitationibus libera nos domine ab cecitate cordis libera nos domine ab fulgure et tempestate libera nos domine ab morte subitanea et eterna libera nos domine per mysterium sancte  incarnationis tuae libera nos domine per sanctam nativitatem tuam libera nos domine per passionem et sanctam crucem tuam libera nos domine resurrectionem tuam libera nos domine per admirabilem ascensionem tuam libera nos domine per gratiam sancti spiritus paracliti libera nos domine in hora mortis sucurre nobis domine in die jiudicii libera nos domine peccatores te rogamus audi nos custodiat te rogamus audi nos ut ecclesiam tuam sanctam regere et deffensare digneris te rogamus audi nos ut domnum apostolicum et omnes gradus ecclesie in sancta religione conservare digneris te rogamus audi nos ut regibus et principibus nostris pacem et veram concordiam atque victoriam donare digneris te rogamus audi nos ut animas nostras et parentum nostrorum conservare digneris te rogamus audi nos ut gentem paganam dextera tue super nos reducere digneris te rogamus audi nos ut obseqium servitutis nosideria erigas te rogamus audi nos ut miserias pauperum et captivorum instruere dignerirs te rogamus audi nos ut locum istum et omnes habitentes in eo visitare et consevare digneris te rogamus audi nos ut omnibus fidelibus defunctis requiem aeternam donare digneris te rogamus audi nos ut nos exaudire digneris te rogamus audi nos fili Dei te rogamus audi nos fili Dei te rogamus audi nos fili Dei te rogamus audi nos,,,,,,SEMM,0
,,https://musicahispanica.eu/chant/113324,Propitius esto*,909041e.1,6,,,E-Tc (Toledo) 73.29,,143r,,,,Fer. 2 in Letaniis,08062000,Li,X,https://musicahispanica.eu/source/111117,,Propitius esto*,,,,,,SEMM,0
,,https://cantus.sk/chant/19922,Propitius esto parce nobis domine | Propitius ,909041e.1,,,,SK-BRsa (Bratislava) Slovenský národný archív - Graduale Nitriensis,04,053r,,,,Sabbato Sancto,07067000,Varia,MASS,https://cantus.sk/source/6776,,Propitius esto parce nobis domine | Propitius esto libera nos domine | Ab omni malo libera nos domine | Ab insidiis diaboli libera nos domine | A morte perpetua libera nos domine | Per adventum tuum libera nos domine | Per nativitatem tuam libera nos domine | Per sanctum jejunium tuum libera nos domine | Per passionem et crucem tuam libera nos domine | Per gloriosam resurrectionem tuam libera nos domine | Per admirabilem ascensionem tuam libera nos domine | Per adventum spiritus sancti paracliti libera nos domine | In die judicii libera nos domine | In hora mortis libera nos domine,,,,,,CSK,
,,https://cantusdatabase.org/chant/1003347,Exaudi exaudi exaudi domine preces,a07786:02,3,,,D-WIl 2 upper pastedown,02,001v,,,,In Letaniis,08068010,LiV,X,https://cantusdatabase.org/source/702501,,Exaudi exaudi exaudi domine preces nostras,,1---g--hk--k---k--klk--k---k--kj--h---h--h--hjh---g--f---fe--d777,,,,CD,https://fragmentarium.ms/view/page/F-ymov/9948/72413
,,https://cantusdatabase.org/chant/1003351,Exaudi*,a07786:02,3,,,D-WIl 2 upper pastedown,06,001v,,,,In Letaniis,08068010,LiV,X,https://cantusdatabase.org/source/702501,,Exaudi*,,1---g--hk--k---,,,,CD,https://fragmentarium.ms/view/page/F-ymov/9948/72413
,,https://cantusdatabase.org/chant/1003353,Exaudi*,a07786:02,3,,,D-WIl 2 upper pastedown,08,001v,,,,In Letaniis,08068010,LiV,X,https://cantusdatabase.org/source/702501,,Exaudi*,,1---g--hk--k---,,,,CD,https://fragmentarium.ms/view/page/F-ymov/9948/72413
,,https://cantusdatabase.org/chant/1003355,Exaudi*,a07786:02,3,,,D-WIl 2 upper pastedown,10,001v,,,,In Letaniis,08068010,LiV,X,https://cantusdatabase.org/source/702501,,Exaudi*,,1---g--hk--k---,,,,CD,https://fragmentarium.ms/view/page/F-ymov/9948/72413
,,https://cantusdatabase.org/chant/1003357,Exaudi*,a07786:02,3,,,D-WIl 2 upper pastedown,12,001v,,,,In Letaniis,08068010,LiV,X,https://cantusdatabase.org/source/702501,,Exaudi*,,1---g--hk--k---,,,,CD,https://fragmentarium.ms/view/page/F-ymov/9948/72413
,,https://cantusdatabase.org/chant/1003359,Exaudi*,a07786:02,3,,,D-WIl 2 upper pastedown,14,001v,,,,In Letaniis,08068010,LiV,X,https://cantusdatabase.org/source/702501,,Exaudi*,,1---g--hk--k---,,,,CD,https://fragmentarium.ms/view/page/F-ymov/9948/72413
,,https://cantusdatabase.org/chant/1003361,Exaudi*,a07786:02,3,,,D-WIl 2 upper pastedown,16,001v,,,,In Letaniis,08068010,LiV,X,https://cantusdatabase.org/source/702501,,Exaudi*,,1---g--hk--k---,,,,CD,https://fragmentarium.ms/view/page/F-ymov/9948/72413
,,https://cantusdatabase.org/chant/1003363,Exaudi*,a07786:02,3,,,D-WIl 2 upper pastedown,18,001v,,,,In Letaniis,08068010,LiV,X,https://cantusdatabase.org/source/702501,,Exaudi*,,1---g--hk--k---,,,,CD,https://fragmentarium.ms/view/page/F-ymov/9948/72413
,,https://cantusdatabase.org/chant/1003365,Exaudi*,a07786:02,3,,,D-WIl 2 upper pastedown,20,001v,,,,In Letaniis,08068010,LiV,X,https://cantusdatabase.org/source/702501,,Exaudi*,,1---g--hk--k---,,,,CD,https://fragmentarium.ms/view/page/F-ymov/9948/72413
,,https://cantusdatabase.org/chant/1003367,Exaudi*,a07786:02,3,,,D-WIl 2 upper pastedown,22,001v,,,,In Letaniis,08068010,LiV,X,https://cantusdatabase.org/source/702501,,Exaudi*,,1---g--hk--k---,,,,CD,https://fragmentarium.ms/view/page/F-ymov/9948/72413
,,https://cantusdatabase.org/chant/1003369,Exaudi*,a07786:02,3,,,D-WIl 2 upper pastedown,24,001v,,,,In Letaniis,08068010,LiV,X,https://cantusdatabase.org/source/702501,,Exaudi*,,1---g--hk--k---,,,,CD,https://fragmentarium.ms/view/page/F-ymov/9948/72413
,,https://cantusdatabase.org/chant/1003371,Exaudi*,a07786:02,3,,,D-WIl 2 upper pastedown,26,001v,,,,In Letaniis,08068010,LiV,X,https://cantusdatabase.org/source/702501,,Exaudi*,,1---g--hk--k---,,,,CD,https://fragmentarium.ms/view/page/F-ymov/9948/72413
,,https://cantusdatabase.org/chant/1003373,Exaudi*,a07786:02,3,,,D-WIl 2 upper pastedown,28,001v,,,,In Letaniis,08068010,LiV,X,https://cantusdatabase.org/source/702501,,Exaudi*,,1---g--hk--k---,,,,CD,https://fragmentarium.ms/view/page/F-ymov/9948/72413
