id,corpus_id,chantlink,incipit,cantus_id,mode,finalis,differentia,siglum,position,folio,sequence,marginalia,cao_concordances,feast,feast_code,genre,office,srclink,melody_id,full_text,full_text_manuscript,volpiano,notes,dataset_name,dataset_idx,db,image_link
,,https://musicahispanica.eu/chant/27231,Deus miserere,h00155,,,,E-SAu (Salamanca) Ms. 2668,,159v,,,,,,MSR,X,https://musicahispanica.eu/source/20205,,Deus miserere,,,,,,SEMM,0
,,https://musicahispanica.eu/chant/69099,Deus miserere miserere miserere miserere miserere ,h00155,,,,GB-Lbl (London) Add MS 30851,,177r,,,,Fer. 5 Quadragesimae,07005000,MSR,Noc,https://musicahispanica.eu/source/20203,,Deus miserere miserere miserere miserere miserere plebi tuae miserere miserere cunctis ,,,,,,SEMM,0
,,https://musicahispanica.eu/chant/27096,Deus miserere deus miserere deus miserere,h00137,,,,E-SAu (Salamanca) Ms. 2668,,154r,,,,Fer. 4 per annum,04004000,MSR,X,https://musicahispanica.eu/source/20205,,Deus miserere deus miserere deus miserere,,,,,,SEMM,0
,,https://musicahispanica.eu/chant/27523,Deus miserere deus miserere deus miserere,h00137,,,,E-SAu (Salamanca) Ms. 2668,,175v,,,,Fer. 2 per annum,04002000,MSR,X,https://musicahispanica.eu/source/20205,,Deus miserere deus miserere deus miserere,,,,,,SEMM,0
,,https://musicahispanica.eu/chant/27131,Deus miserere deus miserere deus miserere ,h00148,,,,E-SAu (Salamanca) Ms. 2668,,156v,,,,Fer. 6 per annum,04006000,MSR,X,https://musicahispanica.eu/source/20205,,Deus miserere deus miserere deus miserere deus miserere deus miserere deus miserere deus miserere mihi peccatori,,,,,,SEMM,0
,,https://musicahispanica.eu/chant/87979,Deus miserere deus miserere deus miserere ,h00148,,,,E-SCu (Santiago de Compostela) Ms 609,,222r,,,,,,MSR,Noc,https://musicahispanica.eu/source/20207,,Deus miserere deus miserere deus miserere deus miserere deus miserere deus miserere deus miserere mihi peccatori,,,,,,SEMM,0
,,https://musicahispanica.eu/chant/26302,Deus miserere deus miserere deus miserere ,h00132,,,,E-SAu (Salamanca) Ms. 2668,,152v,,,,Fer. 3 per annum,04003000,MSR,X,https://musicahispanica.eu/source/20205,,Deus miserere deus miserere deus miserere deus miserere,,,,,,SEMM,0
,,https://musicahispanica.eu/chant/87929,Deus miserere deus miserere deus miserere,h00113,,,,E-SCu (Santiago de Compostela) Ms 609,,221v,,,,,,MSR,Noc,https://musicahispanica.eu/source/20207,,Deus miserere deus miserere deus miserere,,,,,,SEMM,0
,,https://musicahispanica.eu/chant/87930,Deus miserere deus miserere deus miserere ,h00113,,,,E-SCu (Santiago de Compostela) Ms 609,,221v,,,,,,MSR,Noc,https://musicahispanica.eu/source/20207,,Deus miserere deus miserere deus miserere deus miserere,,,,,,SEMM,0
,,https://musicahispanica.eu/chant/87944,Deus miserere deus miserere deus miserere ,h00113,,,,E-SCu (Santiago de Compostela) Ms 609,,221v,,,,,,MSR,Noc,https://musicahispanica.eu/source/20207,,Deus miserere deus miserere deus miserere deus miserere,,,,,,SEMM,0
,,https://musicahispanica.eu/chant/87945,Deus miserere deus miserere deus miserere,h00113,,,,E-SCu (Santiago de Compostela) Ms 609,,221v,,,,,,MSR,Noc,https://musicahispanica.eu/source/20207,,Deus miserere deus miserere deus miserere,,,,,,SEMM,0
,,https://musicahispanica.eu/chant/85374,Deus miserere deus miserere deus miserere ,h00113,*,,,E-SI (Santo Domingo de Silos) MS 7,,036r,,,,,,MSR,Pec,https://musicahispanica.eu/source/20181,,Deus miserere deus miserere deus miserere deus miserere deus miserere deus miserere deus miserere deus miserere deus miserere,,,,,,SEMM,0
,,https://musicahispanica.eu/chant/85377,Deus miserere deus miserere deus miserere,h00113,*,,,E-SI (Santo Domingo de Silos) MS 7,,036r,,,,,,MSR,Pec,https://musicahispanica.eu/source/20181,,Deus miserere deus miserere deus miserere,,,,,,SEMM,0
,,https://musicahispanica.eu/chant/87043,Deus miserere deus miserere deus miserere ,h00113,*,,,E-SI (Santo Domingo de Silos) MS 7,,072v,,,,,,MSR,Q&Q,https://musicahispanica.eu/source/20181,,Deus miserere deus miserere deus miserere deus miserere deus miserere deus miserere deus miserere deus miserere deus miserere,,,,,,SEMM,0
,,https://musicahispanica.eu/chant/87245,Deus miserere deus miserere deus miserere ,h00113,*,,,E-SI (Santo Domingo de Silos) MS 7,,119v,,,,,,MSR,AL,https://musicahispanica.eu/source/20181,,Deus miserere deus miserere deus miserere deus miserere deus miserere,,,,,,SEMM,0
,,https://musicahispanica.eu/chant/87302,Deus miserere deus miserere deus miserere,h00113,*,,,E-SI (Santo Domingo de Silos) MS 7,,139v,,,,Dom. Quadragesimae,07001000,MSR,Noc,https://musicahispanica.eu/source/20181,,Deus miserere deus miserere deus miserere,,,,,,SEMM,0
,,https://musicahispanica.eu/chant/69075,Deus miserere deus miserere deus miserere ,h00113,,,,GB-Lbl (London) Add MS 30851,,175v,,,,Fer. 3 Quadragesimae,07003000,MSR,C,https://musicahispanica.eu/source/20203,,Deus miserere deus miserere deus miserere deus miserere deus miserere deus miserere,,,,,,SEMM,0
,,https://musicahispanica.eu/chant/69121,Deus miserere deus miserere deus miserere ,h00113,,,,GB-Lbl (London) Add MS 30851,,178r,,,,Sabb. Quadragesimae,07007000,MSR,C,https://musicahispanica.eu/source/20203,,Deus miserere deus miserere deus miserere deus miserere deus miserere deus miserere,,,,,,SEMM,0
,,https://musicahispanica.eu/chant/89565,Deus miserere deus miserere deus miserere,h00113,,,,GB-Lbl (London) Add MS 30851,,173v,,,,In tempore Quad.,07000000,MSR,,https://musicahispanica.eu/source/20203,,Deus miserere deus miserere deus miserere,,,,,,SEMM,0
,,https://musicahispanica.eu/chant/23597,Deus miserere deus miserere deus miserere ,h00119,,,,E-SAu (Salamanca) Ms. 2668,,144v,,,,In tempore Quad.,07000000,MSR,X,https://musicahispanica.eu/source/20205,,Deus miserere deus miserere deus miserere deus miserere deus miserere,,,,,,SEMM,0
,,https://musicahispanica.eu/chant/27502,Deus miserere deus miserere deus miserere ,h00119,,,,E-SAu (Salamanca) Ms. 2668,,173v,,,,Dom. Quotidiano,,MSR,,https://musicahispanica.eu/source/20205,,Deus miserere deus miserere deus miserere deus miserere deus miserere,,,,,,SEMM,0
,,https://musicahispanica.eu/chant/87664,Deus miserere deus miserere deus miserere ,h00119,,,,E-SCu (Santiago de Compostela) Ms 609,,210r,,,,,,MSR,MN,https://musicahispanica.eu/source/20207,,Deus miserere deus miserere deus miserere deus miserere deus miserere,,,,,,SEMM,0
,,https://musicahispanica.eu/chant/92942,Deus miserere deus miserere deus miserere ,h04521,,,,E-Tc (Toledo) 33.3,,038r,,,,In tempore Paschae,08000000,MSR,DU&D,https://musicahispanica.eu/source/20197,,Deus miserere deus miserere deus miserere miserere nobis deus miserere nobis propitius esto peccatoribus nobis ,,,,,,SEMM,0
,,https://musicahispanica.eu/chant/27115,Deus miserere deus miserere deus miserere ,h00142,,,,E-SAu (Salamanca) Ms. 2668,,155v,,,,Fer. 5 per annum,04005000,MSR,X,https://musicahispanica.eu/source/20205,,Deus miserere deus miserere deus miserere deus miserere deus miserere deus miserere deus miserere,,,,,,SEMM,0
,,https://musicahispanica.eu/chant/87943,Deus miserere deus miserere deus miserere ,h00142,,,,E-SCu (Santiago de Compostela) Ms 609,,221v,,,,,,MSR,Noc,https://musicahispanica.eu/source/20207,,Deus miserere deus miserere deus miserere deus miserere deus miserere deus miserere deus miserere,,,,,,SEMM,0
,,https://musicahispanica.eu/chant/27130,Deus miserere deus miserere deus miserere ,h00147,,,,E-SAu (Salamanca) Ms. 2668,,156v,,,,Fer. 6 per annum,04006000,MSR,X,https://musicahispanica.eu/source/20205,,Deus miserere deus miserere deus miserere miserere nobis pro peccatis nostris infirmis oppressis dispersis captivis defunctis fideles tu cito succurre deus pater caelestis     ,,,,,,SEMM,0
,,https://musicahispanica.eu/chant/87954,Deus miserere deus miserere deus miserere ,h00147,,,,E-SCu (Santiago de Compostela) Ms 609,,221v,,,,,,MSR,Noc,https://musicahispanica.eu/source/20207,,Deus miserere deus miserere deus miserere miserere nobis pro peccatis nostris,,,,,,SEMM,0
,,https://musicahispanica.eu/chant/69086,Deus miserere deus miserere deus miserere ,h00147,,,,GB-Lbl (London) Add MS 30851,,176r,,,,Fer. 4 Quadragesimae,07004000,MSR,C,https://musicahispanica.eu/source/20203,,Deus miserere deus miserere deus miserere miserere nobis pro peccatis nostris infirmis oppressis dispersis captivis defunctis fidelis tacito succurre deus pater caelestis,,,,,,SEMM,0
,,https://musicahispanica.eu/chant/27219,Deus miserere nobis deus miserere nobis ,h00153,,,,E-SAu (Salamanca) Ms. 2668,,158r,,,,Sabbato per annum,04007000,MSR,X,https://musicahispanica.eu/source/20205,,Deus miserere nobis deus miserere nobis miserere miserere miserere christe miserere cunctis,,,,,,SEMM,0
,,https://musicahispanica.eu/chant/87901,Deus miserere nobis deus miserere nobis ,h00153,,,,E-SCu (Santiago de Compostela) Ms 609,,221r,,,,,,MSR,Noc,https://musicahispanica.eu/source/20207,,Deus miserere nobis deus miserere nobis miserere miserere Christe miserere cunctis,,,,,,SEMM,0
,,https://musicahispanica.eu/chant/69110,Deus miserere nobis deus miserere nobis ,h00153,,,,GB-Lbl (London) Add MS 30851,,177v,,,,Fer. 6 Quadragesimae,07006000,MSR,Noc,https://musicahispanica.eu/source/20203,,Deus miserere nobis deus miserere nobis miserere miserere miserere Christe miserere cunctis,,,,,,SEMM,0
