id,corpus_id,chantlink,incipit,cantus_id,mode,finalis,differentia,siglum,position,folio,sequence,marginalia,cao_concordances,feast,feast_code,genre,office,srclink,melody_id,full_text,full_text_manuscript,volpiano,notes,dataset_name,dataset_idx,db,image_link
,,https://musicahispanica.eu/chant/27503,Ecce nos vigiles te precamur christe ,h00119b,,,,E-SAu (Salamanca) Ms. 2668,,173v,,,,Dom. Quotidiano,,MSRV,X,https://musicahispanica.eu/source/20205,,Ecce nos vigiles te precamur christe annue votis succurre defunctis,,,,,,SEMM,0
,,https://musicahispanica.eu/chant/27132,Sacerdotibus et ministris,h00148a,,,,E-SAu (Salamanca) Ms. 2668,,156v,,,,Fer. 6 per annum,04006000,MSRV,X,https://musicahispanica.eu/source/20205,,Sacerdotibus et ministris,,,,,,SEMM,0
,,https://musicahispanica.eu/chant/87980,Sacerdotibus et ministris,h00148a,,,,E-SCu (Santiago de Compostela) Ms 609,,222r,,,,,,MSRV,Noc,https://musicahispanica.eu/source/20207,,Sacerdotibus et ministris,,,,,,SEMM,0
,,https://musicahispanica.eu/chant/87942,Ecce nos vigiles te precamur Christe ,h00113d,,,,E-SCu (Santiago de Compostela) Ms 609,,221v,,,,,,MSRV,Noc,https://musicahispanica.eu/source/20207,,Ecce nos vigiles te precamur Christe annue votis succurre defunctis,,,,,,SEMM,0
,,https://musicahispanica.eu/chant/27220,Tu medella da infirmis consolationem estis ,h00153a,,,,E-SAu (Salamanca) Ms. 2668,,158r,,,,Sabbato per annum,04007000,MSRV,X,https://musicahispanica.eu/source/20205,,Tu medella da infirmis consolationem estis redde patriam captivis et da requiem defunctis,,,,,,SEMM,0
,,https://musicahispanica.eu/chant/87902,Tu medella da infirmis consolationem estis ,h00153a,,,,E-SCu (Santiago de Compostela) Ms 609,,221r,,,,,,MSRV,Noc,https://musicahispanica.eu/source/20207,,Tu medella da infirmis consolationem estis redde patriam captivis et da requiem defunctis,,,,,,SEMM,0
,,https://musicahispanica.eu/chant/89575,Tu medellam da infirmis consolationem mestis ,h00153a,,,,GB-Lbl (London) Add MS 30851,,177v,,,,Fer. 6 Quadragesimae,07006000,MSRV,Noc,https://musicahispanica.eu/source/20203,,Tu medellam da infirmis consolationem mestis redde patriam captivis et da requiem defunctis,,,,,,SEMM,0
,,https://musicahispanica.eu/chant/27223,Deus qui sedes in throno judicas ,h00153d,,,,E-SAu (Salamanca) Ms. 2668,,158r,,,,Sabbato per annum,04007000,MSRV,X,https://musicahispanica.eu/source/20205,,Deus qui sedes in throno judicas quod esse bonum libera animas nostras de manibus impiorum,,,,,,SEMM,0
,,https://musicahispanica.eu/chant/87905,Deus qui sedes in throno judicas ,h00153d,,,,E-SCu (Santiago de Compostela) Ms 609,,221v,,,,,,MSRV,Noc,https://musicahispanica.eu/source/20207,,Deus qui sedes in throno judicas quod esse bonum libera animas nostras de manibus impiorum,,,,,,SEMM,0
,,https://musicahispanica.eu/chant/27098,Orfanis et viduis egenis et peregrinis ,h00137b,,,,E-SAu (Salamanca) Ms. 2668,,154r,,,,Fer. 4 per annum,04004000,MSRV,X,https://musicahispanica.eu/source/20205,,Orfanis et viduis egenis et peregrinis cito succurre christe Errantibus vagantibus iterantibus et tribulatis cito succurre christe,,,,,,SEMM,0
,,https://musicahispanica.eu/chant/87947,Infirmis defunctis oppressis dispersis et captivis ,h00113a,,,,E-SCu (Santiago de Compostela) Ms 609,,221v,,,,,,MSRV,Noc,https://musicahispanica.eu/source/20207,,Infirmis defunctis oppressis dispersis et captivis cito succurre Christe ,,,,,,SEMM,0
,,https://musicahispanica.eu/chant/87303,Infirmis defunctis oppressis dispersis et captivis ,h00113a,*,,,E-SI (Santo Domingo de Silos) MS 7,,139v,,,,Dom. Quadragesimae,07001000,MSRV,Noc,https://musicahispanica.eu/source/20181,,Infirmis defunctis oppressis dispersis et captivis cito succurre Christe,,,,,,SEMM,0
,,https://musicahispanica.eu/chant/89566,Infirmis defunctis oppressis dispersis et captivis ,h00113a,,,,GB-Lbl (London) Add MS 30851,,173v,,,,In tempore Quad.,07000000,MSRV,,https://musicahispanica.eu/source/20203,,Infirmis defunctis oppressis dispersis et captivis cito succurre Christe ,,,,,,SEMM,0
,,https://musicahispanica.eu/chant/87956,Infirmis oppressis dispersis captivis defunctis fidelis ,h00147a,,,,E-SCu (Santiago de Compostela) Ms 609,,221v,,,,,,MSRV,Noc,https://musicahispanica.eu/source/20207,,Infirmis oppressis dispersis captivis defunctis fidelis tacito succurre deus pater caelestis,,,,,,SEMM,0
,,https://musicahispanica.eu/chant/87246,Tu sana infirmos revoca captivos collige ,h00113e,*,,,E-SI (Santo Domingo de Silos) MS 7,,119v,,,,,,MSRV,AL,https://musicahispanica.eu/source/20181,,Tu sana infirmos revoca captivos collige dispersos subveni oppressis succurre defunctis deus,,,,,,SEMM,0
,,https://musicahispanica.eu/chant/89573,Tu sana infirmos revoca captivos collige ,h00113e,,,,GB-Lbl (London) Add MS 30851,,175v,,,,Fer. 3 Quadragesimae,07003000,MSRV,Noc,https://musicahispanica.eu/source/20203,,Tu sana infirmos revoca captivos collige dispersos subveni oppressis succurre defunctis deus pater caelestis deus ,,,,,,SEMM,0
,,https://musicahispanica.eu/chant/89576,Tu sana infirmos revoca captivos collige ,h00113e,,,,GB-Lbl (London) Add MS 30851,,178r,,,,Sabb. Quadragesimae,07007000,MSRV,Noc,https://musicahispanica.eu/source/20203,,Tu sana infirmos revoca captivos collige dispersos subveni oppressis succurre defunctis deus pater caelestis deus ,,,,,,SEMM,0
,,https://musicahispanica.eu/chant/27221,Tu consolare oppressus omnes collige dispersos ,h00153b,,,,E-SAu (Salamanca) Ms. 2668,,158r,,,,Sabbato per annum,04007000,MSRV,X,https://musicahispanica.eu/source/20205,,Tu consolare oppressus omnes collige dispersos pelleos tenta ampleve et pacem eis concede,,,,,,SEMM,0
,,https://musicahispanica.eu/chant/87903,Tu consolare oppressus omnes collige dispersos ,h00153b,,,,E-SCu (Santiago de Compostela) Ms 609,,221r,,,,,,MSRV,Noc,https://musicahispanica.eu/source/20207,,Tu consolare oppressus omnes collige dispersos pelle hostem tuam plebe et pacem eis concede,,,,,,SEMM,0
,,https://musicahispanica.eu/chant/87953,Errantibus vagantibus iterantibus et tribulatis cito ,h00113c,,,,E-SCu (Santiago de Compostela) Ms 609,,221v,,,,,,MSRV,Noc,https://musicahispanica.eu/source/20207,,Errantibus vagantibus iterantibus et tribulatis cito succurre Christe,,,,,,SEMM,0
,,https://musicahispanica.eu/chant/87305,Errantibus vagantibus iterantibus et tribulatis cito ,h00113c,*,,,E-SI (Santo Domingo de Silos) MS 7,,140r,,,,Dom. Quadragesimae,07001000,MSRV,Noc,https://musicahispanica.eu/source/20181,,Errantibus vagantibus iterantibus et tribulatis cito succurre Christe,,,,,,SEMM,0
,,https://musicahispanica.eu/chant/89568,Errantibus vagantibus iterantibus et tribulatis cito ,h00113c,,,,GB-Lbl (London) Add MS 30851,,173v,,,,In tempore Quad.,07000000,MSRV,,https://musicahispanica.eu/source/20203,,Errantibus vagantibus iterantibus et tribulatis cito succurre Christe,,,,,,SEMM,0
,,https://musicahispanica.eu/chant/23598,Tu sana infirmos revoca captivos collige ,h00119a,,,,E-SAu (Salamanca) Ms. 2668,,145r,,,,In tempore Quad.,07000000,MSRV,X,https://musicahispanica.eu/source/20205,,Tu sana infirmos revoca captivos collige dispersos subveni oppressis succurre defunctis,,,,,,SEMM,0
,,https://musicahispanica.eu/chant/87665,Tu sana infirmos revoca captivos collige ,h00119a,,,,E-SCu (Santiago de Compostela) Ms 609,,210r,,,,,,MSRV,MN,https://musicahispanica.eu/source/20207,,Tu sana infirmos revoca captivos collige dispersos subveni oppressis succurre defunctis,,,,,,SEMM,0
,,https://musicahispanica.eu/chant/85376,Iterantibus navigantibus carcerantibus poenitentibus et defunctis ,h00113g,*,,,E-SI (Santo Domingo de Silos) MS 7,,036r,,,,,,MSRV,Pec,https://musicahispanica.eu/source/20181,,Iterantibus navigantibus carcerantibus poenitentibus et defunctis fidelibus cito sucurre pater Christe caelestis ,,,,,,SEMM,0
,,https://musicahispanica.eu/chant/27133,Infirmantibus et defunctis     ,h00148b,,,,E-SAu (Salamanca) Ms. 2668,,156v,,,,Fer. 6 per annum,04006000,MSRV,X,https://musicahispanica.eu/source/20205,,Infirmantibus et defunctis     ,,,,,,SEMM,0
,,https://musicahispanica.eu/chant/87981,Infirmantibus et defunctis,h00148b,,,,E-SCu (Santiago de Compostela) Ms 609,,222r,,,,,,MSRV,Noc,https://musicahispanica.eu/source/20207,,Infirmantibus et defunctis,,,,,,SEMM,0
,,https://musicahispanica.eu/chant/27097,Infirmis defuncto oppressis dispersis et captivis ,h00137a,,,,E-SAu (Salamanca) Ms. 2668,,154r,,,,Fer. 4 per annum,04004000,MSRV,X,https://musicahispanica.eu/source/20205,,Infirmis defuncto oppressis dispersis et captivis cito succurre christe,,,,,,SEMM,0
,,https://musicahispanica.eu/chant/87949,Orfanis et viduis egenis et peregrinis ,h00113b,,,,E-SCu (Santiago de Compostela) Ms 609,,221v,,,,,,MSRV,Noc,https://musicahispanica.eu/source/20207,,Orfanis et viduis egenis et peregrinis cito succurre Christe,,,,,,SEMM,0
,,https://musicahispanica.eu/chant/87304,Orfanis et viduis egenis et peregrinis ,h00113b,*,,,E-SI (Santo Domingo de Silos) MS 7,,140r,,,,Dom. Quadragesimae,07001000,MSRV,Noc,https://musicahispanica.eu/source/20181,,Orfanis et viduis egenis et peregrinis cito succurre Christe,,,,,,SEMM,0
,,https://musicahispanica.eu/chant/89567,Orfanis et viduis egenis et peregrinis ,h00113b,,,,GB-Lbl (London) Add MS 30851,,173v,,,,In tempore Quad.,07000000,MSRV,,https://musicahispanica.eu/source/20203,,Orfanis et viduis egenis et peregrinis cito succurre Christe,,,,,,SEMM,0
,,https://musicahispanica.eu/chant/85375,Infirmis oppressis dispersis captivis,h00113f,*,,,E-SI (Santo Domingo de Silos) MS 7,,036r,,,,,,MSRV,Pec,https://musicahispanica.eu/source/20181,,Infirmis oppressis dispersis captivis,,,,,,SEMM,0
,,https://musicahispanica.eu/chant/87044,Infirmis oppressis *,h00113f,*,,,E-SI (Santo Domingo de Silos) MS 7,,072v,,,,,,MSRV,Q&Q,https://musicahispanica.eu/source/20181,,Infirmis oppressis *,,,,,,SEMM,0
,,https://musicahispanica.eu/chant/27222,Tu tuere iterantes omnes corrige errantes ,h00153c,,,,E-SAu (Salamanca) Ms. 2668,,158r,,,,Sabbato per annum,04007000,MSRV,X,https://musicahispanica.eu/source/20205,,Tu tuere iterantes omnes corrige errantes data copiam frumentis et pestilentiae expelle,,,,,,SEMM,0
,,https://musicahispanica.eu/chant/87904,Tu tuere iterantes omnes corrige errantes ,h00153c,,,,E-SCu (Santiago de Compostela) Ms 609,,221v,,,,,,MSRV,Noc,https://musicahispanica.eu/source/20207,,Tu tuere iterantes omnes corrige errantes data copiam frumentis et pestilentiae expelle,,,,,,SEMM,0
,,https://musicahispanica.eu/chant/89574,Tu in terra dona pacem justitiae ,h00155a,,,,GB-Lbl (London) Add MS 30851,marg.,176v,,,,Fer. 5 Quadragesimae,07005000,MSRV,Noc,https://musicahispanica.eu/source/20203,,Tu in terra dona pacem justitiae et veritatem in populis caritatem in fratribus unitatem tu Christe redemptor,,,,,,SEMM,0
