id,corpus_id,chantlink,incipit,cantus_id,mode,finalis,differentia,siglum,position,folio,sequence,marginalia,cao_concordances,feast,feast_code,genre,office,srclink,melody_id,full_text,full_text_manuscript,volpiano,notes,dataset_name,dataset_idx,db,image_link
,,https://musicahispanica.eu/chant/65089,Conturbati*,h03855,,,,E-L (León) Ms 8,,151r,,,,Sabb. Hebd. 4 Quad.,07047000,MT,MH,https://musicahispanica.eu/source/20175,,Conturbati*,,,,,,SEMM,0
,,https://musicahispanica.eu/chant/87828,Conturbati sunt omnes insipientes corde ab ,h03855,,,,E-L (León) Ms 8,,142r,,,,Sabb. Hebd. 3 Quad.,07037000,MT,MH,https://musicahispanica.eu/source/20175,,Conturbati sunt omnes insipientes corde ab increpatione tua deus Jacob,,,,,,SEMM,0
,,https://musicahispanica.eu/chant/64459,Et ego ad te domine clamavi ,h03862.1,,,,E-L (León) Ms 8,,121v,,,,Fer. 5 Hebd. 1 Quad.,07015000,MT,MH,https://musicahispanica.eu/source/20175,,Et ego ad te domine clamavi et mane oratio mea praevenit te,,,,,,SEMM,0
,,https://musicahispanica.eu/chant/123845,Et ego ad te domine clamavi ,h03862.1,,,,E-Mn (Madrid) MSS/10001,,044v,,,,,,MT,,https://musicahispanica.eu/source/52315,,Et ego ad te domine clamavi et mane oratio mea praevenit te,,,,,,SEMM,0
,,https://musicahispanica.eu/chant/46239,Illumina domine vultum tuum super nos ,h03879.1,,,,E-Mn (Madrid) MSS/10110,,016r,,,,Fer. 6 Hebd. 1 Quad.,07016000,MT,MH,https://musicahispanica.eu/source/20183,,Illumina domine vultum tuum super nos et miserere nobis ut cognoscamus in terra viam tuam.,,,,,,SEMM,0
,,https://musicahispanica.eu/chant/46363,Illumina domine vultum tuum super nos ,h03879.1,,,,E-Mn (Madrid) MSS/10110,,026r,,,,Fer. 4 Hebd. 2 Quad.,07024000,MT,MH,https://musicahispanica.eu/source/20183,,Illumina domine vultum tuum super nos et miserere nobis ut cognoscamus in terram viam tuam,,,,,,SEMM,0
,,https://musicahispanica.eu/chant/64267,Emitte lucem tuam domine et veritatem ,h03864,,,,E-L (León) Ms 8,,113v,,,,Carnes Tollendas,,MT,MH,https://musicahispanica.eu/source/20175,,Emitte lucem tuam domine et veritatem tuam,,,,,,SEMM,0
,,https://musicahispanica.eu/chant/123713,Emitte lucem tuam domine et veritatem ,h03864,,,,E-Mn (Madrid) MSS/10001,,021r,,,,,,MT,,https://musicahispanica.eu/source/52315,,Emitte lucem tuam domine et veritatem tuam,,,,,,SEMM,0
,,https://musicahispanica.eu/chant/46256,Emitte lucem tuam domine et veritatem ,h03864,,,,E-Mn (Madrid) MSS/10110,,018v,,,,Sabb. Hebd. 1 Quad.,07017000,MT,MH,https://musicahispanica.eu/source/20183,,Emitte lucem tuam domine et veritatem tuam.,,,,,,SEMM,0
,,https://musicahispanica.eu/chant/46563,Emitte lucem tuam domine et veritatem ,h03864,,,,E-Mn (Madrid) MSS/10110,,035r,,,,Fer. 2 Hebd. 3 Quad.,07032000,MT,MH,https://musicahispanica.eu/source/20183,,Emitte lucem tuam domine et veritatem tuam. Ipsa me deduxerunt et perduxerunt in montem sanctum tuum et tabernaculum tuum.,,,,,,SEMM,0
,,https://musicahispanica.eu/chant/86680,Emitte lucem tuam domine et veritatem ,h03864,*,,,E-SI (Santo Domingo de Silos) MS 3,,176r,,,,Fer. 5 per annum,04005000,MT,MH,https://musicahispanica.eu/source/20177,,Emitte lucem tuam domine et veritatem tuam,,,,,,SEMM,0
,,https://musicahispanica.eu/chant/77956,Emitte*,h03864,,,,GB-Lbl (London) Add MS 30846,,145r,,,,Fer. 5 de Letanias Apostolicas,,MT,MH,https://musicahispanica.eu/source/20202,,Emitte*,,,,,,SEMM,0
,,https://musicahispanica.eu/chant/69484,Emitte lucem tuam domine et veritatem ,h03864,,,,GB-Lbl (London) Add MS 30851,,007r,,,,Fest. per annum,04000000,MT,,https://musicahispanica.eu/source/20203,,Emitte lucem tuam domine et veritatem tuam,,,,,,SEMM,0
,,https://musicahispanica.eu/chant/65440,Repleta est malis anima mea et ,h03889,,,,E-L (León) Ms 8,,171r,,,,Sabbato Sancto,07067000,MT,MH,https://musicahispanica.eu/source/20175,,Repleta est malis anima mea et vita mea in infernum appropinquavit,,,,,,SEMM,0
,,https://musicahispanica.eu/chant/64407,Deus misereatur nobis et benedicat nos ,h03860,,,,E-L (León) Ms 8,,119v,,,,Fer. 3 Hebd. 1 Quad.,07013000,MT,MH,https://musicahispanica.eu/source/20175,,Deus misereatur nobis et benedicat nos illuminet dominus vultum suum super nos,,,,,,SEMM,0
,,https://musicahispanica.eu/chant/46198,Deus misereatur nobis et benedicat nos ,h03860,,,,E-Mn (Madrid) MSS/10110,,010r,,,,Fer. 4 Hebd. 1 Quad.,07014000,MT,MH,https://musicahispanica.eu/source/20183,,Deus misereatur nobis et benedicat nos illuminet dominus vultum suum super nos,,,,,,SEMM,0
,,https://musicahispanica.eu/chant/51535,Ad te de luce vigilo deus ,h03851,,,,E-Mn (Madrid) MSS/10110,,081v,,,,Fer. 4 Hebd. 5 Quad.,,MT,MH,https://musicahispanica.eu/source/20183,,Ad te de luce vigilo deus sitivit in te anima mea,,,,,,SEMM,0
,,https://musicahispanica.eu/chant/51770,Mane exaudies vocem meam domine mane ,h03883.1,,,,E-Mn (Madrid) MSS/10110,,089v,,,,Fer. 6 Hebd. 5 Quad.,,MT,MH,https://musicahispanica.eu/source/20183,,Mane exaudies vocem meam domine mane adstabo tibi et videbo te,,,,,,SEMM,0
,,https://musicahispanica.eu/chant/65446,Iniqui persecuti sunt me adjuva me ,h03878,,,,E-L (León) Ms 8,,171v,,,,Sabbato Sancto,07067000,MT,MH,https://musicahispanica.eu/source/20175,,Iniqui persecuti sunt me adjuva me deus meus paulo minus consumaverunt me in terra ego autem non dereliqui mandata tua adjuva me et salvabor,,,,,,SEMM,0
,,https://musicahispanica.eu/chant/64483,Sit splendor domini dei nostri super ,h03891,,,,E-L (León) Ms 8,,122v,,,,Fer. 6 Hebd. 1 Quad.,07016000,MT,MH,https://musicahispanica.eu/source/20175,,Sit splendor domini dei nostri super nos,,,,,,SEMM,0
,,https://musicahispanica.eu/chant/66090,Sit splendor*,h03891,,,,E-L (León) Ms 8,,205v,,,,Fer. 6 de Letanias Apostolicas,,MT,MH,https://musicahispanica.eu/source/20175,,Sit splendor*,,,,,,SEMM,0
,,https://musicahispanica.eu/chant/123850,Sit splendor domini dei nostri super ,h03891,,,,E-Mn (Madrid) MSS/10001,,046v,,,,,,MT,,https://musicahispanica.eu/source/52315,,Sit splendor domini dei nostri super nos,,,,,,SEMM,0
,,https://musicahispanica.eu/chant/46547,Sit splendor domini dei nostri super ,h03891,,,,E-Mn (Madrid) MSS/10110,,032v,,,,Sabb. Hebd. 2 Quad.,07027000,MT,MH,https://musicahispanica.eu/source/20183,,Sit splendor domini dei nostri super nos,,,,,,SEMM,0
,,https://musicahispanica.eu/chant/46687,Sit splendor domini dei nostri super ,h03891,,,,E-Mn (Madrid) MSS/10110,,043v,,,,Fer. 5 Hebd. 3 Quad.,07035000,MT,MH,https://musicahispanica.eu/source/20183,,Sit splendor domini dei nostri super nos,,,,,,SEMM,0
,,https://musicahispanica.eu/chant/78012,Sit splendor*,h03891,,,,GB-Lbl (London) Add MS 30846,,152r,,,,Fer. 6 de Letanias Apostolicas,,MT,MH,https://musicahispanica.eu/source/20202,,Sit splendor*,,,,,,SEMM,0
,,https://musicahispanica.eu/chant/83764,Sit splendor domini *,h03891,*,,,GB-Lbl (London) Add MS 30846,,130v,,,,Fer. 2 p. Ascensio.,,MT,MH,https://musicahispanica.eu/source/20202,,Sit splendor domini *,,,,,,SEMM,0
,,https://musicahispanica.eu/chant/69608,Sit splendor domini dei nostri super ,h03891,,,,GB-Lbl (London) Add MS 30851,,048v,,,,,,MT,MH,https://musicahispanica.eu/source/20203,,Sit splendor domini dei nostri super nos,,,,,,SEMM,0
,,https://musicahispanica.eu/chant/40835,A vigilia matutina usque ad nocte ,h03849,,,,E-Tc (Toledo) 35.5,,017v,,,,Dom. 2 Quadragesimae,07021000,MT,MH,https://musicahispanica.eu/source/20186,,A vigilia matutina usque ad nocte a custodia matutina speret Israel in domino,,,,,,SEMM,0
,,https://musicahispanica.eu/chant/64561,In matutinis domine interfice omnia peccata ,h03874,,,,E-L (León) Ms 8,,126r,,,,Fer. 2 Hebd. 2 Quad.,07022000,MT,MH,https://musicahispanica.eu/source/20175,,In matutinis domine interfice omnia peccata nostra,,,,,,SEMM,0
,,https://musicahispanica.eu/chant/123863,In matutinis domine interfice omnia peccata ,h03874,,,,E-Mn (Madrid) MSS/10001,,051r,,,,,,MT,,https://musicahispanica.eu/source/52315,,In matutinis domine interfice omnia peccata nostra,,,,,,SEMM,0
,,https://musicahispanica.eu/chant/69623,In matutinis domine interfice omnia peccata ,h03874,,,,GB-Lbl (London) Add MS 30851,,055r,,,,,,MT,MH,https://musicahispanica.eu/source/20203,,In matutinis domine interfice omnia peccata nostra,,,,,,SEMM,0
,,https://musicahispanica.eu/chant/64641,Praevenerunt oculi mei deus ad te ,h03885,,,,E-L (León) Ms 8,,129r,,,,Fer. 5 Hebd. 2 Quad.,07025000,MT,MH,https://musicahispanica.eu/source/20175,,Praevenerunt oculi mei deus ad te diluculo ut meditarer eloquia tua,,,,,,SEMM,0
,,https://musicahispanica.eu/chant/123947,Praevenerunt oculi mei deus ad te ,h03885,,,,E-Mn (Madrid) MSS/10001,,065v,,,,,,MT,,https://musicahispanica.eu/source/52315,,Praevenerunt oculi mei deus ad te diluculo ut meditarer eloquia tua,,,,,,SEMM,0
,,https://musicahispanica.eu/chant/69665,Praevenerunt oculi mei ad te diluculo ,h03885,,,,GB-Lbl (London) Add MS 30851,,075v,,,,,,MT,MH,https://musicahispanica.eu/source/20203,,Praevenerunt oculi mei ad te diluculo ut meditares eloquia tua,,,,,,SEMM,0
,,https://musicahispanica.eu/chant/64590,Exsurgam diluculo et confitebor domino,h03870,,,,E-L (León) Ms 8,,127r,,,,Fer. 3 Hebd. 2 Quad.,07023000,MT,MH,https://musicahispanica.eu/source/20175,,Exsurgam diluculo et confitebor domino,,,,,,SEMM,0
,,https://musicahispanica.eu/chant/123904,Exsurgam diluculo et confitebor domino,h03870,,,,E-Mn (Madrid) MSS/10001,,057v,,,,,,MT,,https://musicahispanica.eu/source/52315,,Exsurgam diluculo et confitebor domino,,,,,,SEMM,0
,,https://musicahispanica.eu/chant/69635,Exsurgam diluculo et confitebor domino,h03870,,,,GB-Lbl (London) Add MS 30851,,064r,,,,,,MT,MH,https://musicahispanica.eu/source/20203,,Exsurgam diluculo et confitebor domino,,,,,,SEMM,0
,,https://musicahispanica.eu/chant/47136,Mane adstabo tibi et videbo te ,h03881,,,,E-Mn (Madrid) MSS/10110,,059v,,,,Fer. 4 Hebd. 4 Quad.,07044000,MT,MH,https://musicahispanica.eu/source/20183,,Mane adstabo tibi et videbo te domine quoniam tu es qui non vis iniquitatem,,,,,,SEMM,0
,,https://musicahispanica.eu/chant/64291,Exaltabo mane misericordiam tuam quoniam factus ,h03868,,,,E-L (León) Ms 8,,114v,,,,Carnes Tollendas,,MT,MH,https://musicahispanica.eu/source/20175,,Exaltabo mane misericordiam tuam quoniam factus es susceptor meus et refugium meum in die praessure me,,,,,,SEMM,0
,,https://musicahispanica.eu/chant/65197,Exaltabo*,h03868,,,,E-L (León) Ms 8,,157v,,,,Fer. 3 Maj. Hebd.,07063000,MT,MH,https://musicahispanica.eu/source/20175,,Exaltabo*,,,,,,SEMM,0
,,https://musicahispanica.eu/chant/123757,Exaltabo mane misericordiam tuam quoniam factus ,h03868,,,,E-Mn (Madrid) MSS/10001,,028r,,,,,,ANT,,https://musicahispanica.eu/source/52315,,Exaltabo mane misericordiam tuam quoniam factus es susceptor meus et refugium meum in die praessure me,,,,,,SEMM,0
,,https://musicahispanica.eu/chant/91909,Exaltabo mane*,h03868,,,,E-Tc (Toledo) 35.6,,098v,,,,Fer. 6 p. Ascensio.,,MT,MH,https://musicahispanica.eu/source/20187,,Exaltabo mane*,,,,,,SEMM,0
,,https://musicahispanica.eu/chant/78145,Exaltabo mane misericordiam tuam quia factus ,h03868,,,,GB-Lbl (London) Add MS 30845,,153r,,,,Letanias Apostolicas,,MT,MH,https://musicahispanica.eu/source/20196,,Exaltabo mane misericordiam tuam quia factus es susceptor meus et refugium meum in die praessure meae,,,,,,SEMM,0
,,https://musicahispanica.eu/chant/69540,Exaltabo mane misericordiam tuam quoniam factus ,h03868,,,,GB-Lbl (London) Add MS 30851,,020v,,,,,,MT,MH,https://musicahispanica.eu/source/20203,,Exaltabo mane misericordiam tuam quoniam factus es adjutor meus et refugium meum in die praessure meae,,,,,,SEMM,0
,,https://musicahispanica.eu/chant/69549,Exitus matutini et vesperi delectaveris deus,h03868,,,,GB-Lbl (London) Add MS 30851,,024r,,,,,,MT,,https://musicahispanica.eu/source/20203,,Exitus matutini et vesperi delectaveris deus,,,,,,SEMM,0
,,https://musicahispanica.eu/chant/64612,Deus dominus et illuxit nobis,h03859,,,,E-L (León) Ms 8,,128r,,,,Fer. 4 Hebd. 2 Quad.,07024000,MT,MH,https://musicahispanica.eu/source/20175,,Deus dominus et illuxit nobis,,,,,,SEMM,0
,,https://musicahispanica.eu/chant/123926,Deus dominus et illuxit nobis,h03859,,,,E-Mn (Madrid) MSS/10001,,061v,,,,,,MT,,https://musicahispanica.eu/source/52315,,Deus dominus et illuxit nobis,,,,,,SEMM,0
,,https://musicahispanica.eu/chant/69646,Deus dominus et illuxit nobis,h03859,,,,GB-Lbl (London) Add MS 30851,,070r,,,,,,MT,MH,https://musicahispanica.eu/source/20203,,Deus dominus et illuxit nobis,,,,,,SEMM,0
,,https://musicahispanica.eu/chant/51925,In matutinis meditabor in te quia ,h03875,,,,E-Mn (Madrid) MSS/10110,,095v,,,,Fer. 2 Maj. Hebd.,07062000,MT,MH,https://musicahispanica.eu/source/20183,,In matutinis meditabor in te quia factus es susceptor meus domine,,,,,,SEMM,0
,,https://musicahispanica.eu/chant/64213,Praeceptum domini lucidum illuminans oculos,h03884,,,,E-L (León) Ms 8,,111v,,,,Carnes Tollendas,,MT,MH,https://musicahispanica.eu/source/20175,,Praeceptum domini lucidum illuminans oculos,,,,,,SEMM,0
,,https://musicahispanica.eu/chant/123655,Praeceptum domini lucidum illuminans oculos,h03884,,,,E-Mn (Madrid) MSS/10001,,008v,,,,,,MT,,https://musicahispanica.eu/source/52315,,Praeceptum domini lucidum illuminans oculos,,,,,,SEMM,0
,,https://musicahispanica.eu/chant/46672,Praeceptum domini lucidum illuminas oculos,h03884,,,,E-Mn (Madrid) MSS/10110,,041r,,,,Fer. 4 Hebd. 3 Quad.,07034000,MT,MH,https://musicahispanica.eu/source/20183,,Praeceptum domini lucidum illuminas oculos,,,,,,SEMM,0
,,https://musicahispanica.eu/chant/86631,Praeceptum domini lucidum illuminans oculos,h03884,,,,E-SI (Santo Domingo de Silos) MS 3,,170r,,,,Fer. 3 per annum,04003000,MT,MH,https://musicahispanica.eu/source/20177,,Praeceptum domini lucidum illuminans oculos,,,,,,SEMM,0
,,https://musicahispanica.eu/chant/46711,Exsurge gloria mea exsurge psalterium et ,h03871,,,,E-Mn (Madrid) MSS/10110,,046v,,,,Fer. 6 Hebd. 3 Quad.,07036000,MT,MH,https://musicahispanica.eu/source/20183,,Exsurge gloria mea exsurge psalterium et cithara exsurgam diluculo et confitebor domino,,,,,,SEMM,0
,,https://musicahispanica.eu/chant/64431,Illuminans tu mirabilis a montibus aeternis,h03880,,,,E-L (León) Ms 8,,120v,,,,Fer. 4 Hebd. 1 Quad.,07014000,MT,MH,https://musicahispanica.eu/source/20175,,Illuminans tu mirabilis a montibus aeternis,,,,,,SEMM,0
,,https://musicahispanica.eu/chant/123793,Illuminans tu mirabilis a montibus aeternis,h03880,,,,E-Mn (Madrid) MSS/10001,,037v,,,,,,MT,,https://musicahispanica.eu/source/52315,,Illuminans tu mirabilis a montibus aeternis,,,,,,SEMM,0
,,https://musicahispanica.eu/chant/46342,Illuminans tu mirabilis a montibus aeternis,h03880,,,,E-Mn (Madrid) MSS/10110,,023v,,,,Fer. 3 Hebd. 2 Quad.,07023000,MT,MH,https://musicahispanica.eu/source/20183,,Illuminans tu mirabilis a montibus aeternis,,,,,,SEMM,0
,,https://musicahispanica.eu/chant/83544,Illuminans *,h03880,*,,,GB-Lbl (London) Add MS 30846,,124r,,,,Sabb. p. Ascensionem,,MT,MH,https://musicahispanica.eu/source/20202,,Illuminans *,,,,,,SEMM,0
,,https://musicahispanica.eu/chant/69583,Illuminans tu mirabilis a montibus aeternis,h03880,,,,GB-Lbl (London) Add MS 30851,,034v,,,,,,MT,,https://musicahispanica.eu/source/20203,,Illuminans tu mirabilis a montibus aeternis,,,,,,SEMM,0
,,https://musicahispanica.eu/chant/64375,Exitus matutini et vesperi delectaveris deus,h03869,,,,E-L (León) Ms 8,,118r,,,,Fer. 2 Hebd. 1 Quad.,07012000,MT,MH,https://musicahispanica.eu/source/20175,,Exitus matutini et vesperi delectaveris deus,,,,,,SEMM,0
,,https://musicahispanica.eu/chant/79053,Exitus*,h03869,,,,E-L (León) Ms 8,,082v,,,,Initio anni,,MT,MH,https://musicahispanica.eu/source/20175,,Exitus*,,,,,,SEMM,0
,,https://musicahispanica.eu/chant/123767,Exitus matutini et vesperi delectaveris deus,h03869,,,,E-Mn (Madrid) MSS/10001,,030v,,,,,,MT,,https://musicahispanica.eu/source/52315,,Exitus matutini et vesperi delectaveris deus,,,,,,SEMM,0
,,https://musicahispanica.eu/chant/56288,Exitus matutini et vesperi delectaveris deus,h03869,,,,E-Tc (Toledo) 35.7,,107v,,,,Initio anni,,MT,MH,https://musicahispanica.eu/source/20188,,Exitus matutini et vesperi delectaveris deus,,,,,,SEMM,0
,,https://musicahispanica.eu/chant/48008,Deus deus meus ad te de ,h03858,,,,E-Mn (Madrid) MSS/10110,,067v,,,,Fer. 6 Hebd. 4 Quad.,07046000,MT,MH,https://musicahispanica.eu/source/20183,,Deus deus meus ad te de luce vigilo sitivit in te anima mea quam multipliciter et caro mea,,,,,,SEMM,0
,,https://musicahispanica.eu/chant/64692,Auditam fac mihi domine mane misericordiam ,h03854,,,,E-L (León) Ms 8,,131r,,,,Sabb. Hebd. 2 Quad.,07027000,MT,MH,https://musicahispanica.eu/source/20175,,Auditam fac mihi domine mane misericordiam tuam,,,,,,SEMM,0
,,https://musicahispanica.eu/chant/43900,Emitte lucem tuam domine quia tu ,h03865,,,,E-Tc (Toledo) 35.5,,089r,,,,Dom. 5 Quadragesimae,,MT,MH,https://musicahispanica.eu/source/20186,,Emitte lucem tuam domine quia tu es deus meus et fortitudo mea,,,,,,SEMM,0
,,https://musicahispanica.eu/chant/64663,A vigilia matutina usque ad nocte ,h03894,,,,E-L (León) Ms 8,,129v,,,,Fer. 6 Hebd. 2 Quad.,07026000,MT,MH,https://musicahispanica.eu/source/20175,,A vigilia matutina usque ad nocte speret Israel in domino,,,,,,SEMM,0
,,https://musicahispanica.eu/chant/124032,A vigilia matutina usque ad nocte ,h03894,,,,E-Mn (Madrid) MSS/10001,,068v,,,,,,MT,,https://musicahispanica.eu/source/52315,,A vigilia matutina usque ad nocte sperent Israel in domino,,,,,,SEMM,0
,,https://musicahispanica.eu/chant/69675,A vigilia matutina usque ad nocte ,h03894,,,,GB-Lbl (London) Add MS 30851,,080v,,,,,,MT,,https://musicahispanica.eu/source/20203,,A vigilia matutina usque ad nocte sperent Israel in domino,,,,,,SEMM,0
,,https://musicahispanica.eu/chant/65377,Quare tristis es anima mea et ,h03888,,,,E-L (León) Ms 8,,166v,,,,Fer. 6 in Parasceve,07066000,MT,MH,https://musicahispanica.eu/source/20175,,Quare tristis es anima mea et quare conturbas me spera in domino quia confitebor illi salutare vultus mei et deo meo,,,,,,SEMM,0
,,https://musicahispanica.eu/chant/64786,Dolose egit inimicus in conspectu domini ,h03861,,,,E-L (León) Ms 8,,136r,,,,Fer. 3 Hebd. 3 Quad.,07033000,MT,MH,https://musicahispanica.eu/source/20175,,Dolose egit inimicus in conspectu domini noluit intelligere ut bene ageret iniquitatem meditatus est in cubili suo,,,,,,SEMM,0
,,https://musicahispanica.eu/chant/64984,Dolose egit inimicus in conspectu,h03861,,,,E-L (León) Ms 8,,146r,,,,Fer. 3 Hebd. 4 Quad.,07043000,MT,MH,https://musicahispanica.eu/source/20175,,Dolose egit inimicus in conspectu,,,,,,SEMM,0
,,https://musicahispanica.eu/chant/88039,Dolose egit*,h03861,,,,E-L (León) Ms 8,,157v,,,,Fer. 3 Maj. Hebd.,07063000,MT,MH,https://musicahispanica.eu/source/20175,,Dolose egit*,,,,,,SEMM,0
,,https://musicahispanica.eu/chant/64510,Ad annuntiandam mane misericordiam tuam et ,h03850,,,,E-L (León) Ms 8,,123v,,,,Sabb. Hebd. 1 Quad.,07017000,MT,MH,https://musicahispanica.eu/source/20175,,Ad annuntiandam mane misericordiam tuam et veritatem tuam pernoctem,,,,,,SEMM,0
,,https://musicahispanica.eu/chant/69553,Illumina domine vultum tuum super nos,h03879,,,,GB-Lbl (London) Add MS 30851,,025v,,,,,,MT,MH,https://musicahispanica.eu/source/20203,,Illumina domine vultum tuum super nos,,,,,,SEMM,0
,,https://musicahispanica.eu/chant/46215,Rex meus et deus meus ad ,h03890,,,,E-Mn (Madrid) MSS/10110,,012v,,,,Fer. 5 Hebd. 1 Quad.,07015000,MT,MH,https://musicahispanica.eu/source/20183,,Rex meus et deus meus ad te orabo domine mane,,,,,,SEMM,0
,,https://musicahispanica.eu/chant/64236,In tuo deus lumine videbimus lumen,h03877,,,,E-L (León) Ms 8,,112v,,,,Carnes Tollendas,,MT,MH,https://musicahispanica.eu/source/20175,,In tuo deus lumine videbimus lumen,,,,,,SEMM,0
,,https://musicahispanica.eu/chant/66045,In tuo deus lumine*,h03877,,,,E-L (León) Ms 8,,204r,,,,Letanias Apostolicas,,MT,M,https://musicahispanica.eu/source/20175,,In tuo deus lumine*,,,,,,SEMM,0
,,https://musicahispanica.eu/chant/74704,In tuo deus lumine ,h03877,*,,,E-Mh (Madrid) Cod. 60 (2) and (3),,029r,,,,Letanias,,MT,MH,https://musicahispanica.eu/source/20180,,In tuo deus lumine ,,,,,,SEMM,0
,,https://musicahispanica.eu/chant/123704,In tuo deus lumine videbimus lumen,h03877,,,,E-Mn (Madrid) MSS/10001,,017r,,,,,,MT,,https://musicahispanica.eu/source/52315,,In tuo deus lumine videbimus lumen,,,,,,SEMM,0
,,https://musicahispanica.eu/chant/45955,In tuo deus lumine videbimus lumen,h03877,,,,E-Mn (Madrid) MSS/10110,,006r,,,,Fer. 3 Hebd. 1 Quad.,07013000,MT,MH,https://musicahispanica.eu/source/20183,,In tuo deus lumine videbimus lumen,,,,,,SEMM,0
,,https://musicahispanica.eu/chant/86655,In tuo deus lumine videbimus lumen,h03877,,,,E-SI (Santo Domingo de Silos) MS 3,,172v,,,,Fer. 4 per annum,04004000,MT,MH,https://musicahispanica.eu/source/20177,,In tuo deus lumine videbimus lumen,,,,,,SEMM,0
,,https://musicahispanica.eu/chant/77896,In tuo deus lumine,h03877,*,,,GB-Lbl (London) Add MS 30846,,137r,,,,Letanias Apostolicas,,MT,MH,https://musicahispanica.eu/source/20202,,In tuo deus lumine,,,,,,SEMM,0
,,https://musicahispanica.eu/chant/51980,Rex meus et deus meus ad ,h03890.1,,,,E-Mn (Madrid) MSS/10110,,100v,,,,Fer. 3 Maj. Hebd.,07063000,MT,MH,https://musicahispanica.eu/source/20183,,Rex meus et deus meus ad te orabo domine mane exaudi vocem meam,,,,,,SEMM,0
,,https://musicahispanica.eu/chant/46509,Psallam et intelligam in matutinis quando ,h03886,,,,E-Mn (Madrid) MSS/10110,,028r,,,,Fer. 5 Hebd. 2 Quad.,07025000,MT,MH,https://musicahispanica.eu/source/20183,,Psallam et intelligam in matutinis quando venies ad me,,,,,,SEMM,0
,,https://musicahispanica.eu/chant/46728,Psallam et intelligam in matutinis quando ,h03886,,,,E-Mn (Madrid) MSS/10110,,048v,,,,Sabb. Hebd. 3 Quad.,07037000,MT,MH,https://musicahispanica.eu/source/20183,,Psallam et intelligam in matutinis quando venies ad me.,,,,,,SEMM,0
,,https://musicahispanica.eu/chant/47157,Psallam et intelligam in matutinis quando ,h03886,,,,E-Mn (Madrid) MSS/10110,,063v,,,,Fer. 5 Hebd. 4 Quad.,07045000,MT,MH,https://musicahispanica.eu/source/20183,,Psallam et intelligam in matutinis quando venies ad me,,,,,,SEMM,0
,,https://musicahispanica.eu/chant/51745,Psallam et intelligam in matutinis quando ,h03886,,,,E-Mn (Madrid) MSS/10110,,085r,,,,Fer. 5 Hebd. 5 Quad.,,MT,MH,https://musicahispanica.eu/source/20183,,Psallam et intelligam in matutinis quando venies ad me,,,,,,SEMM,0
,,https://musicahispanica.eu/chant/64319,In deserto et in invio et ,h03873,,,,E-L (León) Ms 8,,115v,,,,Carnes Tollendas,,MT,MH,https://musicahispanica.eu/source/20175,,In deserto et in invio et in aquoso deus deus meus ad te de luce vigilo,,,,,,SEMM,0
,,https://musicahispanica.eu/chant/123764,In deserto et in invio et ,h03873,,,,E-Mn (Madrid) MSS/10001,,029v,,,,,,MT,,https://musicahispanica.eu/source/52315,,In deserto et in invio et in aquoso deus deus meus ad te de luce vigilo,,,,,,SEMM,0
,,https://musicahispanica.eu/chant/69546,In deserto et in invio et ,h03873,,,,GB-Lbl (London) Add MS 30851,,022v,,,,,,MT,MH,https://musicahispanica.eu/source/20203,,In deserto et in invio et in aquoso deus deus meus ad te de luce vigilo,,,,,,SEMM,0
,,https://musicahispanica.eu/chant/40866,Mane adstabo et videbo te quoniam ,h03882,,,,E-Tc (Toledo) 35.5,,039v,,,,Dom. 3 Quadragesimae,07031000,MT,MH,https://musicahispanica.eu/source/20186,,Mane adstabo et videbo te quoniam tu es deus nolens iniquitatem,,,,,,SEMM,0
,,https://musicahispanica.eu/chant/64759,Deduc me domine in tua justitia ,h03856,,,,E-L (León) Ms 8,,135r,,,,Fer. 2 Hebd. 3 Quad.,07032000,MT,MH,https://musicahispanica.eu/source/20175,,Deduc me domine in tua justitia propter inimicos meos dirige in conspectu tuo viam meam,,,,,,SEMM,0
,,https://musicahispanica.eu/chant/64959,Deduc me domine*,h03856,,,,E-L (León) Ms 8,,145r,,,,Fer. 2 Hebd. 4 Quad.,07042000,MT,MH,https://musicahispanica.eu/source/20175,,Deduc me domine*,,,,,,SEMM,0
,,https://musicahispanica.eu/chant/65168,Deduc me domine,h03856,,,,E-L (León) Ms 8,,155v,,,,Fer. 2 Maj. Hebd.,07062000,MT,MH,https://musicahispanica.eu/source/20175,,Deduc me domine,,,,,,SEMM,0
,,https://musicahispanica.eu/chant/64815,Eripe me domine de operantibus iniquitatem ,h03867,,,,E-L (León) Ms 8,,137v,,,,Fer. 4 Hebd. 3 Quad.,07034000,MT,MH,https://musicahispanica.eu/source/20175,,Eripe me domine de operantibus iniquitatem et a viris sanguinum libera me deus meus,,,,,,SEMM,0
,,https://musicahispanica.eu/chant/65011,Eripe me domine*,h03867,,,,E-L (León) Ms 8,,147v,,,,Fer. 4 Hebd. 4 Quad.,07044000,MT,MH,https://musicahispanica.eu/source/20175,,Eripe me domine*,,,,,,SEMM,0
,,https://musicahispanica.eu/chant/65228,Eripe me,h03867,,,,E-L (León) Ms 8,,159r,,,,Fer. 4 Maj. Hebd.,07064000,MT,MH,https://musicahispanica.eu/source/20175,,Eripe me,,,,,,SEMM,0
,,https://musicahispanica.eu/chant/64408,Illuminet dominus vultum suum super nos,h03879.2,,,,E-L (León) Ms 8,,119v,,,,Fer. 3 Hebd. 1 Quad.,07013000,MT,MH,https://musicahispanica.eu/source/20175,,Illuminet dominus vultum suum super nos,,,,,,SEMM,0
,,https://musicahispanica.eu/chant/123773,Illuminet dominus vultum suum super nos,h03879.2,,,,E-Mn (Madrid) MSS/10001,,031v,,,,,,MT,,https://musicahispanica.eu/source/52315,,Illuminet dominus vultum suum super nos,,,,,,SEMM,0
,,https://musicahispanica.eu/chant/108212,Illuminet,h03879.2,,,,E-Tc (Toledo) 35.4,,070r,,,,Fer. 2 in Letaniis,08062000,MT,MH,https://musicahispanica.eu/source/20185,,Illuminet,,,,,,SEMM,0
,,https://musicahispanica.eu/chant/52092,Ego autem cantabo virtutem tuam domine ,h03863,,,,E-Mn (Madrid) MSS/10110,,111r,,,,Fer. 5 in Cena Dom.,07065000,MT,MH,https://musicahispanica.eu/source/20183,,Ego autem cantabo virtutem tuam domine et exaltabo mane misericordiam tuam quia factus es susceptor meus domine,,,,,,SEMM,0
,,https://musicahispanica.eu/chant/64842,Adhaesit anima mea post te domine ,h03852,,,,E-L (León) Ms 8,,139r,,,,Fer. 5 Hebd. 3 Quad.,07035000,MT,MH,https://musicahispanica.eu/source/20175,,Adhaesit anima mea post te domine suscipiet me dextera tua et dextrue os loquentium iniqua,,,,,,SEMM,0
,,https://musicahispanica.eu/chant/65037,Adhaesit anima*,h03852,,,,E-L (León) Ms 8,,148v,,,,Fer. 5 Hebd. 4 Quad.,07045000,MT,MH,https://musicahispanica.eu/source/20175,,Adhaesit anima*,,,,,,SEMM,0
,,https://musicahispanica.eu/chant/64870,Verba iniquorum praevaluerunt super me domine ,h03892,,,,E-L (León) Ms 8,,140v,,,,Fer. 6 Hebd. 3 Quad.,07036000,MT,M,https://musicahispanica.eu/source/20175,,Verba iniquorum praevaluerunt super me domine et impietatibus eorum ne propitieris,,,,,,SEMM,0
,,https://musicahispanica.eu/chant/65065,Verba iniquorum*,h03892,,,,E-L (León) Ms 8,,150r,,,,Fer. 6 Hebd. 4 Quad.,07046000,MT,MH,https://musicahispanica.eu/source/20175,,Verba iniquorum*,,,,,,SEMM,0
,,https://musicahispanica.eu/chant/106948,Deus deus meus ad te de ,h03857,,,,E-Mn (Madrid) MSS/10110,,070v,,,,Sabb. Hebd. 4 Quad.,07047000,MT,MH,https://musicahispanica.eu/source/20183,,Deus deus meus ad te de luce vigilo,,,,,,SEMM,0
,,https://musicahispanica.eu/chant/46278,Deus deus meus ad te de ,h03857,,,,E-Mn (Madrid) MSS/10110,,021r,,,,Fer. 2 Hebd. 2 Quad.,07022000,MT,MH,https://musicahispanica.eu/source/20183,,Deus deus meus ad te de luce vigilo,,,,,,SEMM,0
,,https://musicahispanica.eu/chant/83486,Eripe me de inimicis *,h03866,*,,,GB-Lbl (London) Add MS 30846,,122v,,,,Ascensio Domini,08065000,MT,MH,https://musicahispanica.eu/source/20202,,Eripe me de inimicis *,,,,,,SEMM,0
,,https://musicahispanica.eu/chant/108222,Auditam*,h00536,,,,E-Tc (Toledo) 35.4,,070r,,,,Fer. 3 in Letaniis,08063000,MT,MH,https://musicahispanica.eu/source/20185,,Auditam*,,,,,,SEMM,0
,,https://musicahispanica.eu/chant/47020,Ego ad te domine clamavi et ,h03862,,,,E-Mn (Madrid) MSS/10110,,051v,,,,Fer. 2 Hebd. 4 Quad.,07042000,MT,MH,https://musicahispanica.eu/source/20183,,Ego ad te domine clamavi et mane oratio mea praeveniet te,,,,,,SEMM,0
,,https://musicahispanica.eu/chant/51432,Ego ad  domine clamavi et mane ,h03862,,,,E-Mn (Madrid) MSS/10110,,074v,,,,Fer. 2 Hebd. 5 Quad.,,MT,MH,https://musicahispanica.eu/source/20183,,Ego ad  domine clamavi et mane oratio mea preveniet te,,,,,,SEMM,0
,,https://musicahispanica.eu/chant/69602,Et ego ad te domine clamavi ,h03862,,,,GB-Lbl (London) Add MS 30851,,045v,,,,,,MT,,https://musicahispanica.eu/source/20203,,Et ego ad te domine clamavi et mane oratio mea praeveniat te,,,,,,SEMM,0
,,https://musicahispanica.eu/chant/124051,Auditam fac mihi mane misericordiam tuam,h03853,,,,E-Mn (Madrid) MSS/10001,,073r,,,,,,MT,,https://musicahispanica.eu/source/52315,,Auditam fac mihi mane misericordiam tuam,,,,,,SEMM,0
,,https://musicahispanica.eu/chant/51484,Auditam fac mihi mane misericordiam tuam ,h03853,,,,E-Mn (Madrid) MSS/10110,,078r,,,,Fer. 3 Hebd. 5 Quad.,,MT,MH,https://musicahispanica.eu/source/20183,,Auditam fac mihi mane misericordiam tuam quoniam in te speravi domine,,,,,,SEMM,0
,,https://musicahispanica.eu/chant/51791,Auditam fac mihi mane misericordiam tuam ,h03853,,,,E-Mn (Madrid) MSS/10110,,092r,,,,Sabb. Hebd. 5 Quad.,,MT,MH,https://musicahispanica.eu/source/20183,,Auditam fac mihi mane misericordiam tuam quoniam in te speravi domine,,,,,,SEMM,0
,,https://musicahispanica.eu/chant/69691,Auditam fac mihi mane misericordiam tuam ,h03853,,,,GB-Lbl (London) Add MS 30851,,088v,,,,,,MT,MH,https://musicahispanica.eu/source/20203,,Auditam fac mihi mane misericordiam tuam ,,,,,,SEMM,0
,,https://musicahispanica.eu/chant/46530,Vigilabant ante lucem et veniebant ad ,h03893,,,,E-Mn (Madrid) MSS/10110,,030v,,,,Fer. 6 Hebd. 2 Quad.,07026000,MT,MH,https://musicahispanica.eu/source/20183,,Vigilabant ante lucem et veniebant ad eum et memorati sunt quoniam dominus adjutor eorum est,,,,,,SEMM,0
,,https://musicahispanica.eu/chant/46625,In matutinis meditabor in te quia ,h03876,,,,E-Mn (Madrid) MSS/10110,,038r,,,,Fer. 3 Hebd. 3 Quad.,07033000,MT,MH,https://musicahispanica.eu/source/20183,,In matutinis meditabor in te quia fuisti adjutor meus domine,,,,,,SEMM,0
,,https://musicahispanica.eu/chant/47056,In matutinis meditabor in te quia ,h03876,,,,E-Mn (Madrid) MSS/10110,,055v,,,,Fer. 3 Hebd. 4 Quad.,07043000,MT,MH,https://musicahispanica.eu/source/20183,,In matutinis meditabor in te quia fuisti adjutor meus domine,,,,,,SEMM,0
,,https://musicahispanica.eu/chant/52006,In matutinis meditabor in te quia ,h03876,,,,E-Mn (Madrid) MSS/10110,,105v,,,,Fer. 4 Maj. Hebd.,07064000,MT,MH,https://musicahispanica.eu/source/20183,,In matutinis meditabor in te quia fuisti adjutor meus domine,,,,,,SEMM,0
,,https://musicahispanica.eu/chant/41503,Quare me reppulisti et quare tristis ,h03887,,,,E-Tc (Toledo) 35.5,,063r,,,,Dom. 4 Quadragesimae,07041000,MT,MH,https://musicahispanica.eu/source/20186,,Quare me reppulisti et quare tristis incedo dum affligit me inimicus emitte lucem tuam et veritatem tuam,,,,,,SEMM,0
,,https://musicahispanica.eu/chant/44053,Jerusalem vide claritatem que tibi a ,h03872,,,,E-Tc (Toledo) 35.5,,111r,,,,Dom. in Palmis,07061000,MT,MH,https://musicahispanica.eu/source/20186,,Jerusalem vide claritatem que tibi a deo superveniet ecce filii tui collecti ab oriente et occidente gaudentes in regno dei,,,,,,SEMM,0
,,https://musicahispanica.eu/chant/64170,Mane exaudies vocem meam domine mane ,h03883,,,,E-L (León) Ms 8,,109v,,,,Carnes Tollendas,,MT,MH,https://musicahispanica.eu/source/20175,,Mane exaudies vocem meam domine mane adstabo tibi et adorabo te,,,,,,SEMM,0
,,https://musicahispanica.eu/chant/123656,Mane exaudies vocem meam domine mane ,h03883,,,,E-Mn (Madrid) MSS/10001,,002r,,,,,,MT,,https://musicahispanica.eu/source/52315,,Mane exaudies vocem meam domine mane adstabo tibi et adorabo te,,,,,,SEMM,0
,,https://musicahispanica.eu/chant/45930,Mane exaudies vocem meam domine mane ,h03883,,,,E-Mn (Madrid) MSS/10110,,002r,,,,Fer. 2 Hebd. 1 Quad.,07012000,MT,MH,https://musicahispanica.eu/source/20183,,Mane exaudies vocem meam domine mane adstabo tibi et adorabo te,,,,,,SEMM,0
