id,corpus_id,chantlink,incipit,cantus_id,mode,finalis,differentia,siglum,position,folio,sequence,marginalia,cao_concordances,feast,feast_code,genre,office,srclink,melody_id,full_text,full_text_manuscript,volpiano,notes,dataset_name,dataset_idx,db,image_link
,,https://musicahispanica.eu/chant/79384,Eripe me de inimicis*,h03868a,,,,E-L (León) Ms 8,,114v,,,,Carnes Tollendas,,MTV,MH,https://musicahispanica.eu/source/20175,,Eripe me de inimicis*,,,,,,SEMM,0
,,https://musicahispanica.eu/chant/89530,Ipse me deduxerunt*,h03864a,,,,E-L (León) Ms 8,,113v,,,,Carnes Tollendas,,MTV,MH,https://musicahispanica.eu/source/20175,,Ipse me deduxerunt*,,,,,,SEMM,0
,,https://musicahispanica.eu/chant/46257,Ipse me deduxerunt et perduxerunt in ,h03864a,,,,E-Mn (Madrid) MSS/10110,,018v,,,,Sabb. Hebd. 1 Quad.,07017000,MTV,MH,https://musicahispanica.eu/source/20183,,Ipse me deduxerunt et perduxerunt in montem sanctum tuum et in tabernaculum,,,,,,SEMM,0
,,https://musicahispanica.eu/chant/79352,Domine in caelo*,h03877b,,,,E-L (León) Ms 8,,112v,,,,Carnes Tollendas,,MTV,MH,https://musicahispanica.eu/source/20175,,Domine in caelo*,,,,,,SEMM,0
,,https://musicahispanica.eu/chant/79279,Verba mea*,h03883a,,,,E-L (León) Ms 8,,109v,,,,Carnes Tollendas,,MTV,MH,https://musicahispanica.eu/source/20175,,Verba mea*,,,,,,SEMM,0
,,https://musicahispanica.eu/chant/107055,Verba mea*,h03883a,,,,E-Mn (Madrid) MSS/10110,,089v,,,,Fer. 6 Hebd. 5 Quad.,,MTV,MH,https://musicahispanica.eu/source/20183,,Verba mea*,,,,,,SEMM,0
,,https://musicahispanica.eu/chant/103397,Lauda Jerusalem dominum,h03872a,,,,E-Tc (Toledo) 35.5,,111r,,,,Dom. in Palmis,07061000,MTV,MH,https://musicahispanica.eu/source/20186,,Lauda Jerusalem dominum,,,,,,SEMM,0
,,https://musicahispanica.eu/chant/107001,Demonstra mihi viam in quam ambulem ,h03853a,,,,E-Mn (Madrid) MSS/10110,,078r,,,,Fer. 3 Hebd. 5 Quad.,,MTV,MH,https://musicahispanica.eu/source/20183,,Demonstra mihi viam in quam ambulem qui ad te domine levavi anima mea,,,,,,SEMM,0
,,https://musicahispanica.eu/chant/107066,Demonstra mihi viam in quam ambulem ,h03853a,,,,E-Mn (Madrid) MSS/10110,,092r,,,,Sabb. Hebd. 5 Quad.,,MTV,MH,https://musicahispanica.eu/source/20183,,Demonstra mihi viam in quam ambulem qui ad te domine levavi anima mea,,,,,,SEMM,0
,,https://musicahispanica.eu/chant/75396,De profundis clamavi,h03894a,*,,,E-L (León) Ms 8,,129v,,,,Fer. 6 Hebd. 2 Quad.,07026000,MTV,MH,https://musicahispanica.eu/source/20175,,De profundis clamavi,,,,,,SEMM,0
,,https://musicahispanica.eu/chant/75409,De profundis clamavi,h03894a,,,,GB-Lbl (London) Add MS 30851,,080v,,,,,,MTV,MH,https://musicahispanica.eu/source/20203,,De profundis clamavi,,,,,,SEMM,0
,,https://musicahispanica.eu/chant/79524,Te decet domine,h03869a,,,,E-L (León) Ms 8,,118r,,,,Fer. 2 Hebd. 1 Quad.,07012000,MTV,MH,https://musicahispanica.eu/source/20175,,Te decet domine,,,,,,SEMM,0
,,https://musicahispanica.eu/chant/79704,Ut cognoscamus in terra*,h03860b,,,,E-L (León) Ms 8,,119v,,,,Fer. 3 Hebd. 1 Quad.,07013000,MTV,MH,https://musicahispanica.eu/source/20175,,Ut cognoscamus in terra*,,,,,,SEMM,0
,,https://musicahispanica.eu/chant/102067,Ut cognoscamus in terram,h03860b,,,,E-Mn (Madrid) MSS/10110,,010r,,,,Fer. 3 Hebd. 1 Quad.,07013000,MTV,MH,https://musicahispanica.eu/source/20183,,Ut cognoscamus in terram,,,,,,SEMM,0
,,https://musicahispanica.eu/chant/46688,Respice in servos tuos et in ,h03891b,,,,E-Mn (Madrid) MSS/10110,,043v,,,,Fer. 5 Hebd. 3 Quad.,07035000,MTV,MH,https://musicahispanica.eu/source/20183,,Respice in servos tuos et in opera tua et dirige filios eorum,,,,,,SEMM,0
,,https://musicahispanica.eu/chant/103347,Deus deus meus ad te de ,h03865a,,,,E-Tc (Toledo) 35.5,,089r,,,,Dom. 5 Quadragesimae,,MTV,MH,https://musicahispanica.eu/source/20186,,Deus deus meus ad te de luce,,,,,,SEMM,0
,,https://musicahispanica.eu/chant/103199,Verba mea auribus,h03882a,,,,E-Tc (Toledo) 35.5,,039v,,,,Dom. 3 Quadragesimae,07031000,MTV,MH,https://musicahispanica.eu/source/20186,,Verba mea auribus,,,,,,SEMM,0
,,https://musicahispanica.eu/chant/79404,Sitivit in te*,h03873a,,,,E-L (León) Ms 8,,115v,,,,Carnes Tollendas,,MTV,MH,https://musicahispanica.eu/source/20175,,Sitivit in te*,,,,,,SEMM,0
,,https://musicahispanica.eu/chant/80632,Deus deus meus ad te de ,h03852a,,,,E-L (León) Ms 8,,139r,,,,Fer. 5 Hebd. 3 Quad.,07035000,MTV,MH,https://musicahispanica.eu/source/20175,,Deus deus meus ad te de luce*,,,,,,SEMM,0
,,https://musicahispanica.eu/chant/106810,Verba mea auribus,h03881a,,,,E-Mn (Madrid) MSS/10110,,059v,,,,Fer. 4 Hebd. 4 Quad.,07044000,MTV,MH,https://musicahispanica.eu/source/20183,,Verba mea auribus,,,,,,SEMM,0
,,https://musicahispanica.eu/chant/45931,Verba mea auribus percipe,h03881a,,,,E-Mn (Madrid) MSS/10110,,002r,,,,Fer. 2 Hebd. 1 Quad.,07012000,MTV,MH,https://musicahispanica.eu/source/20183,,Verba mea auribus percipe,,,,,,SEMM,0
,,https://musicahispanica.eu/chant/107019,Sin in sancto,h03851a,,,,E-Mn (Madrid) MSS/10110,,081v,,,,Fer. 4 Hebd. 5 Quad.,,MTV,MH,https://musicahispanica.eu/source/20183,,Sin in sancto,,,,,,SEMM,0
,,https://musicahispanica.eu/chant/80326,Paratum*,h03870a,,,,E-L (León) Ms 8,,127r,,,,Fer. 3 Hebd. 2 Quad.,07023000,MTV,MH,https://musicahispanica.eu/source/20175,,Paratum*,,,,,,SEMM,0
,,https://musicahispanica.eu/chant/80602,Eripe me de inimicis*,h03867a,,,,E-L (León) Ms 8,,137v,,,,Fer. 4 Hebd. 3 Quad.,07034000,MTV,MH,https://musicahispanica.eu/source/20175,,Eripe me de inimicis*,,,,,,SEMM,0
,,https://musicahispanica.eu/chant/103795,Ostende*,h03877c,,,,E-Mn (Madrid) MSS/10110,,006r,,,,Fer. 3 Hebd. 1 Quad.,07013000,MTV,MH,https://musicahispanica.eu/source/20183,,Ostende*,,,,,,SEMM,0
,,https://musicahispanica.eu/chant/79727,Notus in Judaea*,h03880a,,,,E-L (León) Ms 8,,120v,,,,Fer. 4 Hebd. 1 Quad.,07014000,MTV,T,https://musicahispanica.eu/source/20175,,Notus in Judaea*,,,,,,SEMM,0
,,https://musicahispanica.eu/chant/75397,Bonum est*,h03850a,,,,E-L (León) Ms 8,,123v,,,,Sabb. Hebd. 1 Quad.,07017000,MTV,MH,https://musicahispanica.eu/source/20175,,Bonum est*,,,,,,SEMM,0
,,https://musicahispanica.eu/chant/106720,Paratum cor meum deus paratum cor,h03871a,,,,E-Mn (Madrid) MSS/10110,,046v,,,,Fer. 6 Hebd. 3 Quad.,07036000,MTV,MH,https://musicahispanica.eu/source/20183,,Paratum cor meum deus paratum cor,,,,,,SEMM,0
,,https://musicahispanica.eu/chant/79525,Visitasti terram*,h03869b,,,,E-L (León) Ms 8,,118r,,,,Fer. 2 Hebd. 1 Quad.,07012000,MTV,MH,https://musicahispanica.eu/source/20175,,Visitasti terram*,,,,,,SEMM,0
,,https://musicahispanica.eu/chant/79703,Et misereatur*,h03860a,,,,E-L (León) Ms 8,,119v,,,,Fer. 3 Hebd. 1 Quad.,07013000,MTV,MH,https://musicahispanica.eu/source/20175,,Et misereatur*,,,,,,SEMM,0
,,https://musicahispanica.eu/chant/79930,Domine refugium*,h03891a,,,,E-L (León) Ms 8,,122v,,,,Fer. 6 Hebd. 1 Quad.,07016000,MTV,MH,https://musicahispanica.eu/source/20175,,Domine refugium*,,,,,,SEMM,0
,,https://musicahispanica.eu/chant/106757,Deus deus meus ad te de ,h03876a,,,,E-Mn (Madrid) MSS/10110,,055v,,,,Fer. 3 Hebd. 4 Quad.,07043000,MTV,MH,https://musicahispanica.eu/source/20183,,Deus deus meus ad te de luce,,,,,,SEMM,0
,,https://musicahispanica.eu/chant/107197,Deus deus meus*,h03876a,,,,E-Mn (Madrid) MSS/10110,,105v,,,,Fer. 4 Maj. Hebd.,07064000,MTV,MH,https://musicahispanica.eu/source/20183,,Deus deus meus*,,,,,,SEMM,0
,,https://musicahispanica.eu/chant/106949,Sitivit in te anima mea quam ,h03857a,,,,E-Mn (Madrid) MSS/10110,,070v,,,,Sabb. Hebd. 4 Quad.,07047000,MTV,MH,https://musicahispanica.eu/source/20183,,Sitivit in te anima mea quam multipliciter tibi caro mea,,,,,,SEMM,0
,,https://musicahispanica.eu/chant/46279,Sitivit in te,h03857a,,,,E-Mn (Madrid) MSS/10110,,021r,,,,Fer. 2 Hebd. 2 Quad.,07022000,MTV,MH,https://musicahispanica.eu/source/20183,,Sitivit in te,,,,,,SEMM,0
,,https://musicahispanica.eu/chant/79385,Adjutor meus*,h03868b,,,,E-L (León) Ms 8,,114v,,,,Carnes Tollendas,,MTV,MH,https://musicahispanica.eu/source/20175,,Adjutor meus*,,,,,,SEMM,0
,,https://musicahispanica.eu/chant/80580,Dixit injustus*,h03861a,,,,E-L (León) Ms 8,,136r,,,,Fer. 3 Hebd. 3 Quad.,07033000,MTV,MH,https://musicahispanica.eu/source/20175,,Dixit injustus*,,,,,,SEMM,0
,,https://musicahispanica.eu/chant/107177,Verba mea auribus,h03890a,,,,E-Mn (Madrid) MSS/10110,,100v,,,,Fer. 3 Maj. Hebd.,07063000,MTV,MH,https://musicahispanica.eu/source/20183,,Verba mea auribus,,,,,,SEMM,0
,,https://musicahispanica.eu/chant/86681,Judica me deus et discerne causam ,h03864b,*,,,E-SI (Santo Domingo de Silos) MS 3,,176r,,,,Fer. 5 per annum,04005000,MTV,MH,https://musicahispanica.eu/source/20177,,Judica me deus et discerne causam meam de gente non sancta ab homine iniquo et doloso eripe me | Quia tu es deus fortitudo mea quare me reppulisti et contristatur incedo dum affligit me inimicus | In eo dum confringuntur omnia ossa mea exprobraverunt me qui tribulant animam meam | Emitte lucem tuam et veritatem tuam ipsa me deduxerunt et adduxerunt in montem sancto et in tabernaculo tuo | Et introibo ad altare dei mei ad dominum deum qui laetificat juventute mea | Confitebor tibi in cithara deus deus meus | Quare tristis es anima mea et quare conturbas me spera in deo quoniam adhuc confitebor illi salutare vultus mei et deo meo | Emitte,,,,,,SEMM,0
,,https://musicahispanica.eu/chant/79351,Dixit injustus*,h03877a,,,,E-L (León) Ms 8,,112v,,,,Carnes Tollendas,,MTV,MH,https://musicahispanica.eu/source/20175,,Dixit injustus*,,,,,,SEMM,0
,,https://musicahispanica.eu/chant/86656,Dixit *,h03877a,*,,,E-SI (Santo Domingo de Silos) MS 3,,172v,,,,Fer. 4 per annum,04004000,MTV,MH,https://musicahispanica.eu/source/20177,,Dixit *,,,,,,SEMM,0
,,https://musicahispanica.eu/chant/80566,Verba mea*,h03856a,,,,E-L (León) Ms 8,,135r,,,,Fer. 2 Hebd. 3 Quad.,07032000,MTV,MH,https://musicahispanica.eu/source/20175,,Verba mea*,,,,,,SEMM,0
,,https://musicahispanica.eu/chant/103987,Misericordiam et judicium,h03886a,,,,E-Mn (Madrid) MSS/10110,,028r,,,,Fer. 5 Hebd. 2 Quad.,07025000,MTV,MH,https://musicahispanica.eu/source/20183,,Misericordiam et judicium,,,,,,SEMM,0
,,https://musicahispanica.eu/chant/106730,Misericordiam et judicium cantabo tibi domine,h03886a,,,,E-Mn (Madrid) MSS/10110,,048v,,,,Sabb. Hebd. 3 Quad.,07037000,MTV,MH,https://musicahispanica.eu/source/20183,,Misericordiam et judicium cantabo tibi domine,,,,,,SEMM,0
,,https://musicahispanica.eu/chant/106838,Misericordiam et judicium cantabo tibi domine ,h03886a,,,,E-Mn (Madrid) MSS/10110,,063v,,,,Fer. 5 Hebd. 4 Quad.,07045000,MTV,MH,https://musicahispanica.eu/source/20183,,Misericordiam et judicium cantabo tibi domine psallam te,,,,,,SEMM,0
,,https://musicahispanica.eu/chant/107037,Misericordiam et judicium cantabo tibi,h03886a,,,,E-Mn (Madrid) MSS/10110,,085r,,,,Fer. 5 Hebd. 5 Quad.,,MTV,MH,https://musicahispanica.eu/source/20183,,Misericordiam et judicium cantabo tibi,,,,,,SEMM,0
,,https://musicahispanica.eu/chant/106740,Domine deus salutis meae die clamavi ,h03862a,,,,E-Mn (Madrid) MSS/10110,,051v,,,,Fer. 2 Hebd. 4 Quad.,07042000,MTV,MH,https://musicahispanica.eu/source/20183,,Domine deus salutis meae die clamavi et nocte coram te,,,,,,SEMM,0
,,https://musicahispanica.eu/chant/106975,Domine deus salutis meae in die ,h03862a,,,,E-Mn (Madrid) MSS/10110,,074v,,,,Fer. 2 Hebd. 5 Quad.,,MTV,MH,https://musicahispanica.eu/source/20183,,Domine deus salutis meae in die clamavi et nocte coram te,,,,,,SEMM,0
,,https://musicahispanica.eu/chant/106527,Et pluit illis manna ad manducandum ,h03893a,,,,E-Mn (Madrid) MSS/10110,,030v,,,,Fer. 6 Hebd. 2 Quad.,07026000,MTV,MH,https://musicahispanica.eu/source/20183,,Et pluit illis manna ad manducandum et panem caeli didit,,,,,,SEMM,0
,,https://musicahispanica.eu/chant/87830,Notus in*,h03855a,,,,E-L (León) Ms 8,,142r,,,,Sabb. Hebd. 3 Quad.,07037000,MTV,MH,https://musicahispanica.eu/source/20175,,Notus in*,,,,,,SEMM,0
,,https://musicahispanica.eu/chant/88312,Aestimatus,h03889a,,,,E-L (León) Ms 8,,171r,,,,Sabbato Sancto,07067000,MTV,MH,https://musicahispanica.eu/source/20175,,Aestimatus,,,,,,SEMM,0
,,https://musicahispanica.eu/chant/80299,Misericordiam*,h03874a,,,,E-L (León) Ms 8,,126r,,,,Fer. 2 Hebd. 2 Quad.,07022000,MTV,MH,https://musicahispanica.eu/source/20175,,Misericordiam*,,,,,,SEMM,0
,,https://musicahispanica.eu/chant/80369,Exclamavi*,h03885a,,,,E-L (León) Ms 8,,129r,,,,Fer. 5 Hebd. 2 Quad.,07025000,MTV,MH,https://musicahispanica.eu/source/20175,,Exclamavi*,,,,,,SEMM,0
,,https://musicahispanica.eu/chant/88315,Defecit*,h03878a,,,,E-L (León) Ms 8,,171v,,,,Sabbato Sancto,07067000,MTV,MH,https://musicahispanica.eu/source/20175,,Defecit*,,,,,,SEMM,0
,,https://musicahispanica.eu/chant/80347,Hic est dies*,h03859a,,,,E-L (León) Ms 8,,128r,,,,Fer. 4 Hebd. 2 Quad.,07024000,MTV,MH,https://musicahispanica.eu/source/20175,,Hic est dies*,,,,,,SEMM,0
,,https://musicahispanica.eu/chant/107214,Eripe me de inimicis deus meus,h03863a,,,,E-Mn (Madrid) MSS/10110,,111r,,,,Fer. 5 in Cena Dom.,07065000,MTV,MH,https://musicahispanica.eu/source/20183,,Eripe me de inimicis deus meus,,,,,,SEMM,0
,,https://musicahispanica.eu/chant/87811,Te decet,h03892a,,,,E-L (León) Ms 8,,140v,,,,Fer. 6 Hebd. 3 Quad.,07036000,MTV,MH,https://musicahispanica.eu/source/20175,,Te decet,,,,,,SEMM,0
,,https://musicahispanica.eu/chant/80433,Domine exaudi orationem*,h03854a,,,,E-L (León) Ms 8,,131r,,,,Sabb. Hebd. 2 Quad.,07027000,MTV,MH,https://musicahispanica.eu/source/20175,,Domine exaudi orationem*,,,,,,SEMM,0
,,https://musicahispanica.eu/chant/107158,Deus deus meus ad te de ,h03875a,,,,E-Mn (Madrid) MSS/10110,,095v,,,,Fer. 2 Maj. Hebd.,07062000,MTV,MH,https://musicahispanica.eu/source/20183,,Deus deus meus ad te de luce,,,,,,SEMM,0
,,https://musicahispanica.eu/chant/88286,Judica me deus et discerne,h03888a,,,,E-L (León) Ms 8,,166v,,,,Fer. 6 in Parasceve,07066000,MTV,MH,https://musicahispanica.eu/source/20175,,Judica me deus et discerne,,,,,,SEMM,0
,,https://musicahispanica.eu/chant/79702,Deus misereatur nobis*,h03879a,,,,E-L (León) Ms 8,,119v,,,,Fer. 3 Hebd. 1 Quad.,07013000,MTV,MH,https://musicahispanica.eu/source/20175,,Deus misereatur nobis*,,,,,,SEMM,0
,,https://musicahispanica.eu/chant/103963,Deus misereatur nobis et benedicat nos,h03879a,,,,E-Mn (Madrid) MSS/10110,,026r,,,,Fer. 4 Hebd. 2 Quad.,07024000,MTV,MH,https://musicahispanica.eu/source/20183,,Deus misereatur nobis et benedicat nos,,,,,,SEMM,0
,,https://musicahispanica.eu/chant/79321,Caeli enarrant*,h03884a,,,,E-L (León) Ms 8,,111v,,,,Carnes Tollendas,,MTV,MH,https://musicahispanica.eu/source/20175,,Caeli enarrant*,,,,,,SEMM,0
,,https://musicahispanica.eu/chant/106879,Sic in sancto apparui tibi deus ,h03858a,,,,E-Mn (Madrid) MSS/10110,,067v,,,,Fer. 6 Hebd. 4 Quad.,07046000,MTV,MH,https://musicahispanica.eu/source/20183,,Sic in sancto apparui tibi deus ut videant voluntatem tuam,,,,,,SEMM,0
