id,corpus_id,chantlink,incipit,cantus_id,mode,finalis,differentia,siglum,position,folio,sequence,marginalia,cao_concordances,feast,feast_code,genre,office,srclink,melody_id,full_text,full_text_manuscript,volpiano,notes,dataset_name,dataset_idx,db,image_link
,,https://musicahispanica.eu/chant/63685,Diligamus nos invicem quia caritas ex ,g03541,,,,E-L (León) Ms 8,,082r,,,,Circumcisio Domini,02010110,PAC,MASS,https://musicahispanica.eu/source/20175,,Diligamus nos invicem quia caritas ex deo est et omnis qui diligit fratrem suum ex deo natus est et nobit deum,,,,,,SEMM,0
,,https://musicahispanica.eu/chant/75154,Diligamus nos invicem quia caritas ex ,g03541,*,,,GB-Lbl (London) Add MS 30844,,123r,,,,Circumcisio Domini,02010110,PAC,MASS,https://musicahispanica.eu/source/20201,,Diligamus nos invicem quia caritas ex deo est et omnis qui diligit fratrem suum ex deo natus est et nobit deum,,,,,,SEMM,0
,,https://musicahispanica.eu/chant/65974,Veniam ad vos dicit dominus non ,g03544,,,,E-L (León) Ms 8,,201r,,,,Ascensio Domini,08065000,PAC,MASS,https://musicahispanica.eu/source/20175,,Veniam ad vos dicit dominus non vos relinquam orfanos pacem meam do vobis pacem meam relinquo vobis alleluia alleluia ,,,,,,SEMM,0
,,https://musicahispanica.eu/chant/91878,Veniam ad vos dicit dominus non ,g03544,*,,,E-Tc (Toledo) 35.6,,095r,,,,Ascensio Domini,08065000,PAC,MASS,https://musicahispanica.eu/source/20187,,Veniam ad vos dicit dominus non vos relinquam orfanos pacem meam do vobis pacem meam relinquo vobis alleluia alleluia,,,,,,SEMM,0
,,https://musicahispanica.eu/chant/75326,Veniam ad vos dicit dominus non ,g03544,*,,,GB-Lbl (London) Add MS 30844,,164r,,,,Ascensio Domini,08065000,PAC,MASS,https://musicahispanica.eu/source/20201,,Veniam ad vos dicit dominus non vos relinquam orfanos pacem meam do vobis pacem meam relinquo vobis alleluia alleluia,,,,,,SEMM,0
,,https://musicahispanica.eu/chant/79949,Veniam ad vos *,g03544,*,,,GB-Lbl (London) Add MS 30844,,164r,,,,Ascensio Domini,08065000,PAC,MASS,https://musicahispanica.eu/source/20201,,Veniam ad vos *,,,,,,SEMM,0
,,https://musicahispanica.eu/chant/63522,Caritas est deus ecce hoc manifestata ,g03540,,,,E-L (León) Ms 8,,073r,,,,Nativitas Domini,02122500,PAC,MASS,https://musicahispanica.eu/source/20175,,Caritas est deus ecce hoc manifestata est caritas dei in nobis quia filium suum misit in mundum ut vibam super eum,,,,,,SEMM,0
,,https://musicahispanica.eu/chant/72510,Caritas est deus ecce hoc manifestata ,g03540,,,,E-Mh (Madrid) Cod. 30,,127v,,,,Nativitas Domini,02122500,PAC,MASS,https://musicahispanica.eu/source/20176,,Caritas est deus ecce hoc manifestata est caritas dei in nobis quia filium suum misit in mundum ut vivamus super eum,,,,,,SEMM,0
,,http://musmed.eu/chant/171701,Hodie spiritus Otmari terris relictis caelos ,g01290.Tp01,,,,CH-SGs Cod 0376,,063,,,,Othmari,14111600,Tp,MASS,http://musmed.eu/source/14288,,Hodie spiritus Otmari terris relictis caelos adiit atque choris supernis jungitur quapropter laeti deo nostro dicamus | IN VIRTUTE TUA,,,,,,MMMO,http://www.e-codices.unifr.ch/en/csg/0376/63/0/
,,http://musmed.eu/chant/167832,Hodie spiritus Otmari terris relictis caelos ,g01290.Tp01,,,,CH-SGs Cod 0378,,098,,,,Othmari,14111600,PAC,MASS,http://musmed.eu/source/14289,,Hodie spiritus Otmari terris relictis caelos adiit atque choris supernis jungitur quapropter laeti Deo nostro dicamus | IN VIRTUTE TUA,,,,,,MMMO,https://www.e-codices.unifr.ch/en/csg/0378/98/0/
,,http://musmed.eu/chant/192312,Hodie spiritus Otmari terris relictis caelos ,g01290.Tp01,,,,CH-SGs Cod 0380,,078,,,,Othmari,14111600,PAC,MASS,http://musmed.eu/source/14290,,Hodie spiritus Otmari terris relictis caelos adiit atque choris supernis jungitur quapropter laeti Deo nostro dicamus | IN VIRTUTE TUA,,,,,,MMMO,https://www.e-codices.unifr.ch/en/csg/0380/78/0/
,,http://musmed.eu/chant/160051,Hodie spiritus Otmari terris relictis caelos ,g01290.Tp01,,,,CH-SGs Cod 0381,,292,,,,Othmari,14111600,Tp,MASS,http://musmed.eu/source/14291,,Hodie spiritus Otmari terris relictis caelos adiit atque choris supernis jungitur quapropter laeti Deo nostro dicamus | IN VIRTUTE TUA,,,,,,MMMO,https://www.e-codices.unifr.ch/en/csg/0381/292/0/
,,http://musmed.eu/chant/215270,Hodie spiritus Otmari terris relictis caelos ,g01290.Tp01,,,,CH-SGs Cod 0484,,196,,,,Othmari,14111600,PAC,MASS,http://musmed.eu/source/14311,,Hodie spiritus Otmari terris relictis caelos adiit atque choris supernis jungitur quapropter laeti Deo nostro dicamus | IN VIRTUTE,,,,,,MMMO,https://www.e-codices.unifr.ch/en/csg/0484/196/0/
,,https://musicahispanica.eu/chant/65536,Ingrediar in locum sanctuarii usque ad ,g03542,,,,E-L (León) Ms 8,,177r,,,,Dom. Resurrectionis,08011000,PAC,MASS,https://musicahispanica.eu/source/20175,,Ingrediar in locum sanctuarii usque ad domum dei alleluia ,,,,,,SEMM,0
,,https://musicahispanica.eu/chant/63328,Pacem relinquo vocis pacem meam do ,h00112,,,,E-L (León) Ms 8,,061v,,,,Exspectationis BMV,14121810,PAC,MASS,https://musicahispanica.eu/source/20175,,Pacem relinquo vocis pacem meam do vobis non sicut mundus dat pacem ego do vobis,,,,,,SEMM,0
,,https://musicahispanica.eu/chant/65317,Pacem relinquo vobis pacem meam do ,h00112,,,,E-L (León) Ms 8,,164r,,,,Fer. 5 in Cena Dom.,07065000,PAC,MASS,https://musicahispanica.eu/source/20175,,Pacem relinquo vobis pacem meam do vobis non sicut mundus dat pacem ego do vobis,,,,,,SEMM,0
,,https://musicahispanica.eu/chant/72330,Pacem relinquo vobis pacem meam do ,h00112,,,,E-Mh (Madrid) Cod. 30,,098v,,,,Assumptio Mariae (Hispanic rite),,PAC,MASS,https://musicahispanica.eu/source/20176,,Pacem relinquo vobis pacem meam do vobis non sicut mundus dat pacem ego do vobis	,,,,,,SEMM,0
,,https://musicahispanica.eu/chant/22455,Pacem relinquo vobis*,h00112,,,,E-SI (Santo Domingo de Silos) MS 4,,142v,,,,Fer. 5 in Cena Dom.,07065000,PAC,MASS,https://musicahispanica.eu/source/21404,,Pacem relinquo vobis*,,,,,,SEMM,0
,,https://musicahispanica.eu/chant/74801,Pacem relinquo vobis pacem meam do ,h00112,*,,,GB-Lbl (London) Add MS 30844,,048r,,,,Exspectationis BMV,14121810,PAC,MASS,https://musicahispanica.eu/source/20201,,Pacem relinquo vobis pacem meam do vobis non sicut mundus dat pacem ego do vobis,,,,,,SEMM,0
,,https://musicahispanica.eu/chant/100557,Pacem relinquo vobis pacem meam do ,h00112,,,,GB-Lbl (London) Add MS 30845,,084v,,,,Assumptio Mariae (Hispanic rite),,PAC,MASS,https://musicahispanica.eu/source/20196,,Pacem relinquo vobis pacem meam do vobis non sicut mundus dat pacem ego do vobis,,,,,,SEMM,0
,,https://musicahispanica.eu/chant/66183,Pacem meam*,g03543,,,,E-L (León) Ms 8,,210v,,,,Dom. Pentecostes,08081000,PAC,MASS,https://musicahispanica.eu/source/20175,,Pacem meam*,,,,,,SEMM,0
