id,corpus_id,chantlink,incipit,cantus_id,mode,finalis,differentia,siglum,position,folio,sequence,marginalia,cao_concordances,feast,feast_code,genre,office,srclink,melody_id,full_text,full_text_manuscript,volpiano,notes,dataset_name,dataset_idx,db,image_link
,,https://musicahispanica.eu/chant/65975,Novum mandatum,g03544a,,,,E-L (León) Ms 8,,201r,,,,Ascensio Domini,08065000,PACV,MASS,https://musicahispanica.eu/source/20175,,Novum mandatum,,,,,,SEMM,0
,,https://musicahispanica.eu/chant/75327,Novum mandatum do vobis ut diligatis ,g03544a,*,,,GB-Lbl (London) Add MS 30844,,164r,,,,Ascensio Domini,08065000,PACV,MASS,https://musicahispanica.eu/source/20201,,Novum mandatum do vobis ut diligatis invicem,,,,,,SEMM,0
,,https://musicahispanica.eu/chant/63329,Novum mandatum do vobis ut diligatis ,h00112a,,,,E-L (León) Ms 8,,061v,,,,Exspectationis BMV,14121810,PACV,MASS,https://musicahispanica.eu/source/20175,,Novum mandatum do vobis ut diligatis vos invicem,,,,,,SEMM,0
,,https://musicahispanica.eu/chant/88272,Novum mandatum do vobis*,h00112a,,,,E-L (León) Ms 8,,164r,,,,Fer. 5 in Cena Dom.,07065000,PACV,MASS,https://musicahispanica.eu/source/20175,,Novum mandatum do vobis*,,,,,,SEMM,0
,,https://musicahispanica.eu/chant/72331,Novum mandatum do vobis ut diligatis ,h00112a,,,,E-Mh (Madrid) Cod. 30,,098v,,,,Assumptio Mariae (Hispanic rite),,PACV,MASS,https://musicahispanica.eu/source/20176,,"Novum mandatum do vobis ut diligatis vos invicem
",,,,,,SEMM,0
,,https://musicahispanica.eu/chant/74802,Novum mandatum do vobis ut diligatis ,h00112a,*,,,GB-Lbl (London) Add MS 30844,,048r,,,,Exspectationis BMV,14121810,PACV,MASS,https://musicahispanica.eu/source/20201,,Novum mandatum do vobis ut diligatis vos invicem,,,,,,SEMM,0
,,https://musicahispanica.eu/chant/100559,Novum mandatum do vobis ut diligatis ,h00112a,,,,GB-Lbl (London) Add MS 30845,,084v,,,,Assumptio Mariae (Hispanic rite),,PACV,MASS,https://musicahispanica.eu/source/20196,,Novum mandatum do vobis ut diligatis vos invicem,,,,,,SEMM,0
,,https://musicahispanica.eu/chant/78971,Si manseritis in*,g03540b,,,,E-L (León) Ms 8,,073r,,,,Nativitas Domini,02122500,PACV,MASS,https://musicahispanica.eu/source/20175,,Si manseritis in*,,,,,,SEMM,0
,,https://musicahispanica.eu/chant/72512,Si manseritis in me et verba ,g03540b,,,,E-Mh (Madrid) Cod. 30,,127v,,,,Nativitas Domini,02122500,PACV,MASS,https://musicahispanica.eu/source/20176,,Si manseritis in me et verba mea in vobis manserint quodcumque petieritis patrem in nomine meo petite et fiet vobis,,,,,,SEMM,0
,,https://musicahispanica.eu/chant/65537,In voce exultationis et confessionis sonus ,g03542a,,,,E-L (León) Ms 8,,177r,,,,Dom. Resurrectionis,08011000,PACV,MASS,https://musicahispanica.eu/source/20175,,In voce exultationis et confessionis sonus aepulantis alleluia ,,,,,,SEMM,0
,,https://musicahispanica.eu/chant/63331,In hoc cognosco quia discipuli mei ,h00112c,,,,E-L (León) Ms 8,,061v,,,,Exspectationis BMV,14121810,PACV,MASS,https://musicahispanica.eu/source/20175,,In hoc cognosco quia discipuli mei estis si feceritis ea que mando vobis,,,,,,SEMM,0
,,https://musicahispanica.eu/chant/88274,In hoc cognosco*,h00112c,,,,E-L (León) Ms 8,,164r,,,,Fer. 5 in Cena Dom.,07065000,PACV,MASS,https://musicahispanica.eu/source/20175,,In hoc cognosco*,,,,,,SEMM,0
,,https://musicahispanica.eu/chant/100561,In hoc cognosco quia discipuli mei ,h00112c,,,,GB-Lbl (London) Add MS 30845,,084v,,,,Assumptio Mariae (Hispanic rite),,PACV,MASS,https://musicahispanica.eu/source/20196,,In hoc cognosco quia discipuli mei estis si feceritis ea que mando vobis pacem,,,,,,SEMM,0
,,https://musicahispanica.eu/chant/63330,Si manseritis in me et verba ,h00112b,,,,E-L (León) Ms 8,,061v,,,,Exspectationis BMV,14121810,PACV,MASS,https://musicahispanica.eu/source/20175,,Si manseritis in me et verba mea in vobis manserint quocumque volueritis patrem in nomine meo petite et fiet vobis,,,,,,SEMM,0
,,https://musicahispanica.eu/chant/88273,Si manseritis in me*,h00112b,,,,E-L (León) Ms 8,,164r,,,,Fer. 5 in Cena Dom.,07065000,PACV,MASS,https://musicahispanica.eu/source/20175,,Si manseritis in me*,,,,,,SEMM,0
,,https://musicahispanica.eu/chant/72332,Si manseritis in me et verba ,h00112b,,,,E-Mh (Madrid) Cod. 30,,098v,,,,Assumptio Mariae (Hispanic rite),,PACV,MASS,https://musicahispanica.eu/source/20176,,Si manseritis in me et verba mea in vobis manserint quodcumque volueritis patrem in nomine meo petite et fiet vobis,,,,,,SEMM,0
,,https://musicahispanica.eu/chant/74803,Si manseritis in me et verba ,h00112b,*,,,GB-Lbl (London) Add MS 30844,,048r,,,,Exspectationis BMV,14121810,PACV,MASS,https://musicahispanica.eu/source/20201,,Si manseritis in me et verba mea in vobis manserint quod cumquae petieritis patrem in nomine meo petite et fiet vobis,,,,,,SEMM,0
,,https://musicahispanica.eu/chant/100560,Si manseritis in me et verba ,h00112b,,,,GB-Lbl (London) Add MS 30845,,084v,,,,Assumptio Mariae (Hispanic rite),,PACV,MASS,https://musicahispanica.eu/source/20196,,Si manseritis in me et verba mea in vobis manserint quod cumquae petieritis patrem in nomine meo petite et fiet vobis pacem,,,,,,SEMM,0
,,https://musicahispanica.eu/chant/78970,Novum mandatum*,g03540a,,,,E-L (León) Ms 8,,073r,,,,Nativitas Domini,02122500,PACV,MASS,https://musicahispanica.eu/source/20175,,Novum mandatum*,,,,,,SEMM,0
,,https://musicahispanica.eu/chant/72511,Novum mandatum do vobis ut diligatis ,g03540a,,,,E-Mh (Madrid) Cod. 30,,127v,,,,Nativitas Domini,02122500,PACV,MASS,https://musicahispanica.eu/source/20176,,Novum mandatum do vobis ut diligatis vos invicem,,,,,,SEMM,0
,,https://musicahispanica.eu/chant/91879,Pacem meam do vobis pacem,g03544b,*,,,E-Tc (Toledo) 35.6,,095r,,,,Ascensio Domini,08065000,PACV,MASS,https://musicahispanica.eu/source/20187,,Pacem meam do vobis pacem,,,,,,SEMM,0
,,https://musicahispanica.eu/chant/79048,Novum mandatum*,g03541a,,,,E-L (León) Ms 8,,082r,,,,Circumcisio Domini,02010110,PACV,MASS,https://musicahispanica.eu/source/20175,,Novum mandatum*,,,,,,SEMM,0
,,https://musicahispanica.eu/chant/75155,Novum mandatum do vobis ut diligatis ,g03541a,*,,,GB-Lbl (London) Add MS 30844,,123r,,,,Circumcisio Domini,02010110,PACV,MASS,https://musicahispanica.eu/source/20201,,Novum mandatum do vobis ut diligatis vos invicem,,,,,,SEMM,0
