id,corpus_id,chantlink,incipit,cantus_id,mode,finalis,differentia,siglum,position,folio,sequence,marginalia,cao_concordances,feast,feast_code,genre,office,srclink,melody_id,full_text,full_text_manuscript,volpiano,notes,dataset_name,dataset_idx,db,image_link
,,http://musmed.eu/chant/55925,Pater noster qui es in caelis ,909050,,,,D-KWsr Drachenfels-Missale,,168v,,,,,,Pn,MASS,http://musmed.eu/source/11578,,Pater noster qui es in caelis sanctificetur nomen tuum | Adveniat regnum tuum | Fiat voluntas tua sicut in caelo et in terra | Panem nostrum quotidianum da nobis hodie et dimitte nobis debita nostra sicut et nos dimittimus debitoribus nostris | Et ne nos inducas in tentationem,,,,,,MMMO,https://digital.dombibliothek-koeln.de/hs/content/zoom/263697
,,https://musicahispanica.eu/chant/123522,Pater noster qui es in caelis ,909050,,,,E-Bbc (Barcelona) M 888,,139r,,,,Ad Missam,16012000,Va,MASS,https://musicahispanica.eu/source/20232,,Pater noster qui es in caelis sanctificetur nomen tuum | Adveniat regnum tuum | Fiat voluntas tua sicut in caelo et in terra | Panem nostrum cottidianum da nobis hodie et dimitte nobis debita nostra sicut et nos dimittimus debitoribus nostris | Et ne nos inducas in tentationem sed libera nos a malo amen,,,,,,SEMM,0
,,http://musmed.eu/chant/201288,Pater noster | Et ne nos inducas *,909050,,,,F-CA Ms 0078 (79),,031r,,,,Ad Processionem,16009000,Pn,MASS,http://musmed.eu/source/9076,,Pater noster | Et ne nos inducas *,,,,,,MMMO,https://bvmm.irht.cnrs.fr/iiif/19354/canvas/canvas-1722542/view
,,http://musmed.eu/chant/178262,Pater noster | Salus nostra | qui es ,909050,,,,F-LA Ms 263,,138r,,,,Ad Completorium,16006000,Pn,C2,http://musmed.eu/source/11602,,Pater noster | Salus nostra | qui es in caelis | regens cuncta benigne | sanctificetur nomen tuum | Semper optabile | [Adveniat regnum tuum] | Fiat voluntas tua | Rex Christe bonae caelitus | sicut in caelo et in terra | Cum sit in caelo gloria pax et in terra | Panem nostrum cotidianum | Per quem nec ales esurit | Da nobis hodie | Ne deficiamus in via | Et dimitte nobis debita nostra | Donando indulgentiam | Sicut et nos dimittimus debitoribus nostris | Qui nos oderunt | Et ne nos inducas in tentationem | Ne serpens ille calidus intrandi temptet aditus | Sed libera nos a malo | In isto salo vitae tam fragilissimae | Amen,,,,,,MMMO,https://bibliotheque-numerique.ville-laon.fr/viewer/1461/?offset=#page=287&viewer=picture&o=bookmark&n=0&q=
,,http://musmed.eu/chant/209161,Pater noster qui es in caelis ,909050,,,,F-Pa Ms 0135,,150v,,,,Ad Missam,16012000,Pn,MASS,http://musmed.eu/source/12848,,Pater noster qui es in caelis sanctificetur nomen tuum | Adveniat regnum tuum | Fiat voluntas tua sicut in caelo et in terra | Panem nostrum cotidianum da nobis hodie et dimitte nobis debita nostra sicut et nos dimittimus debitoribus nostris | Et ne nos inducas in tentationem sed libera nos a malo amen,,,,,,MMMO,https://gallica.bnf.fr/ark:/12148/btv1b550057271/f310.item
,,http://musmed.eu/chant/46307,Per omina secula seculorum | Amen | Oremus ,909050,,,,F-Pn Lat. 9436,,017v,,,,,,Pn,MASS,http://musmed.eu/source/15586,,Per omina secula seculorum | Amen | Oremus Preceptis sautaribus moniti et divina institutione formati audemus dicere | Pater noster qui es in caelis sanctificetur nomen tuum | Adveniat regnum tuum | Fiat voluntas tua sicut in caelo et in terra | Panem nostrum cottidianum da nobis hodie et dimitte nobis debita nostra sicut et nos dimittimus debitoribus nostris | Et ne nos inducas in tentationem sed libera nos a malo amen,,,,,,MMMO,https://gallica.bnf.fr/ark:/12148/btv1b105511278/f38.item.zoom
,,http://musmed.eu/chant/226285,Pater noster qui es in caelis ,909050,,,,F-RS Ms 0221,,061v,,,,Ad Missam,16012000,Pn,MASS,http://musmed.eu/source/14046,,Pater noster qui es in caelis sanctificetur nomen tuum | Adveniat regnum tuum | Fiat voluntas tua sicut in caelo et in terra | Panem nostrum cottidianum da nobis hodie et dimitte nobis debita nostra sicut et nos dimittimus debitoribus nostris | Et ne nos inducas in tentationem sed libera nos a malo amen,,,,,,MMMO,https://arca.irht.cnrs.fr/iiif/38037/canvas/canvas-583652/view
,,https://cantusdatabase.org/chant/702071,Pater noster*,909050,*,,,F-SO 596,,022v,,,,Fer. 4 Cinerum,06034000,Pn,X,https://cantusdatabase.org/source/620437,,Pater noster*,,,,,,CD,
,,http://musmed.eu/chant/182157,Pater noster qui es in caelis ,909050,,,,F-VAL Ms 0121,,082v,,,,"Dom. 23 p. Pent.,8",09231008,Pn,MASS,http://musmed.eu/source/128445,,Pater noster qui es in caelis sanctificetur nomen tuum | Adveniat regnum tuum | Fiat voluntas tua sicut in caelo et in terra | Panem nostrum cotidianum da nobis hodie et dimitte nobis debita nostra sicut et nos dimittimus debitoribus nostris | Et ne nos inducas in tentationem sed libera nos a malo amen,,,,,,MMMO,https://bvmm.irht.cnrs.fr/iiif/33958/canvas/canvas-3104322/view
,,http://musmed.eu/chant/182191,Pater noster qui es in caelis ,909050,,,,F-VAL Ms 0121,,088r,,,,Comm. Apostolorum,12001000,Pn,MASS,http://musmed.eu/source/128445,,Pater noster qui es in caelis sanctificetur nomen tuum | Adveniat regnum tuum | Fiat voluntas tua sicut in caelo et in terra | Panem nostrum cottidianum da nobis hodie et dimitte nobis debita nostra sicut et nos dimittimus debitoribus nostris | Et ne nos inducas in tentationem sed libera nos a malo amen,,,,,,MMMO,https://bvmm.irht.cnrs.fr/iiif/33958/canvas/canvas-3104333/view
,,http://musmed.eu/chant/169554,Pater noster qui es in caelis ,909050,,,,GB-Lbl Additional 18032,,029v,,,,,,Pn,MASS,http://musmed.eu/source/22359,,Pater noster qui es in caelis sanctificetur nomen tuum | Adveniat regnum tuum | Fiat voluntas tua sicut in caelo et in terra | Panem nostrum cottidianum da nobis hodie et dimitte nobis debita nostra sicut et nos dimittimus debitoribus nostris | Et ne nos inducas in tentationem sed libera nos a malo amen,,,,,,MMMO,https://manuscrits-france-angleterre.org/view3if/pl/ark:/81055/vdc_100055984026.0x000001/f66
,,http://musmed.eu/chant/169556,Pater noster qui es in caelis ,909050,,,,GB-Lbl Additional 18032,,030r,,,,,,Pn,MASS,http://musmed.eu/source/22359,,Pater noster qui es in caelis sanctificetur nomen tuum | Adveniat regnum tuum | Fiat voluntas tua sicut in caelo et in terra | Panem nostrum cottidianum da nobis hodie et dimitte nobis debita nostra sicut et nos dimittimus debitoribus nostris | Et ne nos inducas in tentationem sed libera nos a malo amen,,,,,,MMMO,https://manuscrits-france-angleterre.org/view3if/pl/ark:/81055/vdc_100055984026.0x000001/f67
,,https://pemdatabase.eu/musical-item/80434,Pater noster qui es in celis ,909050,,,,"P-Cua (Coimbra) Arquivo Distrital e da Universidade Estante XVI, tab.5, nº 5",,029r,,,,Pro defunctis,13001000,Pn,MI,https://pemdatabase.eu/source/46517,,,,,,,,PEM,https://pemdatabase.eu/gallery-item/14333
,,https://cantus.sk/chant/26246,Pater noster qui es in caelis ,909050,,,,SK-BRl (Bratislava) Rkp. 387 Missale Notatum,,012r,,,,Ad Missam,16012000,Varia,MASS,https://cantus.sk/source/26226,,Pater noster qui es in caelis sanctificetur nomen tuum | Adveniat regnum tuum | Fiat voluntas tua sicut in caelo et in terra | Panem nostrum cottidianum da nobis hodie et dimitte nobis debita nostra sicut et nos dimittimus debitoribus nostris | Et ne nos inducas in tentationem sed libera nos a malo amen,,,,,,CSK,
,,https://cantus.sk/chant/26247,Pater noster qui es in caelis ,909050,,,,SK-BRl (Bratislava) Rkp. 387 Missale Notatum,,014r,,,,Ad Missam,16012000,Varia,MASS,https://cantus.sk/source/26226,,Pater noster qui es in caelis sanctificetur nomen tuum | Adveniat regnum tuum | Fiat voluntas tua sicut in caelo et in terra | Panem nostrum cottidianum da nobis hodie et dimitte nobis debita nostra sicut et nos dimittimus debitoribus nostris | Et ne nos inducas in tentationem sed libera nos a malo amen,,,,,,CSK,
,,https://cantus.sk/chant/32010,Pater noster qui es in caelis ,909050,,,,SK-BRmm (Bratislava) Missale of Bratislava VI ,,002ra,,,,Ad Missam,16012000,Pn,MASS,https://cantus.sk/source/31963,,Pater noster qui es in caelis sanctificetur nomen tuum | Adveniat regnum tuum | Fiat voluntas tua sicut in caelo et in terra | Panem nostrum cottidianum da nobis hodie et dimitte nobis debita nostra sicut et nos dimittimus debitoribus nostris | Et ne nos inducas in tentationem sed libera nos a malo amen,,,,,,CSK,
,,https://cantus.sk/chant/20960,Pater noster*,909050,,,,SK-Bra (Bratislava) Missale of Bratislava I EC Lad. 3,,031va,,,,Ad Processionem,16009000,Varia,MASS,https://cantus.sk/source/16685,,Pater noster*,,,,,,CSK,
,,https://cantus.sk/chant/21718,Pater noster*,909050,,,,SK-Bra (Bratislava) Missale of Bratislava I EC Lad. 3,,122ra,,,,Sabbato Sancto,07067000,Varia,MASS,https://cantus.sk/source/16685,,Pater noster*,,,,,,CSK,
,,https://cantus.sk/chant/25311,Pater noster qui es in caelis ,909050,,,,SK-Bra (Bratislava) Missale of Bratislava I EC Lad. 3,1,137rb,,,,Ad Missam,16012000,Varia,MASS,https://cantus.sk/source/16685,,Pater noster qui es in caelis sanctificetur nomen tuum | Adveniat regnum tuum fiat voluntas tua sicut in caelo et in terra | Panem nostrum cottidianum da nobis hodie | Et dimitte nobis debita nostra sicut et nos dimittimus debitoribus nostris | Et ne nos inducas in tentationem | Sed libera nos a malo,,,,,,CSK,
,,https://cantus.sk/chant/25314,Pater noster qui es in caelis | ,909050,,,,SK-Bra (Bratislava) Missale of Bratislava I EC Lad. 3,,137vb,,,,Ad Missam,16012000,Varia,MASS,https://cantus.sk/source/16685,,Pater noster qui es in caelis | Sanctificetur nomen tuum | Adveniat regnum tuum | Fiat voluntas tua sicut in caelo et in terra | Panem nostrum cottidianum da nobis hodie | Et dimitte nobis debita nostra sicut et nos dimittimus debitoribus nostris | Et ne nos inducas in tentationem | Sed libera nos a malo | Amen,,,,,,CSK,
,,https://cantusdatabase.org/chant/682561,Pater noster*,909050,*,,,US-NYcub Plimpton MS 034,,021r,,,,De uno defuncto,13009000,Pn,X,https://cantusdatabase.org/source/604043,,Pater noster*,,,,,,CD,https://dlc.library.columbia.edu/catalog/cul:9zw3r22b3j
,,https://cantusdatabase.org/chant/691244,Pater noster*,909050,*,,,US-NYcub Plimpton MS 034,,023r,,,,De uno defuncto,13009000,Pn,X,https://cantusdatabase.org/source/604043,,Pater noster*,,,,,,CD,https://dlc.library.columbia.edu/catalog/cul:9zw3r22b3j
,,https://cantusdatabase.org/chant/691252,Pater noster*,909050,*,,,US-NYcub Plimpton MS 034,,032r,,,,De uno defuncto,13009000,Pn,X,https://cantusdatabase.org/source/604043,,Pater noster*,,,,,,CD,https://dlc.library.columbia.edu/catalog/cul:9zw3r22b3j
,,https://cantusdatabase.org/chant/691260,Pater noster*,909050,*,,,US-NYcub Plimpton MS 034,,022r,,,,De uno defuncto,13009000,Pn,X,https://cantusdatabase.org/source/604043,,Pater noster*,,,,,,CD,https://dlc.library.columbia.edu/catalog/cul:9zw3r22b3j
,,https://cantusdatabase.org/chant/691270,Pater noster*,909050,*,,,US-NYcub Plimpton MS 034,,031r,,,,De uno defuncto,13009000,Pn,X,https://cantusdatabase.org/source/604043,,Pater noster*,,,,,,CD,https://dlc.library.columbia.edu/catalog/cul:9zw3r22b3j
,,http://musmed.eu/chant/231583,Pater noster qui es in caelis ,909050,,,,US-PHf Lewis E 158,,160v,,,,Ad Missam,16012000,Pn,MASS,http://musmed.eu/source/98182,,Pater noster qui es in caelis sanctificetur nomen tuum | Adveniat regnum tuum | Fiat voluntas tua sicut in caelo et in terra | Panem nostrum cotidianum da nobis hodie et dimitte nobis debita nostra sicut et nos dimittimus debitoribus nostris | Et ne nos inducas in tentationem sed libera nos a malo amen,,,,,,MMMO,https://openn.library.upenn.edu/Data/0023/lewis_e_158/data/web/5411_0375_web.jpg
,,http://musmed.eu/chant/120734,Pater noster qui es in caelis ,909050,,,,V-CVbav Vat.lat.04770,,097v,,,,Sabbato Sancto,07067000,Pn,,http://musmed.eu/source/29524,,Pater noster qui es in caelis sanctificetur nomen tuum | Adveniat regnum tuum | Fiat voluntas tua sicut in caelo et in terra | Panem nostrum quotidianum da nobis hodie et dimitte nobis debita nostra sicut et nos dimittimus debitoribus nostris | Et ne nos inducas in temptatione sed libera nos a malo amen,,,,,,MMMO,https://digi.vatlib.it/view/MSS_Vat.lat.4770/198
,,http://musmed.eu/chant/158275,Pater imon o entis uranis PATER ,909050.1,,,,CH-SGs Cod 0381,,017,,,,,,Pn,MASS,http://musmed.eu/source/14291,,"Pater imon o entis uranis PATER NOSTER QUI ES IN CAELIS agias tito tonuma su  Elthato ee vasilia su SANCTIFICETUR NOMEN TUUM ADVENIAT REGNUM TUUM Genithito tothelimasu , os en uranon ke epitis gis FIAT VOLUNTAS TUA SICUT IN CAELO ET IN TERRRA Ton arton imon ton epusion dos imin simeron PANEM NOSTRUM COTTIDIANUM DA NOBIS HODIE. Keh afes imin ta ofilimata imon ET DIMITTE NOBIS DEBITA NOSTRA os keh imis afiu mentas ofilimata imon SICUT ET NOS DIMITTIMUS DEBITORIBUS NOSTRIS Ke mii seneng kisimas is pirasmon ET NE NOS INDUCAS IN TENTATIONEM  alla rise imas apotu poniru Amin SED LIBERA NOS A MALO AMEN",,,,,,MMMO,https://www.e-codices.unifr.ch/en/csg/0381/17/0/
,,http://musmed.eu/chant/168472,Pater imon o en tis uranis ,909050.1,,,,CH-SGs Cod 0382,,006,,,,,,Pn,,http://musmed.eu/source/14292,,Pater imon o en tis uranis Pater noster qui es in caelis | Agiastito to onoma su eleato i basilia su Sanctificetur nomen tuum adveniat regnum tuum | Genithito to thelima su os en urano ki epi tis gis Fiat voluntas tua sicut in caelo et in terra | Ton arton imon ton epiusion dos imin simeron Panem nostrum cotidianum da nobis hodie | Ke afes imin ta ofilimata imon Et dimitte nobis debita nostra | Os ke imis afiemen tis ofileimata imon Sicut et nos dimittimus debitoribus nostris | Kee mi isenegkis imas is pirasmon Et ne nos inducas in tentationem | Ala ryse imas apo tu poniru Amin Sed libera nos a malo amen,,,,,,MMMO,https://www.e-codices.unifr.ch/en/csg/0382/6
,,https://hymnologica.cz/chant/11081,"Otče náš, jenž jsi",909050:cs,,,,CZ-Pn II C 7,,109v,,,,Ad Missam,16012000,Pn,MASS,https://hymnologica.cz/source/7017,,"Otče náš, jenž jsi",,,,,,HYM,
