id,corpus_id,chantlink,incipit,cantus_id,mode,finalis,differentia,siglum,position,folio,sequence,marginalia,cao_concordances,feast,feast_code,genre,office,srclink,melody_id,full_text,full_text_manuscript,volpiano,notes,dataset_name,dataset_idx,db,image_link
,,https://musicahispanica.eu/chant/65342,Dicamus omnes | Deus ne peccata nostra ,h04655,,,,E-L (León) Ms 8,,165r,,,,Fer. 6 in Parasceve,07066000,PRCS,MH,https://musicahispanica.eu/source/20175,,Dicamus omnes | Deus ne peccata nostra consueta pietatis tuae misericordiam vincant | Deus qui malori benignitate misereris quam nos facilitate peccamus | Intende quaesumus confitentes et consolare merentes,,,,,,SEMM,0
,,https://musicahispanica.eu/chant/44743,Dicamus omnes domine Deus ne peccata ,h04655,,,,E-Tc (Toledo) 35.5,2,140v,,,,Fer. 6 in Parasceve,07066000,PRCS,MH,https://musicahispanica.eu/source/20186,,Dicamus omnes domine Deus ne peccata nostra consueta pietatis tuae misericordiam vincant Deus qui malori benignitate misereris quam nos facilitate peccamus Intende quaesumus confitentes et consolare merentes ,,,,,,SEMM,0
,,https://musicahispanica.eu/chant/43903,Insidiati sunt mihi adversarii mei magis ,h04664,,,,E-Tc (Toledo) 35.5,,094r,,,,Dom. 5 Quadragesimae,,PRCS,MASS,https://musicahispanica.eu/source/20186,,Insidiati sunt mihi adversarii mei magis gratis tu pater sancte miserere et libera me Portatus sum ut agnus innocens ad victimam captus ab inimicis ut avis in muscipulam magis Aperuerunt omnes ora suae contra me dentibus fremuerunt quaerentes de glutire meae magis Suspensum cruci damnant fixum clavis ferreis venditum a judeis pro triginta argenteis magis In latere confossus gladio horrifico illico fluit latex cum sanguine innoxio hac magis Omnes inundaverunt quasi aquae supernae dimersum in sepulchro apposuerunt lapidem magis Tunc milites dividunt vestem meam sortibus cernentes in me flagra injusta et sevissima Intende pie pater et succurre miseris pro quibus tam acerbis afficior suppliciis magis,,,,,,SEMM,0
,,https://musicahispanica.eu/chant/77984,Verus dei filius Christe exaudi populo ,h03370,*,,,GB-Lbl (London) Add MS 30846,,149r,,,,Fer. 5 de Letanias Apostolicas,,PRCS,S,https://musicahispanica.eu/source/20202,,Verus dei filius Christe exaudi populo supplicanti miserere | Verus dei filius Christe exaudi populo supplicanti miserere | Qui triumpho crucis tuae salvasti solus orbem tu crucis tui penas nos libera | Qui delicta nostra cruci compassus affixisti et mortis nostrae ruinam portas duram | Qui moriens mortem damnas resurges citam praestas sustinens pro nobis poenam indebitam | Vestis tuae sacrotacto nos terge arreata et ligno crucis beate nos protege,,,,,,SEMM,0
,,https://musicahispanica.eu/chant/87197,Deus miserere deus miserere miserere nobis ,h04637,*,,,E-SI (Santo Domingo de Silos) MS 7,,113r,,,,,,PRCS,C,https://musicahispanica.eu/source/20181,,Deus miserere deus miserere miserere nobis pro peccatis nostris,,,,,,SEMM,0
,,https://musicahispanica.eu/chant/70887,Deus miserere deus miserere o Jesu ,h00101,,,,E-Mh (Madrid) Cod. 56,,027r,,,,Ordo in finem hominis diei,13004000,PRCS,X,https://musicahispanica.eu/source/70790,,Deus miserere deus miserere o Jesu bone tu illi parce,,,,,,SEMM,0
,,https://musicahispanica.eu/chant/50611,Deus miserere deus miserere o Jesu ,h00101,,,,E-SI (Santo Domingo de Silos) MS 4,,088v,,,,Ordo in finem hominis diei,13004000,PRCS,X,https://musicahispanica.eu/source/21404,,Deus miserere deus miserere o Jesu bone tu illi parce,,,,,,SEMM,0
,,https://musicahispanica.eu/chant/68857,Deus miserere deus miserere deus miserere ,h04651,,,,GB-Lbl (London) Add MS 30851,,167r,,,,Sabb. Hebd. 1 Quad.,07017000,PRCS,C,https://musicahispanica.eu/source/20203,,Deus miserere deus miserere deus miserere deus miserere deus miserere | Tu sana infirmos revoca captivos collige dispersos subveni oppressis succurre defunctis,,,,,,SEMM,0
,,https://musicahispanica.eu/chant/69065,Deus miserere deus miserere deus miserere ,h04651,,,,GB-Lbl (London) Add MS 30851,,175r,,,,Fer. 2 Quadragesimae,07002000,PRCS,Noc,https://musicahispanica.eu/source/20203,,Deus miserere deus miserere deus miserere deus miserere deus miserere | Tu sana infirmos revoca captivos collige dispersos subveni oppressis succurre defunctis,,,,,,SEMM,0
,,https://musicahispanica.eu/chant/40869,Rogamus te rex saeculorum deus sancte ,h03411,,,,E-Tc (Toledo) 35.5,,045r,,,,Dom. 3 Quadragesimae,07031000,PRCS,MASS,https://musicahispanica.eu/source/20186,,"Rogamus te rex saeculorum deus sancte jam miserere peccavimus tibi. 
Audi clamantes pater altissime et que precamur clemens attribue exaudi nos domine. Iam. 
Bone redemtor supplices quesumus te toto corde flentes requirimus adsiste piissime. Iam. 
Fertilitatem et pacem tribue remobe bella et famem coibe redemtor sanctissime. Iam. 
Indulge lapsis indulge perditis dimitte noxam ablue crimina acclines tu libera. Iam. 
Gemitus vide fletus intellege extende manum peccantes redime salbator omnipotens. Iam.",,,,,,SEMM,0
,,https://musicahispanica.eu/chant/78194,Rogamus te rex,h03411,,,,GB-Lbl (London) Add MS 30845,,156r,,,,Letanias Apostolicas,,PRCS,T,https://musicahispanica.eu/source/20196,,Rogamus te rex,,,,,,SEMM,0
,,https://musicahispanica.eu/chant/87156,Miserere miserator et esto placatus miseratus ,h04633,*,,,E-SI (Santo Domingo de Silos) MS 7,,110r,,,,,,PRCS,C,https://musicahispanica.eu/source/20181,,Miserere miserator et esto placatus miseratus te ostende peccata dimitte,,,,,,SEMM,0
,,https://musicahispanica.eu/chant/65413,Ad te precamur domine indulgentiam | Benigne ,h04649,,,,E-L (León) Ms 8,,169r,,,,Fer. 6 in Parasceve,07066000,PRCS,N,https://musicahispanica.eu/source/20175,,Ad te precamur domine indulgentiam | Benigne largam porrige | Cruci tuae nos applicet | Delicta purget omnium | Egris medellam conferat | FIda jacentes erigat | Gregem tuum praemuniat | Hostilitatem auferat,,,,,,SEMM,0
,,https://musicahispanica.eu/chant/65289,Tu pastor bone*,h04674,,,,E-L (León) Ms 8,,162v,,,,Fer. 5 in Cena Dom.,07065000,PRCS,T,https://musicahispanica.eu/source/20175,,Tu pastor bone*,,,,,,SEMM,0
,,https://musicahispanica.eu/chant/72676,Non est alius nisi tu deus | ,h04392,,,,E-Mh (Madrid) Cod. 30,,161r ,,,,Initio anni,,PRCS,S,https://musicahispanica.eu/source/20176,,Non est alius nisi tu deus | Qui diligat justos | Qui advenas custodiat | Qui aerem temperet | Qui fruges multiplicet | Qui navigantes liberet | Qui peccata deleat | Qui errantes corrigat | Qui auferat pericula | Qui in celis sit et in terra  ,,,,,,SEMM,0
,,https://musicahispanica.eu/chant/22352,Miserere miserere miserere illi deus Christe ,h00111,,,,E-SI (Santo Domingo de Silos) MS 4,,090r,,,,Ordo in finem hominis diei,13004000,PRCS,X,https://musicahispanica.eu/source/21404,,Miserere miserere miserere illi deus Christe redemptor veniam ei concede,,,,,,SEMM,0
,,https://musicahispanica.eu/chant/65457,Pro sollemnitate paschali precemur dominum,h04670,,,,E-L (León) Ms 8,,174v,,,,Sabbato Sancto,07067000,PRCS,N,https://musicahispanica.eu/source/20175,,Pro sollemnitate paschali precemur dominum,,,,,,SEMM,0
,,https://musicahispanica.eu/chant/103219,Penitentes orate*,h04668,,,,E-Tc (Toledo) 35.5,,053v,,,,Fer. 4 Hebd. 3 Quad.,07034000,PRCS,N,https://musicahispanica.eu/source/20186,,Penitentes orate*,,,,,,SEMM,0
,,https://musicahispanica.eu/chant/103230,Penitentes orate*,h04668,,,,E-Tc (Toledo) 35.5,,058v,,,,Fer. 6 Hebd. 3 Quad.,07036000,PRCS,N,https://musicahispanica.eu/source/20186,,Penitentes orate*,,,,,,SEMM,0
,,https://musicahispanica.eu/chant/103372,Penitentes orate*,h04668,,,,E-Tc (Toledo) 35.5,,103r,,,,Fer. 4 Hebd. 5 Quad.,,PRCS,N,https://musicahispanica.eu/source/20186,,Penitentes orate*,,,,,,SEMM,0
,,https://musicahispanica.eu/chant/103379,Penitentes orate*,h04668,,,,E-Tc (Toledo) 35.5,,107v,,,,Fer. 6 Hebd. 5 Quad.,,PRCS,N,https://musicahispanica.eu/source/20186,,Penitentes orate*,,,,,,SEMM,0
,,https://musicahispanica.eu/chant/40750,Penitentes orate flecite genua deo deprecemur ,h04668,,,,E-Tc (Toledo) 35.5,,008r,,,,Fer. 4 Hebd. 1 Quad.,07014000,PRCS,MASS,https://musicahispanica.eu/source/20186,,Penitentes orate flecite genua deo deprecemur dominum ut remissionem peccatorum et pacem nobis donare dignetur Erigite vos in nomine Christi completa oratione vestra simul dicite amen Amen State locis vestris ad missam,,,,,,SEMM,0
,,https://musicahispanica.eu/chant/44823,Domine miserere mei et libera me ,h04659,,,,E-Tc (Toledo) 35.5,,149v,,,,Fer. 6 in Parasceve,07066000,PRCS,T,https://musicahispanica.eu/source/20186,,Domine miserere mei et libera me Domine vim patior responde pro me et libera me Filii matris meae pugnaverunt contra me et libera Circuierunt me undique nec est qui eruat tu libera Sicut agnus mansuetus ductus sum ad victimam jam libera Dorsum meum dedi percutientibus et genas meas vellentibus tu libera Faciem meam non averti ab increpantibus et conspuentibus tu libera Satiatus sum amaritudine inebriatus sum felle tu protege me Traditus sum ad mortem deputatus sum cum sceleratis tu suscita me Judica causam animae meae defensor vitae meae et libera,,,,,,SEMM,0
,,https://musicahispanica.eu/chant/41506,Vide domine humilitatem meam quia erectus ,h04675,,,,E-Tc (Toledo) 35.5,,069v,,,,Dom. 4 Quadragesimae,07041000,PRCS,MASS,https://musicahispanica.eu/source/20186,,Vide domine humilitatem meam quia erectus est inimicus miserere pater juste et omnibus indulgentiam dona A patre missus veni perditos requirere et hoste captivatos sanguine redimere plebs dira abjecit me miserere Praedictus a prophetis natus sum ex virgine assumi formam servi dispersos colligere venantes coeperunt me miserere Mihi pro bonis mala reddita sunt plurima adversum me dederunt iniquia consilia venditum pecunia miserere Spineam coronam posuerunt capiti sputis sordidati illuserunt impii afflictum crudeliter miserere Quos veni liberare hii accusaverunt me flagellis verberatum cruci affixerunt me lancea percusserunt me miserere Traditus sum sepulcro confregi portas inferi ejeci vinculatos et reduxi ad superos ascendi in victima miserere Dimitte illis noxa pater clementissime cuncta dele peccata et relaxa crimina ignorant quid faciant miserere,,,,,,SEMM,0
,,https://musicahispanica.eu/chant/64333,Domine misericordiarum obliviscere peccata nostra,h04393,,,,E-L (León) Ms 8,,116v,,,,Dom. 1 Quadragesimae,07011000,PRCS,V,https://musicahispanica.eu/source/20175,,Domine misericordiarum obliviscere peccata nostra,,,,,,SEMM,0
,,https://musicahispanica.eu/chant/44829,Te precamur domine indulgentia Nos patri ,h04671,,,,E-Tc (Toledo) 35.5,3,158v,,,,Fer. 6 in Parasceve,07066000,PRCS,N,https://musicahispanica.eu/source/20186,,Te precamur domine indulgentia Nos patri reconciliet indulgentia Christi confirmet gratiae indulgentia Confirmet sancto spiritu indulgentia Pestem et famem abluat indulgentia Medellam aegris tribuat indulgentia Captivos reddat patriae Vices aerum temperet indulgentia Te precamur Erigite vos,,,,,,SEMM,0
,,https://musicahispanica.eu/chant/45350,Pro sollemnitate paschali flectamus genu,h04669,,,,E-Tc (Toledo) 35.5,,164v,,,,Sabbato Sancto,07067000,PRCS,V,https://musicahispanica.eu/source/20186,,Pro sollemnitate paschali flectamus genu,,,,,,SEMM,0
,,https://musicahispanica.eu/chant/65357,Dicamus omnes  | Subveniat nobis gratiam Christi ,h04658,*,,,E-L (León) Ms 8,,165v,,,,Fer. 6 in Parasceve,07066000,PRCS,MH,https://musicahispanica.eu/source/20175,,Dicamus omnes  | Subveniat nobis gratiam Christi tui qui pro nobis passionem suscepit | Scindat cirographa delictorum qui liberavit mortem propria mundum | Salvificet peccatores cujus redempti sumus cruore,,,,,,SEMM,0
,,https://musicahispanica.eu/chant/44749,Dicamus omnes domine exaudi Subveniat nobis ,h04658,,,,E-Tc (Toledo) 35.5,5,141v,,,,Fer. 6 in Parasceve,07066000,PRCS,MH,https://musicahispanica.eu/source/20186,,Dicamus omnes domine exaudi Subveniat nobis gratiam Christi tui qui pro nobis passionem suscepit Scindat cirographa delictorum qui liberavit mortem propria mundum Salvificet peccatores cujus redempti sumus cruore,,,,,,SEMM,0
,,https://musicahispanica.eu/chant/65353,Dicamus omnes  | Creverunt iniquitates nostrae coram ,h04654,,,,E-L (León) Ms 8,,165v,,,,Fer. 6 in Parasceve,07066000,PRCS,M,https://musicahispanica.eu/source/20175,,Dicamus omnes  | Creverunt iniquitates nostrae coram te et peccata nostra responderunt nobis | Defecit prae amaritudine vita nostra consummata est in dolore cor nostrum | Cooperuit nube temetipsum ut non adiret te oratio nostra	,,,,,,SEMM,0
,,https://musicahispanica.eu/chant/44745,Dicamus omnes domine exaudi Creverunt iniquitates ,h04654,,,,E-Tc (Toledo) 35.5,3,141r,,,,Fer. 6 in Parasceve,07066000,PRCS,MH,https://musicahispanica.eu/source/20186,,Dicamus omnes domine exaudi Creverunt iniquitates nostrae coram te et peccata nostra responderunt nobis Defecit prae amaritudine vita nostra consummata est in dolore cor nostrum Cooperuit nube temetipsum ut non adiret te oratio nostra,,,,,,SEMM,0
,,https://musicahispanica.eu/chant/65418,Ad te precamur | Jam nos patri ,h04811,,,,E-L (León) Ms 8,,169r,,,,Fer. 6 in Parasceve,07066000,PRCS,N,https://musicahispanica.eu/source/20175,,Ad te precamur | Jam nos patri associet | Captos reformet patriae | Locum quietis tribuat | Morbum famemque atterat | Nostrum reatum diluat | Omnes fide consolidet | Patrona sit lugentibus ,,,,,,SEMM,0
,,https://musicahispanica.eu/chant/87188,Miserere deus miserere plebi tuae a ,h04636,*,,,E-SI (Santo Domingo de Silos) MS 7,,112r,,,,,,PRCS,C,https://musicahispanica.eu/source/20181,,Miserere deus miserere plebi tuae a malo defende miserere nobis,,,,,,SEMM,0
,,https://musicahispanica.eu/chant/43894,Domine misericordiarum obliviscere peccata nostra Qui ,h04661,,,,E-Tc (Toledo) 35.5,,087v,,,,Dom. 5 Quadragesimae,,PRCS,V,https://musicahispanica.eu/source/20186,,Domine misericordiarum obliviscere peccata nostra Qui resurgens a mortuis sedes ad dexteram dei patris obliviscere Qui promittis justis praemia et iniquis minaris supplicia obliviscere Qui peccantem non judicas set ad poenitentiam provocatus exspectas obliviscere Qui justos vocas ad tolerantiam et post temptatione provocas ad coronam obliviscere,,,,,,SEMM,0
,,http://musmed.eu/chant/75954,Clamemus omnes una voce Domine miserere | ,h01981,,,,F-AUT Ms S 0012 (11),,092r,,,,Fer. 2 in Letaniis,08062000,PRCS,MASS,http://musmed.eu/source/8575,,Clamemus omnes una voce Domine miserere | Inclina ad preces nostras et voces DOMINE | Amara nobis est vita nostra DOMINE | Bellis attriti clade vallati DOMINE | Dele delicta solve commissa DOMINE | Flagella remove psacem concede DOMINE | Gemitum nostrum pius exaudi CLAMEMUS,,,,,,MMMO,https://bvmm.irht.cnrs.fr/iiif/21561/canvas/canvas-1938500/view
,,http://musmed.eu/chant/137928,Clamemus omnes una voce domine miserere | ,h01981,,,,F-CA Ms 0061 (62),,148r,,,,Fer. 3 in Letaniis,08063000,PRCS,,http://musmed.eu/source/9071,,Clamemus omnes una voce domine miserere | Amara nobis est vita nostra | Bellis atriti pene consumpti | Curvamur peccatis opprimimur plagis | Delicta dele pacem concede | Excelsus repice pius indulge | Flagella remove venian tribue | Gemitum respice pius exaudi,,,,,,MMMO,https://bvmm.irht.cnrs.fr/consult/consult.php?mode=ecran&panier=false&reproductionId=19290&VUE_ID=1708986&carouselThere=false&nbVignettes=4x3&page=13&angle=0&zoom=moyen&tailleReelle=
,,http://musmed.eu/chant/201320,Clamemus omnes una voce domine miserere | ,h01981,,,,F-CA Ms 0078 (79),,039v,,,,In Letaniis maj.,08042500,PRCS,,http://musmed.eu/source/9076,,Clamemus omnes una voce domine miserere | Amara nobis est vita nostra DOMINE | Bellis atriti opprimimur plagis DOMINE | Delicta dele veniam concede DOMINE | Excelsus repice contritos corde DOMINE | Flagella remove veniam tribue DOMINE | Gemitum respice pius exaudi DOMINE | Clamemus,,,,,,MMMO,https://bvmm.irht.cnrs.fr/iiif/19354/canvas/canvas-1722551/view
,,https://musicahispanica.eu/chant/40747,Averte domine iram tuam a nobis ,h04650,,,,E-Tc (Toledo) 35.5,,005v,,,,Dom. 1 Quadragesimae,07011000,PRCS,V2,https://musicahispanica.eu/source/20186,,Averte domine iram tuam a nobis Assit nobis potentia tua domine Benedic domine hereditatem tuam Concede pacem ecclesiae tuae domine,,,,,,SEMM,0
,,https://musicahispanica.eu/chant/41548,Averte domine iram tuam a nobis ,h04650,,,,E-Tc (Toledo) 35.5,,075r,,,,Dom. 4 Quadragesimae,07041000,PRCS,V2,https://musicahispanica.eu/source/20186,,Averte domine iram tuam a nobis Assit nobis potentia tua domine Benedic domine hereditatem tuam Concede pacem ecclesiae tuae domine,,,,,,SEMM,0
,,https://musicahispanica.eu/chant/44034,Averte domine iram,h04650,,,,E-Tc (Toledo) 35.5,,099r,,,,Dom. 5 Quadragesimae,,PRCS,V2,https://musicahispanica.eu/source/20186,,Averte domine iram,,,,,,SEMM,0
,,https://musicahispanica.eu/chant/65298,Domine miserere*,h04632,,,,E-L (León) Ms 8,,163r,,,,Fer. 5 in Cena Dom.,07065000,PRCS,N,https://musicahispanica.eu/source/20175,,Domine miserere*,,,,,,SEMM,0
,,https://musicahispanica.eu/chant/87140,Domine miserere nobis domine miserere nobis ,h04632,*,,,E-SI (Santo Domingo de Silos) MS 7,,109r,,,,,,PRCS,C,https://musicahispanica.eu/source/20181,,Domine miserere nobis domine miserere nobis et exaudi plebem tuam,,,,,,SEMM,0
,,https://musicahispanica.eu/chant/87148,Miserere miserere miserere nobis deus ne ,h00111.1,,,,E-SI (Santo Domingo de Silos) MS 7,,109v,,,,,,PRCS,C,https://musicahispanica.eu/source/20181,,Miserere miserere miserere nobis deus ne nos judices in ira,,,,,,SEMM,0
,,https://musicahispanica.eu/chant/40839,Miserere et parce clementissime domine populo ,h03408,,,,E-Tc (Toledo) 35.5,,022v,,,,Dom. 2 Quadragesimae,07021000,PRCS,MASS,https://musicahispanica.eu/source/20186,,Miserere et parce clementissime domine populo tuo quia peccavimus tibi,,,,,,SEMM,0
,,https://musicahispanica.eu/chant/78155,Miserere et parce,h03408,,,,GB-Lbl (London) Add MS 30845,,154r,,,,Letanias Apostolicas,,PRCS,T,https://musicahispanica.eu/source/20196,,Miserere et parce,,,,,,SEMM,0
,,https://musicahispanica.eu/chant/77967,Exaudi domine preces nostras et miserere ,h03363,*,,,GB-Lbl (London) Add MS 30846,,146v,,,,Fer. 5 de Letanias Apostolicas,,PRCS,T,https://musicahispanica.eu/source/20202,,Exaudi domine preces nostras et miserere nobis | De sede crucis jam respice domine | Crucis affixe et morti de judicate | Qui latronem excepisti supplicium | Qui moriens redemisti saeculum | Qui salvati et per crucem transire possimus mare | Tu nos cruce tua tibi illaesos praesenta | Mors nobis tua vitam aeternam conferat,,,,,,SEMM,0
,,https://musicahispanica.eu/chant/72674,Non est alius nisi tu deus | ,h04391,,,,E-Mh (Madrid) Cod. 30,,159v,,,,Initio anni,,PRCS,T,https://musicahispanica.eu/source/20176,,Non est alius nisi tu deus | Qui orari possit | Qui exaudiri possit | Qui curari possit ,,,,,,SEMM,0
,,https://musicahispanica.eu/chant/87204,Miserere miserere domine miserere miserere domine,h04638,*,,,E-SI (Santo Domingo de Silos) MS 7,,113r,,,,,,PRCS,C,https://musicahispanica.eu/source/20181,,Miserere miserere domine miserere miserere domine,,,,,,SEMM,0
,,https://musicahispanica.eu/chant/44832,Te precamur domine indulgentia Restituat paradiso ,h04673,,,,E-Tc (Toledo) 35.5,4,159r,,,,Fer. 6 in Parasceve,07066000,PRCS,N,https://musicahispanica.eu/source/20186,,Te precamur domine indulgentia Restituat paradiso indulgentia Claustra caelorum reseret Removeat supplicium indulgentia Extinguat gehennae incendium Defunctis donet requiem Locum quietis conferat Sanctis consortes faciat Te precamur Erigite vos Post haec,,,,,,SEMM,0
,,https://musicahispanica.eu/chant/88279,Dicamus omnes domine exaudi et miserere | ,h04656,,,,E-L (León) Ms 8,,165r,,,,Fer. 6 in Parasceve,07066000,PRCS,MH,https://musicahispanica.eu/source/20175,,Dicamus omnes domine exaudi et miserere | Ex toto corde et ex tota mente supplices te deprecamur | Non secundum peccata nostra retribuas nobis | Sed secundum misericordiam indulge nobis,,,,,,SEMM,0
,,https://musicahispanica.eu/chant/44500,Dicamus omnes domine exaudi et miserere ,h04656,,,,E-Tc (Toledo) 35.5,1,140r,,,,Fer. 6 in Parasceve,07066000,PRCS,MH,https://musicahispanica.eu/source/20186,,Dicamus omnes domine exaudi et miserere Ex toto corde et ex tota mente supplices te deprecamur Non secundum peccata nostra retribuas nobis Sed secundum misericordiam indulge nobis,,,,,,SEMM,0
,,https://musicahispanica.eu/chant/65426,Poenitentes orate flectite genua deo deprecemur ,h04667,,,,E-L (León) Ms 8,,170r,,,,Fer. 6 in Parasceve,07066000,PRCS,N,https://musicahispanica.eu/source/20175,,Poenitentes orate flectite genua deo deprecemur dominum deum nostrum ut remissionem peccatorum nobis donare dignetur |deprecemur dominum deum nostrum ut lapsis manum porrigat et praesidium quod ab eo requirunt clementer impertiat | Deprecemur dominum deum nostrum ut reminiscentes mala que gessimus deinceps vitemur insidias inimici ut quos diabolus persuasione sua ab altario dei substraxerit patrona revocet effusio lacrimarum | Deprecemur dominum deum nostrum et omnes una voce indulgentiam a domino postulemus,,,,,,SEMM,0
,,https://musicahispanica.eu/chant/87165,Miserere nobis deus miserere nobis et ,h04634,*,,,E-SI (Santo Domingo de Silos) MS 7,,110v,,,,,,PRCS,C,https://musicahispanica.eu/source/20181,,Miserere nobis deus miserere nobis et esto placatus miserere nobis deus miserere nobis et esto placatus,,,,,,SEMM,0
,,https://musicahispanica.eu/chant/70898,Indulgentia dicamus omnes domine tu dona ,h00102,,,,E-Mh (Madrid) Cod. 56,,027v,,,,Ordo in finem hominis diei,13004000,PRCS,X,https://musicahispanica.eu/source/70790,,Indulgentia dicamus omnes domine tu dona ei veniam,,,,,,SEMM,0
,,https://musicahispanica.eu/chant/50622,Indulgentia dicamus omnes domine tu dona ,h00102,,,,E-SI (Santo Domingo de Silos) MS 4,,089r,,,,Ordo in finem hominis diei,13004000,PRCS,,https://musicahispanica.eu/source/21404,,Indulgentia dicamus omnes domine tu dona ei veniam,,,,,,SEMM,0
,,https://musicahispanica.eu/chant/78165,Dicamus omnes*,h03315,,,,GB-Lbl (London) Add MS 30845,,154v,,,,Letanias Apostolicas,,PRCS,S,https://musicahispanica.eu/source/20196,,Dicamus omnes*,,,,,,SEMM,0
,,https://musicahispanica.eu/chant/78233,Dicamus omnes*,h03315,,,,GB-Lbl (London) Add MS 30845,,158r,,,,Letanias Apostolicas,,PRCS,V2,https://musicahispanica.eu/source/20196,,Dicamus omnes*,,,,,,SEMM,0
,,https://musicahispanica.eu/chant/77907,Dicamus omnes miserere nobis deus miserere ,h03315,*,,,GB-Lbl (London) Add MS 30846,,138r,,,,Letanias Apostolicas,,PRCS,T,https://musicahispanica.eu/source/20202,,Dicamus omnes miserere nobis deus miserere nobis | Tu redemptor Jesu Christe salvans mundum tua morte | Qui cruci clavis confixus et aceto es potatus | Qui pro nobis es percussus et iniquae judicatus | Qui ligatus crucem portas et in cruce patrem oras | Cujus latus perfudiant et humilitas irridetur,,,,,,SEMM,0
,,https://musicahispanica.eu/chant/41496,Domine misericordiarum obliviscere peccata nostra Qui ,h04663,,,,E-Tc (Toledo) 35.5,,061v,,,,Dom. 4 Quadragesimae,07041000,PRCS,V,https://musicahispanica.eu/source/20186,,Domine misericordiarum obliviscere peccata nostra Qui vulneratus es ut vulnera nostra curares obliviscere Qui perditum hominem nunc crucis tuae passione redimes Qui mori dignatus es ut immortalitatem mortalibus condonares obliviscere,,,,,,SEMM,0
,,https://musicahispanica.eu/chant/77921,Ad te pie clamemus deus superat ,h03324,*,,,GB-Lbl (London) Add MS 30846,,140v,,,,Letanias Apostolicas,,PRCS,S,https://musicahispanica.eu/source/20202,,Ad te pie clamemus deus superat nos pessimus flagelis miserere finis noster adest sucurre Christe | Bone pastor moriens pro grege oves tuas a malo defende | Circumdat nos jam undique plaga et timemus cuncta nostra mala | Durum tempus et vicinam luctus non est nullus ad precandum dignus | Ecce adest nobis signum tempus superat nos crudelis infernus | Fletus crescis gaudium defecit finis urguet et vita defecit,,,,,,SEMM,0
,,https://musicahispanica.eu/chant/65367,Dicamus omnes*,h04652,,,,E-L (León) Ms 8,,166r,,,,Fer. 6 in Parasceve,07066000,PRCS,MH,https://musicahispanica.eu/source/20175,,Dicamus omnes*,,,,,,SEMM,0
,,https://musicahispanica.eu/chant/44753,Dicamus omnes domine exaudi Aegris tribue ,h04652,,,,E-Tc (Toledo) 35.5,7,142v,,,,Fer. 6 in Parasceve,07066000,PRCS,MH,https://musicahispanica.eu/source/20186,,Dicamus omnes domine exaudi Aegris tribue medicinam egentibus dona substantiam Eripe cunctos oppressos et conpenditor solve Peregrinantibus prosperare patriae redde captivos Dona veniam peccatorum et dele culpas scelerum,,,,,,SEMM,0
,,https://musicahispanica.eu/chant/87123,Deus miserere deus miserere miserere deus ,h04630,*,,,E-SI (Santo Domingo de Silos) MS 7,,108r,,,,,,PRCS,C,https://musicahispanica.eu/source/20181,,Deus miserere deus miserere miserere deus deus miserere Christe miserere,,,,,,SEMM,0
,,https://musicahispanica.eu/chant/92973,Deus miserere deus miserere miserere deus ,h04630,,,,E-Tc (Toledo) 33.3,,048r,,,,,,PRCS,DU&D,https://musicahispanica.eu/source/20197,,Deus miserere deus miserere miserere deus deus miserere Christe miserere | Tu caecislumen tu surdis auditum tuum utis eloquium atque claudis gressum Christe [...],,,,,,SEMM,0
,,https://musicahispanica.eu/chant/92972,Audi pie et intende et gementes ,h04631.1,,,,E-Tc (Toledo) 33.3,,045v,,,,,,PRCS,DU&D,https://musicahispanica.eu/source/20197,,Audi pie et intende et gementes consolare pater pie rex aeterne | Factor noster et redemptor plebi tueris protector peccatorumque induitor | Prosternati omnes rogamus ut ignoscas supplicamus et dimittas exoratus | Qui pro nobis formam servi induere voluisti aves tuas tu custodi,,,,,,SEMM,0
,,https://musicahispanica.eu/chant/78029,Verbum patris altissimi redemptor peccantibus miserere | ,h03383,*,,,GB-Lbl (London) Add MS 30846,,154r,,,,Fer. 6 de Letanias Apostolicas,,PRCS,S,https://musicahispanica.eu/source/20202,,Verbum patris altissimi redemptor peccantibus miserere | Elide nostrum facinus qui pro nobis es traditus | Purifica nos avictis qui cessus es a lapis | Qui pro nobis potatus es felle nos reple dulcedine | Cujus lactus percussum est lancea nos tibi ad socia | Qui morte mundum resta areas perire nos non sinas | Accende nos igne crucis tuae qui redemisti sanguine | Ut te liberatorum praetium fruamur post transitum,,,,,,SEMM,0
,,https://musicahispanica.eu/chant/65347,Dicamus omnes | Jam gemitus suscipe poenitentum ,h04657,*,,,E-L (León) Ms 8,,165v,,,,Fer. 6 in Parasceve,07066000,PRCS,MH,https://musicahispanica.eu/source/20175,,Dicamus omnes | Jam gemitus suscipe poenitentum et converte gratiae tuae vultum | Adesto miseris deprecatus adesto semper oratus | Ne pertinacia delinquentum miserationem tuae pietatis avertat	,,,,,,SEMM,0
,,https://musicahispanica.eu/chant/44747,Dicamus omnes domine exaudi Jam gemitus ,h04657,,,,E-Tc (Toledo) 35.5,4,141v,,,,Fer. 6 in Parasceve,07066000,PRCS,MH,https://musicahispanica.eu/source/20186,,Dicamus omnes domine exaudi Jam gemitus suscipe poenitentum et converte gratiae tuae vultum Adesto miseris deprecatus adesto semper oratus Ne pertinacia delinquentum miserationem tuae pietatis avertat,,,,,,SEMM,0
,,https://musicahispanica.eu/chant/103182,Penitentes orate*,h04666,,,,E-Tc (Toledo) 35.5,,035v,,,,Fer. 6 Hebd. 2 Quad.,07026000,PRCS,N,https://musicahispanica.eu/source/20186,,Penitentes orate*,,,,,,SEMM,0
,,https://musicahispanica.eu/chant/103297,Penitentes orate*,h04666,,,,E-Tc (Toledo) 35.5,,079r,,,,Fer. 4 Hebd. 4 Quad.,07044000,PRCS,N,https://musicahispanica.eu/source/20186,,Penitentes orate*,,,,,,SEMM,0
,,https://musicahispanica.eu/chant/103310,Penitentes*,h04666,,,,E-Tc (Toledo) 35.5,,085r,,,,Fer. 6 Hebd. 4 Quad.,07046000,PRCS,N,https://musicahispanica.eu/source/20186,,Penitentes*,,,,,,SEMM,0
,,https://musicahispanica.eu/chant/40841,Penitentes orate*,h04666,,,,E-Tc (Toledo) 35.5,,025r,,,,Dom. 2 Quadragesimae,07021000,PRCS,MASS,https://musicahispanica.eu/source/20186,,Penitentes orate*,,,,,,SEMM,0
,,https://musicahispanica.eu/chant/44827,Penitentes orate flectite genua deo deprecemur ,h04666,,,,E-Tc (Toledo) 35.5,1,157v,,,,Fer. 6 in Parasceve,07066000,PRCS,N,https://musicahispanica.eu/source/20186,,Penitentes orate flectite genua deo deprecemur dominum deum nostrum ut indulgentiam criminum et remissionem peccatorum nobis donare dignetur Erigite vos orate flectite genua deo deprecemur dominum deum nostrum ut lapsis manum porrigat et praesidium quod ab eo inquirunt clementer impertiat Erigite vos orate flectite genua deo deprecemur dominum deum nostrum ut reminiscentes mala quae gessimus deinceps vitemur insidias inimici ut quos diabolus persuasione sua ab altario dei subtraxerat patrona revocet effusio lacrimarum Erigite vos completa oratione vestra omnes pari voce indulgentiam a domino postulemus Tu pastor bonae animam tuam pro ovibus posuisti tu pastor bonae tribus vicibus Prosternimus preces ante faciem tuam exaudi placare indulge domine et miserere nobis Deprecemur dominum ut remissionem peccatorum et pacem nobis donare dignetur,,,,,,SEMM,0
,,https://musicahispanica.eu/chant/65423,Ad te precamur domine | Quassos reformet ,h04812,,,,E-L (León) Ms 8,,169v,,,,Fer. 6 in Parasceve,07066000,PRCS,N,https://musicahispanica.eu/source/20175,,Ad te precamur domine | Quassos reformet viribus | Removeat supplicium | Solvat sepultos nexibus | Terrae quietem tribuat | Virtute firmet debiles | Christo canentes mulceat | Zeli furorem reprimat,,,,,,SEMM,0
,,https://musicahispanica.eu/chant/87173,Indulgentia clamemus deus da nobis veniam ,h04635,*,,,E-SI (Santo Domingo de Silos) MS 7,,111v,,,,,,PRCS,C,https://musicahispanica.eu/source/20181,,Indulgentia clamemus deus da nobis veniam indulgentia clamemus deus da nobis veniam indulgentia deus da nobis veniam,,,,,,SEMM,0
,,https://musicahispanica.eu/chant/87704,Miserere domine miserere nobis tibi soli ,h04629,,,,E-SCu (Santiago de Compostela) Ms 609,,215v,,,,,,PRCS,MN,https://musicahispanica.eu/source/20207,,Miserere domine miserere nobis tibi soli peccavimus indulge nobis rogamus | Lapsi sumus graviter in peccatis magnis veniam precamur Christe parce nostris delictis | Scelus flemus ad missam non reddas ut meremur pater pie dele noxia et errata relaxa | Penitentibus regis conversis religiosis cor contritis aeteleris jam sucurre rex caelestis | Pauperibus egenis iterantibus naufragis lapsis viduis pupillis jam sucurre rex caelestis | Peregrinis oppressis dispersis et captivis vinctis aegris et defunctis jam sucurre rex caelestis | Qui est homo domine ut ei indigneris aut genus corruptibile ut ita amarisceris de ipso | Nemo de genitus est qui non impie gessit nec de confitentibus qui tibi non deliquid | In hoc nuntiabitur bonitas tua deus cum misertus fueris iniquitatibus nostris | Si peccavimus in te tui sumus Christe exspectantes domine misericordiam tuam,,,,,,SEMM,0
,,https://musicahispanica.eu/chant/87113,Miserere domine miserere nobis tibi soli ,h04629,*,,,E-SI (Santo Domingo de Silos) MS 7,,107r,,,,,,PRCS,C,https://musicahispanica.eu/source/20181,,Miserere domine miserere nobis tibi soli peccavimus indulge nobis rogamus,,,,,,SEMM,0
,,https://musicahispanica.eu/chant/87272,Miserere domine miserere nobis tibi soli,h04629,*,,,E-SI (Santo Domingo de Silos) MS 7,,132r,,,,,,PRCS,MN,https://musicahispanica.eu/source/20181,,Miserere domine miserere nobis tibi soli,,,,,,SEMM,0
,,https://musicahispanica.eu/chant/68906,Miserere domine miserere nobis tibi soli ,h04629,,,,GB-Lbl (London) Add MS 30851,,170r,,,,Dom. Quotidiano,,PRCS,C,https://musicahispanica.eu/source/20203,,"Miserere domine miserere nobis tibi soli peccavimus indulge nobis rogamus | Lapsi sumus graviter in peccatis magnis veniam precamur Christe parce nostris delictis | Scelus flemus ad missam non reddas ut meremur pater piae dele noxia et errata relaxa | Poenitentibus reis conversis religiosis cor contritus et aelysis jam sucurre rex caelestis | Pauperibus egenis iterantibus naufragis lapsis viduis pupillis jam sucurre rex caelestis | Peregrinis oppressis dispersis et captivis vinctis aegris et defunctis jam sucurre | Quid est homo domine ut ei indigneris aut genus corruptibile ut ita amarisceris de ipso | Nemo de genitis est qui non impiae gessit nec de confitentibus qui tibi non deliquid | In hoc nuntiabitur bonitas tua deus cum misertus fueris iniquitatibus nostris | Si peccavimus in te tui sumus Christe expectantes domine misericordiam tuam
",,,,,,SEMM,0
,,https://musicahispanica.eu/chant/40860,Domine misericordiarum obliviscere peccata nostra Qui ,h04662,,,,E-Tc (Toledo) 35.5,,038r,,,,Dom. 3 Quadragesimae,07031000,PRCS,V,https://musicahispanica.eu/source/20186,,Domine misericordiarum obliviscere peccata nostra Qui vitam mortuis caecis lumen auditum surdis dedisti obliviscere Qui mutis eloquium clodis gressum leprosis sanitatem dedisti obliviscere Qui injurias carnis nostrae in tuo corpore pertulisti obliviscere,,,,,,SEMM,0
,,https://musicahispanica.eu/chant/78204,Supplicum*,h03413,,,,GB-Lbl (London) Add MS 30845,,156v,,,,Letanias Apostolicas,,PRCS,S,https://musicahispanica.eu/source/20196,,Supplicum*,,,,,,SEMM,0
,,https://musicahispanica.eu/chant/44751,Dicamus omnes domine exaudi Concede ecclesiae ,h04653,,,,E-Tc (Toledo) 35.5,6,142r,,,,Fer. 6 in Parasceve,07066000,PRCS,MH,https://musicahispanica.eu/source/20186,,Dicamus omnes domine exaudi Concede ecclesiae tuae pacem poram tranquillitatem Hujus urbis subsidium praebe et nobis propitiare Aufer jugum captivitatis jubem pestis et egestatis,,,,,,SEMM,0
,,https://musicahispanica.eu/chant/40800,Domine misericordiarum obliviscere peccata nostra Qui ,h04393.1,,,,E-Tc (Toledo) 35.5,,016v,,,,Dom. 2 Quadragesimae,07021000,PRCS,V,https://musicahispanica.eu/source/20186,,Domine misericordiarum obliviscere peccata nostra Qui pertingens a fine in finem fortiter et disponis omnia suaviter Qui in finem temporum commemoratur nostri ad redimendos nos descendisti Qui ex Mariae virginis utero per mysterium nobis es genitus,,,,,,SEMM,0
,,https://musicahispanica.eu/chant/87130,Miserere miserere miserere Jesu bonae peccatis ,h04631,*,,,E-SI (Santo Domingo de Silos) MS 7,,108v,,,,,,PRCS,C,https://musicahispanica.eu/source/20181,,Miserere miserere miserere Jesu bonae peccatis nostris finem pone,,,,,,SEMM,0
,,https://musicahispanica.eu/chant/87214,Indulgentia deus da nobis veniam et ,h00102.1,*,,,E-SI (Santo Domingo de Silos) MS 7,,113v,,,,,,PRCS,C,https://musicahispanica.eu/source/20181,,Indulgentia deus da nobis veniam et miserere nobis,,,,,,SEMM,0
,,https://musicahispanica.eu/chant/44828,Te precamur domine indulgentia Procedat ab ,h04672,,,,E-Tc (Toledo) 35.5,2,158r,,,,Fer. 6 in Parasceve,07066000,PRCS,N,https://musicahispanica.eu/source/20186,,Te precamur domine indulgentia Procedat ab altissimo indulgentia Sucurrat nobis miseris indulgentia Delicta purget omnium indulgentia Praestetur poenitentibus Patrona sit lugentibus Errantes fide corrigat indulgentia Lapsis peccatis erigat indulgentia Te precamur Erigite vos,,,,,,SEMM,0
,,https://musicahispanica.eu/chant/87223,Miserator domine tu indulge nobis parce ,h04639,*,,,E-SI (Santo Domingo de Silos) MS 7,,114r,,,,,,PRCS,C,https://musicahispanica.eu/source/20181,,Miserator domine tu indulge nobis parce omnem plebem tuam et exaudi servos tuos,,,,,,SEMM,0
,,https://musicahispanica.eu/chant/70906,Deus miserere miserere illi deus et ,h00175,,,,E-Mh (Madrid) Cod. 56,,028r,,,,Ordo in finem hominis diei,13004000,PRCS,X,https://musicahispanica.eu/source/70790,,Deus miserere miserere illi deus et parce Jesu redemptor veniam ei concede,,,,,,SEMM,0
,,https://musicahispanica.eu/chant/50642,Deus miserere miserere illi deus et ,h00175,,,,E-SI (Santo Domingo de Silos) MS 4,,090v,,,,Ordo in finem hominis diei,13004000,PRCS,X,https://musicahispanica.eu/source/21404,,Deus miserere miserere illi deus et parce Jesu redemptor veniam ei concede,,,,,,SEMM,0
