id,corpus_id,chantlink,incipit,cantus_id,mode,finalis,differentia,siglum,position,folio,sequence,marginalia,cao_concordances,feast,feast_code,genre,office,srclink,melody_id,full_text,full_text_manuscript,volpiano,notes,dataset_name,dataset_idx,db,image_link
,,https://musicahispanica.eu/chant/87171,Crucis tuae nos vexillo munitos habet ,h04634f,*,,,E-SI (Santo Domingo de Silos) MS 7,,111r,,,,,,PRCSV,C,https://musicahispanica.eu/source/20181,,Crucis tuae nos vexillo munitos habet tempore perenne sanguinis et signo fave catervae fideli tequi deprecanti,,,,,,SEMM,0
,,https://musicahispanica.eu/chant/103169,Orationes sacerdotum accipe et quaeque postulat ,h03408b,,,,E-Tc (Toledo) 35.5,2,022v,,,,Dom. 2 Quadragesimae,07021000,PRCSV,MASS,https://musicahispanica.eu/source/20186,,Orationes sacerdotum accipe et quaeque postulat abluentes tribue hac tuae plebis miserere domine quia,,,,,,SEMM,0
,,https://musicahispanica.eu/chant/87712,In hoc nuntiabitur bonitas tua deus ,h04629h,,,,E-SCu (Santiago de Compostela) Ms 609,,215v,,,,,,PRCSV,MN,https://musicahispanica.eu/source/20207,,In hoc nuntiabitur bonitas tua deus cum misertus fueris iniquitatibus nostris,,,,,,SEMM,0
,,https://musicahispanica.eu/chant/87120,In hoc nuntiabitur bonitas tua deus ,h04629h,*,,,E-SI (Santo Domingo de Silos) MS 7,,107v,,,,,,PRCSV,C,https://musicahispanica.eu/source/20181,,In hoc nuntiabitur bonitas tua deus cum misertus fueris iniquitatibus,,,,,,SEMM,0
,,https://musicahispanica.eu/chant/87135,Quia Lazarum quadri da annum de ,h04631e,*,,,E-SI (Santo Domingo de Silos) MS 7,,109r,,,,,,PRCSV,C,https://musicahispanica.eu/source/20181,,Quia Lazarum quadri da annum de sepulchro suscitasti gloriam tuam manifestati,,,,,,SEMM,0
,,https://musicahispanica.eu/chant/70908,Tu clemens Christe nostram pro defuncto ,h00175b,,,,E-Mh (Madrid) Cod. 56,,028r,,,,Ordo in finem hominis diei,13004000,PRCSV,X,https://musicahispanica.eu/source/70790,,Tu clemens Christe nostram pro defuncto precem accepta pro quibus crucis subisti indevitam mortem,,,,,,SEMM,0
,,https://musicahispanica.eu/chant/50644,Tu clemens Christe nostram pro defuncto ,h00175b,,,,E-SI (Santo Domingo de Silos) MS 4,,090v,,,,Ordo in finem hominis diei,13004000,PRCSV,X,https://musicahispanica.eu/source/21404,,Tu clemens Christe nostram pro defuncto precem accepta pro quibus crucis subisti indevitam mortem,,,,,,SEMM,0
,,https://musicahispanica.eu/chant/87144,Domine audi sacerdotes clerus omnes et ,h04632d,*,,,E-SI (Santo Domingo de Silos) MS 7,,109v,,,,,,PRCSV,C,https://musicahispanica.eu/source/20181,,Domine audi sacerdotes clerus omnes et abbates,,,,,,SEMM,0
,,https://musicahispanica.eu/chant/87210,Pro defunctis te rogamus domine,h04638f,*,,,E-SI (Santo Domingo de Silos) MS 7,,113v,,,,,,PRCSV,C,https://musicahispanica.eu/source/20181,,Pro defunctis te rogamus domine,,,,,,SEMM,0
,,https://musicahispanica.eu/chant/65368,Aegris tribue medicinam egentibus dona substantiam,h04652a,,,,E-L (León) Ms 8,,166r,,,,Fer. 6 in Parasceve,07066000,PRCSV,MH,https://musicahispanica.eu/source/20175,,Aegris tribue medicinam egentibus dona substantiam,,,,,,SEMM,0
,,https://musicahispanica.eu/chant/65360,Salvificet peccatores cujus redempti sumus cruore,h04658c,,,,E-L (León) Ms 8,,166r,,,,Fer. 6 in Parasceve,07066000,PRCSV,MH,https://musicahispanica.eu/source/20175,,Salvificet peccatores cujus redempti sumus cruore,,,,,,SEMM,0
,,https://musicahispanica.eu/chant/87200,Qui caelum fecisti mare terminasti et ,h04637c,*,,,E-SI (Santo Domingo de Silos) MS 7,,113r,,,,,,PRCSV,C,https://musicahispanica.eu/source/20181,,Qui caelum fecisti mare terminasti et omnes fideles tu jam redemisti,,,,,,SEMM,0
,,https://musicahispanica.eu/chant/87164,Peregrinis seu egenis patriam redire aegris ,h04633h,*,,,E-SI (Santo Domingo de Silos) MS 7,,110v,,,,,,PRCSV,C,https://musicahispanica.eu/source/20181,,Peregrinis seu egenis patriam redire aegris tribue salutem defunctis requiem,,,,,,SEMM,0
,,https://musicahispanica.eu/chant/87167,Omnes simul te precamur Jesu bonae ,h04634b,*,,,E-SI (Santo Domingo de Silos) MS 7,,111r,,,,,,PRCSV,C,https://musicahispanica.eu/source/20181,,Omnes simul te precamur Jesu bonae deus ut inclines orbem tuam praecibus cunctorum supplicum tuorum clemens redemptorum,,,,,,SEMM,0
,,https://musicahispanica.eu/chant/70897,O rerum deus conditor bonus citius ,h00101j,,,,E-Mh (Madrid) Cod. 56,,027v,,,,Ordo in finem hominis diei,13004000,PRCSV,X,https://musicahispanica.eu/source/70790,,O rerum deus conditor bonus citius dele delictum ejus,,,,,,SEMM,0
,,https://musicahispanica.eu/chant/50621,O rerum deus conditor bonus citius ,h00101j,,,,E-SI (Santo Domingo de Silos) MS 4,,089r,,,,Ordo in finem hominis diei,13004000,PRCSV,X,https://musicahispanica.eu/source/21404,,O rerum deus conditor bonus citius dele delictum ejus,,,,,,SEMM,0
,,https://musicahispanica.eu/chant/87206,Te oramus te precamus domine,h04638b,*,,,E-SI (Santo Domingo de Silos) MS 7,,113v,,,,,,PRCSV,C,https://musicahispanica.eu/source/20181,,Te oramus te precamus domine,,,,,,SEMM,0
,,https://musicahispanica.eu/chant/87131,Prosternati omnes rogamus ut ignoscas supplicamus ,h04631a,*,,,E-SI (Santo Domingo de Silos) MS 7,,108v,,,,,,PRCSV,C,https://musicahispanica.eu/source/20181,,Prosternati omnes rogamus ut ignoscas supplicamus et dimittas exoratus,,,,,,SEMM,0
,,https://musicahispanica.eu/chant/103146,Exaudi orationem*,h04650d,,,,E-Tc (Toledo) 35.5,,005v,,,,Dom. 1 Quadragesimae,07011000,PRCSV,V2,https://musicahispanica.eu/source/20186,,Exaudi orationem*,,,,,,SEMM,0
,,https://musicahispanica.eu/chant/70905,Tu piissime tu prostratos alleva et ,h00102g,,,,E-Mh (Madrid) Cod. 56,,027v,,,,Ordo in finem hominis diei,13004000,PRCSV,X,https://musicahispanica.eu/source/70790,,Tu piissime tu prostratos alleva et dona eis veniam,,,,,,SEMM,0
,,https://musicahispanica.eu/chant/50629,Tu piissime tu prostratus subleva et ,h00102g,,,,E-SI (Santo Domingo de Silos) MS 4,,089v,,,,Ordo in finem hominis diei,13004000,PRCSV,,https://musicahispanica.eu/source/21404,,Tu piissime tu prostratus subleva et dona ei veniam,,,,,,SEMM,0
,,https://musicahispanica.eu/chant/87222,Tu piissime tu sublectos subleva tu ,h00102g,*,,,E-SI (Santo Domingo de Silos) MS 7,,113v,,,,,,PRCSV,C,https://musicahispanica.eu/source/20181,,Tu piissime tu sublectos subleva tu miserere,,,,,,SEMM,0
,,https://musicahispanica.eu/chant/87364,Bone pastor moriens pro grege oves ,h03324a,*,,,GB-Lbl (London) Add MS 30846,,140v,,,,Letanias Apostolicas,,PRCSV,S,https://musicahispanica.eu/source/20202,,Bone pastor moriens pro grege oves tuas a malo defende,,,,,,SEMM,0
,,https://musicahispanica.eu/chant/87179,Omnes defunctos domine concede illis patriam,h04635f,*,,,E-SI (Santo Domingo de Silos) MS 7,,111v,,,,,,PRCSV,C,https://musicahispanica.eu/source/20181,,Omnes defunctos domine concede illis patriam,,,,,,SEMM,0
,,https://musicahispanica.eu/chant/87195,Ne derelinquas plebem supplicantem quam creasti ,h04636g,*,,,E-SI (Santo Domingo de Silos) MS 7,,112v,,,,,,PRCSV,C,https://musicahispanica.eu/source/20181,,Ne derelinquas plebem supplicantem quam creasti tu domine sanctae,,,,,,SEMM,0
,,https://musicahispanica.eu/chant/70895,Inclyte Christe redemptor sancte delictum ejus ,h00101f,,,,E-Mh (Madrid) Cod. 56,,027v,,,,Ordo in finem hominis diei,13004000,PRCSV,X,https://musicahispanica.eu/source/70790,,Inclyte Christe redemptor sancte delictum ejus caelitus dele,,,,,,SEMM,0
,,https://musicahispanica.eu/chant/50619,Inclyte Christe redemptor sancte delictum ejus ,h00101f,,,,E-SI (Santo Domingo de Silos) MS 4,,089r,,,,Ordo in finem hominis diei,13004000,PRCSV,X,https://musicahispanica.eu/source/21404,,Inclyte Christe redemptor sancte delictum ejus caelitus dele,,,,,,SEMM,0
,,https://musicahispanica.eu/chant/87128,Egenis guberna dispersis congrega errantes emenda ,h04630e,*,,,E-SI (Santo Domingo de Silos) MS 7,,108v,,,,,,PRCSV,C,https://musicahispanica.eu/source/20181,,Egenis guberna dispersis congrega errantes emenda vagantes confirma sucurre defunctis,,,,,,SEMM,0
,,https://musicahispanica.eu/chant/87229,Intende pie pater creaturam tuam et ,h04639f,*,,,E-SI (Santo Domingo de Silos) MS 7,,114r,,,,,,PRCSV,C,https://musicahispanica.eu/source/20181,,Intende pie pater creaturam tuam et jam non despicias sed illesos conserva,,,,,,SEMM,0
,,https://musicahispanica.eu/chant/87160,Te oramus te precamur sancte pie ,h04633d,*,,,E-SI (Santo Domingo de Silos) MS 7,,110v,,,,,,PRCSV,C,https://musicahispanica.eu/source/20181,,Te oramus te precamur sancte pie deus ut nos respicias Christe miseros placatis,,,,,,SEMM,0
,,https://musicahispanica.eu/chant/87191,Rector rerum omnibus succurre et plebem ,h04636c,*,,,E-SI (Santo Domingo de Silos) MS 7,,112v,,,,,,PRCSV,C,https://musicahispanica.eu/source/20181,,Rector rerum omnibus succurre et plebem tuam a clade defende,,,,,,SEMM,0
,,https://musicahispanica.eu/chant/70889,Benigne deus aurem appone rugitum nostrum ,h00101b,,,,E-Mh (Madrid) Cod. 56,,027r,,,,Ordo in finem hominis diei,13004000,PRCSV,X,https://musicahispanica.eu/source/70790,,Benigne deus aurem appone rugitum nostrum pius intende,,,,,,SEMM,0
,,https://musicahispanica.eu/chant/50613,Benigne deus aurem appone rugitum nostrum ,h00101b,,,,E-SI (Santo Domingo de Silos) MS 4,,088v,,,,Ordo in finem hominis diei,13004000,PRCSV,,https://musicahispanica.eu/source/21404,,Benigne deus aurem appone rugitum nostrum pius intende,,,,,,SEMM,0
,,https://musicahispanica.eu/chant/65363,Concede ecclesiae tuae pacem et temporum ,h04653a,,,,E-L (León) Ms 8,,166r,,,,Fer. 6 in Parasceve,07066000,PRCSV,MH,https://musicahispanica.eu/source/20175,,Concede ecclesiae tuae pacem et temporum tranquilitate,,,,,,SEMM,0
,,https://musicahispanica.eu/chant/87708,Pauperibus egenis iterantibus naufragis lapsis viduis ,h04629d,,,,E-SCu (Santiago de Compostela) Ms 609,,215v,,,,,,PRCSV,MN,https://musicahispanica.eu/source/20207,,Pauperibus egenis iterantibus naufragis lapsis viduis pupillis jam sucurre rex caelestis,,,,,,SEMM,0
,,https://musicahispanica.eu/chant/87116,Pauperibus egenis iterantibus naufragis lapsis viduis ,h04629d,*,,,E-SI (Santo Domingo de Silos) MS 7,,107v,,,,,,PRCSV,C,https://musicahispanica.eu/source/20181,,Pauperibus egenis iterantibus naufragis lapsis viduis pupillis jam sucurre rex caelestis,,,,,,SEMM,0
,,https://musicahispanica.eu/chant/70901,Unigenite quem timemus judicem  tu dona ,h00102c,,,,E-Mh (Madrid) Cod. 56,,027v,,,,Ordo in finem hominis diei,13004000,PRCSV,X,https://musicahispanica.eu/source/70790,,Unigenite quem timemus judicem  tu dona eis veniam,,,,,,SEMM,0
,,https://musicahispanica.eu/chant/50625,Unigenite quem timemus judicem  tu dona ,h00102c,,,,E-SI (Santo Domingo de Silos) MS 4,,089r,,,,Ordo in finem hominis diei,13004000,PRCSV,,https://musicahispanica.eu/source/21404,,Unigenite quem timemus judicem  tu dona ei veniam,,,,,,SEMM,0
,,https://musicahispanica.eu/chant/87217,Unigenite quem timemus judicem ,h00102c,*,,,E-SI (Santo Domingo de Silos) MS 7,,113v,,,,,,PRCSV,C,https://musicahispanica.eu/source/20181,,Unigenite quem timemus judicem ,,,,,,SEMM,0
,,https://musicahispanica.eu/chant/87175,Audi deus viduas et orfanorum lacrimas,h04635b,*,,,E-SI (Santo Domingo de Silos) MS 7,,111v,,,,,,PRCSV,C,https://musicahispanica.eu/source/20181,,Audi deus viduas et orfanorum lacrimas,,,,,,SEMM,0
,,https://musicahispanica.eu/chant/87368,Fletus crescis gaudium defecit finis urguet ,h03324e,*,,,GB-Lbl (London) Add MS 30846,,140v,,,,Letanias Apostolicas,,PRCSV,S,https://musicahispanica.eu/source/20202,,Fletus crescis gaudium defecit finis urguet et vita defecit,,,,,,SEMM,0
,,https://musicahispanica.eu/chant/87139,Defunctis requiem dona paradisique concede in ,h04631i,*,,,E-SI (Santo Domingo de Silos) MS 7,,109r,,,,,,PRCSV,C,https://musicahispanica.eu/source/20181,,Defunctis requiem dona paradisique concede in aeterna emenitate,,,,,,SEMM,0
,,https://musicahispanica.eu/chant/87225,Ecce servus domine scelera fatentes a ,h04639b,*,,,E-SI (Santo Domingo de Silos) MS 7,,114r,,,,,,PRCSV,C,https://musicahispanica.eu/source/20181,,Ecce servus domine scelera fatentes a te creatorem verum veniam exspectantes,,,,,,SEMM,0
,,https://musicahispanica.eu/chant/87124,Tu pastor et ovis tu viam ,h04630a,*,,,E-SI (Santo Domingo de Silos) MS 7,,108r,,,,,,PRCSV,C,https://musicahispanica.eu/source/20181,,Tu pastor et ovis tu viam salutis tu victor perennis tu traditus pro nobis Christe parce nobis,,,,,,SEMM,0
,,https://musicahispanica.eu/chant/22357,Parce nostris jam delictis fabens vultu ,h00111d,,,,E-SI (Santo Domingo de Silos) MS 4,,090r,,,,Ordo in finem hominis diei,13004000,PRCSV,X,https://musicahispanica.eu/source/21404,,Parce nostris jam delictis fabens vultu pietatis Christe,,,,,,SEMM,0
,,https://musicahispanica.eu/chant/87153,Parce nostris jam delictis fabens vultu ,h00111d,*,,,E-SI (Santo Domingo de Silos) MS 7,,110r,,,,,,PRCSV,C,https://musicahispanica.eu/source/20181,,Parce nostris jam delictis fabens vultu pietatis,,,,,,SEMM,0
,,https://musicahispanica.eu/chant/70904,Nos peccavimus et a te recessimus ,h00102f,,,,E-Mh (Madrid) Cod. 56,,027v,,,,Ordo in finem hominis diei,13004000,PRCSV,X,https://musicahispanica.eu/source/70790,,Nos peccavimus et a te recessimus sed dona eis veniam,,,,,,SEMM,0
,,https://musicahispanica.eu/chant/50628,Nos peccavimus et a te recessimus ,h00102f,,,,E-SI (Santo Domingo de Silos) MS 4,,089v,,,,Ordo in finem hominis diei,13004000,PRCSV,,https://musicahispanica.eu/source/21404,,Nos peccavimus et a te recessimus sed dona ei veniam,,,,,,SEMM,0
,,https://musicahispanica.eu/chant/87220,Nos peccavimus et a te recessimus,h00102f,*,,,E-SI (Santo Domingo de Silos) MS 7,,113v,,,,,,PRCSV,C,https://musicahispanica.eu/source/20181,,Nos peccavimus et a te recessimus,,,,,,SEMM,0
,,https://musicahispanica.eu/chant/87705,Lapsi sumus graviter in peccatis magnis ,h04629a,,,,E-SCu (Santiago de Compostela) Ms 609,,215v,,,,,,PRCSV,MN,https://musicahispanica.eu/source/20207,,Lapsi sumus graviter in peccatis magnis veniam precamur Christe parce nostris delictis,,,,,,SEMM,0
,,https://musicahispanica.eu/chant/87114,Lapsi sumus graviter in peccatis magnis ,h04629a,*,,,E-SI (Santo Domingo de Silos) MS 7,,107r,,,,,,PRCSV,C,https://musicahispanica.eu/source/20181,,Lapsi sumus graviter in peccatis magnis veniam precamur Christe parce nostris delictis ,,,,,,SEMM,0
,,https://musicahispanica.eu/chant/87180,Omnes defunctos domine concede illis requiem,h04635g,*,,,E-SI (Santo Domingo de Silos) MS 7,,111v,,,,,,PRCSV,C,https://musicahispanica.eu/source/20181,,Omnes defunctos domine concede illis requiem,,,,,,SEMM,0
,,https://musicahispanica.eu/chant/87194,Caeli iram repelle a nobis et ,h04636f,*,,,E-SI (Santo Domingo de Silos) MS 7,,112v,,,,,,PRCSV,C,https://musicahispanica.eu/source/20181,,Caeli iram repelle a nobis et gratiam impertire cunctis,,,,,,SEMM,0
,,https://musicahispanica.eu/chant/70893,Fixis genibus te deprecavit aliquotiens dum ,h00101g,,,,E-Mh (Madrid) Cod. 56,,027r,,,,Ordo in finem hominis diei,13004000,PRCSV,X,https://musicahispanica.eu/source/70790,,Fixis genibus te deprecavit aliquotiens dum tribulabit,,,,,,SEMM,0
,,https://musicahispanica.eu/chant/50617,Fixis genibus te deprecabit aliquotiens dum ,h00101g,,,,E-SI (Santo Domingo de Silos) MS 4,,088v,,,,Ordo in finem hominis diei,13004000,PRCSV,,https://musicahispanica.eu/source/21404,,Fixis genibus te deprecabit aliquotiens dum tribulabit,,,,,,SEMM,0
,,https://musicahispanica.eu/chant/87127,Viduis tuere orfanis protege captivis defende ,h04630d,*,,,E-SI (Santo Domingo de Silos) MS 7,,108r,,,,,,PRCSV,C,https://musicahispanica.eu/source/20181,,Viduis tuere orfanis protege captivis defende tribulatis consola sucurre defunctis,,,,,,SEMM,0
,,https://musicahispanica.eu/chant/22353,Mundi rector et redemptor Jesu Christe ,h00111a,,,,E-SI (Santo Domingo de Silos) MS 4,,090r,,,,Ordo in finem hominis diei,13004000,PRCSV,X,https://musicahispanica.eu/source/21404,,Mundi rector et redemptor Jesu Christe rerum auctor Christe,,,,,,SEMM,0
,,https://musicahispanica.eu/chant/87149,Mundi rector et redemptor Jesu Christe ,h00111a,*,,,E-SI (Santo Domingo de Silos) MS 7,,109v,,,,,,PRCSV,C,https://musicahispanica.eu/source/20181,,Mundi rector et redemptor Jesu Christe rerum auctor,,,,,,SEMM,0
,,https://musicahispanica.eu/chant/87230,Omitte sceleribus conferens coronam aufer honus ,h04639g,*,,,E-SI (Santo Domingo de Silos) MS 7,,114r,,,,,,PRCSV,C,https://musicahispanica.eu/source/20181,,Omitte sceleribus conferens coronam aufer honus peccati et dabit tam aeternam,,,,,,SEMM,0
,,https://musicahispanica.eu/chant/87161,Ad gravati jugis tuis peccata plorantes ,h04633e,*,,,E-SI (Santo Domingo de Silos) MS 7,,110v,,,,,,PRCSV,C,https://musicahispanica.eu/source/20181,,Ad gravati jugis tuis peccata plorantes non sinas quos adquisisti ab anguibus lederi,,,,,,SEMM,0
,,https://musicahispanica.eu/chant/87190,Pro peccatis hac delictis nostris acclines ,h04636b,*,,,E-SI (Santo Domingo de Silos) MS 7,,112v,,,,,,PRCSV,C,https://musicahispanica.eu/source/20181,,Pro peccatis hac delictis nostris acclines te exoramus Christe miserere nobis,,,,,,SEMM,0
,,https://musicahispanica.eu/chant/70890,Caelitus alme rex omnis terrae januam ,h00101c,,,,E-Mh (Madrid) Cod. 56,,027r,,,,Ordo in finem hominis diei,13004000,PRCSV,X,https://musicahispanica.eu/source/70790,,Caelitus alme rex omnis terrae januam vitae tu illi pande,,,,,,SEMM,0
,,https://musicahispanica.eu/chant/50614,Caelitus alme rex omnis terrae januam ,h00101c,,,,E-SI (Santo Domingo de Silos) MS 4,,088v,,,,Ordo in finem hominis diei,13004000,PRCSV,X,https://musicahispanica.eu/source/21404,,Caelitus alme rex omnis terrae januam vitae tu illi pande,,,,,,SEMM,0
,,https://musicahispanica.eu/chant/70900,Sacerdotibus auditum accomoda et dona ei ,h00102b,,,,E-Mh (Madrid) Cod. 56,,027v,,,,Ordo in finem hominis diei,13004000,PRCSV,X,https://musicahispanica.eu/source/70790,,Sacerdotibus auditum accomoda et dona ei veniam,,,,,,SEMM,0
,,https://musicahispanica.eu/chant/50624,Sacerdotibus auditum accomoda et dona ei ,h00102b,,,,E-SI (Santo Domingo de Silos) MS 4,,089r,,,,Ordo in finem hominis diei,13004000,PRCSV,,https://musicahispanica.eu/source/21404,,Sacerdotibus auditum accomoda et dona ei veniam,,,,,,SEMM,0
,,https://musicahispanica.eu/chant/87216,Sacerdotibus auditum accomoda,h00102b,*,,,E-SI (Santo Domingo de Silos) MS 7,,113v,,,,,,PRCSV,C,https://musicahispanica.eu/source/20181,,Sacerdotibus auditum accomoda,,,,,,SEMM,0
,,https://musicahispanica.eu/chant/87709,Peregrinis oppressis dispersis et captivis vinctis ,h04629e,,,,E-SCu (Santiago de Compostela) Ms 609,,215v,,,,,,PRCSV,MN,https://musicahispanica.eu/source/20207,,Peregrinis oppressis dispersis et captivis vinctis aegris et defunctis jam sucurre rex caelestis,,,,,,SEMM,0
,,https://musicahispanica.eu/chant/87117,Peregrinis oppressis dispersis et captivis victis ,h04629e,*,,,E-SI (Santo Domingo de Silos) MS 7,,107v,,,,,,PRCSV,C,https://musicahispanica.eu/source/20181,,Peregrinis oppressis dispersis et captivis victis aegris et defunctis jam sucurre rex caelestis,,,,,,SEMM,0
,,https://musicahispanica.eu/chant/87138,Peregrinis seu genis viduis atque pupillis ,h04631h,*,,,E-SI (Santo Domingo de Silos) MS 7,,109r,,,,,,PRCSV,C,https://musicahispanica.eu/source/20181,,Peregrinis seu genis viduis atque pupillis protector pius esto illis,,,,,,SEMM,0
,,https://musicahispanica.eu/chant/87176,Mala patentes domine praecamur ut exaudias,h04635c,*,,,E-SI (Santo Domingo de Silos) MS 7,,111v,,,,,,PRCSV,C,https://musicahispanica.eu/source/20181,,Mala patentes domine praecamur ut exaudias,,,,,,SEMM,0
,,https://musicahispanica.eu/chant/87367,Ecce adest nobis signum tempus superat ,h03324d,*,,,GB-Lbl (London) Add MS 30846,,140v,,,,Letanias Apostolicas,,PRCSV,S,https://musicahispanica.eu/source/20202,,Ecce adest nobis signum tempus superat nos crudelis infernus,,,,,,SEMM,0
,,https://musicahispanica.eu/chant/87226,Regis omnibus dele poenitentem fave eruentes ,h04639c,*,,,E-SI (Santo Domingo de Silos) MS 7,,114r,,,,,,PRCSV,C,https://musicahispanica.eu/source/20181,,Regis omnibus dele poenitentem fave eruentes erige per magestatem tuam,,,,,,SEMM,0
,,https://musicahispanica.eu/chant/87157,Ex Maria natus homo in natura ,h04633a,*,,,E-SI (Santo Domingo de Silos) MS 7,,110r,,,,,,PRCSV,C,https://musicahispanica.eu/source/20181,,Ex Maria natus homo in natura deus emitte iniquitates quas tibi peccamus,,,,,,SEMM,0
,,https://musicahispanica.eu/chant/22358,Sacerdotum audi preces aures tuas implorantes ,h00111e,,,,E-SI (Santo Domingo de Silos) MS 4,,090r,,,,Ordo in finem hominis diei,13004000,PRCSV,X,https://musicahispanica.eu/source/21404,,Sacerdotum audi preces aures tuas implorantes Christe,,,,,,SEMM,0
,,https://musicahispanica.eu/chant/87152,Sacerdotum audi preces aures tuas implorantes,h00111e,*,,,E-SI (Santo Domingo de Silos) MS 7,,110r,,,,,,PRCSV,C,https://musicahispanica.eu/source/20181,,Sacerdotum audi preces aures tuas implorantes,,,,,,SEMM,0
,,https://musicahispanica.eu/chant/87172,Non nos judices in ira tempore ,h04634g,*,,,E-SI (Santo Domingo de Silos) MS 7,,111v,,,,,,PRCSV,C,https://musicahispanica.eu/source/20181,,Non nos judices in ira tempore futuro presseris cum orbem set sanctorum turmis junge quibus redemisti sanguinis cruore,,,,,,SEMM,0
,,https://musicahispanica.eu/chant/65371,Dona veniam peccatorum et dele culpas ,h04652d,,,,E-L (León) Ms 8,,166r,,,,Fer. 6 in Parasceve,07066000,PRCSV,MH,https://musicahispanica.eu/source/20175,,Dona veniam peccatorum et dele culpas scelerum,,,,,,SEMM,0
,,https://musicahispanica.eu/chant/87203,Tu sana infirmis revoca captivis sucurre ,h04637f,*,,,E-SI (Santo Domingo de Silos) MS 7,,113r,,,,,,PRCSV,C,https://musicahispanica.eu/source/20181,,Tu sana infirmis revoca captivis sucurre defunctis piae rex caelestis,,,,,,SEMM,0
,,https://musicahispanica.eu/chant/103170,Te deprecantes te gementes poscimus te ,h03408c,,,,E-Tc (Toledo) 35.5,3,022v,,,,Dom. 2 Quadragesimae,07021000,PRCSV,MASS,https://musicahispanica.eu/source/20186,,Te deprecantes te gementes poscimus te Jesu Christe prosternati petimus tua potestas jam sublevet miseros quia,,,,,,SEMM,0
,,https://musicahispanica.eu/chant/87713,Si peccavimus in te tui sumus ,h04629i,,,,E-SCu (Santiago de Compostela) Ms 609,,215v,,,,,,PRCSV,MN,https://musicahispanica.eu/source/20207,,Si peccavimus in te tui sumus Christe exspectantes domine misericordiam tuam,,,,,,SEMM,0
,,https://musicahispanica.eu/chant/87121,Si peccavimus in te tui sumus ,h04629i,*,,,E-SI (Santo Domingo de Silos) MS 7,,108r,,,,,,PRCSV,C,https://musicahispanica.eu/source/20181,,Si peccavimus in te tui sumus Christe expectamus domine misericordiam tuam,,,,,,SEMM,0
,,https://musicahispanica.eu/chant/87134,Tu pro nobis formam servi assumere ,h04631d,*,,,E-SI (Santo Domingo de Silos) MS 7,,108v,,,,,,PRCSV,C,https://musicahispanica.eu/source/20181,,Tu pro nobis formam servi assumere voluisti jam memento servis tuis,,,,,,SEMM,0
,,https://musicahispanica.eu/chant/50645,Precem beati Petri apostoli tui dedisti ,h00175c,,,,E-SI (Santo Domingo de Silos) MS 4,,090v,,,,Ordo in finem hominis diei,13004000,PRCSV,X,https://musicahispanica.eu/source/21404,,Precem beati Petri apostoli tui dedisti claves caelestis regni atque paradisi,,,,,,SEMM,0
,,https://musicahispanica.eu/chant/87145,Domine audi navigantes da prosperum iterantes,h04632e,*,,,E-SI (Santo Domingo de Silos) MS 7,,109v,,,,,,PRCSV,C,https://musicahispanica.eu/source/20181,,Domine audi navigantes da prosperum iterantes,,,,,,SEMM,0
,,https://musicahispanica.eu/chant/87211,Pro orfanis te rogamus domine,h04638g,*,,,E-SI (Santo Domingo de Silos) MS 7,,113v,,,,,,PRCSV,C,https://musicahispanica.eu/source/20181,,Pro orfanis te rogamus domine,,,,,,SEMM,0
,,https://musicahispanica.eu/chant/87199,Christe redemptor sanctae pius animarum tu ,h04637b,*,,,E-SI (Santo Domingo de Silos) MS 7,,113r,,,,,,PRCSV,C,https://musicahispanica.eu/source/20181,,Christe redemptor sanctae pius animarum tu exaudi preces ut non pereamus,,,,,,SEMM,0
,,https://musicahispanica.eu/chant/65458,Pro pacem eacclesiarum et quietem populi,h04670a,,,,E-L (León) Ms 8,,174v,,,,Sabbato Sancto,07067000,PRCSV,N,https://musicahispanica.eu/source/20175,,Pro pacem eacclesiarum et quietem populi,,,,,,SEMM,0
,,https://musicahispanica.eu/chant/87168,Scelsus aufer tolle et pestem remove ,h04634c,*,,,E-SI (Santo Domingo de Silos) MS 7,,111r,,,,,,PRCSV,C,https://musicahispanica.eu/source/20181,,Scelsus aufer tolle et pestem remove gratiam concede pelle iram pelle morbos et adesto mittis nobis exoratus,,,,,,SEMM,0
,,https://musicahispanica.eu/chant/87142,Domine audi nos clamantes et peccata ,h04632a,*,,,E-SI (Santo Domingo de Silos) MS 7,,109r,,,,,,PRCSV,C,https://musicahispanica.eu/source/20181,,Domine audi nos clamantes et peccata deplorantes ,,,,,,SEMM,0
,,https://musicahispanica.eu/chant/87207,Peccatores tu exaudi domine,h04638c,*,,,E-SI (Santo Domingo de Silos) MS 7,,113v,,,,,,PRCSV,C,https://musicahispanica.eu/source/20181,,Peccatores tu exaudi domine,,,,,,SEMM,0
,,https://musicahispanica.eu/chant/87365,Circumdat nos jam undique plaga et ,h03324b,*,,,GB-Lbl (London) Add MS 30846,,140v,,,,Letanias Apostolicas,,PRCSV,S,https://musicahispanica.eu/source/20202,,Circumdat nos jam undique plaga et timemus cuncta nostra mala,,,,,,SEMM,0
,,https://musicahispanica.eu/chant/87178,Omnes captivos domine tu redde illis ,h04635e,*,,,E-SI (Santo Domingo de Silos) MS 7,,111v,,,,,,PRCSV,C,https://musicahispanica.eu/source/20181,,Omnes captivos domine tu redde illis patriam,,,,,,SEMM,0
,,https://musicahispanica.eu/chant/87707,Penitentibus regis conversis religiosis cor contritis ,h04629c,,,,E-SCu (Santiago de Compostela) Ms 609,,215v,,,,,,PRCSV,MN,https://musicahispanica.eu/source/20207,,Penitentibus regis conversis religiosis cor contritis aeteleris jam sucurre rex caelestis,,,,,,SEMM,0
,,https://musicahispanica.eu/chant/87115,Penitentibus regis conversis religiosis cor contritum ,h04629c,*,,,E-SI (Santo Domingo de Silos) MS 7,,107r,,,,,,PRCSV,C,https://musicahispanica.eu/source/20181,,Penitentibus regis conversis religiosis cor contritum aeteleris jam sucurre rex caelestis,,,,,,SEMM,0
,,https://musicahispanica.eu/chant/70902,Quem angelicae potestates metuunt tu dona ,h00102d,,,,E-Mh (Madrid) Cod. 56,,027v,,,,Ordo in finem hominis diei,13004000,PRCSV,X,https://musicahispanica.eu/source/70790,,Quem angelicae potestates metuunt tu dona eis veniam,,,,,,SEMM,0
,,https://musicahispanica.eu/chant/50626,Quem angelice potestates metuunt tu dona ,h00102d,,,,E-SI (Santo Domingo de Silos) MS 4,,089r,,,,Ordo in finem hominis diei,13004000,PRCSV,,https://musicahispanica.eu/source/21404,,Quem angelice potestates metuunt tu dona ei veniam,,,,,,SEMM,0
,,https://musicahispanica.eu/chant/87218,Quem angelice potestates metuunt,h00102d,*,,,E-SI (Santo Domingo de Silos) MS 7,,113v,,,,,,PRCSV,C,https://musicahispanica.eu/source/20181,,Quem angelice potestates metuunt,,,,,,SEMM,0
,,https://musicahispanica.eu/chant/70892,Exaudi Christe rugitum nostrum pro hoc ,h00101e,,,,E-Mh (Madrid) Cod. 56,,027r,,,,Ordo in finem hominis diei,13004000,PRCSV,X,https://musicahispanica.eu/source/70790,,Exaudi Christe rugitum nostrum pro hoc defuncto famulo tuo,,,,,,SEMM,0
,,https://musicahispanica.eu/chant/50616,Exaudi Christe rugitum nostrum pro hoc ,h00101e,,,,E-SI (Santo Domingo de Silos) MS 4,,088v,,,,Ordo in finem hominis diei,13004000,PRCSV,,https://musicahispanica.eu/source/21404,,Exaudi Christe rugitum nostrum pro hoc defuncto famulo tuo,,,,,,SEMM,0
,,https://musicahispanica.eu/chant/87192,Virtus magna potentia salus libera nos ,h04636d,*,,,E-SI (Santo Domingo de Silos) MS 7,,112v,,,,,,PRCSV,C,https://musicahispanica.eu/source/20181,,Virtus magna potentia salus libera nos a gentiles malos,,,,,,SEMM,0
,,https://musicahispanica.eu/chant/22355,Qui expectas penitentes et peccata deplorantes ,h00111c,,,,E-SI (Santo Domingo de Silos) MS 4,,090r,,,,Ordo in finem hominis diei,13004000,PRCSV,X,https://musicahispanica.eu/source/21404,,Qui expectas penitentes et peccata deplorantes Christe,,,,,,SEMM,0
,,https://musicahispanica.eu/chant/87151,Qui exspectas penitentes et peccata deplorantes,h00111c,*,,,E-SI (Santo Domingo de Silos) MS 7,,110r,,,,,,PRCSV,C,https://musicahispanica.eu/source/20181,,Qui exspectas penitentes et peccata deplorantes,,,,,,SEMM,0
,,https://musicahispanica.eu/chant/87129,Tu sana infirmis revoca captivis collige ,h04630f,*,,,E-SI (Santo Domingo de Silos) MS 7,,108v,,,,,,PRCSV,C,https://musicahispanica.eu/source/20181,,Tu sana infirmis revoca captivis collige dispersis subveni oppressis sucurre defunctis,,,,,,SEMM,0
,,https://musicahispanica.eu/chant/87163,Ecclesiae catholicae totius conventum ad te ,h04633g,*,,,E-SI (Santo Domingo de Silos) MS 7,,110v,,,,,,PRCSV,C,https://musicahispanica.eu/source/20181,,Ecclesiae catholicae totius conventum ad te pro clamantes locum quietis imperti,,,,,,SEMM,0
,,https://musicahispanica.eu/chant/87228,Tu infirmis restaura captibus defende et ,h04639e,*,,,E-SI (Santo Domingo de Silos) MS 7,,114r,,,,,,PRCSV,C,https://musicahispanica.eu/source/20181,,Tu infirmis restaura captibus defende et sepultis omnibus requiem aeternam dona,,,,,,SEMM,0
,,https://musicahispanica.eu/chant/87213,Pro errantes te rogamus domine,h04638i,*,,,E-SI (Santo Domingo de Silos) MS 7,,113v,,,,,,PRCSV,C,https://musicahispanica.eu/source/20181,,Pro errantes te rogamus domine,,,,,,SEMM,0
,,https://musicahispanica.eu/chant/70888,Ad te clamantes exaudi Christe o ,h00101a,,,,E-Mh (Madrid) Cod. 56,,027r,,,,Ordo in finem hominis diei,13004000,PRCSV,X,https://musicahispanica.eu/source/70790,,Ad te clamantes exaudi Christe o Jesu bone tu illi parce,,,,,,SEMM,0
,,https://musicahispanica.eu/chant/50612,Ad te clamantes exaudi Christe o ,h00101a,,,,E-SI (Santo Domingo de Silos) MS 4,,088v,,,,Ordo in finem hominis diei,13004000,PRCSV,X,https://musicahispanica.eu/source/21404,,Ad te clamantes exaudi Christe o Jesu bone tu illi parce,,,,,,SEMM,0
,,https://musicahispanica.eu/chant/65364,Hujus urbis subsidium praebe et nobis ,h04653b,,,,E-L (León) Ms 8,,166r,,,,Fer. 6 in Parasceve,07066000,PRCSV,MH,https://musicahispanica.eu/source/20175,,Hujus urbis subsidium praebe et nobis propitiare,,,,,,SEMM,0
,,https://musicahispanica.eu/chant/87174,Ad te clamamus domine praecamur ut ,h04635a,*,,,E-SI (Santo Domingo de Silos) MS 7,,111v,,,,,,PRCSV,C,https://musicahispanica.eu/source/20181,,Ad te clamamus domine praecamur ut exaudias,,,,,,SEMM,0
,,https://musicahispanica.eu/chant/87711,Nemo de genitus est qui non ,h04629g,,,,E-SCu (Santiago de Compostela) Ms 609,,215v,,,,,,PRCSV,MN,https://musicahispanica.eu/source/20207,,Nemo de genitus est qui non impie gessit nec de confitentibus qui tibi non deliquid,,,,,,SEMM,0
,,https://musicahispanica.eu/chant/87119,Nemo de genitus est qui non ,h04629g,*,,,E-SI (Santo Domingo de Silos) MS 7,,107v,,,,,,PRCSV,C,https://musicahispanica.eu/source/20181,,Nemo de genitus est qui non impie gessit nec de confitentibus qui tibi non deliquid,,,,,,SEMM,0
,,https://musicahispanica.eu/chant/87159,Grex tuus tibi fatetur mala quae ,h04633c,*,,,E-SI (Santo Domingo de Silos) MS 7,,110v,,,,,,PRCSV,C,https://musicahispanica.eu/source/20181,,Grex tuus tibi fatetur mala quae commisit tu pastor sancte tuere ab hoste vos ante,,,,,,SEMM,0
,,https://musicahispanica.eu/chant/87224,Satis valde afflicti meroribus contriti cognoscentes ,h04639a,*,,,E-SI (Santo Domingo de Silos) MS 7,,114r,,,,,,PRCSV,C,https://musicahispanica.eu/source/20181,,Satis valde afflicti meroribus contriti cognoscentes delictis te exoramus mittis,,,,,,SEMM,0
,,https://musicahispanica.eu/chant/87155,Peccavimus tibi deus indulgentiam postulamus,h00111g,*,,,E-SI (Santo Domingo de Silos) MS 7,,110r,,,,,,PRCSV,C,https://musicahispanica.eu/source/20181,,Peccavimus tibi deus indulgentiam postulamus,,,,,,SEMM,0
,,https://musicahispanica.eu/chant/87125,Tu caecis virum tu surdis auditum ,h04630b,*,,,E-SI (Santo Domingo de Silos) MS 7,,108r,,,,,,PRCSV,C,https://musicahispanica.eu/source/20181,,Tu caecis virum tu surdis auditum tuum utis eloquium atque claudis gressum Christe dei filius,,,,,,SEMM,0
,,https://musicahispanica.eu/chant/87170,Esto nobis deus pie jugiter defensor ,h04634e,*,,,E-SI (Santo Domingo de Silos) MS 7,,111r,,,,,,PRCSV,C,https://musicahispanica.eu/source/20181,,Esto nobis deus pie jugiter defensor simul et protector summae arma et exsurgere et ferovem nobis et adesto clemens,,,,,,SEMM,0
,,https://musicahispanica.eu/chant/87201,Pectora pandamus lacrimas fundamus nobis ut ,h04637d,*,,,E-SI (Santo Domingo de Silos) MS 7,,113r,,,,,,PRCSV,C,https://musicahispanica.eu/source/20181,,Pectora pandamus lacrimas fundamus nobis ut succurrat deum exoremus,,,,,,SEMM,0
,,https://musicahispanica.eu/chant/103168,Prostrati omnes lacrimas producimus pandentes tibi ,h03408a,,,,E-Tc (Toledo) 35.5,1,022v,,,,Dom. 2 Quadragesimae,07021000,PRCSV,MASS,https://musicahispanica.eu/source/20186,,Prostrati omnes lacrimas producimus pandentes tibi occultaque amisimus a te deus veniam deposcimus quia,,,,,,SEMM,0
,,https://musicahispanica.eu/chant/87136,Qui latronem confitentem paradiso collocasti et ,h04631f,*,,,E-SI (Santo Domingo de Silos) MS 7,,109r,,,,,,PRCSV,C,https://musicahispanica.eu/source/20181,,Qui latronem confitentem paradiso collocasti et alium condemnasti,,,,,,SEMM,0
,,https://musicahispanica.eu/chant/70907,Angeli sancti obient eum redemptor in ,h00175a,,,,E-Mh (Madrid) Cod. 56,,028r,,,,Ordo in finem hominis diei,13004000,PRCSV,X,https://musicahispanica.eu/source/70790,,Angeli sancti obient eum redemptor in pace quibus in sede locetur beate vitae,,,,,,SEMM,0
,,https://musicahispanica.eu/chant/50643,Angeli sancti obient eum redemptor in ,h00175a,,,,E-SI (Santo Domingo de Silos) MS 4,,090v,,,,Ordo in finem hominis diei,13004000,PRCSV,,https://musicahispanica.eu/source/21404,,Angeli sancti obient eum redemptor in pace quibus in sede locetur beate vitae,,,,,,SEMM,0
,,https://musicahispanica.eu/chant/87209,Pro infirmis te rogamus domine,h04638e,*,,,E-SI (Santo Domingo de Silos) MS 7,,113v,,,,,,PRCSV,C,https://musicahispanica.eu/source/20181,,Pro infirmis te rogamus domine,,,,,,SEMM,0
,,https://musicahispanica.eu/chant/87147,Domine tu sana infirmis et da ,h04632g,*,,,E-SI (Santo Domingo de Silos) MS 7,,109v,,,,,,PRCSV,C,https://musicahispanica.eu/source/20181,,Domine tu sana infirmis et da requiem defunctis,,,,,,SEMM,0
,,https://musicahispanica.eu/chant/65460,Pro prosperitate principum et tranquilitate temporum,h04670c,,,,E-L (León) Ms 8,,174v,,,,Sabbato Sancto,07067000,PRCSV,N,https://musicahispanica.eu/source/20175,,Pro prosperitate principum et tranquilitate temporum,,,,,,SEMM,0
,,https://musicahispanica.eu/chant/103172,Inclina aurem deus clementissime jam abluenter ,h03408e,,,,E-Tc (Toledo) 35.5,5,022v,,,,Dom. 2 Quadragesimae,07021000,PRCSV,MASS,https://musicahispanica.eu/source/20186,,Inclina aurem deus clementissime jam abluenter delictorum macule et a periculis tu benignus exime quia,,,,,,SEMM,0
,,https://musicahispanica.eu/chant/65369,Eripe cunctos oppressos et conpeditos solve,h04652b,,,,E-L (León) Ms 8,,166r,,,,Fer. 6 in Parasceve,07066000,PRCSV,MH,https://musicahispanica.eu/source/20175,,Eripe cunctos oppressos et conpeditos solve,,,,,,SEMM,0
,,https://musicahispanica.eu/chant/87166,Audi Christe et intende de preces ,h04634a,*,,,E-SI (Santo Domingo de Silos) MS 7,,111r,,,,,,PRCSV,C,https://musicahispanica.eu/source/20181,,Audi Christe et intende de preces supplicantum et tuere iram facinus remitte cunctis et quietem dona populo precanti,,,,,,SEMM,0
,,https://musicahispanica.eu/chant/70896,Lugentes deus caelitus audi et illi ,h00101i,,,,E-Mh (Madrid) Cod. 56,,027v,,,,Ordo in finem hominis diei,13004000,PRCSV,X,https://musicahispanica.eu/source/70790,,Lugentes deus caelitus audi et illi dele quicquid peccavit,,,,,,SEMM,0
,,https://musicahispanica.eu/chant/50620,Lugentes deus caelitus audi et illi ,h00101i,,,,E-SI (Santo Domingo de Silos) MS 4,,089r,,,,Ordo in finem hominis diei,13004000,PRCSV,X,https://musicahispanica.eu/source/21404,,Lugentes deus caelitus audi et illi dele quidquid peccavit,,,,,,SEMM,0
,,https://musicahispanica.eu/chant/87205,Nos peccamus te rogamus domine,h04638a,*,,,E-SI (Santo Domingo de Silos) MS 7,,113r,,,,,,PRCSV,C,https://musicahispanica.eu/source/20181,,Nos peccamus te rogamus domine,,,,,,SEMM,0
,,https://musicahispanica.eu/chant/87143,Domine vide lacrimantes consolare penitentes,h04632c,*,,,E-SI (Santo Domingo de Silos) MS 7,,109v,,,,,,PRCSV,C,https://musicahispanica.eu/source/20181,,Domine vide lacrimantes consolare penitentes,,,,,,SEMM,0
,,https://musicahispanica.eu/chant/87196,Christe deus tu sana infirmis et ,h04636h,*,,,E-SI (Santo Domingo de Silos) MS 7,,112v,,,,,,PRCSV,C,https://musicahispanica.eu/source/20181,,Christe deus tu sana infirmis et requiem tribue defunctis,,,,,,SEMM,0
,,https://musicahispanica.eu/chant/87132,Audi Christe et intende et gementes ,h04631b,*,,,E-SI (Santo Domingo de Silos) MS 7,,108v,,,,,,PRCSV,C,https://musicahispanica.eu/source/20181,,Audi Christe et intende et gementes consolare pater pie rex aeterne,,,,,,SEMM,0
,,https://musicahispanica.eu/chant/70910,Qui morte tua claustra inferni resolvis ,h00175e,,,,E-Mh (Madrid) Cod. 56,,028r,,,,Ordo in finem hominis diei,13004000,PRCSV,X,https://musicahispanica.eu/source/70790,,Qui morte tua claustra inferni resolvis potenter et caeli viam pandis electis ad vitam,,,,,,SEMM,0
,,https://musicahispanica.eu/chant/50647,Qui morte tua claustra inferni resolvis ,h00175e,,,,E-SI (Santo Domingo de Silos) MS 4,,090v,,,,Ordo in finem hominis diei,13004000,PRCSV,,https://musicahispanica.eu/source/21404,,Qui morte tua claustra inferni resolvis potenter et caeli viam pandis electis ad vitam,,,,,,SEMM,0
,,https://musicahispanica.eu/chant/50630,Penitentibus miserere domine et dona ei ,h00102h,,,,E-SI (Santo Domingo de Silos) MS 4,,089v,,,,Ordo in finem hominis diei,13004000,PRCSV,,https://musicahispanica.eu/source/21404,,Penitentibus miserere domine et dona ei veniam,,,,,,SEMM,0
,,https://musicahispanica.eu/chant/87169,Praebe pacem da quietem et tranquillitatem ,h04634d,*,,,E-SI (Santo Domingo de Silos) MS 7,,111r,,,,,,PRCSV,C,https://musicahispanica.eu/source/20181,,Praebe pacem da quietem et tranquillitatem temporum praesentem mitte angelum salutis et fave precantum de excelsis tuis,,,,,,SEMM,0
,,https://musicahispanica.eu/chant/87202,Miseratus dele delicta fideles et ignosce ,h04637e,*,,,E-SI (Santo Domingo de Silos) MS 7,,113r,,,,,,PRCSV,C,https://musicahispanica.eu/source/20181,,Miseratus dele delicta fideles et ignosce culpam omnem plebem tuam,,,,,,SEMM,0
,,https://musicahispanica.eu/chant/87137,Crucis tuae nos protege quos peream ,h04631g,*,,,E-SI (Santo Domingo de Silos) MS 7,,109r,,,,,,PRCSV,C,https://musicahispanica.eu/source/20181,,Crucis tuae nos protege quos peream redemisti dextera tua nos custodi,,,,,,SEMM,0
,,https://musicahispanica.eu/chant/87208,Pro captivis te rogamus domine,h04638d,*,,,E-SI (Santo Domingo de Silos) MS 7,,113v,,,,,,PRCSV,C,https://musicahispanica.eu/source/20181,,Pro captivis te rogamus domine,,,,,,SEMM,0
,,https://musicahispanica.eu/chant/87146,Domine redde peregrinis et redime jam ,h04632f,*,,,E-SI (Santo Domingo de Silos) MS 7,,109v,,,,,,PRCSV,C,https://musicahispanica.eu/source/20181,,Domine redde peregrinis et redime jam captivis,,,,,,SEMM,0
,,https://musicahispanica.eu/chant/87198,Audi nos clamantes Christe Jesu bonae ,h04637a,*,,,E-SI (Santo Domingo de Silos) MS 7,,113r,,,,,,PRCSV,C,https://musicahispanica.eu/source/20181,,Audi nos clamantes Christe Jesu bonae attende misertus nostra exoratus,,,,,,SEMM,0
,,https://musicahispanica.eu/chant/103171,Pacem rogamus pacem nobis tribue amove ,h03408d,,,,E-Tc (Toledo) 35.5,4,022v,,,,Dom. 2 Quadragesimae,07021000,PRCSV,MASS,https://musicahispanica.eu/source/20186,,Pacem rogamus pacem nobis tribue amove bella et nos omnes erue humili prece postulamus domine,,,,,,SEMM,0
,,https://musicahispanica.eu/chant/65459,Pro sacerdotibus et ministris,h04670b,,,,E-L (León) Ms 8,,174v,,,,Sabbato Sancto,07067000,PRCSV,N,https://musicahispanica.eu/source/20175,,Pro sacerdotibus et ministris,,,,,,SEMM,0
,,https://musicahispanica.eu/chant/103470,Deprecemur dominum ut remissionem peccatorum et ,h04666f,,,,E-Tc (Toledo) 35.5,,140r,,,,Fer. 6 in Parasceve,07066000,PRCS,MH,https://musicahispanica.eu/source/20186,,Deprecemur dominum ut remissionem peccatorum et pacem nobis donare dignetur,,,,,,SEMM,0
,,https://musicahispanica.eu/chant/65370,Peregrinantibus prosperare patriae redde captivos,h04652c,,,,E-L (León) Ms 8,,166r,,,,Fer. 6 in Parasceve,07066000,PRCSV,MH,https://musicahispanica.eu/source/20175,,Peregrinantibus prosperare patriae redde captivos,,,,,,SEMM,0
,,https://musicahispanica.eu/chant/70894,Genitor alme rex omnis terrae januam ,h00101h,,,,E-Mh (Madrid) Cod. 56,,027r,,,,Ordo in finem hominis diei,13004000,PRCSV,X,https://musicahispanica.eu/source/70790,,Genitor alme rex omnis terrae januam vitae tu illi pande,,,,,,SEMM,0
,,https://musicahispanica.eu/chant/50618,Genitor alme rex omnis terrae januam ,h00101h,,,,E-SI (Santo Domingo de Silos) MS 4,,089r,,,,Ordo in finem hominis diei,13004000,PRCSV,,https://musicahispanica.eu/source/21404,,Genitor alme rex omnis terrae januam vitae tu illi pande,,,,,,SEMM,0
,,https://musicahispanica.eu/chant/87141,Domine audi nos indignos tu misericors ,h04632b,*,,,E-SI (Santo Domingo de Silos) MS 7,,109r,,,,,,PRCSV,C,https://musicahispanica.eu/source/20181,,Domine audi nos indignos tu misericors et pius,,,,,,SEMM,0
,,https://musicahispanica.eu/chant/87133,Factor noster et redemptor plebi tueris ,h04631c,*,,,E-SI (Santo Domingo de Silos) MS 7,,108v,,,,,,PRCSV,C,https://musicahispanica.eu/source/20181,,Factor noster et redemptor plebi tueris protector peccatorumque induitor,,,,,,SEMM,0
,,https://musicahispanica.eu/chant/70909,Tu pietate solita defunctum solve a ,h00175d,,,,E-Mh (Madrid) Cod. 56,,028r,,,,Ordo in finem hominis diei,13004000,PRCSV,X,https://musicahispanica.eu/source/70790,,Tu pietate solita defunctum solve a pena et mansionem eternae vitae concede,,,,,,SEMM,0
,,https://musicahispanica.eu/chant/50646,Tu pietate solita defunctum solve a ,h00175d,,,,E-SI (Santo Domingo de Silos) MS 4,,090v,,,,Ordo in finem hominis diei,13004000,PRCSV,X,https://musicahispanica.eu/source/21404,,Tu pietate solita defunctum solve a pena et mansionem eternae vitae concede,,,,,,SEMM,0
,,https://musicahispanica.eu/chant/87221,Et peccantibus miserere domine,h00102i,*,,,E-SI (Santo Domingo de Silos) MS 7,,113v,,,,,,PRCSV,C,https://musicahispanica.eu/source/20181,,Et peccantibus miserere domine,,,,,,SEMM,0
,,https://musicahispanica.eu/chant/87366,Durum tempus et vicinam luctus non ,h03324c,*,,,GB-Lbl (London) Add MS 30846,,140v,,,,Letanias Apostolicas,,PRCSV,S,https://musicahispanica.eu/source/20202,,Durum tempus et vicinam luctus non est nullus ad precandum dignus,,,,,,SEMM,0
,,https://musicahispanica.eu/chant/87177,Omnes infirmos visita tutelam praestator fanum,h04635d,*,,,E-SI (Santo Domingo de Silos) MS 7,,111v,,,,,,PRCSV,C,https://musicahispanica.eu/source/20181,,Omnes infirmos visita tutelam praestator fanum,,,,,,SEMM,0
,,https://musicahispanica.eu/chant/70903,Aegros visita et captivos revoca et ,h00102e,,,,E-Mh (Madrid) Cod. 56,,027v,,,,Ordo in finem hominis diei,13004000,PRCSV,X,https://musicahispanica.eu/source/70790,,Aegros visita et captivos revoca et dona eis veniam,,,,,,SEMM,0
,,https://musicahispanica.eu/chant/50627,Aegros visita et captivos revoca et ,h00102e,,,,E-SI (Santo Domingo de Silos) MS 4,,089v,,,,Ordo in finem hominis diei,13004000,PRCSV,,https://musicahispanica.eu/source/21404,,Aegros visita et captivos revoca et dona ei veniam,,,,,,SEMM,0
,,https://musicahispanica.eu/chant/87219,Aegros visita et captivos revoca,h00102e,*,,,E-SI (Santo Domingo de Silos) MS 7,,113v,,,,,,PRCSV,C,https://musicahispanica.eu/source/20181,,Aegros visita et captivos revoca,,,,,,SEMM,0
,,https://musicahispanica.eu/chant/87706,Scelus flemus ad missam non reddas ,h04629b,,,,E-SCu (Santiago de Compostela) Ms 609,,215v,,,,,,PRCSV,MN,https://musicahispanica.eu/source/20207,,Scelus flemus ad missam non reddas ut meremur pater pie dele noxia et errata relaxa,,,,,,SEMM,0
,,https://musicahispanica.eu/chant/87122,Scelus flemus ad missam non reddas ,h04629b,*,,,E-SI (Santo Domingo de Silos) MS 7,,107r,,,,,,PRCSV,C,https://musicahispanica.eu/source/20181,,Scelus flemus ad missam non reddas ut meremur pater pie dele noxia et errata relaxa,,,,,,SEMM,0
,,https://musicahispanica.eu/chant/70891,Dira peccata quod gessit tanta nos ,h00101d,,,,E-Mh (Madrid) Cod. 56,,027r,,,,Ordo in finem hominis diei,13004000,PRCSV,X,https://musicahispanica.eu/source/70790,,Dira peccata quod gessit tanta nos deprecantes tu jam condona,,,,,,SEMM,0
,,https://musicahispanica.eu/chant/50615,Dira peccata quod gessit tanta nos ,h00101d,,,,E-SI (Santo Domingo de Silos) MS 4,,088v,,,,Ordo in finem hominis diei,13004000,PRCSV,,https://musicahispanica.eu/source/21404,,Dira peccata quod gessit tanta nos deprecantes tu jam condona,,,,,,SEMM,0
,,https://musicahispanica.eu/chant/87193,Mitte domine de caelis tuis libera ,h04636e,*,,,E-SI (Santo Domingo de Silos) MS 7,,112v,,,,,,PRCSV,C,https://musicahispanica.eu/source/20181,,Mitte domine de caelis tuis libera nos de gentis paganis,,,,,,SEMM,0
,,https://musicahispanica.eu/chant/22354,Qui exaudis obsecrantes et gementes intueris ,h00111b,,,,E-SI (Santo Domingo de Silos) MS 4,,090r,,,,Ordo in finem hominis diei,13004000,PRCSV,X,https://musicahispanica.eu/source/21404,,Qui exaudis obsecrantes et gementes intueris Christe,,,,,,SEMM,0
,,https://musicahispanica.eu/chant/87150,Qui exaudis obsecrantes et gementes intueris,h00111b,*,,,E-SI (Santo Domingo de Silos) MS 7,,109v,,,,,,PRCSV,C,https://musicahispanica.eu/source/20181,,Qui exaudis obsecrantes et gementes intueris,,,,,,SEMM,0
,,https://musicahispanica.eu/chant/87162,Adi jam nostrorum preces pie hac ,h04633f,*,,,E-SI (Santo Domingo de Silos) MS 7,,110v,,,,,,PRCSV,C,https://musicahispanica.eu/source/20181,,Adi jam nostrorum preces pie hac benigne et ignosce quod fatemur multa quae comissa,,,,,,SEMM,0
,,https://musicahispanica.eu/chant/87227,Aperis caecis visum brutis intellectum pauperibus ,h04639d,*,,,E-SI (Santo Domingo de Silos) MS 7,,114r,,,,,,PRCSV,C,https://musicahispanica.eu/source/20181,,Aperis caecis visum brutis intellectum pauperibus subsidium per misericordiam tuam,,,,,,SEMM,0
,,https://musicahispanica.eu/chant/65365,Aufer jugum captivitatis labem pestis et ,h04653c,,,,E-L (León) Ms 8,,166r,,,,Fer. 6 in Parasceve,07066000,PRCSV,MH,https://musicahispanica.eu/source/20175,,Aufer jugum captivitatis labem pestis et egestatis,,,,,,SEMM,0
,,https://musicahispanica.eu/chant/87212,Pro pupillis te rogamus domine,h04638h,*,,,E-SI (Santo Domingo de Silos) MS 7,,113v,,,,,,PRCSV,C,https://musicahispanica.eu/source/20181,,Pro pupillis te rogamus domine,,,,,,SEMM,0
,,https://musicahispanica.eu/chant/87189,Bonae pastor moriens pro grege oves ,h04636a,*,,,E-SI (Santo Domingo de Silos) MS 7,,112v,,,,,,PRCSV,C,https://musicahispanica.eu/source/20181,,Bonae pastor moriens pro grege oves tuas veniam concede miserere nobis,,,,,,SEMM,0
,,https://musicahispanica.eu/chant/70899,Rex altissime et perennis domine tu ,h00102a,,,,E-Mh (Madrid) Cod. 56,,027v,,,,Ordo in finem hominis diei,13004000,PRCSV,X,https://musicahispanica.eu/source/70790,,Rex altissime et perennis domine tu dona eis veniam,,,,,,SEMM,0
,,https://musicahispanica.eu/chant/50623,Rex altissime et perennis domine tu ,h00102a,,,,E-SI (Santo Domingo de Silos) MS 4,,089r,,,,Ordo in finem hominis diei,13004000,PRCSV,,https://musicahispanica.eu/source/21404,,Rex altissime et perennis domine tu dona ei veniam,,,,,,SEMM,0
,,https://musicahispanica.eu/chant/87215,Rex altissime et perennis domine,h00102a,*,,,E-SI (Santo Domingo de Silos) MS 7,,113v,,,,,,PRCSV,C,https://musicahispanica.eu/source/20181,,Rex altissime et perennis domine,,,,,,SEMM,0
,,https://musicahispanica.eu/chant/87710,Qui est homo domine ut ei ,h04629f,,,,E-SCu (Santiago de Compostela) Ms 609,,215v,,,,,,PRCSV,MN,https://musicahispanica.eu/source/20207,,Qui est homo domine ut ei indigneris aut genus corruptibile ut ita amarisceris de ipso,,,,,,SEMM,0
,,https://musicahispanica.eu/chant/87118,Qui est homo domine ut ei ,h04629f,*,,,E-SI (Santo Domingo de Silos) MS 7,,107v,,,,,,PRCSV,C,https://musicahispanica.eu/source/20181,,Qui est homo domine ut ei indigneris aut genus corruptibile ut ita amarisceris de ipso,,,,,,SEMM,0
,,https://musicahispanica.eu/chant/87158,Ut te qui semper in caelis ,h04633b,*,,,E-SI (Santo Domingo de Silos) MS 7,,110r,,,,,,PRCSV,C,https://musicahispanica.eu/source/20181,,Ut te qui semper in caelis credimus regnantem ita careamus mala te auxiliante,,,,,,SEMM,0
,,https://musicahispanica.eu/chant/87154,Regem nostrum atque plebem intuere de ,h00111f,*,,,E-SI (Santo Domingo de Silos) MS 7,,110r,,,,,,PRCSV,C,https://musicahispanica.eu/source/20181,,Regem nostrum atque plebem intuere de excelsis,,,,,,SEMM,0
,,https://musicahispanica.eu/chant/87126,Tu dele peccata ignosce delicta colpe ,h04630c,*,,,E-SI (Santo Domingo de Silos) MS 7,,108r,,,,,,PRCSV,C,https://musicahispanica.eu/source/20181,,Tu dele peccata ignosce delicta colpe poena et extingue flamma tribue corona,,,,,,SEMM,0
