id,corpus_id,chantlink,incipit,cantus_id,mode,finalis,differentia,siglum,position,folio,sequence,marginalia,cao_concordances,feast,feast_code,genre,office,srclink,melody_id,full_text,full_text_manuscript,volpiano,notes,dataset_name,dataset_idx,db,image_link
,,https://musicahispanica.eu/chant/65140,Osanna benedictus qui venit in nomine ,h00724,,,,E-L (León) Ms 8,,154r,,,,Dom. in Palmis,07061000,ANT,MASS,https://musicahispanica.eu/source/20175,,Osanna benedictus qui venit in nomine domini osanna benedictum quod venit regnum patris nostris David osanna in excelsis,,,,,,SEMM,0
,,https://musicahispanica.eu/chant/65852,Alleluia dicant qui redempti sunt a ,h00671,,,,E-L (León) Ms 8,,194r,,,,Dom. 5 p. Pascha,08061000,PRLG,MASS,https://musicahispanica.eu/source/20175,,Alleluia dicant qui redempti sunt a domino alleluia quos redemit de manu inimici alleluia ,,,,,,SEMM,0
,,https://musicahispanica.eu/chant/66523,Ecce quam bonum et quam jucundum ,h00715,,,,E-L (León) Ms 8,,229r,,,,"Justi, Pastoris",14080630,PRLG,MASS,https://musicahispanica.eu/source/20175,,Ecce quam bonum et quam jucundum habitare fratres in unum alleluia alleluia ,,,,,,SEMM,0
,,https://musicahispanica.eu/chant/92704,Ecce quam bonum et quam jucundum ,h00715,*,,,E-Tc (Toledo) 35.6,,197r,,,,"Justi, Pastoris",14080630,PRLG,MASS,https://musicahispanica.eu/source/20187,,Ecce quam bonum et quam jucundum habitare fratres in unum alleluia alleluia,,,,,,SEMM,0
,,https://musicahispanica.eu/chant/99821,Ecce quam bonum et quam jucundum ,h00715,,,,GB-Lbl (London) Add MS 30845,,068v,,,,"Justi, Pastoris",14080630,PRLG,MASS,https://musicahispanica.eu/source/20196,,Ecce quam bonum et quam jucundum habitare fratres in unum alleluia alleluia,,,,,,SEMM,0
,,https://musicahispanica.eu/chant/71983,Dabo vos nominatos*,h00534,,,,E-SI (Santo Domingo de Silos) MS 3,,115,,,,De Sanctis,12015000,PRLG,MASS,https://musicahispanica.eu/source/20177,,Dabo vos nominatos*,,,,,,SEMM,0
,,https://musicahispanica.eu/chant/92346,Dabo vos nominatos in gloria alleluia,h00534,*,,,E-Tc (Toledo) 35.6,,145r,,,,"Petri, Pauli",14062900,PRLG,MASS,https://musicahispanica.eu/source/20187,,Dabo vos nominatos in gloria alleluia,,,,,,SEMM,0
,,https://musicahispanica.eu/chant/101355,Dabo vos nominatos *,h00534,,,,GB-Lbl (London) Add MS 30845,,132r,,,,"Cosmae, Damiani",14092700,PRLG,MASS,https://musicahispanica.eu/source/20196,,Dabo vos nominatos *,,,,,,SEMM,0
,,https://musicahispanica.eu/chant/101519,Dabo vos nominatos *,h00534,*,,,GB-Lbl (London) Add MS 30845,,137r,,,,"Vincentii, Sabinae et Christetae",,PRLG,MASS,https://musicahispanica.eu/source/20196,,Dabo vos nominatos *,,,,,,SEMM,0
,,https://musicahispanica.eu/chant/99023,Dabo vos nominatos in gloria,h00534,,,,GB-Lbl (London) Add MS 30845,,033v,,,,"Petri, Pauli",14062900,PRLG,MASS,https://musicahispanica.eu/source/20196,,Dabo vos nominatos in gloria,,,,,,SEMM,0
,,https://musicahispanica.eu/chant/71207,Alleluia mitte nobis auxilium de sancto ,h00680,,,,E-Mh (Madrid) Cod. 56,,141v,,,,Missa votiva pluralis,15009012,PRLG,MASS,https://musicahispanica.eu/source/70790,,Alleluia mitte nobis auxilium de sancto et de Sion tuaere nos domine in quacumque die invocaverimus te alleluia alleluia,,,,,,SEMM,0
,,https://musicahispanica.eu/chant/71862,Alleluia mitte nobis auxilium de sancto ,h00680,,,,E-SI (Santo Domingo de Silos) MS 3,,090r,,,,Pro tribulatione,16026000,PRLG,MASS,https://musicahispanica.eu/source/20177,,Alleluia mitte nobis auxilium de sancto et de Sion tuaere nos domine in quacumque die invocaverimus te alleluia alleluia,,,,,,SEMM,0
,,https://musicahispanica.eu/chant/84258,Speciem et pulchritudinem *,h04567,,,,E-Zfm (Zaragoza) Ms-418,,005v,,,,Agathae,14020500,PRLG,MASS,https://musicahispanica.eu/source/20192,,Speciem et pulchritudinem *,,,,,,SEMM,0
,,https://musicahispanica.eu/chant/63676,Admirabile est domine nomen tuum alleluia ,h00669,,,,E-L (León) Ms 8,,081r,,,,Circumcisio Domini,02010110,PRLG,MASS,https://musicahispanica.eu/source/20175,,Admirabile est domine nomen tuum alleluia in universa terra alleluia alleluia ,,,,,,SEMM,0
,,https://musicahispanica.eu/chant/72644,Admirabile est domine nomen tuum alleluia ,h00669,,,,E-Mh (Madrid) Cod. 30,,154v,,,,Circumcisio Domini,02010110,PRLG,MASS,https://musicahispanica.eu/source/20176,,"Admirabile est domine nomen tuum alleluia in universa terra alleluia alleluia
",,,,,,SEMM,0
,,https://musicahispanica.eu/chant/55990,Admirabile est domine nomen tuum alleluia ,h00669,,,,E-Tc (Toledo) 35.7,,100v,,,,Circumcisio Domini,02010110,PRLG,MASS,https://musicahispanica.eu/source/20188,,Admirabile est domine nomen tuum alleluia in universa terra alleluia alleluia,,,,,,SEMM,0
,,https://musicahispanica.eu/chant/75143,Admirabile est domine nomen tuum alleluia ,h00669,*,,,GB-Lbl (London) Add MS 30844,,116v,,,,Circumcisio Domini,02010110,PRLG,MASS,https://musicahispanica.eu/source/20201,,Admirabile est domine nomen tuum alleluia in universa terra alleluia alleluia,,,,,,SEMM,0
,,https://musicahispanica.eu/chant/67464,Processit princeps stolam habens regalem et ,h00746,,,,E-L (León) Ms 8,,272v,,,,Ordinatione sive natalicio regis,,PRLG,MASS,https://musicahispanica.eu/source/20175,,Processit princeps stolam habens regalem et coronam auream et diadema et videntes eum populi laetati sunt et factum est gaudium in omnem civitatem,,,,,,SEMM,0
,,https://musicahispanica.eu/chant/86518,Alleluia exsultaverunt *,h00675,*,,,E-SI (Santo Domingo de Silos) MS 3,,143r,,,,Commune Virginum,,PRLG,MASS,https://musicahispanica.eu/source/20177,,Alleluia exsultaverunt *,,,,,,SEMM,0
,,https://musicahispanica.eu/chant/66172,Dum complerentur dies Pentecosten erant omnes ,h00530,,,,E-L (León) Ms 8,,209v,,,,Dom. Pentecostes,08081000,PRLG,MASS,https://musicahispanica.eu/source/20175,,Dum complerentur dies Pentecosten erant omnes apostoli simul in unum et factus est e caelo sonitus tanquam spiritus validi advenientis alleluia alleluia alleluia ,,,,,,SEMM,0
,,https://musicahispanica.eu/chant/62083,Dum complerentur dies Pentecosten erant omnes ,h00530,,,,E-Tc (Toledo) 35.4,,076v,,,,Dom. Pentecostes,08081000,PRLG,MASS,https://musicahispanica.eu/source/20185,,Dum complerentur dies Pentecosten erant omnes apostoli simul in unum et factus est e caelo sonitus tamquam spiritus validi advenientis alleluia alleluia alleluia,,,,,,SEMM,0
,,https://musicahispanica.eu/chant/57988,Dum complerentur dies Pentecosten erant omnes ,h00530,,,,E-Tc (Toledo) 35.6,,107v,,,,Dom. Pentecostes,08081000,PRLG,MASS,https://musicahispanica.eu/source/20187,,Dum complerentur dies Pentecosten erant omnes apostoli simul in unum et factum est e celo sonus tanquam spiritus validis advenientis alleluia alleluia alleluia,,,,,,SEMM,0
,,https://musicahispanica.eu/chant/84002,Dum complerentur dies Pentecosten erant omnes ,h00530,*,,,GB-Lbl (London) Add MS 30846,,167v,,,,"Dom. Pentecostes,8",08081008,PRLG,MASS,https://musicahispanica.eu/source/20202,,Dum complerentur dies Pentecosten erant omnes apostoli simul in unum et factus est et caelo sonitus tamquam spiritus validi advenientis alleluia alleluia alleluia,,,,,,SEMM,0
,,https://musicahispanica.eu/chant/66265,Floruit terra alleluia maturitas messis advenit ,h00720,,,,E-L (León) Ms 8,,214v,,,,Joannis Baptistae,14062400,PRLG,MASS,https://musicahispanica.eu/source/20175,,Floruit terra alleluia maturitas messis advenit alleluia vitis dedit odorem alleluia alleluia ,,,,,,SEMM,0
,,https://musicahispanica.eu/chant/58057,Floruit terra alleluia maturitas messis advenit ,h00720,,,,E-Tc (Toledo) 35.6,,132r,,,,Joannis Baptistae,14062400,PRLG,MASS,https://musicahispanica.eu/source/20187,,Floruit terra alleluia maturitas messis advenit alleluia vitis dedit odorem alleluia alleluia,,,,,,SEMM,0
,,https://musicahispanica.eu/chant/45578,Floruit terra alleluia maturitas messis advenit ,h00720,,,,E-Tm (Toledo) número de inventario 1325,,009r,,,,Joannis Baptistae,14062400,LDS,MASS,https://musicahispanica.eu/source/20190,,Floruit terra alleluia maturitas messis advenit alleluia vitis dedit odorem alleluia alleluia,,,,,,SEMM,0
,,https://musicahispanica.eu/chant/98793,Floruit terra alleluia maturitas messis advenit ,h00720,,,,GB-Lbl (London) Add MS 30845,,019r,,,,Joannis Baptistae,14062400,PRLG,MASS,https://musicahispanica.eu/source/20196,,Floruit terra alleluia maturitas messis advenit alleluia vitis dedit odorem alleluia alleluia,,,,,,SEMM,0
,,https://musicahispanica.eu/chant/65959,Visus est dominus discipulis suis per ,h00528,,,,E-L (León) Ms 8,,200r,,,,Ascensio Domini,08065000,PRLG,MASS,https://musicahispanica.eu/source/20175,,Visus est dominus discipulis suis per dies quadraginta docens de regno dei alleluia alleluia ,,,,,,SEMM,0
,,https://musicahispanica.eu/chant/61996,Visus est dominus discipulis suis per ,h00528,,,,E-Tc (Toledo) 35.4,,061r,,,,Ascensio Domini,08065000,PRLG,MASS,https://musicahispanica.eu/source/20185,,Visus est dominus discipulis suis per dies quadraginta docens de regno dei alleluia alleluia,,,,,,SEMM,0
,,https://musicahispanica.eu/chant/91871,Visus est dominus discipulis suis per ,h00528,*,,,E-Tc (Toledo) 35.6,,092v,,,,Ascensio Domini,08065000,PRLG,MASS,https://musicahispanica.eu/source/20187,,Visus est dominus discipulis suis per dies quadraginta docens de regno dei alleluia alleluia,,,,,,SEMM,0
,,https://musicahispanica.eu/chant/75305,Visus est dominus discipulis suis per ,h00528,*,,,GB-Lbl (London) Add MS 30844,,155r,,,,Ascensio Domini,08065000,PRLG,MASS,https://musicahispanica.eu/source/20201,,Visus est dominus discipulis suis per dies quadraginta docens de regno dei alleluia alleluia ,,,,,,SEMM,0
,,https://musicahispanica.eu/chant/83348,Visus est dominus discipulis suis per ,h00528,*,,,GB-Lbl (London) Add MS 30846,,113v,,,,Ascensio Domini,08065000,PRLG,MASS,https://musicahispanica.eu/source/20202,,Visus est dominus discipulis suis per dies quadraginta docens de regno dei alleluia alleluia,,,,,,SEMM,0
,,https://musicahispanica.eu/chant/65750,Apparuit dominus januis clausis discipulis suis ,h00684,,,,E-L (León) Ms 8,,188r,,,,Octava Paschae,08021000,PRLG,MASS,https://musicahispanica.eu/source/20175,,Apparuit dominus januis clausis discipulis suis cum esset dominus unus non credidit ex eis Tomas mitte manum tuam in fixuras clavorum merum et esto jam fidelis dominus meus et deus meus alleluia alleluia ,,,,,,SEMM,0
,,https://musicahispanica.eu/chant/64537,Non est deus praeter te domine ,h00742,,,,E-L (León) Ms 8,,124v,,,,Dom. 2 Quadragesimae,07021000,PRLG,MASS,https://musicahispanica.eu/source/20175,,Non est deus praeter te domine in nova signa et inmuta mirabilia miserere plebi tuae super quam invocatur nomen tuum miserere civitati sanctificationis tuae reple Sion inenarrabilis et gloria tua populum tuum,,,,,,SEMM,0
,,https://musicahispanica.eu/chant/45380,Libera nos filius dei salvator noster ,h00738,,,,E-Tc (Toledo) 35.5,,185v,,,,Dom. Resurrectionis,08011000,PRLG,MASS,https://musicahispanica.eu/source/20186,,Libera nos filius dei salvator noster alleluia alleluia alleluia,,,,,,SEMM,0
,,https://musicahispanica.eu/chant/84959,Qui facit angelos *,h00773,*,,,E-SI (Santo Domingo de Silos) MS 5,,085r,,,,Michaelis,14092900,PRLG,MASS,https://musicahispanica.eu/source/20178,,Qui facit angelos *,,,,,,SEMM,0
,,https://musicahispanica.eu/chant/101156,Qui facit angelos suos,h00773,*,,,GB-Lbl (London) Add MS 30845,,120r,,,,Michaelis,14092900,PRLG,MASS,https://musicahispanica.eu/source/20196,,Qui facit angelos suos,,,,,,SEMM,0
,,https://musicahispanica.eu/chant/92472,Introduxit nos dominus in locum sanctum ,h00734,*,,,E-Tc (Toledo) 35.6,,168v,,,,Primitis,,PRLG,MASS,https://musicahispanica.eu/source/20187,,Introduxit nos dominus in locum sanctum suum alleluia et dedit nobis terram fluentem lacte et melle et obtulimus primitias alleluia,,,,,,SEMM,0
,,https://musicahispanica.eu/chant/68624,Alleluia decorem induit dominus et precinxit ,h00268,,,,E-SI (Santo Domingo de Silos) MS 6,,141r,,,,Dom. 9 p. Pent.,09091000,PRLG,MASS,https://musicahispanica.eu/source/20179,,Alleluia decorem induit dominus et precinxit se virtutem alleluia,,,,,,SEMM,0
,,https://musicahispanica.eu/chant/65805,Gratias tibi agimus deus noster omnipotens ,h00524,,,,E-L (León) Ms 8,,191r,,,,Dom. 3 p. Pascha,08041000,PRLG,MASS,https://musicahispanica.eu/source/20175,,Gratias tibi agimus deus noster omnipotens qui es et qui eras quia factum est regnum hujus mundi domini nostri Jesu Christi alleluia alleluia ,,,,,,SEMM,0
,,https://musicahispanica.eu/chant/61863,Gratias tibi agimus deus noster omnipotens ,h00524,,,,E-Tc (Toledo) 35.4,,030r,,,,"Dom. 2 p. Pascha,8",08031008,PRLG,MASS,https://musicahispanica.eu/source/20185,,Gratias tibi agimus deus noster omnipotens qui es et qui eras quia factum est regnum hujus mundi domini nostri Jesu Christi alleluia alleluia,,,,,,SEMM,0
,,https://musicahispanica.eu/chant/91626,Gratias tibi agimus deus noster omnipotens ,h00524,*,,,E-Tc (Toledo) 35.6,,044v,,,,Dom. 3 p. Pascha,08041000,PRLG,MASS,https://musicahispanica.eu/source/20187,,Gratias tibi agimus deus noster omnipotens qui es et qui eras quia factum est regnum hujus mundi domini nostri Jesu Christi alleluia alleluia,,,,,,SEMM,0
,,https://musicahispanica.eu/chant/100468,Domine deus noster tu exaudisti sanctos ,h00705,*,,,GB-Lbl (London) Add MS 30845,,076r,,,,Laurentii,14081000,PRLG,MASS,https://musicahispanica.eu/source/20196,,Domine deus noster tu exaudisti sanctos tuos deus tu propitius fuisti illas alleluia alleluia,,,,,,SEMM,0
,,https://musicahispanica.eu/chant/86596,Salva nos domine deus noster alleluia ,h00089,*,,,E-SI (Santo Domingo de Silos) MS 3,,159v,,,,Fest. per annum,04000000,PRLG,MASS,https://musicahispanica.eu/source/20177,,Salva nos domine deus noster alleluia alleluia alleluia ,,,,,,SEMM,0
,,https://musicahispanica.eu/chant/21888,Salva nos domine deus noster alleluia ,h00089,,,,E-SI (Santo Domingo de Silos) MS 4,,285r,,,,Pro infirmis,16013030,PRLG,MASS,https://musicahispanica.eu/source/21404,,Salva nos domine deus noster alleluia alleluia alleluia,,,,,,SEMM,0
,,https://musicahispanica.eu/chant/68482,Salva nos domine deus noster alleluia ,h00089,,,,E-SI (Santo Domingo de Silos) MS 6,,127r,,,,Dom. 8 p. Pent.,09081000,PRLG,MASS,https://musicahispanica.eu/source/20179,,Salva nos domine deus noster alleluia alleluia alleluia,,,,,,SEMM,0
,,https://musicahispanica.eu/chant/62849,Statuit dominus*,h00756,,,,E-L (León) Ms 8,,034v,,,,Clementis,14112300,PRLG,MASS,https://musicahispanica.eu/source/20175,,Statuit dominus*,,,,,,SEMM,0
,,https://musicahispanica.eu/chant/70499,[Statu]it dominus *,h00756,,,,E-Mh (Madrid) Cod. 30,,024v,,,,Clementis,14112300,PRLG,MASS,https://musicahispanica.eu/source/20176,,[Statu]it dominus *,,,,,,SEMM,0
,,https://musicahispanica.eu/chant/63551,Alleluia in laboribus*,h00679,,,,E-L (León) Ms 8,,074v,,,,Stephani,02122600,PRLG,MASS,https://musicahispanica.eu/source/20175,,Alleluia in laboribus*,,,,,,SEMM,0
,,https://musicahispanica.eu/chant/63631,Bona es proxima*,h00690,,,,E-L (León) Ms 8,,078v,,,,Columbae,14123110,PRLG,MASS,https://musicahispanica.eu/source/20175,,Bona es proxima*,,,,,,SEMM,0
,,https://musicahispanica.eu/chant/72597,Bona es proxima *,h00690,*,,,E-Mh (Madrid) Cod. 30,,146r,,,,Columbae,14123110,PRLG,MASS,https://musicahispanica.eu/source/20176,,Bona es proxima *,,,,,,SEMM,0
,,https://musicahispanica.eu/chant/75100,Bona es *,h00690,*,,,GB-Lbl (London) Add MS 30844,,107r,,,,Columbae,14123110,PRLG,MASS,https://musicahispanica.eu/source/20201,,Bona es *,,,,,,SEMM,0
,,https://musicahispanica.eu/chant/71221,Dirige me in veritate tua et ,h00701,,,,E-Mh (Madrid) Cod. 56,,154v,,,,Pro iter agentibus,16030000,PRLG,MASS,https://musicahispanica.eu/source/70790,,Dirige me in veritate tua et doce me alleluia quia tu es deus salvator meus alleluia alleluia,,,,,,SEMM,0
,,https://musicahispanica.eu/chant/73472,Induta es *,h00730,*,,,E-Mh (Madrid) Cod. 30,,221v,,,,Eulaliae Barcinonensis,,PRLG,MASS,https://musicahispanica.eu/source/20176,,Induta es *,,,,,,SEMM,0
,,https://musicahispanica.eu/chant/86487,Induta est vestimentis *,h00730,*,,,E-SI (Santo Domingo de Silos) MS 3,,138r,,,,Commune unius Virginis,,PRLG,MASS,https://musicahispanica.eu/source/20177,,Induta est vestimentis *,,,,,,SEMM,0
,,https://musicahispanica.eu/chant/72960,Filiae tuae Jerusalem in latere surgent ,h00719,,,,E-Mh (Madrid) Cod. 30,,193v,,,,"Agnetis, Emerentianae",,PRLG,MASS,https://musicahispanica.eu/source/20176,,Filiae tuae Jerusalem in latere surgent alleluia tunc videbis et afflues et dilatabitur cor tuum alleluia alleluia,,,,,,SEMM,0
,,https://musicahispanica.eu/chant/67524,Sana domine omnes*,h00752,,,,E-L (León) Ms 8,,276r,,,,Pro infirmis,16013030,PRLG,MASS,https://musicahispanica.eu/source/20175,,Sana domine omnes*,,,,,,SEMM,0
,,https://musicahispanica.eu/chant/71706,Sana domine omnes*,h00752,,,,E-SI (Santo Domingo de Silos) MS 3,,054r,,,,Pro infirmis,16013030,PRLG,MASS,https://musicahispanica.eu/source/20177,,Sana domine omnes*,,,,,,SEMM,0
,,https://musicahispanica.eu/chant/71875,Defecerunt sicut fumus dies mei et ,h00694,,,,E-SI (Santo Domingo de Silos) MS 3,,099v,,,,Pro defunctis Sacerdotibus,13011000,PRLG,MASS,https://musicahispanica.eu/source/20177,,Defecerunt sicut fumus dies mei et ossa mea sicut in frixorio confrixa sunt domine velociter et exaudi me alleluia,,,,,,SEMM,0
,,https://musicahispanica.eu/chant/22017,Domine deus meus clamavi ad te ,h00064,,,,E-SI (Santo Domingo de Silos) MS 4,,291v,,,,Missa in gratiarum actione pro expulsa tribulatione vel egritudine et reddit prosperitate atque salute,15009080,PRLG,MASS,https://musicahispanica.eu/source/21404,,Domine deus meus clamavi ad te alleluia et sanasti me et eduxisti ab inferis animam meam salvasti me ne descenderem in lacum psallite domino alleluia alleluia,,,,,,SEMM,0
,,https://musicahispanica.eu/chant/65543,Vos qui in Christo baptizati estis ,h00763,,,,E-L (León) Ms 8,,177v,,,,Fer. 3 p. Pascha,08013000,ANT,MASS,https://musicahispanica.eu/source/20175,,Vos qui in Christo baptizati estis Christum induistis alleluia alleluia ,,,,,,SEMM,0
,,https://musicahispanica.eu/chant/72828,In medio sanctorum *,h00728,*,,,E-Mh (Madrid) Cod. 30,,186v,,,,Dom. p. Allisionis Infantum,,PRLG,MASS,https://musicahispanica.eu/source/20176,,In medio sanctorum *,,,,,,SEMM,0
,,https://musicahispanica.eu/chant/86768,Inter medios cleros pinnae columbae deargentate ,h00735,*,,,E-SI (Santo Domingo de Silos) MS 3,,186v,,,,Assumptio Mariae (Hispanic rite),,PRLG,MASS,https://musicahispanica.eu/source/20177,,Inter medios cleros pinnae columbae deargentate alleluia et supra scapulas suas in viriditate auri alleluia alleluia,,,,,,SEMM,0
,,https://musicahispanica.eu/chant/65830,Dicite in nationibus alleluia dominus regnavit ,h00525,,,,E-L (León) Ms 8,,192v,,,,Dom. 4 p. Pascha,08051000,PRLG,MASS,https://musicahispanica.eu/source/20175,,Dicite in nationibus alleluia dominus regnavit a ligno alleluia et correxit orbem terrae alleluia alleluia ,,,,,,SEMM,0
,,https://musicahispanica.eu/chant/61881,Dicite in nationibus alleluia dominus regnavit ,h00525,,,,E-Tc (Toledo) 35.4,,034r,,,,"Dom. 3 p. Pascha,8",08041008,PRLG,MASS,https://musicahispanica.eu/source/20185,,Dicite in nationibus alleluia dominus regnavit a ligno alleluia et correxit orbem terrae alleluia alleluia,,,,,,SEMM,0
,,https://musicahispanica.eu/chant/103554,Dicite in nationibus*,h00525,,,,E-Tc (Toledo) 35.5,,201v,,,,Fer. 3 p. Pascha,08013000,PRLG,MASS,https://musicahispanica.eu/source/20186,,Dicite in nationibus*,,,,,,SEMM,0
,,https://musicahispanica.eu/chant/45432,Dicite in nationibus alleluia dominus regnabit ,h00525,,,,E-Tc (Toledo) 35.5,,195r,,,,Fer. 2 p. Pascha,08012000,PRLG,MASS,https://musicahispanica.eu/source/20186,,Dicite in nationibus alleluia dominus regnabit a ligno alleluia et correxit orbem terre alleluia alleluia,,,,,,SEMM,0
,,https://musicahispanica.eu/chant/91667,Dicite in nationibus alleluia dominus regnabit ,h00525,*,,,E-Tc (Toledo) 35.6,,052r,,,,Dom. 3 p. Pascha,08041000,PRLG,MASS,https://musicahispanica.eu/source/20187,,Dicite in nationibus alleluia dominus regnabit a ligno alleluia et correxit orbem terrae alleluia alleluia,,,,,,SEMM,0
,,https://musicahispanica.eu/chant/82942,Dicite in nationibus alleluia dominus regnabit ,h00525,*,,,GB-Lbl (London) Add MS 30846,,105v,,,,Dom. 3 p. Pascha,08041000,PRLG,MASS,https://musicahispanica.eu/source/20202,,Dicite in nationibus alleluia dominus regnabit a ligno alleluia et correxit orbem terrae alleluia alleluia,,,,,,SEMM,0
,,https://musicahispanica.eu/chant/66863,Beatus vir alleluia,h00689,*,,,E-L (León) Ms 8,,246r,,,,Martini,14111100,PRLG,MASS,https://musicahispanica.eu/source/20175,,Beatus vir alleluia,,,,,,SEMM,0
,,https://musicahispanica.eu/chant/72560,Beatus vir alleluia qui *,h00689,*,,,E-Mh (Madrid) Cod. 30,,138v,,,,Jacobi fratris Domini,,PRLG,MASS,https://musicahispanica.eu/source/20176,,"Beatus vir alleluia qui *
",,,,,,SEMM,0
,,https://musicahispanica.eu/chant/86297,Beatus vir alleluia qui implevit alleluia ,h00689,*,,,E-SI (Santo Domingo de Silos) MS 3,,119dr,,,,De uno justi,,PRLG,MASS,https://musicahispanica.eu/source/20177,,Beatus vir alleluia qui implevit alleluia desiderium suum alleluia,,,,,,SEMM,0
,,https://musicahispanica.eu/chant/86333,Beatus vir alleluia qui implevit alleluia ,h00689,,,,E-SI (Santo Domingo de Silos) MS 3,,131v,,,,Comm. unius Confessoris,12004000,PRLG,MASS,https://musicahispanica.eu/source/20177,,Beatus vir alleluia qui implevit alleluia desiderium suum alleluia ,,,,,,SEMM,0
,,https://musicahispanica.eu/chant/92622,Beatus vir alleluia*,h00689,,,,E-Tc (Toledo) 35.6,,188v,,,,Felicis Gerundae,,PRLG,MASS,https://musicahispanica.eu/source/20187,,Beatus vir alleluia*,,,,,,SEMM,0
,,https://musicahispanica.eu/chant/75032,Beatus vir alleluia qui implevit alleluia ,h00689,*,,,GB-Lbl (London) Add MS 30844,,096r,,,,Jacobi fratris Domini,,PRLG,MASS,https://musicahispanica.eu/source/20201,,Beatus vir alleluia qui implevit alleluia desiderium suum alleluia,,,,,,SEMM,0
,,https://musicahispanica.eu/chant/75249,Beatus vir alleluia qui implevit alleluia ,h00689,*,,,GB-Lbl (London) Add MS 30844,,142v,,,,Cathedra Petri,14022200,PRLG,MASS,https://musicahispanica.eu/source/20201,,Beatus vir alleluia qui implevit alleluia desiderium suum alleluia,,,,,,SEMM,0
,,https://musicahispanica.eu/chant/100668,Beatus vir alleluia *,h00689,,,,GB-Lbl (London) Add MS 30845,,097r,,,,Genesii,14082530,PRLG,MASS,https://musicahispanica.eu/source/20196,,Beatus vir alleluia *,,,,,,SEMM,0
,,https://musicahispanica.eu/chant/100880,Beatus vir alleluia *,h00689,,,,GB-Lbl (London) Add MS 30845,,108v,,,,"Cornelii, Cypriani",14091600,PRLG,MASS,https://musicahispanica.eu/source/20196,,Beatus vir alleluia *,,,,,,SEMM,0
,,https://musicahispanica.eu/chant/98658,Beatus vir *,h00689,*,,,GB-Lbl (London) Add MS 30845,,005v,,,,Hieronimi,14093000,PRLG,MASS,https://musicahispanica.eu/source/20196,,Beatus vir *,,,,,,SEMM,0
,,https://musicahispanica.eu/chant/99685,Beatus vir alleluia *,h00689,,,,GB-Lbl (London) Add MS 30845,,059v,,,,Felicis,14072900,PRLG,MASS,https://musicahispanica.eu/source/20196,,Beatus vir alleluia *,,,,,,SEMM,0
,,https://musicahispanica.eu/chant/71835,Anima mea velut,h00090,,,,E-SI (Santo Domingo de Silos) MS 3,,063v,,,,De uno defuncto,13009000,PRLG,MASS,https://musicahispanica.eu/source/20177,,Anima mea velut,,,,,,SEMM,0
,,https://musicahispanica.eu/chant/21890,Anima mea velut terra sine aqua ,h00090,,,,E-SI (Santo Domingo de Silos) MS 4,,300v,,,,De uno defuncto,13009000,PRLG,MASS,https://musicahispanica.eu/source/21404,,Anima mea velut terra sine aqua alleluia defecit spiritus meus domine exaudi me alleluia alleluia alleluia,,,,,,SEMM,0
,,https://musicahispanica.eu/chant/71103,Domine salvum fac regem et exaudi ,h00704,,,,E-Mh (Madrid) Cod. 56,,113v,,,,Missa votiva de rege,15009020,PRLG,MASS,https://musicahispanica.eu/source/70790,,Domine salvum fac regem et exaudi nos in quacumque die invocaverimus te alleluia,,,,,,SEMM,0
,,https://musicahispanica.eu/chant/63793,Exortum est in tenebris lumen rectis ,h00766,,,,E-L (León) Ms 8,,088r,,,,Epiphania,05010600,PRLG,MASS,https://musicahispanica.eu/source/20175,,Exortum est in tenebris lumen rectis corde alleluia misericors et miserator et justus dominus alleluia alleluia ,,,,,,SEMM,0
,,https://musicahispanica.eu/chant/72726,Exortum est in tenebris lumen rectis ,h00766,,,,E-Mh (Madrid) Cod. 30,,171r,,,,Epiphania,05010600,PRLG,MASS,https://musicahispanica.eu/source/20176,,Exortum est in tenebris lumen rectis corde alleluia misericors et miserator et justus dominus alleluia alleluia,,,,,,SEMM,0
,,https://musicahispanica.eu/chant/75184,Exortum est in tenebris lumen rectis ,h00766,*,,,GB-Lbl (London) Add MS 30844,,129r,,,,Epiphania,05010600,PRLG,MASS,https://musicahispanica.eu/source/20201,,Exortum est in tenebris lumen rectis corde alleluia misericors et miserator et justus dominus alleluia alleluia ,,,,,,SEMM,0
,,https://musicahispanica.eu/chant/71944,Alleluia Jam enim regem meum,h00678,,,,E-Mh (Madrid) Cod. 30,,047v,,,,Andreae,14113000,PRLG,MASS,https://musicahispanica.eu/source/20176,,Alleluia Jam enim regem meum,,,,,,SEMM,0
,,https://musicahispanica.eu/chant/63065,Suscitavit*,h00757,,,,E-L (León) Ms 8,,046r,,,,Dom. 3 Adventus,01031000,PRLG,MASS,https://musicahispanica.eu/source/20175,,Suscitavit*,,,,,,SEMM,0
,,https://musicahispanica.eu/chant/21886,Alleluia libera me domine ab omnibus ,h00088,,,,E-SI (Santo Domingo de Silos) MS 4,,249v,,,,Unius in tribulatione,16026010,PRLG,MASS,https://musicahispanica.eu/source/21404,,Alleluia libera me domine ab omnibus angustiis meis alleluia,,,,,,SEMM,0
,,https://musicahispanica.eu/chant/22013,Intende voci orationis meae domine quoniam ,h00061,,,,E-SI (Santo Domingo de Silos) MS 4,,200r,,,,Missa quam Sacerdos pro se in tribulatione dicere debeat,15009060,PRLG,MASS,https://musicahispanica.eu/source/21404,,Intende voci orationis meae domine quoniam ad te orabo deus exaudi vocem meam,,,,,,SEMM,0
,,https://musicahispanica.eu/chant/65142,Constituite diem sollemnem in frondosis usque ,h00691,,,,E-L (León) Ms 8,,154r,,,,Dom. in Palmis,07061000,PRLG,MASS,https://musicahispanica.eu/source/20175,,Constituite diem sollemnem in frondosis usque ad cornu altaris qui venit,,,,,,SEMM,0
,,https://musicahispanica.eu/chant/67546,Miserere mei domine*,h00094,,,,E-L (León) Ms 8,,276v,,,,Pro uno infirmo,16013020,PRLG,MASS,https://musicahispanica.eu/source/20175,,Miserere mei domine*,,,,,,SEMM,0
,,https://musicahispanica.eu/chant/71855,Miserere mei domine alleluia quoniam infirmus ,h00094,*,,,E-SI (Santo Domingo de Silos) MS 3,,074v,,,,Pro uno infirmo,16013020,PRLG,MASS,https://musicahispanica.eu/source/20177,,Miserere mei domine alleluia quoniam infirmus sum sana me domine alleluia alleluia,,,,,,SEMM,0
,,https://musicahispanica.eu/chant/22348,Miserere mei domine alleluia quoniam infirmus ,h00094,,,,E-SI (Santo Domingo de Silos) MS 4,,272v,,,,Pro uno infirmo,16013020,PRLG,MASS,https://musicahispanica.eu/source/21404,,Miserere mei domine alleluia quoniam infirmus sum sana me domine alleluia alleluia,,,,,,SEMM,0
,,https://musicahispanica.eu/chant/63610,Dilectus a domino,h00700,*,,,E-L (León) Ms 8,,077r,,,,Joannis Evang.,02122700,PRLG,MASS,https://musicahispanica.eu/source/20175,,Dilectus a domino,,,,,,SEMM,0
,,https://musicahispanica.eu/chant/44055,Ingrediente te domine in sanctam civitatem ,h00731,,,,E-Tc (Toledo) 35.5,1,113r,,,,Dom. in Palmis,07061000,PRLG,MASS,https://musicahispanica.eu/source/20186,,Ingrediente te domine in sanctam civitatem sedens super pullum asine festinans pervenire ad passionem ut adimpleret legem at prophetas pueri hebraeorum cum ramis et palmis vestimenta prosternebant intonabile hymnum novum cantantes osanna in altissimis deo,,,,,,SEMM,0
,,http://musmed.eu/chant/145288,Introeuntem te Domine in sanctam civitatem ,h00731,,,,F-Pn Lat. 903,,060v,,,,Dom. in Palmis,07061000,PRLG,,http://musmed.eu/source/13022,,Introeuntem te Domine in sanctam civitatem sedens supra pullum asine festinans venire ad passionem ut adimplere legem et prophetas pueri Hebraeorum cum floribus et palmis vestimenta prosternebant intonabile hymnum novum dicentes osanna in altissimis Deo,,,,,,MMMO,https://gallica.bnf.fr/ark:/12148/btv1b9068069f/f143.item.r=graduel%20de%20aredii
,,https://musicahispanica.eu/chant/62757,Sanguinem justorum requiram ego dicit dominus ,h00753,,,,E-L (León) Ms 8,,030r,,,,Aciscli,,PRLG,MASS,https://musicahispanica.eu/source/20175,,Sanguinem justorum requiram ego dicit dominus et habitabo cum eis in regno meo alleluia alleluia,,,,,,SEMM,0
,,https://musicahispanica.eu/chant/62833,Sanguinem*,h00753,,,,E-L (León) Ms 8,,033v,,,,Caeciliae,14112200,PRLG,MASS,https://musicahispanica.eu/source/20175,,Sanguinem*,,,,,,SEMM,0
,,https://musicahispanica.eu/chant/65584,Sanguinem*,h00753,,,,E-L (León) Ms 8,,179r,,,,Engratiae,,PRLG,MASS,https://musicahispanica.eu/source/20175,,Sanguinem*,,,,,,SEMM,0
,,https://musicahispanica.eu/chant/68234,[Sanguinem justorum requiram ego dicit dominus ,h00753,,,,E-Mh (Madrid) Cod. 30,,007r,,,,Aciscli,,PRLG,MASS,https://musicahispanica.eu/source/20176,,[Sanguinem justorum requiram ego dicit dominus et] habitabo cum eis in regno [meo alleluia alleluia],,,,,,SEMM,0
,,https://musicahispanica.eu/chant/73320,Sanguinem *,h00753,*,,,E-Mh (Madrid) Cod. 30,,211r,,,,Babilae,,PRLG,MASS,https://musicahispanica.eu/source/20176,,Sanguinem *,,,,,,SEMM,0
,,https://musicahispanica.eu/chant/73450,Sanguinem *,h00753,*,,,E-Mh (Madrid) Cod. 30,,219r,,,,Dorotheae,14020610,PRLG,MASS,https://musicahispanica.eu/source/20176,,Sanguinem *,,,,,,SEMM,0
,,https://musicahispanica.eu/chant/79062,Sa[nguinem justorum] *,h00753,,,,E-Mh (Madrid) Cod. 30,,021r,,,,Caeciliae,14112200,PRLG,MASS,https://musicahispanica.eu/source/20176,,Sa[nguinem justorum] *,,,,,,SEMM,0
,,https://musicahispanica.eu/chant/71976,Sanguinem justorum requiram ego dicit dominus ,h00753,*,,,E-SI (Santo Domingo de Silos) MS 3,,110bv,,,,De Sanctis,12015000,PRLG,MASS,https://musicahispanica.eu/source/20177,,Sanguinem justorum requiram ego dicit dominus et habitabo cum eis in regno meo alleluia alleluia,,,,,,SEMM,0
,,https://musicahispanica.eu/chant/92107,Sanguinem justorum requiram ego dicit,h00753,*,,,E-Tc (Toledo) 35.6,,119r,,,,Adriani,14091000,PRLG,MASS,https://musicahispanica.eu/source/20187,,Sanguinem justorum requiram ego dicit,,,,,,SEMM,0
,,https://musicahispanica.eu/chant/74999,Sanguinem justorum requiram ego dicit dominus ,h00753,*,,,GB-Lbl (London) Add MS 30844,,090r,,,,Eugeniae,,PRLG,MASS,https://musicahispanica.eu/source/20201,,Sanguinem justorum requiram ego dicit dominus et habitabo cum eis in regno meo alleluia alleluia,,,,,,SEMM,0
,,https://musicahispanica.eu/chant/101206,Sanguinem *,h00753,,,,GB-Lbl (London) Add MS 30845,,128v,,,,"Fausti, Januarii et Martialis",,PRLG,MASS,https://musicahispanica.eu/source/20196,,Sanguinem *,,,,,,SEMM,0
,,https://musicahispanica.eu/chant/101411,Sanguinem justorum *,h00753,*,,,GB-Lbl (London) Add MS 30845,,135r,,,,"Servandi, Germani",,PRLG,MASS,https://musicahispanica.eu/source/20196,,Sanguinem justorum *,,,,,,SEMM,0
,,https://musicahispanica.eu/chant/99098,Sanguinem justorum *,h00753,*,,,GB-Lbl (London) Add MS 30845,,039r,,,,Christophori,14072510,PRLG,MASS,https://musicahispanica.eu/source/20196,,Sanguinem justorum *,,,,,,SEMM,0
,,https://musicahispanica.eu/chant/99215,Sanguinem justorum requiram *,h00753,,,,GB-Lbl (London) Add MS 30845,,047v,,,,Marinae,14071720,PRLG,MASS,https://musicahispanica.eu/source/20196,,Sanguinem justorum requiram *,,,,,,SEMM,0
,,https://musicahispanica.eu/chant/80179,Sanguinem justorum *,h00753,*,,,GB-Lbl (London) Add MS 30846,,015v,,,,Engratiae,,PRLG,MASS,https://musicahispanica.eu/source/20202,,Sanguinem justorum *,,,,,,SEMM,0
,,https://musicahispanica.eu/chant/73521,Fiat domine super nos misericordia tua ,h00718,,,,E-Mh (Madrid) Cod. 30,,228r,,,,Dom. Quadragesimae,07001000,PRLG,MASS,https://musicahispanica.eu/source/20176,,Fiat domine super nos misericordia tua alleluia alleluia alleluia ,,,,,,SEMM,0
,,https://musicahispanica.eu/chant/67645,Alleluia reddam deo hostiam laudis alleluia ,h00065,,,,E-L (León) Ms 8,,280v,,,,Missa votiva omnimoda,15009010,PRLG,MASS,https://musicahispanica.eu/source/20175,,Alleluia reddam deo hostiam laudis alleluia alleluia alleluia ,,,,,,SEMM,0
,,https://musicahispanica.eu/chant/22019,Alleluia reddam deo hostiam laudis alleluia ,h00065,,,,E-SI (Santo Domingo de Silos) MS 4,,292r,,,,Missa in gratiarum actione pro expulsa tribulatione vel egritudine et reddit prosperitate atque salute,15009080,PRLG,MASS,https://musicahispanica.eu/source/21404,,Alleluia reddam deo hostiam laudis alleluia alleluia alleluia,,,,,,SEMM,0
,,https://musicahispanica.eu/chant/66656,Deus canticum novum,h00695,*,,,E-L (León) Ms 8,,236v,,,,Decoll. Jo. Bapt.,14082900,PRLG,MASS,https://musicahispanica.eu/source/20175,,Deus canticum novum,,,,,,SEMM,0
,,https://musicahispanica.eu/chant/101070,Deus canticum novum *,h00695,,,,GB-Lbl (London) Add MS 30845,,113v,,,,Decoll. Jo. Bapt.,14082900,PRLG,MASS,https://musicahispanica.eu/source/20196,,Deus canticum novum *,,,,,,SEMM,0
,,https://musicahispanica.eu/chant/64071,In petra exaltavit,h00729,*,,,E-L (León) Ms 8,,104r,,,,Cathedra Petri,14022200,PRLG,MASS,https://musicahispanica.eu/source/20175,,In petra exaltavit,,,,,,SEMM,0
,,https://musicahispanica.eu/chant/84341,In petra exaltavit *,h00729,,,,E-Zfm (Zaragoza) Ms-418,,007r,,,,Cathedra Petri,14022200,PRLG,MASS,https://musicahispanica.eu/source/20192,,In petra exaltavit *,,,,,,SEMM,0
,,https://musicahispanica.eu/chant/67465,Viri Jerusalem exite et videte principem ,h00762,,,,E-L (León) Ms 8,,272v,,,,Ordinatione sive natalicio regis,,ANT,MASS,https://musicahispanica.eu/source/20175,,Viri Jerusalem exite et videte principem cum coronam quia coronavit eum dominus in die sollemnitatis et laetitiae alleluia ,,,,,,SEMM,0
,,https://musicahispanica.eu/chant/69799,Dominus regnavit alleluia decorem induit alleluia ,h00267.2,,,,E-Tc (Toledo) 35.4,,101v,,,,Dom. 3 Quotidiano,,PRLG,MASS,https://musicahispanica.eu/source/20185,,Dominus regnavit alleluia decorem induit alleluia alleluia,,,,,,SEMM,0
,,https://musicahispanica.eu/chant/64724,Humiliavi in jejunio animam meam et ,h00725,,,,E-L (León) Ms 8,,132v,,,,Dom. 3 Quadragesimae,07031000,PRLG,MASS,https://musicahispanica.eu/source/20175,,Humiliavi in jejunio animam meam et factum est mihi in opprobrium adversum me exercebantur qui sedebant in porta,,,,,,SEMM,0
,,https://musicahispanica.eu/chant/63316,Alleluia Christi generatio sic erat cum ,h00670,,,,E-L (León) Ms 8,,060v,,,,Exspectationis BMV,14121810,PRLG,MASS,https://musicahispanica.eu/source/20175,,Alleluia Christi generatio sic erat cum esset disponsata mater ejus Maria a Joseph antequam conveniret inventa est in utero habens de spiritu sancto alleluia ,,,,,,SEMM,0
,,https://musicahispanica.eu/chant/72319,Alleluia Christi generatio sic erat cum ,h00670,,,,E-Mh (Madrid) Cod. 30,,097r,,,,Assumptio Mariae (Hispanic rite),,PRLG,MASS,https://musicahispanica.eu/source/20176,,Alleluia Christi generatio sic erat cum esset disponsata mater ejus Maria a Joseph antequam conveniret inventa est in utero habens de spiritu sancto alleluia,,,,,,SEMM,0
,,https://musicahispanica.eu/chant/52310,Alleluia Christi generatio sic erat cum ,h00670,,,,E-Tc (Toledo) 35.7,,035v,,,,Assumptio Mariae (Hispanic rite),,PRLG,MASS,https://musicahispanica.eu/source/20188,,Alleluia Christi generatio sic erat cum esset desponsata mater ejus Maria a Joseph antequam convenirent inventa est in utero habens de spiritu sancto alleluia,,,,,,SEMM,0
,,https://musicahispanica.eu/chant/74789,Alleluia Christi generatio sic erat cum ,h00670,*,,,GB-Lbl (London) Add MS 30844,,038v,,,,Exspectationis BMV,14121810,PRLG,MASS,https://musicahispanica.eu/source/20201,,Alleluia Christi generatio sic erat cum esset disponsata mater ejus Maria a Joseph antequam conveniret inventa est in utero habens de spiritu sancto alleluia,,,,,,SEMM,0
,,https://musicahispanica.eu/chant/40742,Ecce nunc tempus acceptabile alleluia ecce ,h00714,,,,E-Tc (Toledo) 35.5,1,002r,,,,Dom. 1 Quadragesimae,07011000,PRLG,MASS,https://musicahispanica.eu/source/20186,,Ecce nunc tempus acceptabile alleluia ecce nunc dies salutis alleluia,,,,,,SEMM,0
,,https://musicahispanica.eu/chant/64930,Dies quinta decima sancta erit vobis ,h00699,,,,E-L (León) Ms 8,,143v,,,,Dom. 4 Quadragesimae,07041000,PRLG,MASS,https://musicahispanica.eu/source/20175,,Dies quinta decima sancta erit vobis et offerentis holocausta deo vestro,,,,,,SEMM,0
,,https://musicahispanica.eu/chant/21726,Respice in me deus et miserere ,h00040,,,,E-SI (Santo Domingo de Silos) MS 4,,262v,,,,Pro uno paenitente,16038010,PRLG,MASS,https://musicahispanica.eu/source/21404,,Respice in me deus et miserere mei alleluia alleluia,,,,,,SEMM,0
,,https://musicahispanica.eu/chant/63507,Alleluia Benedictus qui venit alleluia in ,g02769,,,,E-L (León) Ms 8,,071v,,,,Nativitas Domini,02122500,PRLG,MASS,https://musicahispanica.eu/source/20175,,Alleluia Benedictus qui venit alleluia in nomine domini alleluia alleluia ,,,,,,SEMM,0
,,https://musicahispanica.eu/chant/20060,Alleluia benedictus qui venit alleluia in ,g02769,,,,E-Mn (Madrid) MSS/10001 (flyleaves),,002r,,,,In tempore Adventus,01000000,PRLG,MASS,https://musicahispanica.eu/source/20036,,Alleluia benedictus qui venit alleluia in nomine domini alleluia alleluia,,,,,,SEMM,0
,,https://musicahispanica.eu/chant/55606,Alleluia benedictus qui venit alleluia in ,g02769,,,,E-Tc (Toledo) 35.7,,067r,,,,Nativitas Domini,02122500,PRLG,MASS,https://musicahispanica.eu/source/20188,,Alleluia benedictus qui venit alleluia in nomine domini alleluia alleluia,,,,,,SEMM,0
,,https://musicahispanica.eu/chant/74907,Alleluia Benedictus qui venit alleluia in ,g02769,*,,,GB-Lbl (London) Add MS 30844,,068v,,,,Nativitas Domini,02122500,PRLG,MASS,https://musicahispanica.eu/source/20201,,Alleluia Benedictus qui venit alleluia in nomine domini alleluia alleluia,,,,,,SEMM,0
,,https://musicahispanica.eu/chant/71167,Inclina domine aurem tuam et exaudi ,h00071,,,,E-Mh (Madrid) Cod. 56,,118v,,,,Missa votiva singularis,15009011,PRLG,MASS,https://musicahispanica.eu/source/70790,,Inclina domine aurem tuam et exaudi verba mea alleluia alleluia,,,,,,SEMM,0
,,https://musicahispanica.eu/chant/71841,Inclina domine aurem tuam et exaudi ,h00071,*,,,E-SI (Santo Domingo de Silos) MS 3,,067r,,,,Missa votiva singularis,15009011,PRLG,MASS,https://musicahispanica.eu/source/20177,,Inclina domine aurem tuam et exaudi verba mea alleluia alleluia,,,,,,SEMM,0
,,https://musicahispanica.eu/chant/71847,Inclina*,h00071,,,,E-SI (Santo Domingo de Silos) MS 3,,070r,,,,Missa quam Sacerdos pro se dicere debeat,15009050,PRLG,MASS,https://musicahispanica.eu/source/20177,,Inclina*,,,,,,SEMM,0
,,https://musicahispanica.eu/chant/22000, Inclina domine ...,h00071,,,,E-SI (Santo Domingo de Silos) MS 4,,188r,,,,Missa quam Sacerdos pro se dicere debeat,15009050,PRLG,MASS,https://musicahispanica.eu/source/21404,, Inclina domine ...,,,,,,SEMM,0
,,https://musicahispanica.eu/chant/22423,Inclina domine aurem tuam et exaudi ,h00071,,,,E-SI (Santo Domingo de Silos) MS 4,,229r,,,,Missa votiva singularis,15009011,PRLG,MASS,https://musicahispanica.eu/source/21404,, Inclina domine aurem tuam et exaudi verba mea alleluia alleluia,,,,,,SEMM,0
,,https://musicahispanica.eu/chant/67646,Alleluia vota mea domino reddam alleluia ,h00681,,,,E-L (León) Ms 8,,280v,,,,Missa votiva omnimoda,15009010,PRLG,MASS,https://musicahispanica.eu/source/20175,,Alleluia vota mea domino reddam alleluia alleluia ,,,,,,SEMM,0
,,https://musicahispanica.eu/chant/65138,Cum appropinquaret dominus Jerosolymam misit duos ,h00747,,,,E-L (León) Ms 8,,153v,,,,Dom. in Palmis,07061000,PRLG,MASS,https://musicahispanica.eu/source/20175,,Cum appropinquaret dominus Jerosolymam misit duos ex discipulis suis dicens ite in castellum quod est contra vos invenietis pullum asine alligatum super quem nemo hominum sedit solvite et adducite mihi si quis vobis interrogaverit dicite ei opus domini est solventes adduxerunt ad Jesum imposuerunt illi vestimenta et sedit super eum alii expandebant vestimenta sua in via alii ramos de arboribus externebat et qui sequebantur clamabant osanna benedictus qui venit in nomine domini benedictum regnum patris nostri David osanna in excelsis miserere nobis fili David,,,,,,SEMM,0
,,https://musicahispanica.eu/chant/45613,In omni opere,h04566,,,,E-Tm (Toledo) número de inventario 1325,,001v,,,,Martini,14111100,PRLG,MASS,https://musicahispanica.eu/source/20190,,In omni opere,,,,,,SEMM,0
,,https://musicahispanica.eu/chant/63930,Alleluia eduxit sanctos dominus de tenebris ,h00674,,,,E-L (León) Ms 8,,095v,,,,"Fructuosi, Augurii et Eulogii",,PRLG,MASS,https://musicahispanica.eu/source/20175,,Alleluia eduxit sanctos dominus de tenebris et umbra mortis et vincula eorum disrupit alleluia alleluia alleluia ,,,,,,SEMM,0
,,https://musicahispanica.eu/chant/64723,Genua mea infirmata sunt a jejunio ,h00721,,,,E-L (León) Ms 8,,132v,,,,Dom. 3 Quadragesimae,07031000,PRLG,MASS,https://musicahispanica.eu/source/20175,,Genua mea infirmata sunt a jejunio et caro mea mutata est propter misericordiam et ego factus sum opprobrium illis,,,,,,SEMM,0
,,https://musicahispanica.eu/chant/66022,Quis sicut dominus deus noster alleluia ,h00529,,,,E-L (León) Ms 8,,202v,,,,Dom. p. Ascensionem,,PRLG,MASS,https://musicahispanica.eu/source/20175,,Quis sicut dominus deus noster alleluia qui in altis habitat alleluia et humilia respicit alleluia alleluia ,,,,,,SEMM,0
,,https://musicahispanica.eu/chant/62018,Quis sicut dominus deus noster alleluia ,h00529,,,,E-Tc (Toledo) 35.4,,067v,,,,Dom. p. Ascensionem,,PRLG,MASS,https://musicahispanica.eu/source/20185,,Quis sicut dominus deus noster alleluia qui in altis habitat alleluia et humilia respicit alleluia alleluia,,,,,,SEMM,0
,,https://musicahispanica.eu/chant/91966,Quis sicut dominus deus noster alleluia ,h00529,*,,,E-Tc (Toledo) 35.6,,101v,,,,Dom. p. Ascensionem,,PRLG,MASS,https://musicahispanica.eu/source/20187,,Quis sicut dominus deus noster alleluia qui in altis habitat alleluia et humilia respicit alleluia alleluia,,,,,,SEMM,0
,,https://musicahispanica.eu/chant/75336,Quis sicut dominus deus noster alleluia ,h00529,*,,,GB-Lbl (London) Add MS 30844,,168r,,,,Dom. p. Ascensionem,,PRLG,MASS,https://musicahispanica.eu/source/20201,,Quis sicut dominus deus noster alleluia qui in altis habitat alleluia et humilia respicit alleluia alleluia ,,,,,,SEMM,0
,,https://musicahispanica.eu/chant/83595,Quis sicut dominus deus noster alleluia ,h00529,*,,,GB-Lbl (London) Add MS 30846,,126v,,,,Dom. p. Ascensionem,,PRLG,MASS,https://musicahispanica.eu/source/20202,,Quis sicut dominus deus noster alleluia qui in altis habitat alleluia et humilia respicit alleluia alleluia alleluia ,,,,,,SEMM,0
,,https://musicahispanica.eu/chant/70516,Omnes gentes plaudite *,h00743,,,,E-Mh (Madrid) Cod. 30,,029r,,,,Dom. 1 Adventus,01011000,PRLG,MASS,https://musicahispanica.eu/source/20176,,Omnes gentes plaudite *,,,,,,SEMM,0
,,https://musicahispanica.eu/chant/99510,Quaere legem das uni ejus justi ,h04800,*,,,GB-Lbl (London) Add MS 30845,,053v,,,,Cucuphatis,14072530,PRLG,MASS,https://musicahispanica.eu/source/20196,,Quaere legem das uni ejus justi et psalmum et lauda,,,,,,SEMM,0
,,https://musicahispanica.eu/chant/100417,In memoria aeterna erit justus,h00772,*,,,GB-Lbl (London) Add MS 30845,,072v,,,,Mametis,,PRLG,MASS,https://musicahispanica.eu/source/20196,,In memoria aeterna erit justus,,,,,,SEMM,0
,,https://musicahispanica.eu/chant/64927,Locutus est dominus ad Moysem dicens ,h00739,,,,E-L (León) Ms 8,,143v,,,,Dom. 4 Quadragesimae,07041000,PRLG,MASS,https://musicahispanica.eu/source/20175,,Locutus est dominus ad Moysem dicens quarta decima die mensis hujus faciant filiis Israel pascha,,,,,,SEMM,0
,,https://musicahispanica.eu/chant/62870,Laetentur caeli et exsultet*,h00737,,,,E-L (León) Ms 8,,035r,,,,Dom. 1 Adventus,01011000,PRLG,MASS,https://musicahispanica.eu/source/20175,,Laetentur caeli et exsultet*,,,,,,SEMM,0
,,https://musicahispanica.eu/chant/63221,Dominus deus,h00706,*,,,E-L (León) Ms 8,,054v,,,,Dom. 4 Adventus,01041000,PRLG,MASS,https://musicahispanica.eu/source/20175,,Dominus deus,,,,,,SEMM,0
,,https://musicahispanica.eu/chant/67647,Miserere nobis domine alleluia miserere nobis ,h00030,,,,E-L (León) Ms 8,,280v,,,,Missa votiva omnimoda,15009010,PRLG,MASS,https://musicahispanica.eu/source/20175,,Miserere nobis domine alleluia miserere nobis alleluia alleluia ,,,,,,SEMM,0
,,https://musicahispanica.eu/chant/71178,Miserere nobis domine alleluia miserere nobis ,h00030,*,,,E-Mh (Madrid) Cod. 56,,134v,,,,Missa votiva omnimoda,15009010,PRLG,MASS,https://musicahispanica.eu/source/70790,,Miserere nobis domine alleluia miserere nobis alleluia alleluia,,,,,,SEMM,0
,,https://musicahispanica.eu/chant/71663,Miserere nobis domine alleluia miserere nobis ,h00030,*,,,E-SI (Santo Domingo de Silos) MS 3,,044r,,,,Missa votiva omnimoda,15009010,PRLG,MASS,https://musicahispanica.eu/source/20177,,Miserere nobis domine alleluia miserere nobis alleluia alleluia,,,,,,SEMM,0
,,https://musicahispanica.eu/chant/21610,Miserere nobis domine alleluia miserere nobis ,h00030,,,,E-SI (Santo Domingo de Silos) MS 4,,167v,,,,Missa votiva omnimoda,15009010,PRLG,MASS,https://musicahispanica.eu/source/21404,,Miserere nobis domine alleluia miserere nobis alleluia alleluia,,,,,,SEMM,0
,,https://musicahispanica.eu/chant/67378,Tollite hostias*,h00527,,,,E-L (León) Ms 8,,268v,,,,De Sacratione Baselice,,PRLG,MASS,https://musicahispanica.eu/source/20175,,Tollite hostias*,,,,,,SEMM,0
,,https://musicahispanica.eu/chant/61958,Tollite hostias et introite in atria ,h00527,,,,E-Tc (Toledo) 35.4,,053v,,,,Inventio Crucis,14050300,PRLG,MASS,https://musicahispanica.eu/source/20185,,Tollite hostias et introite in atria dei adorate dominum in nula sancta ejus commoventur a facie ejus universa terra dicite in nationibus alleuia alleluia,,,,,,SEMM,0
,,https://musicahispanica.eu/chant/91796,Tollite hostias et introite in atria ,h00527,*,,,E-Tc (Toledo) 35.6,,070r,,,,De Sancta Cruce,15011000,PRLG,MASS,https://musicahispanica.eu/source/20187,,Tollite hostias et introite in atria dei adorate dominum in aula sancta ejus commoveatur a facie ejus universa terra dicite in nationibus alleluia alleluia,,,,,,SEMM,0
,,https://musicahispanica.eu/chant/82915,Tollite hostias et introite in atria ,h00527,*,,,GB-Lbl (London) Add MS 30846,,098r,,,,Inventio Crucis,14050300,PRLG,MASS,https://musicahispanica.eu/source/20202,,Tollite hostias et introite in atria domini adorate dominum in aula sancta ejus commoveatur a facie ejus universa terra dicite in nationibus alleluia alleluia,,,,,,SEMM,0
,,https://musicahispanica.eu/chant/63867,Candidati sunt Nazaraei*,h00764,,,,E-L (León) Ms 8,,092r,,,,Allisionis Infantum,,PRLG,MASS,https://musicahispanica.eu/source/20175,,Candidati sunt Nazaraei*,,,,,,SEMM,0
,,https://musicahispanica.eu/chant/72801,Candidati sunt Nazaraei tui,h00764,,,,E-Mh (Madrid) Cod. 30,,184r,,,,Allisionis Infantum,,PRLG,MASS,https://musicahispanica.eu/source/20176,,Candidati sunt Nazaraei tui,,,,,,SEMM,0
,,https://musicahispanica.eu/chant/66605,De ore justi procedunt*,h00693,,,,E-L (León) Ms 8,,233v,,,,Augustini,14082800,PRLG,MASS,https://musicahispanica.eu/source/20175,,De ore justi procedunt*,,,,,,SEMM,0
,,https://musicahispanica.eu/chant/64536,State super vias et videte et ,h00755,,,,E-L (León) Ms 8,,124v,,,,Dom. 2 Quadragesimae,07021000,PRLG,MASS,https://musicahispanica.eu/source/20175,,State super vias et videte et interrogate itinera domini aeterna et videos quaesit via bona et ambulate in ea et inveni eos sanctificationem animabus vestris,,,,,,SEMM,0
,,https://musicahispanica.eu/chant/65139,Cum introires domine in sanctam civitatem ,h00749,,,,E-L (León) Ms 8,,153v,,,,Dom. in Palmis,07061000,PRLG,MASS,https://musicahispanica.eu/source/20175,,Cum introires domine in sanctam civitatem sedens super pullum asine festinans pervenire ad passionem ut adimpleres legem et prophetas pueri hebraeorum cum ramis et palmis vestimenta prosternebant cum laetitia hymnum novum cantantes osanna in altissimis deo,,,,,,SEMM,0
,,https://musicahispanica.eu/chant/64929,Dixit Moyses ad populum quarta decima ,h00702,,,,E-L (León) Ms 8,,143v,,,,Dom. 4 Quadragesimae,07041000,PRLG,MASS,https://musicahispanica.eu/source/20175,,Dixit Moyses ad populum quarta decima die mensis novorum celebrabitis pascha,,,,,,SEMM,0
,,https://musicahispanica.eu/chant/71211,Protege nos domine manu tua alleluia ,h00096,,,,E-Mh (Madrid) Cod. 56,,146r,,,,Pro tribulatione,16026000,PRLG,MASS,https://musicahispanica.eu/source/70790,,Protege nos domine manu tua alleluia et libera nos alleluia alleluia alleluia alleluia ,,,,,,SEMM,0
,,https://musicahispanica.eu/chant/71670,Protege nos domine manu tua alleluia ,h00096,,,,E-SI (Santo Domingo de Silos) MS 3,,047v,,,,Missa votiva pluralis,15009012,PRLG,MASS,https://musicahispanica.eu/source/20177,,Protege nos domine manu tua alleluia et libera nos alleluia alleluia alleluia alleluia ,,,,,,SEMM,0
,,https://musicahispanica.eu/chant/71869,Protege nos domine manu tua alleluia ,h00096,,,,E-SI (Santo Domingo de Silos) MS 3,,095r,,,,Pro iter agentibus,16030000,PRLG,MASS,https://musicahispanica.eu/source/20177,,Protege nos domine manu tua alleluia et libera nos alleluia alleluia alleluia alleluia ,,,,,,SEMM,0
,,https://musicahispanica.eu/chant/86602,Protege nos domine *,h00096,,,,E-SI (Santo Domingo de Silos) MS 3,,161r,,,,Fest. per annum,04000000,PRLG,MASS,https://musicahispanica.eu/source/20177,,Protege nos domine *,,,,,,SEMM,0
,,https://musicahispanica.eu/chant/21782,Protege nos domine manu tua alleluia ,h00096,,,,E-SI (Santo Domingo de Silos) MS 4,,255r,,,,Multorum in tribulatione,16026020,PRLG,MASS,https://musicahispanica.eu/source/21404,,Protege nos domine manu tua alleluia et libera nos alleluia alleluia alleluia alleluia ,,,,,,SEMM,0
,,https://musicahispanica.eu/chant/68676,Protege nos domine manu tua alleluia ,h00096,,,,E-SI (Santo Domingo de Silos) MS 6,,097v,,,,Dom. 5 p. Pent.,09051000,PRLG,MASS,https://musicahispanica.eu/source/20179,,Protege nos domine manu tua alleluia et libera nos alleluia alleluia alleluia alleluia ,,,,,,SEMM,0
,,https://musicahispanica.eu/chant/66385,Vos estis vasa sancta domino auro ,h00215,,,,E-L (León) Ms 8,,221r,,,,"Justae, Rufinae",,PRLG,MASS,https://musicahispanica.eu/source/20175,,Vos estis vasa sancta domino auro fulgentes alleluia (...) domino deo animas vestras alleluia alleluia ,,,,,,SEMM,0
,,https://musicahispanica.eu/chant/68817,Vos estis vasa sancta domino auro ,h00215,,,,E-SI (Santo Domingo de Silos) MS 6,,029r,,,,Commune unius Virginis,,PRLG,MASS,https://musicahispanica.eu/source/20179,,Vos estis vasa sancta domino auro fulgentes alleluia quia sponte obtulistis domino deo animas vestras alleluia alleluia,,,,,,SEMM,0
,,https://musicahispanica.eu/chant/92391,Vos estis vasa sancta domino auro ,h00215,*,,,E-Tc (Toledo) 35.6,,156r,,,,"Justae, Rufinae",,PRLG,MASS,https://musicahispanica.eu/source/20187,,Vos estis vasa sancta domino auro fulgentis alleluia quia sponte obtulistis domino deo animas vestras alleluia alleluia,,,,,,SEMM,0
,,https://musicahispanica.eu/chant/99171,Vos estis vasa sancta domino auro ,h00215,,,,GB-Lbl (London) Add MS 30845,,044r,,,,"Justae, Rufinae",,PRLG,MASS,https://musicahispanica.eu/source/20196,,Vos estis vasa sancta domino auro fulgentes alleluia nomen ejus quia sponte obtulistis domino deo animas vestras alleluia alleluia,,,,,,SEMM,0
,,https://musicahispanica.eu/chant/65781,Modo facta est salus et virtus ,h00523,,,,E-L (León) Ms 8,,190r,,,,Dom. 2 p. Pascha,08031000,PRLG,MASS,https://musicahispanica.eu/source/20175,,Modo facta est salus et virtus et regnum deo nostro et potestas Christi ejus quia confusus est accusator fratrum alleluia alleluia ,,,,,,SEMM,0
,,https://musicahispanica.eu/chant/115269,Modo facta est salus et virtus ,h00523,,,,E-Mh (Madrid) ms 9/4579,,001v,,,,Dom. 2 p. Pascha,08031000,PRLG,MASS,https://musicahispanica.eu/source/115262,,Modo facta est salus et virtus et regnum deo nostro et potestas Christi ejus quia confusus est accusator fratrum alleluia alleluia,,,,,,SEMM,0
,,https://musicahispanica.eu/chant/61842,Modo facta est salus et virtus ,h00523,,,,E-Tc (Toledo) 35.4,,025v,,,,Dom. 2 p. Pascha,08031000,PRLG,MASS,https://musicahispanica.eu/source/20185,,Modo facta est salus et virtus et regnum deo nostro et potestas Christi ejus quia confusus est accusator fratrum alleluia alleluia,,,,,,SEMM,0
,,https://musicahispanica.eu/chant/91596,Modo facta est salus et virtus ,h00523,*,,,E-Tc (Toledo) 35.6,,038r,,,,Dom. 2 p. Pascha,08031000,PRLG,MASS,https://musicahispanica.eu/source/20187,,Modo facta est salus et virtus deo nostro et potestas Christi ejus quia confusus est accusator fratrum alleluia alleluia,,,,,,SEMM,0
,,https://musicahispanica.eu/chant/67460,Intende prospere procede,h00733,,,,E-L (León) Ms 8,,272v,,,,Ordinatione sive natalicio regis,,PRLG,MASS,https://musicahispanica.eu/source/20175,,Intende prospere procede,,,,,,SEMM,0
,,https://musicahispanica.eu/chant/72049,Deus manifeste veniet et non,h00697,,,,E-Mh (Madrid) Cod. 30,,055r,,,,Dom. 3 Adventus,01031000,PRLG,MASS,https://musicahispanica.eu/source/20176,,Deus manifeste veniet et non,,,,,,SEMM,0
,,https://musicahispanica.eu/chant/63167,Rami mei rami*,h00751,,,,E-L (León) Ms 8,,051r,,,,Eulaliae Emeritensis,14121010,PRLG,MASS,https://musicahispanica.eu/source/20175,,Rami mei rami*,,,,,,SEMM,0
,,https://musicahispanica.eu/chant/72195,Rami mei rami odoris *,h00751,,,,E-Mh (Madrid) Cod. 30,,076r,,,,Eulaliae Emeritensis,14121010,PRLG,MASS,https://musicahispanica.eu/source/20176,,Rami mei rami odoris *,,,,,,SEMM,0
,,https://musicahispanica.eu/chant/73248,Vincenti dabo alleluia sedere mecum in ,h00760,,,,E-Mh (Madrid) Cod. 30,,209r,,,,Vincentii,14012200,PRLG,MASS,https://musicahispanica.eu/source/20176,,Vincenti dabo alleluia sedere mecum in throno meo alleluia alleluia,,,,,,SEMM,0
,,https://musicahispanica.eu/chant/84207,Vincenti dabo alleluia sedere mecum in ,h00760,,,,E-Zfm (Zaragoza) Ms-418,,003v,,,,Vincentii,14012200,PRLG,MASS,https://musicahispanica.eu/source/20192,,Vincenti dabo alleluia sedere mecum in throno meo alleluia alleluia,,,,,,SEMM,0
,,https://musicahispanica.eu/chant/67578,In loco viride domine ibi me ,h00727,,,,E-L (León) Ms 8,,278r,,,,De uno defuncto,13009000,PRLG,MASS,https://musicahispanica.eu/source/20175,,In loco viride domine ibi me colloca super aquam refectionis edoca me anima meam ibi converte alleluia alleluia ,,,,,,SEMM,0
,,https://musicahispanica.eu/chant/64349,Elevavi faciem meam ad dominum deum ,h00716,,,,E-L (León) Ms 8,,117r,,,,Dom. 1 Quadragesimae,07011000,PRLG,MASS,https://musicahispanica.eu/source/20175,,Elevavi faciem meam ad dominum deum ut invenirem orationem et misericordiam in jejuniis oravi dominum deum et dixi tu es domine deus magnus et mirabilis qui conservas testamentum tuum diligentibus legem tuam,,,,,,SEMM,0
,,https://musicahispanica.eu/chant/44056,Cum audissent turbae quae venerunt ad ,h00748.1,,,,E-Tc (Toledo) 35.5,2,113r,,,,Dom. in Palmis,07061000,PRLGV,MASS,https://musicahispanica.eu/source/20186,,Cum audissent turbae quae venerunt ad diem festum quia venit Jesus Christus acceperunt ramos palmarum et exierunt obviam ei et clamabant ossana benedictus qui venit in nomine domini,,,,,,SEMM,0
,,https://musicahispanica.eu/chant/84470,Splendore repleti *,h00774,,,,E-Zfm (Zaragoza) Ms-418,,008r,,,,"Emeterii, Celedonii",,PRLG,MASS,https://musicahispanica.eu/source/20192,,Splendore repleti *,,,,,,SEMM,0
,,https://musicahispanica.eu/chant/64350,Desideramus te dominum deum nostrum et ,h04394,,,,E-L (León) Ms 8,,117r,,,,Dom. 1 Quadragesimae,07011000,PRLG,MASS,https://musicahispanica.eu/source/20175,,Desideramus te dominum deum nostrum et timemus te quoniam quis deus similis tibi auferens iniquitatem et mundans peccata reliquiarum Israel,,,,,,SEMM,0
,,https://musicahispanica.eu/chant/67463,Praevenisti eum domine in benedictione dulcedinis ,h00745,,,,E-L (León) Ms 8,,272v,,,,Ordinatione sive natalicio regis,,PRLG,MASS,https://musicahispanica.eu/source/20175,,Praevenisti eum domine in benedictione dulcedinis posuisti in capite ejus coronam de lapide pretioso vitam petiit da domine in longitudine dierum,,,,,,SEMM,0
,,https://musicahispanica.eu/chant/45599,Dabo sanctis meis primam sessionem alleluia ,h04564,,,,E-Tm (Toledo) número de inventario 1325,,020r,,,,"Petri, Pauli",14062900,LDS,MASS,https://musicahispanica.eu/source/20190,,Dabo sanctis meis primam sessionem alleluia in resurrectione eterna et requiram illos in gaudio meo et lux perpetua lucebit eis alleluia et in eternitas temporum preparata est alleluia alleluia,,,,,,SEMM,0
,,https://musicahispanica.eu/chant/62999,Ante lucem praeparatus,h00683,*,,,E-L (León) Ms 8,,042r,,,,Dom. 2 Adventus,01021000,PRLG,MASS,https://musicahispanica.eu/source/20175,,Ante lucem praeparatus,,,,,,SEMM,0
,,https://musicahispanica.eu/chant/86685,Fac cum servis tuis domine misericordiam ,h00073,,,,E-SI (Santo Domingo de Silos) MS 3,,177v,,,,Pro defunctis,13001000,PRLG,MASS,https://musicahispanica.eu/source/20177,,Fac cum servis tuis domine misericordiam alleluia alleluia,,,,,,SEMM,0
,,https://musicahispanica.eu/chant/21823,Fac cum servis tuis domine misericordiam ,h00073,,,,E-SI (Santo Domingo de Silos) MS 4,,326r,,,,Pro defunctis,13001000,PRLG,MASS,https://musicahispanica.eu/source/21404,,Fac cum servis tuis domine misericordiam alleluia alleluia,,,,,,SEMM,0
,,https://musicahispanica.eu/chant/70164,Fiat domine misericordia tua super nos ,h00533,,,,E-Tc (Toledo) 35.4,,114r,,,,Dom. 6 Quotidiano,,PRLG,MASS,https://musicahispanica.eu/source/20185,,Fiat domine misericordia tua super nos alleluia sicut speravimus in te alleluia alleluia,,,,,,SEMM,0
,,https://musicahispanica.eu/chant/67636,Alleluia fac cum servis tuis secundum ,h00676,,,,E-L (León) Ms 8,,280r,,,,Pro defunctis,13001000,PRLG,MASS,https://musicahispanica.eu/source/20175,,Alleluia fac cum servis tuis secundum misericordiam tuam alleluia alleluia alleluia ,,,,,,SEMM,0
,,https://musicahispanica.eu/chant/71209,Veniat super nos misericordia tua domine,h00759,,,,E-Mh (Madrid) Cod. 56,,141v,,,,Missa votiva pluralis,15009012,PRLG,MASS,https://musicahispanica.eu/source/70790,,Veniat super nos misericordia tua domine,,,,,,SEMM,0
,,https://musicahispanica.eu/chant/63123,Ego in saecula*,h00205,,,,E-L (León) Ms 8,,049r,,,,Leocadiae,14120920,PRLG,MASS,https://musicahispanica.eu/source/20175,,Ego in saecula*,,,,,,SEMM,0
,,https://musicahispanica.eu/chant/67045,Ego in saecula gaudebo*,h00205,,,,E-L (León) Ms 8,,252r,,,,Comm. unius Virginis Confessoris,,PRLG,MASS,https://musicahispanica.eu/source/20175,,Ego in saecula gaudebo*,,,,,,SEMM,0
,,https://musicahispanica.eu/chant/72141,Ego in saecula gaudebo alleluia *,h00205,*,,,E-Mh (Madrid) Cod. 30,,064v,,,,Leocadiae,14120920,PRLG,MASS,https://musicahispanica.eu/source/20176,,Ego in saecula gaudebo alleluia *,,,,,,SEMM,0
,,https://musicahispanica.eu/chant/68771,Ego in saecula …,h00205,,,,E-SI (Santo Domingo de Silos) MS 6,,020v,,,,Comm. unius Confessoris,12004000,PRLG,MASS,https://musicahispanica.eu/source/20179,,Ego in saecula …,,,,,,SEMM,0
,,https://musicahispanica.eu/chant/101578,Ego in saecula gaudebo alleluia confitebor ,h00205,,,,GB-Lbl (London) Add MS 30845,,141r,,,,Martini,14111100,PRLG,MASS,https://musicahispanica.eu/source/20196,,Ego in saecula gaudebo alleluia confitebor alleluia et psallam deo alleluia alleluia,,,,,,SEMM,0
,,https://musicahispanica.eu/chant/101692,Ego in saecula *,h00205,*,,,GB-Lbl (London) Add MS 30845,,146r,,,,Aemiliani Cucullati,14111220,PRLG,MASS,https://musicahispanica.eu/source/20196,,Ego in saecula *,,,,,,SEMM,0
,,https://musicahispanica.eu/chant/101743,Ego in saecula *,h00205,*,,,GB-Lbl (London) Add MS 30845,,150v,,,,Transl. Saturnini,,PRLG,MASS,https://musicahispanica.eu/source/20196,,Ego in saecula *,,,,,,SEMM,0
,,https://musicahispanica.eu/chant/98702,Gloria justorum *,h00768,,,,GB-Lbl (London) Add MS 30845,,010v,,,,Adriani,14091000,PRLG,MASS,https://musicahispanica.eu/source/20196,,Gloria justorum *,,,,,,SEMM,0
,,https://musicahispanica.eu/chant/65522,Noli flere Maria*,h00741,,,,E-L (León) Ms 8,,176v,,,,Dom. Resurrectionis,08011000,PRLG,MASS,https://musicahispanica.eu/source/20175,,Noli flere Maria*,,,,,,SEMM,0
,,https://musicahispanica.eu/chant/80041,Noli flere Maria alleluia,h00741,*,,,GB-Lbl (London) Add MS 30846,,003v,,,,Fer. 2 p. Pascha,08012000,PRLG,MASS,https://musicahispanica.eu/source/20202,,Noli flere Maria alleluia,,,,,,SEMM,0
,,https://musicahispanica.eu/chant/80097,Noli flere Maria *,h00741,*,,,GB-Lbl (London) Add MS 30846,,009v,,,,Fer. 3 p. Pascha,08013000,PRLG,MASS,https://musicahispanica.eu/source/20202,,Noli flere Maria *,,,,,,SEMM,0
,,https://musicahispanica.eu/chant/80255,Noli flere Maria alleluia,h00741,*,,,GB-Lbl (London) Add MS 30846,,027v,,,,Fer. 5 p. Pascha,08015000,PRLG,MASS,https://musicahispanica.eu/source/20202,,Noli flere Maria alleluia,,,,,,SEMM,0
,,https://musicahispanica.eu/chant/80283,Noli flere Maria alleluia,h00741,*,,,GB-Lbl (London) Add MS 30846,,035r,,,,Fer. 6 p. Pascha,08016000,PRLG,MASS,https://musicahispanica.eu/source/20202,,Noli flere Maria alleluia,,,,,,SEMM,0
,,https://musicahispanica.eu/chant/80334,Noli flere Maria alleluia,h00741,*,,,GB-Lbl (London) Add MS 30846,,041r,,,,Sabb. p. Oct. Pasch.,08027000,PRLG,MASS,https://musicahispanica.eu/source/20202,,Noli flere Maria alleluia,,,,,,SEMM,0
,,https://musicahispanica.eu/chant/62939,Beatus homo,h00687,*,,,E-L (León) Ms 8,,039r,,,,Saturnini,14112900,PRLG,MASS,https://musicahispanica.eu/source/20175,,Beatus homo,,,,,,SEMM,0
,,https://musicahispanica.eu/chant/71337,Beatus homo quem tu erudierus deus ,h00687,,,,E-Mh (Madrid) Cod. 30,,039r,,,,Saturnini,14112900,PRLG,MASS,https://musicahispanica.eu/source/20176,,Beatus homo quem tu erudierus deus alleluia et de lege tua docueris eum alleluia alleluia,,,,,,SEMM,0
,,https://musicahispanica.eu/chant/92516,Beatus homo quem tu erudieris deus ,h00687,,,,E-Tc (Toledo) 35.6,,177v,,,,Cucuphatis,14072530,PRLG,MASS,https://musicahispanica.eu/source/20187,,Beatus homo quem tu erudieris deus alleluia*,,,,,,SEMM,0
,,https://musicahispanica.eu/chant/55715,Beatus homo quem tu erudieris deus ,h00687,,,,E-Tc (Toledo) 35.7,,078r,,,,Stephani,02122600,PRLG,MASS,https://musicahispanica.eu/source/20188,,Beatus homo quem tu erudieris deus alleluia et de lege tua docueris eum alleluia alleluia.,,,,,,SEMM,0
,,https://musicahispanica.eu/chant/74956,Beatus homo quem tu erudieris deus ,h00687,*,,,GB-Lbl (London) Add MS 30844,,076r,,,,Stephani,02122600,PRLG,MASS,https://musicahispanica.eu/source/20201,,Beatus homo quem tu erudieris deus alleluia et de lege tua docueris eum alleluia alleluia,,,,,,SEMM,0
,,https://musicahispanica.eu/chant/100830,Beatus homo quem tu *,h00687,*,,,GB-Lbl (London) Add MS 30845,,101v,,,,Augustini,14082800,PRLG,MASS,https://musicahispanica.eu/source/20196,,Beatus homo quem tu *,,,,,,SEMM,0
,,https://musicahispanica.eu/chant/68033,Dominus regnavit decorem induit alleluia ,h00267,,,,E-L (León) Ms 8,,297r,,,,Dom. Quotidiano,,PRLG,MASS,https://musicahispanica.eu/source/20175,,Dominus regnavit decorem induit alleluia ,,,,,,SEMM,0
,,https://musicahispanica.eu/chant/68034,Dominus regnavit decorem induit alleluia ,h00267,,,,E-L (León) Ms 8,,297r,,,,Dom. Quotidiano,,PRLG,MASS,https://musicahispanica.eu/source/20175,,Dominus regnavit decorem induit alleluia ,,,,,,SEMM,0
,,https://musicahispanica.eu/chant/68035,Dominus regnavit decorem induit alleluia ,h00267,,,,E-L (León) Ms 8,,297r,,,,Dom. Quotidiano,,PRLG,MASS,https://musicahispanica.eu/source/20175,,Dominus regnavit decorem induit alleluia ,,,,,,SEMM,0
,,https://musicahispanica.eu/chant/68036,Dominus regnavit decorem induit alleluia ,h00267,,,,E-L (León) Ms 8,,297r,,,,Dom. Quotidiano,,PRLG,MASS,https://musicahispanica.eu/source/20175,,Dominus regnavit decorem induit alleluia ,,,,,,SEMM,0
,,https://musicahispanica.eu/chant/68037,Dominus regnavit decorem induit alleluia ,h00267,,,,E-L (León) Ms 8,,297r,,,,Dom. Quotidiano,,PRLG,MASS,https://musicahispanica.eu/source/20175,,Dominus regnavit decorem induit alleluia ,,,,,,SEMM,0
,,https://musicahispanica.eu/chant/86590,Dominus regnavit decorem induit alleluia ,h00267,,,,E-SI (Santo Domingo de Silos) MS 3,,155v,,,,Fest. per annum,04000000,PRLG,MASS,https://musicahispanica.eu/source/20177,,Dominus regnavit decorem induit alleluia ,,,,,,SEMM,0
,,https://musicahispanica.eu/chant/68317,Dominus regnavit decorem induit alleluia …,h00267,,,,E-SI (Santo Domingo de Silos) MS 6,,050r,,,,Dom. 1 p. Pent.,09011010,PRLG,MASS,https://musicahispanica.eu/source/20179,,Dominus regnavit decorem induit alleluia …,,,,,,SEMM,0
,,https://musicahispanica.eu/chant/68581,Dominus regnavit decorem induit alleluia …,h00267,,,,E-SI (Santo Domingo de Silos) MS 6,,076r,,,,Dom. 3 p. Pent.,09031000,PRLG,MASS,https://musicahispanica.eu/source/20179,,Dominus regnavit decorem induit alleluia …,,,,,,SEMM,0
,,https://musicahispanica.eu/chant/68691,Dominus regnavit decorem induit alleluia …,h00267,,,,E-SI (Santo Domingo de Silos) MS 6,,064r,,,,Dom. 2 p. Pent.,09021000,PRLG,MASS,https://musicahispanica.eu/source/20179,,Dominus regnavit decorem induit alleluia …,,,,,,SEMM,0
,,https://musicahispanica.eu/chant/69777,Dominus regnavit decorem induit alleluia,h00267,,,,E-Tc (Toledo) 35.4,,096v,,,,Dom. 2 Quotidiano,,PRLG,MASS,https://musicahispanica.eu/source/20185,,Dominus regnavit decorem induit alleluia,,,,,,SEMM,0
,,https://musicahispanica.eu/chant/70702,Dominus regnavit*,h00267,,,,E-Tc (Toledo) 35.4,,127r,,,,Dom. 9 Quotidiano,,PRLG,MASS,https://musicahispanica.eu/source/20185,,Dominus regnavit*,,,,,,SEMM,0
,,https://musicahispanica.eu/chant/91736,Hilaritate perfusa est omnis terra alleluia ,h00770,*,,,E-Tc (Toledo) 35.6,,059r,,,,Dom. 4 p. Pascha,08051000,PRLG,MASS,https://musicahispanica.eu/source/20187,,Hilaritate perfusa est omnis terra alleluia vox sacerdotum et levitarum audita est alleluia incipite domino deo nostro in organis alleluia componite illi psalmum novum alleluia alleluia alleluia,,,,,,SEMM,0
,,https://musicahispanica.eu/chant/83263,Hilaritate perfusa est omnis terra alleluia ,h00770,*,,,GB-Lbl (London) Add MS 30846,,111v,,,,Dom. 4 p. Pascha,08051000,PRLG,MASS,https://musicahispanica.eu/source/20202,,Hilaritate perfusa est omnis terra alleluia vox sacerdotum et levitarum audita est alleluia incipite domino deo nostro in organis alleluia componite illi psalmum novum alleluia alleluia alleluia,,,,,,SEMM,0
,,https://musicahispanica.eu/chant/62976,Jam enim*,h00726,*,,,E-L (León) Ms 8,,041r,,,,Andreae,14113000,PRLG,MASS,https://musicahispanica.eu/source/20175,,Jam enim*,,,,,,SEMM,0
,,https://musicahispanica.eu/chant/69727,Alleluia dominus regnavit alleluia decorem induit ,h00267.1,,,,E-Tc (Toledo) 35.4,,086r,,,,Dom. 1 Quotidiano,,PRLG,MASS,https://musicahispanica.eu/source/20185,,Alleluia dominus regnavit alleluia decorem induit alleluia alleluia,,,,,,SEMM,0
,,https://musicahispanica.eu/chant/64138,Alleluia ecce tempus acceptabile et dies ,h00673,,,,E-L (León) Ms 8,,107v,,,,Carnes Tollendas,,PRLG,MASS,https://musicahispanica.eu/source/20175,,Alleluia ecce tempus acceptabile et dies salutis alleluia alleluia ,,,,,,SEMM,0
,,https://musicahispanica.eu/chant/72233,Exsultavit solitudo ,h00717,*,,,E-Mh (Madrid) Cod. 30,,082r,,,,Dom. 4 Adventus,01041000,PRLG,MASS,https://musicahispanica.eu/source/20176,,Exsultavit solitudo ,,,,,,SEMM,0
,,https://musicahispanica.eu/chant/84930,Ecce intelleget *,h04565,*,,,E-SI (Santo Domingo de Silos) MS 5,,079v,,,,Martini,14111100,PRLG,MASS,https://musicahispanica.eu/source/20178,,Ecce intelleget *,,,,,,SEMM,0
,,https://musicahispanica.eu/chant/67352,Ornaverunt faciem templi coronis aureis et ,h00744,,,,E-L (León) Ms 8,,267v,,,,De Sacratione Baselice,,PRLG,MASS,https://musicahispanica.eu/source/20175,,Ornaverunt faciem templi coronis aureis et facta est laetitia magna in populo statuerunt celebrare diem dedicationis altaris domini alleluia ,,,,,,SEMM,0
,,https://musicahispanica.eu/chant/21822,Ne in ira tua arguas me ,h00072,,,,E-SI (Santo Domingo de Silos) MS 4,,278r,,,,Ordo votivo energumeno id est daemonia sustinens,16041010,PRLG,MASS,https://musicahispanica.eu/source/21404,,Ne in ira tua arguas me domine,,,,,,SEMM,0
,,https://musicahispanica.eu/chant/65141,Amen dico vobis quia hoc ungento ,h00682,,,,E-L (León) Ms 8,,154r,,,,Dom. in Palmis,07061000,PRLG,MASS,https://musicahispanica.eu/source/20175,,Amen dico vobis quia hoc ungento quo unxit Maria corpus meum ad sepeliendum me fecit haec narrabitur in generationes saeculorum,,,,,,SEMM,0
,,https://musicahispanica.eu/chant/67462,Unxit te dominus deus tuus,h00758,*,,,E-L (León) Ms 8,,272v,,,,Ordinatione sive natalicio regis,,PRLG,MASS,https://musicahispanica.eu/source/20175,,Unxit te dominus deus tuus,,,,,,SEMM,0
,,https://musicahispanica.eu/chant/65143,Gloria in excelsis deo et in ,h00722,,,,E-L (León) Ms 8,,154r,,,,Dom. in Palmis,07061000,PRLG,MASS,https://musicahispanica.eu/source/20175,,Gloria in excelsis deo et in terra pax hominibus bonae voluntatis osanna filii David benedictus qui venit in nomine domini,,,,,,SEMM,0
,,https://musicahispanica.eu/chant/44057,Gloria in excelsis deo et in ,h00722,,,,E-Tc (Toledo) 35.5,3,113v,,,,Dom. in Palmis,07061000,PRLGV,MASS,https://musicahispanica.eu/source/20186,,Gloria in excelsis deo et in terra pax hominibus bone voluntatis hosanna fili David benedictus qui venit in nomine domini,,,,,,SEMM,0
,,https://musicahispanica.eu/chant/86303,Gloriam et magnum decorem impones super ,h00769,,,,E-SI (Santo Domingo de Silos) MS 3,,122v,,,,De uno justi,,PRLG,MASS,https://musicahispanica.eu/source/20177,,Gloriam et magnum decorem impones super eum alleluia et dabo eum in benedictione in saeculum saeculi alleluia alleluia,,,,,,SEMM,0
,,https://musicahispanica.eu/chant/67410,Magna erit claritas,h00740,*,,,E-L (León) Ms 8,,269v,,,,De Restauratione Baselicae,,PRLG,MASS,https://musicahispanica.eu/source/20175,,Magna erit claritas,,,,,,SEMM,0
,,https://musicahispanica.eu/chant/62790,Beati mundo corde quoniam ipsi deum ,h00686,,,,E-L (León) Ms 8,,031v,,,,Romani,14080900,PRLG,MASS,https://musicahispanica.eu/source/20175,,Beati mundo corde quoniam ipsi deum videbunt alleluia alleluia alleluia,,,,,,SEMM,0
,,https://musicahispanica.eu/chant/68888,Beati mundo corde quoniam ipsi deum ,h00686,,,,E-Mh (Madrid) Cod. 30,,012r,,,,Suff. Adventus,,PRLG,MASS,https://musicahispanica.eu/source/20176,,Beati mundo corde quoniam ipsi deum videbunt alleluia alleluia alleluia,,,,,,SEMM,0
,,https://musicahispanica.eu/chant/72767,Beati mundo corde *,h00686,*,,,E-Mh (Madrid) Cod. 30,,179r,,,,Juliani,14082810,PRLG,MASS,https://musicahispanica.eu/source/20176,,Beati mundo corde *,,,,,,SEMM,0
,,https://musicahispanica.eu/chant/73416,Beati mundo corde quoniam ipsi,h00686,*,,,E-Mh (Madrid) Cod. 30,,214v,,,,Tirsi,,PRLG,MASS,https://musicahispanica.eu/source/20176,,Beati mundo corde quoniam ipsi,,,,,,SEMM,0
,,https://musicahispanica.eu/chant/84225,Beati mundo corde *,h00686,,,,E-Zfm (Zaragoza) Ms-418,,004r,,,,Tirsi,,PRLG,MASS,https://musicahispanica.eu/source/20192,,Beati mundo corde *,,,,,,SEMM,0
,,https://musicahispanica.eu/chant/100943,Beati mundo corde *,h00686,,,,GB-Lbl (London) Add MS 30845,,110r,,,,Euphemiae,14091610,PRLG,MASS,https://musicahispanica.eu/source/20196,,Beati mundo corde *,,,,,,SEMM,0
,,https://musicahispanica.eu/chant/71081,Alleluia deus meus in te confido ,h00047,,,,E-Mh (Madrid) Cod. 56,,054v,,,,Missa quam Sacerdos pro se dicere debeat,15009050,PRLG,MASS,https://musicahispanica.eu/source/70790,,Alleluia deus meus in te confido non erubescam alleluia alleluia,,,,,,SEMM,0
,,https://musicahispanica.eu/chant/71091,Alleluia deus meus in te confido,h00047,*,,,E-Mh (Madrid) Cod. 56,,090v,,,,Missa votiva quam dicit Episcopus quando presbyterum ordinat,15009030,PRLG,MASS,https://musicahispanica.eu/source/70790,,Alleluia deus meus in te confido,,,,,,SEMM,0
,,https://musicahispanica.eu/chant/71096,Alleluia deus meus in te confido ,h00047,*,,,E-Mh (Madrid) Cod. 56,,106r,,,,Missa pro solo Episcopo dicenda,15009070,PRLG,MASS,https://musicahispanica.eu/source/70790,,Alleluia deus meus in te confido non erubescam,,,,,,SEMM,0
,,https://musicahispanica.eu/chant/21627,Alleluia deus meus in te confido ,h00047,,,,E-SI (Santo Domingo de Silos) MS 4,,178v,,,,Missa quam Sacerdos pro se dicere debeat digeritur hoc modo,15009040,PRLG,MASS,https://musicahispanica.eu/source/21404,,Alleluia deus meus in te confido non erubescam alleluia alleluia,,,,,,SEMM,0
,,https://musicahispanica.eu/chant/21672,Alleluia deus meus*,h00047,,,,E-SI (Santo Domingo de Silos) MS 4,,175r,,,,Missa votiva quam dicit Episcopus quando presbyterum ordinat,15009030,PRLG,MASS,https://musicahispanica.eu/source/21404,,Alleluia deus meus*,,,,,,SEMM,0
,,https://musicahispanica.eu/chant/22012,Alleluia deus meus in te confido ,h00047,,,,E-SI (Santo Domingo de Silos) MS 4,,210r,,,,Missa pro solo Episcopo dicenda,15009070,PRLG,MASS,https://musicahispanica.eu/source/21404,,Alleluia deus meus in te confido non erubescam alleluia alleluia,,,,,,SEMM,0
,,https://musicahispanica.eu/chant/59188,Alleluia deus meus in te confido ...,h00047,,,,E-SI (Santo Domingo de Silos) MS 4,,268r,,,,Pro paenitentibus,16038030,PRLG,MASS,https://musicahispanica.eu/source/21404,,Alleluia deus meus in te confido ...,,,,,,SEMM,0
,,https://musicahispanica.eu/chant/66409,In locum quem elegerit*,h00771,,,,E-L (León) Ms 8,,222v,,,,Primitis,,PRLG,MASS,https://musicahispanica.eu/source/20175,,In locum quem elegerit*,,,,,,SEMM,0
,,https://musicahispanica.eu/chant/99416,In locum quem elegerit,h00771,,,,GB-Lbl (London) Add MS 30845,,050r,,,,Primitis,,PRLG,MASS,https://musicahispanica.eu/source/20196,,In locum quem elegerit,,,,,,SEMM,0
,,https://musicahispanica.eu/chant/45576,Iste praecedet ante dominum in spiritu ,h00736,,,,E-Tm (Toledo) número de inventario 1325,,008v,,,,Joannis Baptistae,14062400,ANT,MASS,https://musicahispanica.eu/source/20190,,Iste praecedet ante dominum in spiritu et virtute Eliae ut convertat corda patrum in filios et incredibiles ad prudentiam justorum parare domino plebem perfecta,,,,,,SEMM,0
,,https://musicahispanica.eu/chant/70147,Domine virtutem populo tuo alleluia et ,h00707,,,,E-Tc (Toledo) 35.4,,109v,,,,Dom. 5 Quotidiano,,PRLG,MASS,https://musicahispanica.eu/source/20185,,Domine virtutem populo tuo alleluia et benedic plebi tuae in pace alleluia alleluia,,,,,,SEMM,0
,,https://musicahispanica.eu/chant/61896,Dicite in gentibus dominus regnavit a ,h00526,,,,E-Tc (Toledo) 35.4,,038v,,,,"Dom. 4 p. Pascha,8",08051008,PRLG,MASS,https://musicahispanica.eu/source/20185,,Dicite in gentibus dominus regnavit a ligno etenim correxit orbem terrae alleluia alleluia,,,,,,SEMM,0
,,https://musicahispanica.eu/chant/63975,Dedi te plebi murum*,h00765,,,,E-L (León) Ms 8,,099r,,,,Vincentii,14012200,PRLG,MASS,https://musicahispanica.eu/source/20175,,Dedi te plebi murum*,,,,,,SEMM,0
,,https://musicahispanica.eu/chant/21837,Alleluia domine salvum fac regem et ,h00029,,,,E-SI (Santo Domingo de Silos) MS 4,,217r,,,,Missa votiva de rege,15009020,PRLG,MASS,https://musicahispanica.eu/source/21404,,Alleluia domine salvum fac regem et exaudi nos in quacumque die invocaverimus te alleluia,,,,,,SEMM,0
,,https://musicahispanica.eu/chant/72376,Crescite in gratia*,h00692,,,,E-Mh (Madrid) Cod. 30,,104v,,,,Dom. 5 Adventus,,PRLG,MASS,https://musicahispanica.eu/source/20176,,Crescite in gratia*,,,,,,SEMM,0
,,https://musicahispanica.eu/chant/64538,Si dixerimus quia peccatum non habemus ,h00754,,,,E-L (León) Ms 8,,125r,,,,Dom. 2 Quadragesimae,07021000,PRLG,MASS,https://musicahispanica.eu/source/20175,,Si dixerimus quia peccatum non habemus nos ipsos reducimus et veritas in nobis non est si vero confiteamur delicta nostra fidelis est et justus ut remittat nobis peccata et mundet nos ab omni iniquitate,,,,,,SEMM,0
,,https://musicahispanica.eu/chant/65137,Cum audisset turba que venerat ad ,h00748,,,,E-L (León) Ms 8,,153v,,,,Dom. in Palmis,07061000,PRLG,MASS,https://musicahispanica.eu/source/20175,,Cum audisset turba que venerat ad diem festum quia venit Jesus Christus acceperunt ramos palmarum et exierunt obviam ei et clamabant osanna benedictus qui venit in nomine domini,,,,,,SEMM,0
,,https://musicahispanica.eu/chant/61825,Apparuit dominus januis clausis discipulis suis ,h00522,,,,E-Tc (Toledo) 35.4,,020v,,,,Octava Paschae,08021000,PRLG,MASS,https://musicahispanica.eu/source/20185,,Apparuit dominus januis clausis discipulis suis cum esset dominus unus non credidit ex eis Tomas mitte manum tuam in fixuras clavorum meorum et esto jam fidelis dominus meus et deus meus alleluia alleluia,,,,,,SEMM,0
,,https://musicahispanica.eu/chant/91554,Apparuit dominus januis clausis discipulis suis ,h00522,*,,,E-Tc (Toledo) 35.6,,030r,,,,Octava Paschae,08021000,PRLG,MASS,https://musicahispanica.eu/source/20187,,Apparuit dominus januis clausis discipulis suis cum esset dominus unus non credidit ex eis Tomas mitte manum tuam in fixuras clavorum meorum et esto jam fidelis dominus meus et deus meus alleluia alleluia,,,,,,SEMM,0
,,https://musicahispanica.eu/chant/80394,Apparuit dominus januis clausis discipulis suis ,h00522,*,,,GB-Lbl (London) Add MS 30846,,046r,,,,Octava Paschae,08021000,PRLG,MASS,https://musicahispanica.eu/source/20202,,Apparuit dominus januis clausis discipulis suis cum esset dominus unus non credidit ex eis Tomas mitte manum tuam in fixuras clavorum meorum et esto jam fidelis dominus meus et deus meus alleluia alleluia,,,,,,SEMM,0
,,https://musicahispanica.eu/chant/67431,Intellectum dabo tibi et instruam te ,h00732,,,,E-L (León) Ms 8,,270v,,,,In ordinatione sive natalitio aepiscoporum,,PRLG,MASS,https://musicahispanica.eu/source/20175,,Intellectum dabo tibi et instruam te alleluia in via qua egredieris firmabo super te oculos meos alleluia alleluia ,,,,,,SEMM,0
,,https://musicahispanica.eu/chant/64348,Deus deorum et dominus dominorum rex ,h00696,,,,E-L (León) Ms 8,,117r,,,,Dom. 1 Quadragesimae,07011000,PRLG,MASS,https://musicahispanica.eu/source/20175,,Deus deorum et dominus dominorum rex magnus et fortis et terribilis est qui personam non accipit nec munera facit judicium pupillo et viduae amat peregrinos et dat illis victum atque vestitum vos autem amate peregrinos,,,,,,SEMM,0
,,https://musicahispanica.eu/chant/64725,Cum mihi molesti essent induebam me ,h00750,,,,E-L (León) Ms 8,,132v,,,,Dom. 3 Quadragesimae,07031000,PRLG,MASS,https://musicahispanica.eu/source/20175,,Cum mihi molesti essent induebam me cilicio et humiliabam in jejunio animam meam,,,,,,SEMM,0
,,https://musicahispanica.eu/chant/86766,Virgo Israel expandi amictum meum super ,h00761,*,,,E-SI (Santo Domingo de Silos) MS 3,,186v,,,,Assumptio Mariae (Hispanic rite),,PRLG,MASS,https://musicahispanica.eu/source/20177,,Virgo Israel expandi amictum meum super te dicit dominus et induite stolam decoris alleluia alleluia alleluia,,,,,,SEMM,0
,,https://musicahispanica.eu/chant/100608,Virgo Israel expandi amictum meum super ,h00761,,,,GB-Lbl (London) Add MS 30845,,087r,,,,Assumptio Mariae (Hispanic rite),,PRLG,MASS,https://musicahispanica.eu/source/20196,,Virgo Israel expandi amictum meum super te dicit dominus et induite stolam decoris alleluia alleluia alleluia,,,,,,SEMM,0
