id,corpus_id,chantlink,incipit,cantus_id,mode,finalis,differentia,siglum,position,folio,sequence,marginalia,cao_concordances,feast,feast_code,genre,office,srclink,melody_id,full_text,full_text_manuscript,volpiano,notes,dataset_name,dataset_idx,db,image_link
,,https://musicahispanica.eu/chant/65831,Laudem dicite domino deo nostro omnes ,h00525b,,,,E-L (León) Ms 8,,192v,,,,Dom. 4 p. Pascha,08051000,PRLGV,MASS,https://musicahispanica.eu/source/20175,,Laudem dicite domino deo nostro omnes servi ejus et qui timeti eum pusilli et magni,,,,,,SEMM,0
,,https://musicahispanica.eu/chant/91668,Laudem dicite domino deo nostro omnes ,h00525b,*,,,E-Tc (Toledo) 35.6,,052r,,,,Dom. 3 p. Pascha,08041000,PRLGV,MASS,https://musicahispanica.eu/source/20187,,Laudem dicite domino deo nostro omnes servi ejus et qui timetis eum pusilli et magni ,,,,,,SEMM,0
,,https://musicahispanica.eu/chant/82943,Laudem dicite domino deo vestro omnes ,h00525b,*,,,GB-Lbl (London) Add MS 30846,,105v,,,,Dom. 3 p. Pascha,08041000,PRLGV,MASS,https://musicahispanica.eu/source/20202,,Laudem dicite domino deo vestro omnes servi ejus et qui timetis eum pusilli et magni,,,,,,SEMM,0
,,https://musicahispanica.eu/chant/22014,Verba mea...,h00061a,,,,E-SI (Santo Domingo de Silos) MS 4,,200r,,,,Missa quam Sacerdos pro se in tribulatione dicere debeat,15009060,PRLGV,MASS,https://musicahispanica.eu/source/21404,,Verba mea...,,,,,,SEMM,0
,,https://musicahispanica.eu/chant/89166,Domine in virtute*,h00745a,,,,E-L (León) Ms 8,,272v,,,,Ordinatione sive natalicio regis,,PRLGV,MASS,https://musicahispanica.eu/source/20175,,Domine in virtute*,,,,,,SEMM,0
,,https://musicahispanica.eu/chant/21727,Viam iniquitatis ...,h00040a,,,,E-SI (Santo Domingo de Silos) MS 4,,262v,,,,Pro uno paenitente,16038010,PRLGV,MASS,https://musicahispanica.eu/source/21404,,Viam iniquitatis ...,,,,,,SEMM,0
,,https://musicahispanica.eu/chant/63508,Hic est dies quem,g02769a,,,,E-L (León) Ms 8,,071v,,,,Nativitas Domini,02122500,PRLGV,MASS,https://musicahispanica.eu/source/20175,,Hic est dies quem,,,,,,SEMM,0
,,https://musicahispanica.eu/chant/74908,Hic est dies quem fecit dominus ,g02769a,*,,,GB-Lbl (London) Add MS 30844,,068v,,,,Nativitas Domini,02122500,PRLGV,MASS,https://musicahispanica.eu/source/20201,,Hic est dies quem fecit dominus exultemus et laetemur in eo,,,,,,SEMM,0
,,https://musicahispanica.eu/chant/74755,Induit dominus,h00267a,*,,,E-L (León) Ms 8,,297r,,,,Dom. Quotidiano,,PRLGV,MASS,https://musicahispanica.eu/source/20175,,Induit dominus,,,,,,SEMM,0
,,https://musicahispanica.eu/chant/86591,Induit dominus fortitudinem *,h00267a,*,,,E-SI (Santo Domingo de Silos) MS 3,,155v,,,,Fest. per annum,04000000,PRLGV,MASS,https://musicahispanica.eu/source/20177,,Induit dominus fortitudinem *,,,,,,SEMM,0
,,https://musicahispanica.eu/chant/68582,Induit dominus ...,h00267a,,,,E-SI (Santo Domingo de Silos) MS 6,,076r,,,,Dom. 3 p. Pent.,09031000,PRLGV,MASS,https://musicahispanica.eu/source/20179,,Induit dominus ...,,,,,,SEMM,0
,,https://musicahispanica.eu/chant/68692,Induit dominus fortitudinem ...,h00267a,,,,E-SI (Santo Domingo de Silos) MS 6,,064r,,,,Dom. 2 p. Pent.,09021000,PRLGV,MASS,https://musicahispanica.eu/source/20179,,Induit dominus fortitudinem ...,,,,,,SEMM,0
,,https://musicahispanica.eu/chant/108252,Induit dominus fortitudinem*,h00267a,,,,E-Tc (Toledo) 35.4,,086r,,,,Dom. 1 Quotidiano,,PRLGV,MASS,https://musicahispanica.eu/source/20185,,Induit dominus fortitudinem*,,,,,,SEMM,0
,,https://musicahispanica.eu/chant/108267,Induit dominus*,h00267a,,,,E-Tc (Toledo) 35.4,,101v,,,,Dom. 3 Quotidiano,,PRLGV,MASS,https://musicahispanica.eu/source/20185,,Induit dominus*,,,,,,SEMM,0
,,https://musicahispanica.eu/chant/108282,Memento nostri*,h00707a,,,,E-Tc (Toledo) 35.4,,109v,,,,Dom. 5 Quotidiano,,PRLGV,MASS,https://musicahispanica.eu/source/20185,,Memento nostri*,,,,,,SEMM,0
,,https://musicahispanica.eu/chant/74688,Deus deorum,h00696a,*,,,E-L (León) Ms 8,,117r,,,,Dom. 1 Quadragesimae,07011000,PRLGV,MASS,https://musicahispanica.eu/source/20175,,Deus deorum,,,,,,SEMM,0
,,https://musicahispanica.eu/chant/62977,Jucunditate*,h00726a,,,,E-L (León) Ms 8,,041r,,,,Andreae,14113000,PRLGV,MASS,https://musicahispanica.eu/source/20175,,Jucunditate*,,,,,,SEMM,0
,,https://musicahispanica.eu/chant/83596,Excelsus super omnem *,h00529b,*,,,GB-Lbl (London) Add MS 30846,,126v,,,,Dom. p. Ascensionem,,PRLGV,MASS,https://musicahispanica.eu/source/20202,,Excelsus super omnem *,,,,,,SEMM,0
,,https://musicahispanica.eu/chant/21891,Defecit in salutari ... ,h00090a,,,,E-SI (Santo Domingo de Silos) MS 4,,300v,,,,De uno defuncto,13009000,PRLGV,MASS,https://musicahispanica.eu/source/21404,,Defecit in salutari ... ,,,,,,SEMM,0
,,https://musicahispanica.eu/chant/65853,Et vidi et ecce agnus stabat ,h00671a,,,,E-L (León) Ms 8,,194r,,,,Dom. 5 p. Pascha,08061000,PRLGV,MASS,https://musicahispanica.eu/source/20175,,Et vidi et ecce agnus stabat super montem Sion et cum eo centum quadraginta quattuor milia habentes nomen ejus et nomen patris ejus scriptum in frontibus suis,,,,,,SEMM,0
,,https://musicahispanica.eu/chant/108135,Factum est regnum hujus mundi domini ,h00525f,,,,E-Tc (Toledo) 35.4,,034r,,,,"Dom. 3 p. Pascha,8",08041008,PRLGV,MASS,https://musicahispanica.eu/source/20185,,Factum est regnum hujus mundi domini nostri et Christi ejus et regnabit in saecula saeculorum,,,,,,SEMM,0
,,https://musicahispanica.eu/chant/62758,Vox laetitiae et salutis,h00753a,,,,E-L (León) Ms 8,,030r,,,,Aciscli,,PRLGV,MASS,https://musicahispanica.eu/source/20175,,Vox laetitiae et salutis,,,,,,SEMM,0
,,https://musicahispanica.eu/chant/68236,Vox laetitiae in tabernaculis ,h00753a,,,,E-Mh (Madrid) Cod. 30,,007r,,,,Aciscli,,PRLGV,MASS,https://musicahispanica.eu/source/20176,,Vox laetitiae in tabernaculis ,,,,,,SEMM,0
,,https://musicahispanica.eu/chant/71977,Vox laetitiae ,h00753a,*,,,E-SI (Santo Domingo de Silos) MS 3,,110bv,,,,De Sanctis,12015000,PRLGV,MASS,https://musicahispanica.eu/source/20177,,Vox laetitiae ,,,,,,SEMM,0
,,https://musicahispanica.eu/chant/75000,Vox laetitiae et salutis in tabernaculis ,h00753a,*,,,GB-Lbl (London) Add MS 30844,,090r,,,,Eugeniae,,PRLGV,MASS,https://musicahispanica.eu/source/20201,,Vox laetitiae et salutis in tabernaculis justorum et habita ,,,,,,SEMM,0
,,https://musicahispanica.eu/chant/65782,Sit nomen deus noster accipere gloriam ,h00523d,,,,E-L (León) Ms 8,,190r,,,,Dom. 2 p. Pascha,08031000,PRLGV,MASS,https://musicahispanica.eu/source/20175,,Sit nomen deus noster accipere gloriam et honorem et virtutem quia tu creasti omnia et propter voluntatem tuam erant et creata sunt,,,,,,SEMM,0
,,https://musicahispanica.eu/chant/71208,Deus in nomine*,h00680a,,,,E-Mh (Madrid) Cod. 56,,141v,,,,Missa votiva pluralis,15009012,PRLGV,MASS,https://musicahispanica.eu/source/70790,,Deus in nomine*,,,,,,SEMM,0
,,https://musicahispanica.eu/chant/65806,Gratias tibi agimus domine deus omnipotens ,h00524b,,,,E-L (León) Ms 8,,191r,,,,Dom. 3 p. Pascha,08041000,PRLGV,MASS,https://musicahispanica.eu/source/20175,,Gratias tibi agimus domine deus omnipotens qui es et qui eras qui accepisti virtutem tuam magnam et regnasti et irate sunt gentes et advenit ira tua et tempus mortuorum judicare et reddere mercedem servis tuis prophetis et sanctis et timentibus tuum pusilli et magni,,,,,,SEMM,0
,,https://musicahispanica.eu/chant/108126,Gratias tibi agimus domine deus omnipotens ,h00524b,,,,E-Tc (Toledo) 35.4,2,030r,,,,"Dom. 2 p. Pascha,8",08031008,PRLGV,MASS,https://musicahispanica.eu/source/20185,,Gratias tibi agimus domine deus omnipotens qui es et qui eras qui accepisti virtutem tua magnam et regnasti et iratae sunt gentes et advenit ira tua et tempus mortuorum indicari et reddere mercedem servis tuis prophetis et sanctis et timentibus nomen tuum pusilli et magni,,,,,,SEMM,0
,,https://musicahispanica.eu/chant/91627,Gratias tibi agimus domine deus noster ,h00524b,*,,,E-Tc (Toledo) 35.6,,044v,,,,Dom. 3 p. Pascha,08041000,PRLGV,MASS,https://musicahispanica.eu/source/20187,,Gratias tibi agimus domine deus noster omnipotens qui es et qui eras qui accepisti virtutem magnam et regnasti et iratae sunt gentes et advenit ira tua et tempus mortuorum judicari et reddere mercedem servis tuis prophetis et sanctis et timentibus nomen tuum pusilli et magni,,,,,,SEMM,0
,,https://musicahispanica.eu/chant/71856,O domine salvum me,h00094b,*,,,E-SI (Santo Domingo de Silos) MS 3,,074v,,,,Pro uno infirmo,16013020,PRLGV,MASS,https://musicahispanica.eu/source/20177,,O domine salvum me,,,,,,SEMM,0
,,https://musicahispanica.eu/chant/91673,Quae prima fuerunt abierunt ecce facio ,h00525j,*,,,E-Tc (Toledo) 35.6,,052r,,,,Dom. 3 p. Pascha,08041000,PRLGV,MASS,https://musicahispanica.eu/source/20187,,Quae prima fuerunt abierunt ecce facio nova ,,,,,,SEMM,0
,,https://musicahispanica.eu/chant/101579,Convertere *,h00205a,*,,,GB-Lbl (London) Add MS 30845,,141r,,,,Martini,14111100,PRLGV,MASS,https://musicahispanica.eu/source/20196,,Convertere *,,,,,,SEMM,0
,,https://musicahispanica.eu/chant/86304,Gloria et divitiae *,h00769a,*,,,E-SI (Santo Domingo de Silos) MS 3,,122v,,,,De uno justi,,PRLGV,MASS,https://musicahispanica.eu/source/20177,,Gloria et divitiae *,,,,,,SEMM,0
,,https://musicahispanica.eu/chant/88519,Sit nomen domini*,h00528b,,,,E-L (León) Ms 8,,200r,,,,Ascensio Domini,08065000,PRLGV,MASS,https://musicahispanica.eu/source/20175,,Sit nomen domini*,,,,,,SEMM,0
,,https://musicahispanica.eu/chant/84208,Sit nomen domini *,h00760b,*,,,E-Zfm (Zaragoza) Ms-418,,003v,,,,Vincentii,14012200,PRLGV,MASS,https://musicahispanica.eu/source/20192,,Sit nomen domini *,,,,,,SEMM,0
,,https://musicahispanica.eu/chant/89217,Convertere anima*,h00727a,,,,E-L (León) Ms 8,,278r,,,,De uno defuncto,13009000,PRLGV,MASS,https://musicahispanica.eu/source/20175,,Convertere anima*,,,,,,SEMM,0
,,https://musicahispanica.eu/chant/63317,Aspiciebam et ecce in nubibus caeli ,h00670a,,,,E-L (León) Ms 8,,060v,,,,Exspectationis BMV,14121810,PRLGV,MASS,https://musicahispanica.eu/source/20175,,Aspiciebam et ecce in nubibus caeli quasi filius hominis veniebat potestas ejus aeterna que non auferetur et regnum ejus quod non corrumpetur,,,,,,SEMM,0
,,https://musicahispanica.eu/chant/72320,Aspiciebam et ecce in nubibus caeli ,h00670a,,,,E-Mh (Madrid) Cod. 30,,097r,,,,Assumptio Mariae (Hispanic rite),,PRLGV,MASS,https://musicahispanica.eu/source/20176,,Aspiciebam et ecce in nubibus caeli quasi filius hominis veniebat potestas ejus aeterna que non auferetur et regnum ejus quod non corrumpetur,,,,,,SEMM,0
,,https://musicahispanica.eu/chant/102969,Aspiciebam et ecce in nubibus caeli ,h00670a,,,,E-Tc (Toledo) 35.7,,035v,,,,Assumptio Mariae (Hispanic rite),,PRLGV,MASS,https://musicahispanica.eu/source/20188,,Aspiciebam et ecce in nubibus caeli quasi filius hominis veniebat potestas ejus aeterna que non auferetur et regnum ejus quod non corrumpetur,,,,,,SEMM,0
,,https://musicahispanica.eu/chant/74790,Aspiciebam et ecce in nubibus caeli ,h00670a,*,,,GB-Lbl (London) Add MS 30844,,038v,,,,Exspectationis BMV,14121810,PRLGV,MASS,https://musicahispanica.eu/source/20201,,Aspiciebam et ecce in nubibus caeli quasi filius hominis veniebat potestas ejus aeterna que non auferetur et regnum ejus quod non corrumpetur,,,,,,SEMM,0
,,https://musicahispanica.eu/chant/91648,Quis non timebit domine et magnificabit ,h00524f,*,,,E-Tc (Toledo) 35.6,,044v,,,,Dom. 3 p. Pascha,08041000,PRLGV,MASS,https://musicahispanica.eu/source/20187,,Quis non timebit domine et magnificabit nomen tuum quia solus pius es quoniam omnes gentes venient et adorabunt in conspectu tuo quoniam judicia tua magnificata sunt ,,,,,,SEMM,0
,,https://musicahispanica.eu/chant/65752,Benedictio et claritas et sapientia et ,h00684b,,,,E-L (León) Ms 8,,188r,,,,Octava Paschae,08021000,PRLGV,MASS,https://musicahispanica.eu/source/20175,,Benedictio et claritas et sapientia et gratiarum actio et honor et fortitudo deo nostro in saecula saeculorum,,,,,,SEMM,0
,,https://musicahispanica.eu/chant/89247,Quia inclinavit*,h00681a,,,,E-L (León) Ms 8,,280v,,,,Missa votiva omnimoda,15009010,PRLGV,MASS,https://musicahispanica.eu/source/20175,,Quia inclinavit*,,,,,,SEMM,0
,,https://musicahispanica.eu/chant/79106,Sit nomen*,h00766a,,,,E-L (León) Ms 8,,088r,,,,Epiphania,05010600,PRLGV,MASS,https://musicahispanica.eu/source/20175,,Sit nomen*,,,,,,SEMM,0
,,https://musicahispanica.eu/chant/72727,Sit nomen domini *,h00766a,,,,E-Mh (Madrid) Cod. 30,,171r,,,,Epiphania,05010600,PRLGV,MASS,https://musicahispanica.eu/source/20176,,Sit nomen domini *,,,,,,SEMM,0
,,https://musicahispanica.eu/chant/65807,Nunc facta est salus et virtus ,h00524c,,,,E-L (León) Ms 8,,191v,,,,Dom. 3 p. Pascha,08041000,PRLGV,MASS,https://musicahispanica.eu/source/20175,,Nunc facta est salus et virtus et regnum deo et potestas Christi ejus quia projectus est accusator fratrum nostrorum qui accusabat illos ante conspectum domini nostri die ac nocte,,,,,,SEMM,0
,,https://musicahispanica.eu/chant/108127,Nunc facta est salus et virtus ,h00524c,,,,E-Tc (Toledo) 35.4,3,030r,,,,"Dom. 2 p. Pascha,8",08031008,PRLGV,MASS,https://musicahispanica.eu/source/20185,,Nunc facta est salus et virtus et regnum deo et potestas Christi ejus quia lectus est accusator fratrum nostrorum qui accusabat eos ante conspectum domini nostri die et nocte,,,,,,SEMM,0
,,https://musicahispanica.eu/chant/91646,Nunc facta est salus et virtus ,h00524c,*,,,E-Tc (Toledo) 35.6,,044v,,,,Dom. 3 p. Pascha,08041000,PRLGV,MASS,https://musicahispanica.eu/source/20187,,Nunc facta est salus et virtus et regnum deo et potestas Christi ejus quia pro lectus est accusator fratrum nostrorum qui accusabat illos ante conspectum domini nostri,,,,,,SEMM,0
,,https://musicahispanica.eu/chant/108103,Sedenti in throno et agno benedictio ,h00522a,,,,E-Tc (Toledo) 35.4,1,020v,,,,Octava Paschae,08021000,PRLGV,MASS,https://musicahispanica.eu/source/20185,,Sedenti in throno et agno benedictio et honor et gloria et potestas deo nostro in saecula saeculorum,,,,,,SEMM,0
,,https://musicahispanica.eu/chant/91556,Sedenti in throno et agno benedictio ,h00522a,*,,,E-Tc (Toledo) 35.6,,030r,,,,Octava Paschae,08021000,PRLGV,MASS,https://musicahispanica.eu/source/20187,,Sedenti in throno et agno benedictio et honor et gloria et potestas deo nostro in saecula saeculorum,,,,,,SEMM,0
,,https://musicahispanica.eu/chant/80395,Sedenti in throno et agno benedictio ,h00522a,*,,,GB-Lbl (London) Add MS 30846,,046r,,,,Octava Paschae,08021000,PRLGV,MASS,https://musicahispanica.eu/source/20202,,Sedenti in throno et agno benedictio et honor et gloria et potestas deo nostro in saecula saeculorum,,,,,,SEMM,0
,,https://musicahispanica.eu/chant/79039,Sit nomen*,h00669a,,,,E-L (León) Ms 8,,081r,,,,Circumcisio Domini,02010110,PRLGV,MASS,https://musicahispanica.eu/source/20175,,Sit nomen*,,,,,,SEMM,0
,,https://musicahispanica.eu/chant/72645,Sit nomen domini *,h00669a,,,,E-Mh (Madrid) Cod. 30,,154v,,,,Circumcisio Domini,02010110,PRLGV,MASS,https://musicahispanica.eu/source/20176,,Sit nomen domini *,,,,,,SEMM,0
,,https://musicahispanica.eu/chant/103049,Sit nomen domini bene*,h00669a,,,,E-Tc (Toledo) 35.7,,100v,,,,Circumcisio Domini,02010110,PRLGV,MASS,https://musicahispanica.eu/source/20188,,Sit nomen domini bene*,,,,,,SEMM,0
,,https://musicahispanica.eu/chant/75144,Sit nomen domini benedictum ex hoc ,h00669a,*,,,GB-Lbl (London) Add MS 30844,,116v,,,,Circumcisio Domini,02010110,PRLGV,MASS,https://musicahispanica.eu/source/20201,,Sit nomen domini benedictum ex hoc nunc et usque in saeculum,,,,,,SEMM,0
,,https://musicahispanica.eu/chant/71877,Defecit,h00694a,,,,E-SI (Santo Domingo de Silos) MS 3,,099v,,,,Pro defunctis Sacerdotibus,13011000,PRLGV,MASS,https://musicahispanica.eu/source/20177,,Defecit,,,,,,SEMM,0
,,https://musicahispanica.eu/chant/21887,Humiliatus sum usquequaque ...,h00088a,,,,E-SI (Santo Domingo de Silos) MS 4,,249v,,,,Unius in tribulatione,16026010,PRLGV,MASS,https://musicahispanica.eu/source/21404,,Humiliatus sum usquequaque ...,,,,,,SEMM,0
,,https://musicahispanica.eu/chant/74687,Jucundus,h00687b,*,,,E-Tc (Toledo) 35.7,,078r,,,,Stephani,02122600,PRLGV,MASS,https://musicahispanica.eu/source/20188,,Jucundus,,,,,,SEMM,0
,,https://musicahispanica.eu/chant/74957,Jucundus homo qui miseretur et commodat ,h00687b,*,,,GB-Lbl (London) Add MS 30844,,076r,,,,Stephani,02122600,PRLGV,MASS,https://musicahispanica.eu/source/20201,,Jucundus homo qui miseretur et commodat disponet sermones suos in judicio quia in aeternum non commovebitur,,,,,,SEMM,0
,,https://musicahispanica.eu/chant/88693,Sit nomen*,h00215b,,,,E-L (León) Ms 8,,221r,,,,"Justae, Rufinae",,PRLGV,MH,https://musicahispanica.eu/source/20175,,Sit nomen*,,,,,,SEMM,0
,,https://musicahispanica.eu/chant/92392,Sit nomen*,h00215b,,,,E-Tc (Toledo) 35.6,,156r,,,,"Justae, Rufinae",,PRLGV,MASS,https://musicahispanica.eu/source/20187,,Sit nomen*,,,,,,SEMM,0
,,https://musicahispanica.eu/chant/99172,Sit nomen *,h00215b,*,,,GB-Lbl (London) Add MS 30845,,044r,,,,"Justae, Rufinae",,PRLGV,MASS,https://musicahispanica.eu/source/20196,,Sit nomen *,,,,,,SEMM,0
,,https://musicahispanica.eu/chant/79271,Sit nomen*,h00673a,,,,E-L (León) Ms 8,,107v,,,,Carnes Tollendas,,PRLGV,MASS,https://musicahispanica.eu/source/20175,,Sit nomen*,,,,,,SEMM,0
,,https://musicahispanica.eu/chant/65753,Factum est regnum hujus mundi domini ,h00684c,*,,,E-L (León) Ms 8,,188r,,,,Octava Paschae,08021000,PRLGV,MASS,https://musicahispanica.eu/source/20175,,Factum est regnum hujus mundi domini nostri Jesu Christi et regnavit in saecula saeculorum,,,,,,SEMM,0
,,https://musicahispanica.eu/chant/83264,Laudate dominum omnes gentes,h00770a,*,,,GB-Lbl (London) Add MS 30846,,111v,,,,Dom. 4 p. Pascha,08051000,PRLGV,MASS,https://musicahispanica.eu/source/20202,,Laudate dominum omnes gentes,,,,,,SEMM,0
,,https://musicahispanica.eu/chant/91649,Alleluia salus et gloria et virtus ,h00524g,*,,,E-Tc (Toledo) 35.6,,045r,,,,Dom. 3 p. Pascha,08041000,PRLGV,MASS,https://musicahispanica.eu/source/20187,,Alleluia salus et gloria et virtus deo nostro quia vera et justa judicia ejus,,,,,,SEMM,0
,,https://musicahispanica.eu/chant/89150,Tibi dabo*,h00732a,,,,E-L (León) Ms 8,,270v,,,,In ordinatione sive natalitio aepiscoporum,,PRLGV,MASS,https://musicahispanica.eu/source/20175,,Tibi dabo*,,,,,,SEMM,0
,,https://musicahispanica.eu/chant/91669,Quoniam regnavit dominus deus noster omnipotens ,h00525c,*,,,E-Tc (Toledo) 35.6,,052r,,,,Dom. 3 p. Pascha,08041000,PRLGV,MASS,https://musicahispanica.eu/source/20187,,Quoniam regnavit dominus deus noster omnipotens gaudeamus et exsultemus et demus gloriam ei quoniam venerunt nuptiae agni et uxor ejus praeparavit te beati qui ad coenam nuptiarum agni vocati sunt,,,,,,SEMM,0
,,https://musicahispanica.eu/chant/82944,Quoniam regnavit dominus deus noster omnipotens ,h00525c,*,,,GB-Lbl (London) Add MS 30846,,105v,,,,Dom. 3 p. Pascha,08041000,PRLGV,MASS,https://musicahispanica.eu/source/20202,,Quoniam regnavit dominus deus noster omnipotens gaudeamus et exsultemus et demus gloriam nomini ejus quia venerunt nuptiae agni et uxor ejus praeparavit te beati qui ad cenam nuptiarum agni vocati sunt dominus,,,,,,SEMM,0
,,https://musicahispanica.eu/chant/74693,Canite in,h00699a,*,,,E-L (León) Ms 8,,143v,,,,Dom. 4 Quadragesimae,07041000,PRLGV,MASS,https://musicahispanica.eu/source/20175,,Canite in,,,,,,SEMM,0
,,https://musicahispanica.eu/chant/71671,Ut confiteamur,h00096b,,,,E-SI (Santo Domingo de Silos) MS 3,,047v,,,,Missa votiva pluralis,15009012,PRLGV,MASS,https://musicahispanica.eu/source/20177,,Ut confiteamur,,,,,,SEMM,0
,,https://musicahispanica.eu/chant/71870,Ut confiteamur nomini tuo,h00096b,,,,E-SI (Santo Domingo de Silos) MS 3,,095r,,,,Pro iter agentibus,16030000,PRLGV,MASS,https://musicahispanica.eu/source/20177,,Ut confiteamur nomini tuo,,,,,,SEMM,0
,,https://musicahispanica.eu/chant/89165,Egredemini et videte filiae Sion regem ,h00746a,*,,,E-L (León) Ms 8,,272v,,,,Ordinatione sive natalicio regis,,PRLGV,MASS,https://musicahispanica.eu/source/20175,,Egredemini et videte filiae Sion regem in die sponsionis ipsius et in diem laetitiae cordis ejus,,,,,,SEMM,0
,,https://musicahispanica.eu/chant/80487,Omnes qui videbant,h00725a,,,,E-L (León) Ms 8,,132v,,,,Dom. 3 Quadragesimae,07031000,PRLGV,MASS,https://musicahispanica.eu/source/20175,,Omnes qui videbant,,,,,,SEMM,0
,,https://musicahispanica.eu/chant/89164,Sit nomen*,h00762b,,,,E-L (León) Ms 8,,272v,,,,Ordinatione sive natalicio regis,,PRLGV,MASS,https://musicahispanica.eu/source/20175,,Sit nomen*,,,,,,SEMM,0
,,https://musicahispanica.eu/chant/115270,Dignus es domine*,h00523a,,,,E-Mh (Madrid) ms 9/4579,,001v,,,,Dom. 2 p. Pascha,08031000,PRLGV,MASS,https://musicahispanica.eu/source/115262,,Dignus es domine*,,,,,,SEMM,0
,,https://musicahispanica.eu/chant/108115,Dignus es domine deus noster accipere ,h00523a,,,,E-Tc (Toledo) 35.4,1,026r,,,,Dom. 2 p. Pascha,08031000,PRLGV,MASS,https://musicahispanica.eu/source/20185,,Dignus es domine deus noster accipere gloriam et honorem et virtutem quia creasti omnia et propter voluntatem tuam erant et creata sunt,,,,,,SEMM,0
,,https://musicahispanica.eu/chant/91597,Dignus es domine deus noster accipere ,h00523a,*,,,E-Tc (Toledo) 35.6,,038r,,,,Dom. 2 p. Pascha,08031000,PRLGV,MASS,https://musicahispanica.eu/source/20187,,Dignus es domine deus noster accipere gloriam et honorem et virtutem quia tu creasti omnia et propter voluntatem tuam erant et creata sunt,,,,,,SEMM,0
,,https://musicahispanica.eu/chant/68625,Induit,h00268a,,,,E-SI (Santo Domingo de Silos) MS 6,,141r,,,,Dom. 9 p. Pent.,09091000,PRLGV,MASS,https://musicahispanica.eu/source/20179,,Induit,,,,,,SEMM,0
,,https://musicahispanica.eu/chant/74694,Domine in virtute tua,h00704a,*,,,E-Mh (Madrid) Cod. 56,,113v,,,,Missa votiva de rege,15009020,PRLGV,MASS,https://musicahispanica.eu/source/70790,,Domine in virtute tua,,,,,,SEMM,0
,,https://musicahispanica.eu/chant/108203,Laudate dominum quoniam*,h00529c,,,,E-Tc (Toledo) 35.4,,067v,,,,Dom. p. Ascensionem,,PRLGV,MASS,https://musicahispanica.eu/source/20185,,Laudate dominum quoniam*,,,,,,SEMM,0
,,https://musicahispanica.eu/chant/80486,Dum congregarentur*,h00750a,,,,E-L (León) Ms 8,,132v,,,,Dom. 3 Quadragesimae,07031000,PRLGV,MASS,https://musicahispanica.eu/source/20175,,Dum congregarentur*,,,,,,SEMM,0
,,https://musicahispanica.eu/chant/86597,Et congrega *,h00089a,*,,,E-SI (Santo Domingo de Silos) MS 3,,159v,,,,Fest. per annum,04000000,PRLGV,MASS,https://musicahispanica.eu/source/20177,,Et congrega *,,,,,,SEMM,0
,,https://musicahispanica.eu/chant/21889,Et congrega ... ,h00089a,,,,E-SI (Santo Domingo de Silos) MS 4,,285r,,,,Pro infirmis,16013030,PRLGV,MASS,https://musicahispanica.eu/source/21404,,Et congrega ... ,,,,,,SEMM,0
,,https://musicahispanica.eu/chant/68486,Et congrega nos … ,h00089a,,,,E-SI (Santo Domingo de Silos) MS 6,,127r,,,,Dom. 8 p. Pent.,09081000,PRLGV,MASS,https://musicahispanica.eu/source/20179,,Et congrega nos … ,,,,,,SEMM,0
,,https://musicahispanica.eu/chant/72081,Beati qui custodiunt *,h00686b,,,,E-Mh (Madrid) Cod. 30,,012r,,,,Suff. Adventus,,PRLGV,MASS,https://musicahispanica.eu/source/20176,,Beati qui custodiunt *,,,,,,SEMM,0
,,https://musicahispanica.eu/chant/65832,Alleluia magnificavit dominus deus noster omnipotens ,h00525g,,,,E-L (León) Ms 8,,192v,,,,Dom. 4 p. Pascha,08051000,PRLGV,MASS,https://musicahispanica.eu/source/20175,,Alleluia magnificavit dominus deus noster omnipotens gaudeamus et exultemus et demus gloriam ei quoniam venerunt nuptiae agni et uxor ejus praeparavit se beati qui ad coenam agni nuptiarum vocati sunt,,,,,,SEMM,0
,,https://musicahispanica.eu/chant/67461,Quia ipse est,h00733a,,,,E-L (León) Ms 8,,272v,,,,Ordinatione sive natalicio regis,,PRLGV,MASS,https://musicahispanica.eu/source/20175,,Quia ipse est,,,,,,SEMM,0
,,https://musicahispanica.eu/chant/65808,Magna et mirabilia opera tua deus ,h00524a,,,,E-L (León) Ms 8,,191v,,,,Dom. 3 p. Pascha,08041000,PRLGV,MASS,https://musicahispanica.eu/source/20175,,Magna et mirabilia opera tua deus domine omnipotens juste et vere viae tuae,,,,,,SEMM,0
,,https://musicahispanica.eu/chant/108125,Magnus et mirabilis opera tua deus ,h00524a,,,,E-Tc (Toledo) 35.4,1,030r,,,,"Dom. 2 p. Pascha,8",08031008,PRLGV,MASS,https://musicahispanica.eu/source/20185,,Magnus et mirabilis opera tua deus domine omnipotens juste et vere viae tuae,,,,,,SEMM,0
,,https://musicahispanica.eu/chant/89248,O domine*,h00065a,,,,E-L (León) Ms 8,,280v,,,,Missa votiva omnimoda,15009010,PRLGV,MASS,https://musicahispanica.eu/source/20175,,O domine*,,,,,,SEMM,0
,,https://musicahispanica.eu/chant/22020,O domine ego...,h00065a,,,,E-SI (Santo Domingo de Silos) MS 4,,292r,,,,Missa in gratiarum actione pro expulsa tribulatione vel egritudine et reddit prosperitate atque salute,15009080,PRLGV,MASS,https://musicahispanica.eu/source/21404,,O domine ego...,,,,,,SEMM,0
,,https://musicahispanica.eu/chant/91672,Et absterget deus lacrimam ab oculis ,h00525i,*,,,E-Tc (Toledo) 35.6,,052r,,,,Dom. 3 p. Pascha,08041000,PRLGV,MASS,https://musicahispanica.eu/source/20187,,Et absterget deus lacrimam ab oculis eorum et mors ultra non erit neque luctus neque clamor ultra erit ,,,,,,SEMM,0
,,https://musicahispanica.eu/chant/73250,Exortum est in *,h00760a,,,,E-Mh (Madrid) Cod. 30,,209r,,,,Vincentii,14012200,PRLGV,MASS,https://musicahispanica.eu/source/20176,,Exortum est in *,,,,,,SEMM,0
,,https://musicahispanica.eu/chant/108105,Factum est regnum hujus mundi domini ,h00522c,,,,E-Tc (Toledo) 35.4,3,020v,,,,Octava Paschae,08021000,PRLGV,MASS,https://musicahispanica.eu/source/20185,,Factum est regnum hujus mundi domini nostri Jesu Christi et regnabit in saecula saeculorum,,,,,,SEMM,0
,,https://musicahispanica.eu/chant/91558,Factum est regnum hujus mundi domini ,h00522c,,,,E-Tc (Toledo) 35.6,,030r,,,,Octava Paschae,08021000,PRLGV,MASS,https://musicahispanica.eu/source/20187,,Factum est regnum hujus mundi domini nostri Jesu Christi et regnabit in saecula saeculorum,,,,,,SEMM,0
,,https://musicahispanica.eu/chant/80397,Factum est regnum hujus mundi domini ,h00522c,*,,,GB-Lbl (London) Add MS 30846,,046v,,,,Octava Paschae,08021000,PRLGV,MASS,https://musicahispanica.eu/source/20202,,Factum est regnum hujus mundi domini nostri Jesu Christi et regnabit in saecula saeculorum,,,,,,SEMM,0
,,https://musicahispanica.eu/chant/108181,Sit nomen domini benedictum*,h00528a,,,,E-Tc (Toledo) 35.4,,061r,,,,Ascensio Domini,08065000,PRLGV,MASS,https://musicahispanica.eu/source/20185,,Sit nomen domini benedictum*,,,,,,SEMM,0
,,https://musicahispanica.eu/chant/91872,Sit nomen domini benedictum*,h00528a,,,,E-Tc (Toledo) 35.6,,092v,,,,Ascensio Domini,08065000,PRLGV,MASS,https://musicahispanica.eu/source/20187,,Sit nomen domini benedictum*,,,,,,SEMM,0
,,https://musicahispanica.eu/chant/75306,Sit nomen domini benedictum ex hoc ,h00528a,*,,,GB-Lbl (London) Add MS 30844,,155r,,,,Ascensio Domini,08065000,PRLGV,MASS,https://musicahispanica.eu/source/20201,,Sit nomen domini benedictum ex hoc nunc et usque saeculum docens,,,,,,SEMM,0
,,https://musicahispanica.eu/chant/83349,Sit nomen domini *,h00528a,*,,,GB-Lbl (London) Add MS 30846,,114r,,,,Ascensio Domini,08065000,PRLGV,MASS,https://musicahispanica.eu/source/20202,,Sit nomen domini *,,,,,,SEMM,0
,,https://musicahispanica.eu/chant/92473,Sit nomen domine benedic*,h00734a,,,,E-Tc (Toledo) 35.6,,168v,,,,Primitis,,PRLGV,MASS,https://musicahispanica.eu/source/20187,,Sit nomen domine benedic*,,,,,,SEMM,0
,,https://musicahispanica.eu/chant/91647,Et ipsi vicerunt illum propter sanguinem ,h00524e,*,,,E-Tc (Toledo) 35.6,,044v,,,,Dom. 3 p. Pascha,08041000,PRLGV,MASS,https://musicahispanica.eu/source/20187,,Et ipsi vicerunt illum propter sanguinem agni verbum testimonii sui et non dilexerunt animam suam usque ad mortem propterea laetamini caeli et qui habitatis in eis quia factum est ,,,,,,SEMM,0
,,https://musicahispanica.eu/chant/65751,Sedenti in throno et agno benedictio ,h00684a,,,,E-L (León) Ms 8,,188r,,,,Octava Paschae,08021000,PRLGV,MASS,https://musicahispanica.eu/source/20175,,Sedenti in throno et agno benedictio et honor et gloria et potestas in saecula saeculorum ,,,,,,SEMM,0
,,https://musicahispanica.eu/chant/74760,Sit nomen domini,h00715a,,,,E-L (León) Ms 8,,229r,,,,"Justi, Pastoris",14080630,PRLGV,MASS,https://musicahispanica.eu/source/20175,,Sit nomen domini,,,,,,SEMM,0
,,https://musicahispanica.eu/chant/92705,Sit nomen domini*,h00715a,,,,E-Tc (Toledo) 35.6,,197r,,,,"Justi, Pastoris",14080630,PRLGV,MASS,https://musicahispanica.eu/source/20187,,Sit nomen domini*,,,,,,SEMM,0
,,https://musicahispanica.eu/chant/72961,Lauda Jerusalem *,h00719a,,,,E-Mh (Madrid) Cod. 30,,193v,,,,"Agnetis, Emerentianae",,PRLGV,MASS,https://musicahispanica.eu/source/20176,,Lauda Jerusalem *,,,,,,SEMM,0
,,https://musicahispanica.eu/chant/103535,Cantate domino canticum,h00738a,,,,E-Tc (Toledo) 35.5,,185v,,,,Dom. Resurrectionis,08011000,PRLGV,MASS,https://musicahispanica.eu/source/20186,,Cantate domino canticum,,,,,,SEMM,0
,,https://musicahispanica.eu/chant/86686,Memento nostri domine *,h00073a,*,,,E-SI (Santo Domingo de Silos) MS 3,,177v,,,,Pro defunctis,13001000,PRLGV,MASS,https://musicahispanica.eu/source/20177,,Memento nostri domine *,,,,,,SEMM,0
,,https://musicahispanica.eu/chant/21824,Memento*,h00073a,,,,E-SI (Santo Domingo de Silos) MS 4,,326r,,,,Pro defunctis,13001000,PRLGV,MASS,https://musicahispanica.eu/source/21404,,Memento*,,,,,,SEMM,0
,,https://musicahispanica.eu/chant/74692,Audite haec omnes,h00702a,,,,E-L (León) Ms 8,,143v,,,,Dom. 4 Quadragesimae,07041000,PRLGV,MASS,https://musicahispanica.eu/source/20175,,Audite haec omnes,,,,,,SEMM,0
,,https://musicahispanica.eu/chant/108261,Induit dominus praecinxit*,h00267b,,,,E-Tc (Toledo) 35.4,,096v,,,,Dom. 2 Quotidiano,,PRLGV,MASS,https://musicahispanica.eu/source/20185,,Induit dominus praecinxit*,,,,,,SEMM,0
,,https://musicahispanica.eu/chant/74670,Sit nomen domini,g02769b,,,,E-Tc (Toledo) 35.7,,067r,,,,Nativitas Domini,02122500,PRLGV,MASS,https://musicahispanica.eu/source/20188,,Sit nomen domini,,,,,,SEMM,0
,,https://musicahispanica.eu/chant/22018,Disrupisti vincula mea...,h00064a,,,,E-SI (Santo Domingo de Silos) MS 4,,292r,,,,Missa in gratiarum actione pro expulsa tribulatione vel egritudine et reddit prosperitate atque salute,15009080,PRLGV,MASS,https://musicahispanica.eu/source/21404,,Disrupisti vincula mea...,,,,,,SEMM,0
,,https://musicahispanica.eu/chant/88549,Sit nomen domini benedictus*,h00529a,,,,E-L (León) Ms 8,,202v,,,,Dom. p. Ascensionem,,PRLGV,MASS,https://musicahispanica.eu/source/20175,,Sit nomen domini benedictus*,,,,,,SEMM,0
,,https://musicahispanica.eu/chant/91967,Sit nomen domini*,h00529a,,,,E-Tc (Toledo) 35.6,,101v,,,,Dom. p. Ascensionem,,PRLGV,MASS,https://musicahispanica.eu/source/20187,,Sit nomen domini*,,,,,,SEMM,0
,,https://musicahispanica.eu/chant/75337,Sit nomen domini *,h00529a,*,,,GB-Lbl (London) Add MS 30844,,168r,,,,Dom. p. Ascensionem,,PRLGV,MASS,https://musicahispanica.eu/source/20201,,Sit nomen domini *,,,,,,SEMM,0
,,https://musicahispanica.eu/chant/86767,Sit nomen domini *,h00761a,*,,,E-SI (Santo Domingo de Silos) MS 3,,186v,,,,Assumptio Mariae (Hispanic rite),,PRLGV,MASS,https://musicahispanica.eu/source/20177,,Sit nomen domini *,,,,,,SEMM,0
,,https://musicahispanica.eu/chant/100609,Sit nomen *,h00761a,*,,,GB-Lbl (London) Add MS 30845,,087r,,,,Assumptio Mariae (Hispanic rite),,PRLGV,MASS,https://musicahispanica.eu/source/20196,,Sit nomen *,,,,,,SEMM,0
,,https://musicahispanica.eu/chant/108117,Dignus est agnus qui occisus est ,h00523c,,,,E-Tc (Toledo) 35.4,3,026r,,,,Dom. 2 p. Pascha,08031000,PRLGV,MASS,https://musicahispanica.eu/source/20185,,Dignus est agnus qui occisus est accipere virtutem et divinitatem et sapientiam et fortitudinem et honorem et gloriam et benedictionem et omnem creaturam quae in caelo et super terram et subtus terra et quae in mari et quae in eo,,,,,,SEMM,0
,,https://musicahispanica.eu/chant/91599,Dignus est agnus qui occisus est ,h00523c,*,,,E-Tc (Toledo) 35.6,,038r,,,,Dom. 2 p. Pascha,08031000,PRLGV,MASS,https://musicahispanica.eu/source/20187,,Dignus est agnus qui occisus est accipere virtutem et divinitatem et sapientiam et fortitudinem et honorem et gloriam et benedictionem et omnem creaturam quae in caelo et super terra et sub terra et quae in mari et quae in eo,,,,,,SEMM,0
,,https://musicahispanica.eu/chant/86769,Quoniam Jacob *,h00735a,*,,,E-SI (Santo Domingo de Silos) MS 3,,186v,,,,Assumptio Mariae (Hispanic rite),,PRLGV,MASS,https://musicahispanica.eu/source/20177,,Quoniam Jacob *,,,,,,SEMM,0
,,https://musicahispanica.eu/chant/65854,Et audivi vocem de caelo tamquam ,h00671b,,,,E-L (León) Ms 8,,194r,,,,Dom. 5 p. Pascha,08061000,PRLGV,MASS,https://musicahispanica.eu/source/20175,,Et audivi vocem de caelo tamquam vocem aquarum multarum et sicut vocem tonitrui magni erat enim vox ipsa sicut citharizarum multarum tangentium citharas et cantabant canticum novum ante sedem dei et ante conspectu animalium et seniorum qui sedebant ante deum,,,,,,SEMM,0
,,https://musicahispanica.eu/chant/92108,Haec porta domini*,h00753b,,,,E-Tc (Toledo) 35.6,,119r,,,,Adriani,14091000,PRLGV,MASS,https://musicahispanica.eu/source/20187,,Haec porta domini*,,,,,,SEMM,0
,,https://musicahispanica.eu/chant/21611,Ad te levamus...,h00030a,,,,E-SI (Santo Domingo de Silos) MS 4,,167v,,,,Missa votiva omnimoda,15009010,PRLGV,MASS,https://musicahispanica.eu/source/21404,,Ad te levamus...,,,,,,SEMM,0
,,https://musicahispanica.eu/chant/91671,Ecce tabernaculum dei cum omnibus et ,h00525e,*,,,E-Tc (Toledo) 35.6,,052r,,,,Dom. 3 p. Pascha,08041000,PRLGV,MASS,https://musicahispanica.eu/source/20187,,Ecce tabernaculum dei cum omnibus et habitabit deus cum eis et ipsi populus ejus erunt et ipse deus cum eis set deus eorum deus,,,,,,SEMM,0
,,https://musicahispanica.eu/chant/82956,Ecce tabernaculum dei cum hominibus habitabit ,h00525e,*,,,GB-Lbl (London) Add MS 30846,,105v,,,,Dom. 3 p. Pascha,08041000,PRLGV,MASS,https://musicahispanica.eu/source/20202,,Ecce tabernaculum dei cum hominibus habitabit et ipsi populus ejus erunt et ipse deus cum eis set deus eorum dominus,,,,,,SEMM,0
,,https://musicahispanica.eu/chant/108289,Memento nostri*,h00533a,,,,E-Tc (Toledo) 35.4,,114r,,,,Dom. 6 Quotidiano,,PRLGV,MASS,https://musicahispanica.eu/source/20185,,Memento nostri*,,,,,,SEMM,0
,,https://musicahispanica.eu/chant/74677,Misit verbum,h00674a,*,,,E-L (León) Ms 8,,096r,,,,"Fructuosi, Augurii et Eulogii",,PRLGV,MASS,https://musicahispanica.eu/source/20175,,Misit verbum,,,,,,SEMM,0
,,https://musicahispanica.eu/chant/86298,Potens in *,h00689a,*,,,E-SI (Santo Domingo de Silos) MS 3,,119dr,,,,De uno justi,,PRLGV,MASS,https://musicahispanica.eu/source/20177,,Potens in *,,,,,,SEMM,0
,,https://musicahispanica.eu/chant/86334,Potens in *,h00689a,*,,,E-SI (Santo Domingo de Silos) MS 3,,131v,,,,Comm. unius Confessoris,12004000,PRLGV,MASS,https://musicahispanica.eu/source/20177,,Potens in *,,,,,,SEMM,0
,,https://musicahispanica.eu/chant/75033,Potens *,h00689a,*,,,GB-Lbl (London) Add MS 30844,,096r,,,,Jacobi fratris Domini,,PRLGV,MASS,https://musicahispanica.eu/source/20201,,Potens *,,,,,,SEMM,0
,,https://musicahispanica.eu/chant/75250,Potens in terra erit semen ejus ,h00689a,*,,,GB-Lbl (London) Add MS 30844,,142v,,,,Cathedra Petri,14022200,PRLGV,MASS,https://musicahispanica.eu/source/20201,,Potens in terra erit semen ejus generatio rectorum benedicetur,,,,,,SEMM,0
,,https://musicahispanica.eu/chant/73522,Salvos nos fac dominus deus noster,h00718a,,,,E-Mh (Madrid) Cod. 30,,228r,,,,Dom. Quadragesimae,07001000,PRLGV,MASS,https://musicahispanica.eu/source/20176,,Salvos nos fac dominus deus noster,,,,,,SEMM,0
,,https://musicahispanica.eu/chant/64928,Deus deorum dominus,h00739a,,,,E-L (León) Ms 8,,143v,,,,Dom. 4 Quadragesimae,07041000,PRLGV,MASS,https://musicahispanica.eu/source/20175,,Deus deorum dominus,,,,,,SEMM,0
,,https://musicahispanica.eu/chant/71212,Deus in nomine,h00096a,,,,E-Mh (Madrid) Cod. 56,,146r,,,,Pro tribulatione,16026000,PRLGV,MASS,https://musicahispanica.eu/source/70790,,Deus in nomine,,,,,,SEMM,0
,,https://musicahispanica.eu/chant/21783,Deus in nomine tuo salvos...,h00096a,,,,E-SI (Santo Domingo de Silos) MS 4,,255r,,,,Multorum in tribulatione,16026020,PRLGV,MASS,https://musicahispanica.eu/source/21404,,Deus in nomine tuo salvos...,,,,,,SEMM,0
,,https://musicahispanica.eu/chant/22349,Deus in nomine tuo,h00096a,,,,E-SI (Santo Domingo de Silos) MS 4,,272v,,,,Pro uno infirmo,16013020,PRLGV,X,https://musicahispanica.eu/source/21404,,Deus in nomine tuo,,,,,,SEMM,0
,,https://musicahispanica.eu/chant/68677,Deus in nomine … ,h00096a,,,,E-SI (Santo Domingo de Silos) MS 6,,097v,,,,Dom. 5 p. Pent.,09051000,PRLGV,MASS,https://musicahispanica.eu/source/20179,,Deus in nomine … ,,,,,,SEMM,0
,,https://musicahispanica.eu/chant/88626,Sit nomen domini*,h00720a,,,,E-L (León) Ms 8,,214v,,,,Joannis Baptistae,14062400,PRLGV,MASS,https://musicahispanica.eu/source/20175,,Sit nomen domini*,,,,,,SEMM,0
,,https://musicahispanica.eu/chant/92309,Sit nomen*,h00720a,,,,E-Tc (Toledo) 35.6,,132r,,,,Joannis Baptistae,14062400,PRLGV,MASS,https://musicahispanica.eu/source/20187,,Sit nomen*,,,,,,SEMM,0
,,https://musicahispanica.eu/chant/98794,Sit nomen domini *,h00720a,*,,,GB-Lbl (London) Add MS 30845,,019r,,,,Joannis Baptistae,14062400,PRLGV,MASS,https://musicahispanica.eu/source/20196,,Sit nomen domini *,,,,,,SEMM,0
,,https://musicahispanica.eu/chant/108146,Ecce tabernaculam dicam omnibus et habitabit ,h00526a,,,,E-Tc (Toledo) 35.4,,038v,,,,"Dom. 4 p. Pascha,8",08051008,PRLGV,MASS,https://musicahispanica.eu/source/20185,,Ecce tabernaculam dicam omnibus et habitabit cum eis deus et ipsi populis ejus erant et ipse deus cum eis erit deus eorum,,,,,,SEMM,0
,,https://musicahispanica.eu/chant/74691,O domine ego quia,h00701a,*,,,E-Mh (Madrid) Cod. 56,,154v,,,,Pro iter agentibus,16030000,PRLGV,MASS,https://musicahispanica.eu/source/70790,,O domine ego quia,,,,,,SEMM,0
,,https://musicahispanica.eu/chant/80488,Incurvatus*,h00725b,,,,E-L (León) Ms 8,,132v,,,,Dom. 3 Quadragesimae,07031000,PRLGV,MASS,https://musicahispanica.eu/source/20175,,Incurvatus*,,,,,,SEMM,0
,,https://musicahispanica.eu/chant/89163,Gloria et honore*,h00762a,,,,E-L (León) Ms 8,,272v,,,,Ordinatione sive natalicio regis,,PRLGV,MASS,https://musicahispanica.eu/source/20175,,Gloria et honore*,,,,,,SEMM,0
,,https://musicahispanica.eu/chant/21838,Deus in nomine*,h00029a,,,,E-SI (Santo Domingo de Silos) MS 4,,217r,,,,Missa votiva de rege,15009020,PRLGV,MASS,https://musicahispanica.eu/source/21404,,Deus in nomine*,,,,,,SEMM,0
,,https://musicahispanica.eu/chant/79064,Sit nomen *,h00743a,,,,E-Mh (Madrid) Cod. 30,,029r,,,,Dom. 1 Adventus,01011000,PRLGV,MASS,https://musicahispanica.eu/source/20176,,Sit nomen *,,,,,,SEMM,0
,,https://musicahispanica.eu/chant/108116,Dignus es domine deus noster accipere ,h00523b,,,,E-Tc (Toledo) 35.4,2,026r,,,,Dom. 2 p. Pascha,08031000,PRLGV,MASS,https://musicahispanica.eu/source/20185,,Dignus es domine deus noster accipere librum et aperire signacula ejus quoniam occisus es et redemisti nos sanguine tuo ex omni tribu et lingua et populo et natione et fecisti nos deo nostro regnum et sacerdotes et regnabunt super terram,,,,,,SEMM,0
,,https://musicahispanica.eu/chant/91598,Dignus es domine deus noster accipere ,h00523b,*,,,E-Tc (Toledo) 35.6,,038r,,,,Dom. 2 p. Pascha,08031000,PRLGV,MASS,https://musicahispanica.eu/source/20187,,Dignus es domine deus noster accipere librum et aperire signacula ejus quoniam occisus es et redemisti nos deo nostro regnum et sacerdotes et regnabunt super terram,,,,,,SEMM,0
,,https://musicahispanica.eu/chant/62791,Beati pauperes,h00686a,,,,E-L (León) Ms 8,,031v,,,,Romani,14080900,PRLGV,MASS,https://musicahispanica.eu/source/20175,,Beati pauperes,,,,,,SEMM,0
,,https://musicahispanica.eu/chant/66173,Sit nomen domini,h00530a,,,,E-L (León) Ms 8,,209v,,,,Dom. Pentecostes,08081000,PRLGV,MASS,https://musicahispanica.eu/source/20175,,Sit nomen domini,,,,,,SEMM,0
,,https://musicahispanica.eu/chant/108244,Sit nomen domini*,h00530a,,,,E-Tc (Toledo) 35.4,,076v,,,,Dom. Pentecostes,08081000,PRLGV,MASS,https://musicahispanica.eu/source/20185,,Sit nomen domini*,,,,,,SEMM,0
,,https://musicahispanica.eu/chant/92004,Sit nomen domini*,h00530a,,,,E-Tc (Toledo) 35.6,,107v,,,,Dom. Pentecostes,08081000,PRLGV,MASS,https://musicahispanica.eu/source/20187,,Sit nomen domini*,,,,,,SEMM,0
,,https://musicahispanica.eu/chant/84003,Sit nomen domini *,h00530a,*,,,GB-Lbl (London) Add MS 30846,,167v,,,,"Dom. Pentecostes,8",08081008,PRLGV,MASS,https://musicahispanica.eu/source/20202,,Sit nomen domini *,,,,,,SEMM,0
,,https://musicahispanica.eu/chant/71210,Salutare tuum,h00759a,,,,E-Mh (Madrid) Cod. 56,,141v,,,,Missa votiva pluralis,15009012,PRLGV,MASS,https://musicahispanica.eu/source/70790,,Salutare tuum,,,,,,SEMM,0
,,https://musicahispanica.eu/chant/91670,Haec est resurrectio prima beatus et ,h00525d,*,,,E-Tc (Toledo) 35.6,,052r,,,,Dom. 3 p. Pascha,08041000,PRLGV,MASS,https://musicahispanica.eu/source/20187,,Haec est resurrectio prima beatus et sanctus qui habet partem in resurrectionem prima in eis secunda mors non habet potestatem sederunt sacerdotes dei et Christi et regnabunt cum illo in saecula saeculorum,,,,,,SEMM,0
,,https://musicahispanica.eu/chant/82945,Haec est resurrectio prima beatus et ,h00525d,*,,,GB-Lbl (London) Add MS 30846,,105v,,,,Dom. 3 p. Pascha,08041000,PRLGV,MASS,https://musicahispanica.eu/source/20202,,Haec est resurrectio prima beatus et sanctus qui habet partem in resurrectio prima in eis saecula mors non habeat potestatem et sederunt sacerdotes dei et Christi et regnabunt cum illo in saecula saeculorum,,,,,,SEMM,0
,,https://musicahispanica.eu/chant/80214,Audite haec omnes*,h00755a,,,,E-L (León) Ms 8,,124v,,,,Dom. 2 Quadragesimae,07021000,PRLGV,MASS,https://musicahispanica.eu/source/20175,,Audite haec omnes*,,,,,,SEMM,0
,,https://musicahispanica.eu/chant/71168,O domine ego servus tuus,h00071a,,,,E-Mh (Madrid) Cod. 56,,118v,,,,Missa votiva singularis,15009011,PRLGV,MASS,https://musicahispanica.eu/source/70790,,O domine ego servus tuus,,,,,,SEMM,0
,,https://musicahispanica.eu/chant/71842,O domine ego servus,h00071a,*,,,E-SI (Santo Domingo de Silos) MS 3,,067r,,,,Missa votiva singularis,15009011,PRLGV,MASS,https://musicahispanica.eu/source/20177,,O domine ego servus,,,,,,SEMM,0
,,https://musicahispanica.eu/chant/21777,O domine ego servus ...,h00071a,,,,E-SI (Santo Domingo de Silos) MS 4,,229r,,,,Missa votiva singularis,15009011,PRLGV,MASS,https://musicahispanica.eu/source/21404,,O domine ego servus ...,,,,,,SEMM,0
,,https://musicahispanica.eu/chant/75185,Parcet pauperi et inopi ex animas ,h00766b,*,,,GB-Lbl (London) Add MS 30844,,129r,,,,Epiphania,05010600,PRLGV,MASS,https://musicahispanica.eu/source/20201,,Parcet pauperi et inopi ex animas pauperum salvas faciet,,,,,,SEMM,0
,,https://musicahispanica.eu/chant/80489,Infirmatus est*,h00721a,,,,E-L (León) Ms 8,,132v,,,,Dom. 3 Quadragesimae,07031000,PRLGV,MASS,https://musicahispanica.eu/source/20175,,Infirmatus est*,,,,,,SEMM,0
,,https://musicahispanica.eu/chant/108171,Sit nomen dominum*,h00527a,,,,E-Tc (Toledo) 35.4,,053v,,,,Inventio Crucis,14050300,PRLGV,MASS,https://musicahispanica.eu/source/20185,,Sit nomen dominum*,,,,,,SEMM,0
,,https://musicahispanica.eu/chant/82916,Sit nomen *,h00527a,*,,,GB-Lbl (London) Add MS 30846,,098r,,,,Inventio Crucis,14050300,PRLGV,MASS,https://musicahispanica.eu/source/20202,,Sit nomen *,,,,,,SEMM,0
,,https://musicahispanica.eu/chant/71082,Deus meus es tu et confitebor,h00047a,,,,E-Mh (Madrid) Cod. 56,,054v,,,,Missa quam Sacerdos pro se dicere debeat,15009050,PRLGV,MASS,https://musicahispanica.eu/source/70790,,Deus meus es tu et confitebor,,,,,,SEMM,0
,,https://musicahispanica.eu/chant/21628,Deus meus es tu et confitebor ...,h00047a,,,,E-SI (Santo Domingo de Silos) MS 4,,178v,,,,Missa quam Sacerdos pro se dicere debeat digeritur hoc modo,15009040,PRLGV,MASS,https://musicahispanica.eu/source/21404,,Deus meus es tu et confitebor ...,,,,,,SEMM,0
,,https://musicahispanica.eu/chant/22015,Deus meus es tu...,h00047a,,,,E-SI (Santo Domingo de Silos) MS 4,,210r,,,,Missa pro solo Episcopo dicenda,15009070,PRLGV,MASS,https://musicahispanica.eu/source/21404,,Deus meus es tu...,,,,,,SEMM,0
,,https://musicahispanica.eu/chant/88468,Sit nomen *,h00525h,,,,E-L (León) Ms 8,,192v,,,,Dom. 4 p. Pascha,08051000,PRLGV,MASS,https://musicahispanica.eu/source/20175,,Sit nomen *,,,,,,SEMM,0
,,https://musicahispanica.eu/chant/88327,Sit nomen*,h00763a,,,,E-L (León) Ms 8,,177v,,,,Fer. 3 p. Pascha,08013000,PRLGV,MASS,https://musicahispanica.eu/source/20175,,Sit nomen*,,,,,,SEMM,0
,,https://musicahispanica.eu/chant/108104,Benedictio et claritas et sapientia et ,h00522b,,,,E-Tc (Toledo) 35.4,2,020v,,,,Octava Paschae,08021000,PRLGV,MASS,https://musicahispanica.eu/source/20185,,Benedictio et claritas et sapientia et gratiarum actio et honor et virtus et fortitudo deo nostro in saecula saeculorum amen,,,,,,SEMM,0
,,https://musicahispanica.eu/chant/91557,Benedictio et claritas et sapientia et ,h00522b,,,,E-Tc (Toledo) 35.6,,030r,,,,Octava Paschae,08021000,PRLGV,MASS,https://musicahispanica.eu/source/20187,,Benedictio et claritas et sapientia et gratiarum actio et honor et virtus et fortitudo deo nostro in saecula saeculorum amen,,,,,,SEMM,0
,,https://musicahispanica.eu/chant/80396,Benedictio et claritas et sapientia et ,h00522b,*,,,GB-Lbl (London) Add MS 30846,,046r,,,,Octava Paschae,08021000,PRLGV,MASS,https://musicahispanica.eu/source/20202,,Benedictio et claritas et sapientia et gratiarum actio et honor et virtus et fortitudo deo nostro in saecula saeculorum amen,,,,,,SEMM,0
,,https://musicahispanica.eu/chant/80281,Quis deus magnus*,h00742a,,,,E-L (León) Ms 8,,125r,,,,Dom. 2 Quadragesimae,07021000,PRLGV,MASS,https://musicahispanica.eu/source/20175,,Quis deus magnus*,,,,,,SEMM,0
,,https://musicahispanica.eu/chant/79523,Humiliavi*,h00716a,,,,E-L (León) Ms 8,,117r,,,,Dom. 1 Quadragesimae,07011000,PRLGV,MASS,https://musicahispanica.eu/source/20175,,Humiliavi*,,,,,,SEMM,0
,,https://musicahispanica.eu/chant/68820,Lauda ...,h00215a,,,,E-SI (Santo Domingo de Silos) MS 6,,029r,,,,Commune unius Virginis,,PRLGV,MASS,https://musicahispanica.eu/source/20179,,Lauda ...,,,,,,SEMM,0
,,https://musicahispanica.eu/chant/74045,Potens in terra *,h00687a,,,,E-Mh (Madrid) Cod. 30,,039r,,,,Saturnini,14112900,PRLGV,MH,https://musicahispanica.eu/source/20176,,Potens in terra *,,,,,,SEMM,0
,,https://musicahispanica.eu/chant/91737,Incipite domino in confessione*,h00770b,,,,E-Tc (Toledo) 35.6,,059r,,,,Dom. 4 p. Pascha,08051000,PRLGV,MASS,https://musicahispanica.eu/source/20187,,Incipite domino in confessione*,,,,,,SEMM,0
,,https://musicahispanica.eu/chant/89168,Propter veritatem*,h00758a,,,,E-L (León) Ms 8,,272v,,,,Ordinatione sive natalicio regis,,PRLGV,MASS,https://musicahispanica.eu/source/20175,,Propter veritatem*,,,,,,SEMM,0
,,https://musicahispanica.eu/chant/79522,Ecce sicut oculi*,h04394a,,,,E-L (León) Ms 8,,117r,,,,Dom. 1 Quadragesimae,07011000,PRLGV,MASS,https://musicahispanica.eu/source/20175,,Ecce sicut oculi*,,,,,,SEMM,0
,,https://musicahispanica.eu/chant/80280,Peccavimus cum patribus,h00754a,,,,E-L (León) Ms 8,,125r,,,,Dom. 2 Quadragesimae,07021000,PRLGV,MASS,https://musicahispanica.eu/source/20175,,Peccavimus cum patribus,,,,,,SEMM,0
,,https://musicahispanica.eu/chant/74684,Memento congregationis,h00676a,*,,,E-L (León) Ms 8,,280r,,,,Pro defunctis,13001000,PRLGV,MASS,https://musicahispanica.eu/source/20175,,Memento congregationis,,,,,,SEMM,0
,,https://musicahispanica.eu/chant/89151,Sit nomen *,h00732b,,,,E-L (León) Ms 8,,270v,,,,In ordinatione sive natalitio aepiscoporum,,PRLGV,MASS,https://musicahispanica.eu/source/20175,,Sit nomen *,,,,,,SEMM,0
