id,corpus_id,chantlink,incipit,cantus_id,mode,finalis,differentia,siglum,position,folio,sequence,marginalia,cao_concordances,feast,feast_code,genre,office,srclink,melody_id,full_text,full_text_manuscript,volpiano,notes,dataset_name,dataset_idx,db,image_link
,,https://musicahispanica.eu/chant/83347,Gloria et honor *,h03139a,*,,,GB-Lbl (London) Add MS 30846,,113v,,,,Ascensio Domini,08065000,PSLDV,MH,https://musicahispanica.eu/source/20202,,Gloria et honor *,,,,,,SEMM,0
,,https://musicahispanica.eu/chant/63738,Plateae Jerusalem et muri ejus ex ,h03252a,,,,E-L (León) Ms 8,,084r,,,,Epiphania,05010600,PSLDV,V,https://musicahispanica.eu/source/20175,,Plateae Jerusalem et muri ejus ex auro mundo portae ejus margaritis orna te et per omnes vicos resonat alleluia ,,,,,,SEMM,0
,,https://musicahispanica.eu/chant/56306,Plateae Jerusalem et muri ejus ex ,h03252a,,,,E-Tc (Toledo) 35.7,1,113v,,,,Epiphania,05010600,PSLDV,V,https://musicahispanica.eu/source/20188,,Plateae Jerusalem et muri ejus ex auro mundo portae ejus margaritis orna te et per omnes vicos resonat alleluia,,,,,,SEMM,0
,,https://musicahispanica.eu/chant/64104,Alleluia mandata tua servavi domine in ,h03144b,,,,E-L (León) Ms 8,,106r,,,,Carnes Tollendas,,PSLDV,V,https://musicahispanica.eu/source/20175,,Alleluia mandata tua servavi domine in tua misericordia vivica me alleluia alleluia alleluia ,,,,,,SEMM,0
,,https://musicahispanica.eu/chant/73530,Alleluia mandata tua servavi domine in ,h03144b,,,,E-Mh (Madrid) Cod. 30,,229r,,,,Carnes Tollendas,,PSLDV,V,https://musicahispanica.eu/source/20176,,Alleluia mandata tua servavi domine in tua misericordia vivica me alleluia alleluia alleluia,,,,,,SEMM,0
,,https://musicahispanica.eu/chant/68350,Gloria et honor ...,h00227a,,,,E-SI (Santo Domingo de Silos) MS 6,,062r,,,,Dom. 2 p. Pent.,09021000,PSLDV,V,https://musicahispanica.eu/source/20179,,Gloria et honor ...,,,,,,SEMM,0
,,https://musicahispanica.eu/chant/68457,Gloria ...,h00211a,,,,E-SI (Santo Domingo de Silos) MS 6,,125a v,,,,Dom. 8 p. Pent.,09081000,PSLDV,V,https://musicahispanica.eu/source/20179,,Gloria ...,,,,,,SEMM,0
,,https://musicahispanica.eu/chant/68555,Gloria ...,h00211a,,,,E-SI (Santo Domingo de Silos) MS 6,,073r,,,,Dom. 3 p. Pent.,09031000,PSLDV,V,https://musicahispanica.eu/source/20179,,Gloria ...,,,,,,SEMM,0
,,https://musicahispanica.eu/chant/68636,Gloria ...,h00211a,,,,E-SI (Santo Domingo de Silos) MS 6,,154r,,,,Dom. 10 p. Pent.,09101000,PSLDV,V,https://musicahispanica.eu/source/20179,,Gloria ...,,,,,,SEMM,0
,,https://musicahispanica.eu/chant/68653,Gloria ...,h00211a,,,,E-SI (Santo Domingo de Silos) MS 6,,095r,,,,Dom. 5 p. Pent.,09051000,PSLDV,V,https://musicahispanica.eu/source/20179,,Gloria ...,,,,,,SEMM,0
,,https://musicahispanica.eu/chant/68744,Gloria ...,h00211a,,,,E-SI (Santo Domingo de Silos) MS 6,,085r,,,,Dom. 4 p. Pent.,09041000,PSLDV,V,https://musicahispanica.eu/source/20179,,Gloria ...,,,,,,SEMM,0
,,https://musicahispanica.eu/chant/68778,Gloria ...,h00211a,,,,E-SI (Santo Domingo de Silos) MS 6,,026v,,,,Commune unius Virginis,,PSLDV,M,https://musicahispanica.eu/source/20179,,Gloria ...,,,,,,SEMM,0
,,https://musicahispanica.eu/chant/69024,Gloria ...,h00211a,,,,E-SI (Santo Domingo de Silos) MS 6,,105r,,,,Dom. 6 p. Pent.,09061000,PSLDV,V,https://musicahispanica.eu/source/20179,,Gloria ...,,,,,,SEMM,0
,,https://musicahispanica.eu/chant/63739,Muri tui Jerusalem saffiro et smaragdo ,h03252b,,,,E-L (León) Ms 8,,084v,,,,Epiphania,05010600,PSLDV,V,https://musicahispanica.eu/source/20175,,Muri tui Jerusalem saffiro et smaragdo fabricabuntur et omnes plateae tuae carbunculo sternentut et per omnes vicos tuos dicetur alleluia ,,,,,,SEMM,0
,,https://musicahispanica.eu/chant/56307,Muri tui Jerusalem saffiro et smaragdo ,h03252b,,,,E-Tc (Toledo) 35.7,2,113v,,,,Epiphania,05010600,PSLDV,V,https://musicahispanica.eu/source/20188,,Muri tui Jerusalem saffiro et smaragdo fabricabuntur et omnes plateae tuae carbunculo sternentut et per omnes vicos tuos dicetur alleluia,,,,,,SEMM,0
,,https://musicahispanica.eu/chant/64103,Alleluia hereditas gentium opera manum ejus ,h03144a,,,,E-L (León) Ms 8,,106r,,,,Carnes Tollendas,,PSLDV,V,https://musicahispanica.eu/source/20175,,Alleluia hereditas gentium opera manum ejus veritas et judicium alleluia alleluia alleluia ,,,,,,SEMM,0
,,https://musicahispanica.eu/chant/68515,Gloria et ...,h00188a,,,,E-SI (Santo Domingo de Silos) MS 6,,138r,,,,Dom. 9 p. Pent.,09091000,PSLDV,V,https://musicahispanica.eu/source/20179,,Gloria et ...,,,,,,SEMM,0
,,https://musicahispanica.eu/chant/68545,Gloria et ...,h00188a,,,,E-SI (Santo Domingo de Silos) MS 6,,117r,,,,Dom. 7 p. Pent.,09071000,PSLDV,V,https://musicahispanica.eu/source/20179,,Gloria et ...,,,,,,SEMM,0
,,https://musicahispanica.eu/chant/68573,Gloria et ...,h00188a,,,,E-SI (Santo Domingo de Silos) MS 6,,006(1)v,,,,De uno justi,,PSLDV,V,https://musicahispanica.eu/source/20179,,Gloria et ...,,,,,,SEMM,0
