id,corpus_id,chantlink,incipit,cantus_id,mode,finalis,differentia,siglum,position,folio,sequence,marginalia,cao_concordances,feast,feast_code,genre,office,srclink,melody_id,full_text,full_text_manuscript,volpiano,notes,dataset_name,dataset_idx,db,image_link
,,https://musicahispanica.eu/chant/115267,Vidi turba*,h00516,,,,E-Mh (Madrid) ms 9/4579,,001v,,,,Dom. 2 p. Pascha,08031000,PSLD,MH,https://musicahispanica.eu/source/115262,,Vidi turba*,,,,,,SEMM,0
,,https://musicahispanica.eu/chant/108138,Vidi turbam*,h00516,,,,E-Tc (Toledo) 35.4,,038r,,,,"Dom. 4 p. Pascha,8",08051008,PSLD,V,https://musicahispanica.eu/source/20185,,Vidi turbam*,,,,,,SEMM,0
,,https://musicahispanica.eu/chant/91595,Vidi turbam*,h00516,,,,E-Tc (Toledo) 35.6,,037v,,,,Dom. 2 p. Pascha,08031000,PSLD,MH,https://musicahispanica.eu/source/20187,,Vidi turbam*,,,,,,SEMM,0
,,https://musicahispanica.eu/chant/72008,Alleluia Dilectio tua sicut fons vitae ,h03135,,,,E-SI (Santo Domingo de Silos) MS 3,,119br,,,,De uno justi,,PSLD,V,https://musicahispanica.eu/source/20177,,Alleluia Dilectio tua sicut fons vitae permanet et sapientia tua velut ornamentum aureum alleluia alleluia alleluia ,,,,,,SEMM,0
,,https://musicahispanica.eu/chant/66367,Collaudate dominum divini fructus et dicite ,h00211,,,,E-L (León) Ms 8,,220r,,,,"Justae, Rufinae",,PSLD,V,https://musicahispanica.eu/source/20175,,Collaudate dominum divini fructus et dicite in confessione alleluia opera domini universa bona valde alleluia alleluia alleluia ,,,,,,SEMM,0
,,https://musicahispanica.eu/chant/68775,Collaudate dominum divini fructus et dicite ,h00211,,,,E-SI (Santo Domingo de Silos) MS 6,,026v,,,,Commune unius Virginis,,PSLD,V,https://musicahispanica.eu/source/20179,,Collaudate dominum divini fructus et dicite in confessione alleluia opera domini universa bona valde alleluia alleluia alleluia,,,,,,SEMM,0
,,https://musicahispanica.eu/chant/62777,Dabi sanctis meis regnum in Jerusalem ,h03223,,,,E-L (León) Ms 8,,031r,,,,Romani,14080900,PSLD,V,https://musicahispanica.eu/source/20175,,Dabi sanctis meis regnum in Jerusalem lignum enim vide erit eis in odorem unguenti et non laborabunt neque fatigabuntur alleluia,,,,,,SEMM,0
,,https://musicahispanica.eu/chant/68712,Dabo sanctis meis regnum in Jerusalem ,h03223,,,,E-Mh (Madrid) Cod. 30,,009r,,,,Romani,14080900,PSLD,V,https://musicahispanica.eu/source/20176,,Dabo sanctis meis regnum in Jerusalem lignum enim vide erit eis in odorem unguenti et non laborabunt [neque fatigabuntur] alleluia,,,,,,SEMM,0
,,https://musicahispanica.eu/chant/80282,Psallite deo nostro in voce psalmi ,h03268,*,,,GB-Lbl (London) Add MS 30846,,035r,,,,Fer. 6 p. Pascha,08016000,PSLD,MH,https://musicahispanica.eu/source/20202,,Psallite deo nostro in voce psalmi alleluia in tubis abietum jubilate regi domino alleluia alleluia,,,,,,SEMM,0
,,https://musicahispanica.eu/chant/100576,Speciosa facta es alleluia et odor ,h03274,,,,GB-Lbl (London) Add MS 30845,,085v,,,,Assumptio Mariae (Hispanic rite),,PSLD,V,https://musicahispanica.eu/source/20196,,Speciosa facta es alleluia et odor vestimentorum tuorum super omnia aromata,,,,,,SEMM,0
,,https://musicahispanica.eu/chant/91934,Exaltent eum,h03245,,,,E-Tc (Toledo) 35.6,,100v,,,,Dom. p. Ascensionem,,PSLD,V,https://musicahispanica.eu/source/20187,,Exaltent eum,,,,,,SEMM,0
,,https://musicahispanica.eu/chant/66191,Omne donum optimum de caelo venit ,h00512,,,,E-L (León) Ms 8,,210v,,,,Dom. Pentecostes,08081000,PSLD,V2,https://musicahispanica.eu/source/20175,,Omne donum optimum de caelo venit alleluia descendens a patre luminum alleluia alleluia ,,,,,,SEMM,0
,,https://musicahispanica.eu/chant/62095,Omne donum obtimum de caelo venit ,h00512,,,,E-Tc (Toledo) 35.4,,082r,,,,Dom. Pentecostes,08081000,PSLD,V2,https://musicahispanica.eu/source/20185,,Omne donum obtimum de caelo venit alleluia descendens a patre luminum alleluia alleluia alleluia,,,,,,SEMM,0
,,https://musicahispanica.eu/chant/66556,Viae justi viae bonae sunt alleluia ,h00188,,,,E-L (León) Ms 8,,231r,,,,Martini Sacratio,,PSLD,MH,https://musicahispanica.eu/source/20175,,Viae justi viae bonae sunt alleluia et omnes remitte ejus in pace sunt alleluia alleluia ,,,,,,SEMM,0
,,https://musicahispanica.eu/chant/68570,Viae justi viae bonae sunt alleluia ,h00188,,,,E-SI (Santo Domingo de Silos) MS 6,,006(1)v,,,,De uno justi,,PSLD,V,https://musicahispanica.eu/source/20179,,Viae justi viae bonae sunt alleluia et omnes remitte ejus in pace sunt alleluia alleluia ,,,,,,SEMM,0
,,https://musicahispanica.eu/chant/66594,Audite magnati et omnes populi et ,h03153,,,,E-L (León) Ms 8,,233r,,,,Augustini,14082800,PSLD,V,https://musicahispanica.eu/source/20175,,Audite magnati et omnes populi et rectores ecclesiae audite me videte quia non mihi soli laboravi sed omnibus exquirentibus alleluia alleluia ,,,,,,SEMM,0
,,https://musicahispanica.eu/chant/63974,Concluserunt me aquae in medio mari ,h03216,,,,E-L (León) Ms 8,,098v,,,,Vincentii,14012200,PSLD,MH,https://musicahispanica.eu/source/20175,,Concluserunt me aquae in medio mari et tempestas dimersit me alleluia clamavi ad te domine et sanasti me alleluia alleluia ,,,,,,SEMM,0
,,https://musicahispanica.eu/chant/68652,Fons cui non deficiunt aquas et ,h00230,,,,E-SI (Santo Domingo de Silos) MS 6,,095r,,,,Dom. 5 p. Pent.,09051000,PSLD,V,https://musicahispanica.eu/source/20179,,Fons cui non deficiunt aquas et irrigabuntur deserta tua et erunt sicca fundamenta tua alleluia,,,,,,SEMM,0
,,https://musicahispanica.eu/chant/64159,Ibi alleluia prosperum iter habebis alleluia ,h03251,,,,E-L (León) Ms 8,,109r,,,,Carnes Tollendas,,ANT,MH,https://musicahispanica.eu/source/20175,,Ibi alleluia prosperum iter habebis alleluia et iterum revertaris ad nos alleluia alleluia ,,,,,,SEMM,0
,,https://musicahispanica.eu/chant/65795,Audivi vocem ex cornibus altaris aurei ,h00506,,,,E-L (León) Ms 8,,191r,,,,Dom. 3 p. Pascha,08041000,PSLD,MH,https://musicahispanica.eu/source/20175,,Audivi vocem ex cornibus altaris aurei quod est ante oculos dei dicentem benedictio et claritas et sapientia et virtus deo nostro alleluia alleluia ,,,,,,SEMM,0
,,https://musicahispanica.eu/chant/61853,Audibi vocem ex cornibus altaris aureis ,h00506,,,,E-Tc (Toledo) 35.4,,029v,,,,"Dom. 2 p. Pascha,8",08031008,PSLD,V,https://musicahispanica.eu/source/20185,,Audibi vocem ex cornibus altaris aureis quod est ante oculos dei dicentem benedictio et claritas et sapientia et virtus deo nostro alleluia alleluia,,,,,,SEMM,0
,,https://musicahispanica.eu/chant/91612,Audivi voces*,h00506,,,,E-Tc (Toledo) 35.6,,043v,,,,Dom. 3 p. Pascha,08041000,PSLD,V,https://musicahispanica.eu/source/20187,,Audivi voces*,,,,,,SEMM,0
,,https://musicahispanica.eu/chant/82813,Audivi vocem ex cornibus altaris aurei ,h00506,*,,,GB-Lbl (London) Add MS 30846,,087v,,,,Dom. 2 p. Pascha,08031000,PSLD,V,https://musicahispanica.eu/source/20202,,Audivi vocem ex cornibus altaris aurei quod est ante oculos dei dicentem benedictio et claritas et sapientia et virtus deo nostro alleluia alleluia,,,,,,SEMM,0
,,https://musicahispanica.eu/chant/63836,Hii sunt qui non*,h03249,,,,E-L (León) Ms 8,,090v,,,,Allisionis Infantum,,PSLD,V,https://musicahispanica.eu/source/20175,,Hii sunt qui non*,,,,,,SEMM,0
,,https://musicahispanica.eu/chant/68547,Fons vitae perennis de caelo respice ,h00228,,,,E-SI (Santo Domingo de Silos) MS 6,,073r,,,,Dom. 3 p. Pent.,09031000,PSLD,V,https://musicahispanica.eu/source/20179,,Fons vitae perennis de caelo respice et dimitte peccata nostra alleluia alleluia,,,,,,SEMM,0
,,https://musicahispanica.eu/chant/63462,Alleluia vocabitis nomen ejus Emmanuel butirum ,h03147,,,,E-L (León) Ms 8,,068v,,,,Nativitas Domini,02122500,PSLD,V,https://musicahispanica.eu/source/20175,,Alleluia vocabitis nomen ejus Emmanuel butirum et mel manducavit et priusquam cognoscat puer vocare patrem aut matrem accipiet virtutem Damasci alleluia alleluia,,,,,,SEMM,0
,,https://musicahispanica.eu/chant/72452,Alleluia Vocabitis nomen ejus Emmanuel butirum ,h03147,,,,E-Mh (Madrid) Cod. 30,,115v,,,,Nativitas Domini,02122500,PSLD,V,https://musicahispanica.eu/source/20176,,Alleluia Vocabitis nomen ejus Emmanuel butirum et mel manducavit et priusquam cognoscat puer vocare patrem aut matrem accipiet virtutem Damasci alleluia alle[luia],,,,,,SEMM,0
,,https://musicahispanica.eu/chant/55013,Alleluia vocabitis nomen eius Emmanuel butyrum ,h03147,,,,E-Tc (Toledo) 35.7,,056v,,,,Nativitas Domini,02122500,PSLD,V,https://musicahispanica.eu/source/20188,,Alleluia vocabitis nomen eius Emmanuel butyrum et mel manducabit et priusquam cognoscat puer vocare patrem aut matrem accipiet virtutem Damasci alleluia alleluia.,,,,,,SEMM,0
,,https://musicahispanica.eu/chant/74832,Alleluia vocabitis nomen ejus Emmanuel butirum ,h03147,*,,,GB-Lbl (London) Add MS 30844,,058r,,,,Nativitas Domini,02122500,PSLD,V,https://musicahispanica.eu/source/20201,,Alleluia vocabitis nomen ejus Emmanuel butirum et mel manducavit et priusquam cognoscat puer vocare patrem aut matrem accipiet virtutem Damasci alleluia alleluia,,,,,,SEMM,0
,,https://musicahispanica.eu/chant/63364,Patientes estote et confirmate corda vestra ,h03264,*,,,E-L (León) Ms 8,,063v,,,,Dom. 5 Adventus,,PSLD,V,https://musicahispanica.eu/source/20175,,Patientes estote et confirmate corda vestra orate equo animo et psallite alleluia quoniam adventus domini appropinquabit alleluia alleluia ,,,,,,SEMM,0
,,https://musicahispanica.eu/chant/68604,Confitemini Domino alleluia et invocate nomen ,h00234,,,,E-SI (Santo Domingo de Silos) MS 6,,138r,,,,Dom. 9 p. Pent.,09091000,PSLD,V,https://musicahispanica.eu/source/20179,,Confitemini Domino alleluia et invocate nomen eius alleluia. Narrate omnia mirabilia eius alleluia alleluia.,,,,,,SEMM,0
,,https://musicahispanica.eu/chant/91625,Voce audivi*,h03331,,,,E-Tc (Toledo) 35.6,,044v,,,,Dom. 3 p. Pascha,08041000,PSLD,MH,https://musicahispanica.eu/source/20187,,Voce audivi*,,,,,,SEMM,0
,,https://musicahispanica.eu/chant/80242,Voces audivi dicentis in circuitu tota ,h03331,*,,,GB-Lbl (London) Add MS 30846,,026v,,,,Fer. 4 p. Pascha,08014000,PSLD,V,https://musicahispanica.eu/source/20202,,Voces audivi dicentis in circuitu tota et erat numerus eorum milia milium dicentium voces magna dignus es domine quia occisus vox accipere virtutem et fortitudine et sapientiam alleluia,,,,,,SEMM,0
,,https://musicahispanica.eu/chant/83346,Alleluia in caelo et in terra ,h03139,*,,,GB-Lbl (London) Add MS 30846,,113v,,,,Ascensio Domini,08065000,PSLD,MH,https://musicahispanica.eu/source/20202,,Alleluia in caelo et in terra alleluia alleluia alleluia,,,,,,SEMM,0
,,https://musicahispanica.eu/chant/63646,Alleluia cantate domino et benedicite nomen ,h04113,,,,E-L (León) Ms 8,,079v,,,,Circumcisio Domini,02010110,PSLD,V,https://musicahispanica.eu/source/20175,,Alleluia cantate domino et benedicite nomen ejus alleluia benenuntiate dedit in diem salutare ejus alleluia alleluia ,,,,,,SEMM,0
,,https://musicahispanica.eu/chant/72610,Alleluia cantate domino et benedicite nomen ,h04113,*,,,E-Mh (Madrid) Cod. 30,,148v,,,,Circumcisio Domini,02010110,PSLD,V,https://musicahispanica.eu/source/20176,,Alleluia cantate domino et benedicite nomen ejus alleluia bene nuntiate dedit in diem salutare ejus alleluia alleluia,,,,,,SEMM,0
,,https://musicahispanica.eu/chant/55935,Alleluia cantate domino et benedicite nomen ,h04113,,,,E-Tc (Toledo) 35.7,,095v,,,,Circumcisio Domini,02010110,PSLD,V,https://musicahispanica.eu/source/20188,,Alleluia cantate domino et benedicite nomen ejus alleluia benenuntiate de die in diem salutare ejus alleluia alleluia,,,,,,SEMM,0
,,https://musicahispanica.eu/chant/75108,Alleluia cantate domino et benedicite nomen ,h04113,*,,,GB-Lbl (London) Add MS 30844,,111r,,,,Circumcisio Domini,02010110,PSLD,V,https://musicahispanica.eu/source/20201,,Alleluia cantate domino et benedicite nomen ejus alleluia bene nuntiate dedit in diem salutare ejus alleluia alleluia,,,,,,SEMM,0
,,https://musicahispanica.eu/chant/63270,Ecce tempus dicit dominus in quo ,h03237,,,,E-L (León) Ms 8,,057r,,,,Exspectationis BMV,14121810,PSLD,V,https://musicahispanica.eu/source/20175,,Ecce tempus dicit dominus in quo parturiens generavit alleluia et eritis te pax in aeternum alleluia alleluia alleluia ,,,,,,SEMM,0
,,https://musicahispanica.eu/chant/65915,De Jerusalem veniet*,h04770,,,,E-L (León) Ms 8,,197v,,,,Inventio Crucis,14050300,PSLD,MASS,https://musicahispanica.eu/source/20175,,De Jerusalem veniet*,,,,,,SEMM,0
,,https://musicahispanica.eu/chant/65842,Vidi turbam angelorum multorum in caelo ,h03329,*,,,E-L (León) Ms 8,,193v,,,,Dom. 5 p. Pascha,08061000,PSLD,V,https://musicahispanica.eu/source/20175,,Vidi turbam angelorum multorum in caelo dicentium voce magna dignus est qui occisus est agnus accipere fortitudinem et gloriam et honorem et omnes audivi dicentes sedenti in throno et agno benedictio et honor et gloria et potestas alleluia alleluia ,,,,,,SEMM,0
,,https://musicahispanica.eu/chant/64157,Alleluia mane apud nos hodie et ,h03143,,,,E-L (León) Ms 8,,109r,,,,Carnes Tollendas,,PSLD,MH,https://musicahispanica.eu/source/20175,,Alleluia mane apud nos hodie et crastina proficisceris alleluia et dum orta fuerit dies ambulabis via tua alleluia alleluia,,,,,,SEMM,0
,,https://musicahispanica.eu/chant/69023,De fontibus Israhel benedicite domino alleluia ,h00231,,,,E-SI (Santo Domingo de Silos) MS 6,,105r,,,,Dom. 6 p. Pent.,09061000,PSLD,V,https://musicahispanica.eu/source/20179,,De fontibus Israhel benedicite domino alleluia alleluia alleluia,,,,,,SEMM,0
,,https://musicahispanica.eu/chant/65935,Benedic anima mea domino alleluia qui ,h00507,,,,E-L (León) Ms 8,,199r,,,,Ascensio Domini,08065000,PSLD,V,https://musicahispanica.eu/source/20175,,Benedic anima mea domino alleluia qui ponit nubem ascensum suum alleluia qui facit angelos suos spiritus alleluia alleluia alleluia ,,,,,,SEMM,0
,,https://musicahispanica.eu/chant/61971,Benedic anima mea domino alleluia qui ,h00507,,,,E-Tc (Toledo) 35.4,,057v,,,,Ascensio Domini,08065000,PSLD,V,https://musicahispanica.eu/source/20185,,Benedic anima mea domino alleluia qui ponit nubem ascensum suum alleluia qui facit angelos suos spiritus alleluia alleluia alleluia,,,,,,SEMM,0
,,https://musicahispanica.eu/chant/91829,Benedic anima mea domino alleluia qui ,h00507,*,,,E-Tc (Toledo) 35.6,,085v,,,,Ascensio Domini,08065000,PSLD,V,https://musicahispanica.eu/source/20187,,Benedic anima mea domino alleluia qui ponit nubem ascensum suum alleluia qui facit angelos suos spiritus alleluia alleluia alleluia,,,,,,SEMM,0
,,https://musicahispanica.eu/chant/75269,Benedic anima mea domino alleluia qui ,h00507,*,,,GB-Lbl (London) Add MS 30844,,150r,,,,Ascensio Domini,08065000,PSLD,V,https://musicahispanica.eu/source/20201,,Benedic anima mea domino alleluia qui ponit nubem ascensum suum alleluia qui facit angelos suos spiritus alleluia alleluia alleluia,,,,,,SEMM,0
,,https://musicahispanica.eu/chant/65851,Hilaritate perfusa est omnis terra alleluia ,h03250,,,,E-L (León) Ms 8,,194r,,,,Dom. 5 p. Pascha,08061000,PSLD,MH,https://musicahispanica.eu/source/20175,,Hilaritate perfusa est omnis terra alleluia vox sacerdotum et levitarum audita est alleluia incipite deo nostro in organis alleluia componite illi psalmum novum alleluia alleluia alleluia ,,,,,,SEMM,0
,,https://musicahispanica.eu/chant/63536,Liberabo eum dicit dominus alleluia protegam ,h03261,,,,E-L (León) Ms 8,,073v,,,,Stephani,02122600,PSLD,V,https://musicahispanica.eu/source/20175,,Liberabo eum dicit dominus alleluia protegam eum alleluia  et ostendam illi salutare meum alleluia alleluia alleluia ,,,,,,SEMM,0
,,https://musicahispanica.eu/chant/55639,Liberabo eum dicit dominus alleluia protegam ,h03261,,,,E-Tc (Toledo) 35.7,,073r,,,,Stephani,02122600,PSLD,MH,https://musicahispanica.eu/source/20188,,Liberabo eum dicit dominus alleluia protegam eum alleluia et ostendam illi salutare meum alleluia alleuia alleluia,,,,,,SEMM,0
,,https://musicahispanica.eu/chant/85016,Hic curantur languidi et sanantur infirmi ,h03248,*,,,E-SI (Santo Domingo de Silos) MS 7,,012r,,,,Pro infirmis,16013030,PSLD,MH,https://musicahispanica.eu/source/20181,,Hic curantur languidi et sanantur infirmi hic resurgunt mortui alleluia,,,,,,SEMM,0
,,https://musicahispanica.eu/chant/68743,Fons ascendebat et terrae inrigans universam ,h00229,,,,E-SI (Santo Domingo de Silos) MS 6,,085r,,,,Dom. 4 p. Pent.,09041000,PSLD,V,https://musicahispanica.eu/source/20179,,Fons ascendebat et terrae inrigans universam super faciem terrae alleluia alleluia,,,,,,SEMM,0
,,https://musicahispanica.eu/chant/63901,Alleluia ubicumque fuerint duo vel tres ,h03146,,,,E-L (León) Ms 8,,094r,,,,"Fructuosi, Augurii et Eulogii",,PSLD,V,https://musicahispanica.eu/source/20175,,Alleluia ubicumque fuerint duo vel tres in nomine meo collecti alleluia ibi ero in medio eorum dicit dominus alleluia alleluia ,,,,,,SEMM,0
,,https://musicahispanica.eu/chant/73104,Alleluia ubicumque fuerint duo vel tres ,h03146,*,,,E-Mh (Madrid) Cod. 30,,194v,,,,"Fructuosi, Augurii et Eulogii",,PSLD,V,https://musicahispanica.eu/source/20176,,Alleluia ubicumque fuerint duo vel tres in nomine meo collecti alleluia ibi ero in medi[o eorum] dicit dominus alleluia allelu[ia],,,,,,SEMM,0
,,https://musicahispanica.eu/chant/63694,Dominabitur a mare et usque ad ,h03232,,,,E-L (León) Ms 8,,082r,,,,Circumcisio Domini,02010110,PSLD,V2,https://musicahispanica.eu/source/20175,,Dominabitur a mare et usque ad mare alleluia et a fluminibus usque ad terminos orbis terrae alleluia alleluia alleluia ,,,,,,SEMM,0
,,https://musicahispanica.eu/chant/56052,Dominabitur a mare et usque ad ,h03232,,,,E-Tc (Toledo) 35.7,,106v,,,,Circumcisio Domini,02010110,PSLD,V2,https://musicahispanica.eu/source/20188,,Dominabitur a mare et usque ad mare alleluia et a fluminibus usque ad terminos orbis terrae alleluia alleluia alleluia,,,,,,SEMM,0
,,https://musicahispanica.eu/chant/66219,Ponam te in exultatione aeterna dicit ,h03265,,,,E-L (León) Ms 8,,212r,,,,Joannis Baptistae,14062400,PSLD,V,https://musicahispanica.eu/source/20175,,Ponam te in exultatione aeterna dicit dominus alleluia et erit gaudium tuum in saecula saeculorum alleluia alleluia alleluia ,,,,,,SEMM,0
,,https://musicahispanica.eu/chant/92126,Ponam te in exultatione aeterna dicit ,h03265,,,,E-Tc (Toledo) 35.6,,124v,,,,Joannis Baptistae,14062400,PSLD,V,https://musicahispanica.eu/source/20187,,Ponam te in exultatione aeterna dicit dominus alleluia et erit gaudium tuum in saecula saeculorum alleluia alleluia alleluia,,,,,,SEMM,0
,,https://musicahispanica.eu/chant/98713,Ponam te in exultatione aeterna dicit ,h03265,,,,GB-Lbl (London) Add MS 30845,,014v,,,,Joannis Baptistae,14062400,PSLD,V,https://musicahispanica.eu/source/20196,,Ponam te in exultatione aeterna dicit dominus alleluia et erit gaudium tuum in saecula saeculorum alleluia alleluia alleluia,,,,,,SEMM,0
,,https://musicahispanica.eu/chant/68635,Eripite pauperem... peccatoris alleluia humilem et ,h00235,,,,E-SI (Santo Domingo de Silos) MS 6,,154r,,,,Dom. 10 p. Pent.,09101000,PSLD,V,https://musicahispanica.eu/source/20179,,Eripite pauperem... peccatoris alleluia humilem et pauperem justificate alleluia alleluia,,,,,,SEMM,0
,,https://musicahispanica.eu/chant/65804,Vocem audivi dicentis in circuitu throni ,h04769,,,,E-L (León) Ms 8,,191r,,,,Dom. 3 p. Pascha,08041000,PSLD,MH,https://musicahispanica.eu/source/20175,,Vocem audivi dicentis in circuitu throni et erat numerus eorum milia milium dicentium voce magna dignus est qui occisus est accipere virtutem et fortitudinem et sapientiam alleluia,,,,,,SEMM,0
,,https://musicahispanica.eu/chant/67218,In domo domini factus est psallentium ,h03254,,,,E-L (León) Ms 8,,260r,,,,De Sacratione Baselice,,PSLD,V,https://musicahispanica.eu/source/20175,,In domo domini factus est psallentium sonus suavitate plenus et omnis populus orabat dicens domine da nobis jucunditatem cordis fieri pacem in temporibus nostris alleluia ,,,,,,SEMM,0
,,https://musicahispanica.eu/chant/67368,In domo domini factus*,h03254,,,,E-L (León) Ms 8,,268v,,,,De Sacratione Baselice,,PSLD,V,https://musicahispanica.eu/source/20175,,In domo domini factus*,,,,,,SEMM,0
,,https://musicahispanica.eu/chant/63341,Virgo Israel*,h03330,,,,E-L (León) Ms 8,,062r,,,,Exspectationis BMV,14121810,PSLD,V2,https://musicahispanica.eu/source/20175,,Virgo Israel*,,,,,,SEMM,0
,,https://musicahispanica.eu/chant/63792,Ecce in Jerusalem apparet*,h03236,,,,E-L (León) Ms 8,,088r,,,,Epiphania,05010600,PSLD,MH,https://musicahispanica.eu/source/20175,,Ecce in Jerusalem apparet*,,,,,,SEMM,0
,,https://musicahispanica.eu/chant/72725,Ecce in Jerusalem apparet gaudium et ,h03236,,,,E-Mh (Madrid) Cod. 30,,170v,,,,Epiphania,05010600,PSLD,MH,https://musicahispanica.eu/source/20176,,Ecce in Jerusalem apparet gaudium et jucunditas magna quia dominus illuminavit eam et omnes vias ejus [renovavit et erit in ea pax sempiterna] alleluia,,,,,,SEMM,0
,,https://musicahispanica.eu/chant/75183,Ecce in Jerusalem apparuit gaudium et ,h03236,*,,,GB-Lbl (London) Add MS 30844,,128v,,,,Epiphania,05010600,PSLD,MH,https://musicahispanica.eu/source/20201,,Ecce in Jerusalem apparuit gaudium et jucunditas magna quia dominus illuminavit eam et omnes vias ejus renovavit et erit in ea pax sempiterna,,,,,,SEMM,0
,,https://musicahispanica.eu/chant/66484,Viam sapientiae monstravit parvulis dominus et ,h03328,,,,E-L (León) Ms 8,,226v,,,,"Justi, Pastoris",14080630,PSLD,V,https://musicahispanica.eu/source/20175,,Viam sapientiae monstravit parvulis dominus et eduxit eos per semitas equitatis alleluia introierunt turmas et non sunt empti current et non habent offendiculum ullum alleluia alleluia ,,,,,,SEMM,0
,,https://musicahispanica.eu/chant/92640,Viam sapientiae monstravit dominus parvulis et ,h03328,*,,,E-Tc (Toledo) 35.6,,194r,,,,"Justi, Pastoris",14080630,PSLD,V,https://musicahispanica.eu/source/20187,,Viam sapientiae monstravit dominus parvulis et eduxit eos per semitas equitatis alleluia introierunt turmas et non sunt tempti current et non habent offendiculum ullum alleluia alleluia,,,,,,SEMM,0
,,https://musicahispanica.eu/chant/99743,Viam sapientiae monstravit dominus parvulis et ,h03328,,,,GB-Lbl (London) Add MS 30845,,065v,,,,"Justi, Pastoris",14080630,PSLD,V,https://musicahispanica.eu/source/20196,,Viam sapientiae monstravit dominus parvulis et eduxit eos per semitas equitatis alleluia introierunt turmas et non sunt empti current et non habent offendiculum ullum alleluia alleluia,,,,,,SEMM,0
,,https://musicahispanica.eu/chant/63146,Alleluia inveni quem dilexit anima mea ,h03142,,,,E-L (León) Ms 8,,050v,,,,Eulaliae Emeritensis,14121010,PSLD,V,https://musicahispanica.eu/source/20175,,Alleluia inveni quem dilexit anima mea tenebo et non dimittam alleluia alleluia ,,,,,,SEMM,0
,,https://musicahispanica.eu/chant/84243,Alleluia inveni quem *,h03142,,,,E-Zfm (Zaragoza) Ms-418,,005r,,,,Agathae,14020500,PSLD,V,https://musicahispanica.eu/source/20192,,Alleluia inveni quem *,,,,,,SEMM,0
,,https://musicahispanica.eu/chant/63215,Ego quasi catulus*,h03240,,,,E-L (León) Ms 8,,054r,,,,Dom. 4 Adventus,01041000,PSLD,V,https://musicahispanica.eu/source/20175,,Ego quasi catulus*,,,,,,SEMM,0
,,https://musicahispanica.eu/chant/66820,Alleluia benedictio ejus*,h03134,,,,E-L (León) Ms 8,,244r,,,,Martini,14111100,PSLD,V,https://musicahispanica.eu/source/20175,,Alleluia benedictio ejus*,,,,,,SEMM,0
,,https://musicahispanica.eu/chant/65899,Regna terrae,h03271,,,,E-L (León) Ms 8,,197r,,,,Inventio Crucis,14050300,PSLD,V,https://musicahispanica.eu/source/20175,,Regna terrae,,,,,,SEMM,0
,,https://musicahispanica.eu/chant/65780,Celebraverunt pascha alleluia et directa sunt ,h03156,,,,E-L (León) Ms 8,,190r,,,,Dom. 2 p. Pascha,08031000,PSLD,MH,https://musicahispanica.eu/source/20175,,Celebraverunt pascha alleluia et directa sunt opera eorum in conspectu domini corde pleno alleluia alleluia ,,,,,,SEMM,0
,,https://musicahispanica.eu/chant/67725,Initio terram tu fundasti domine alleluia ,h03258,,,,E-L (León) Ms 8,,284r,,,,Dom. Quotidiano,,PSLD,V,https://musicahispanica.eu/source/20175,,Initio terram tu fundasti domine alleluia et opera manum tuarum sunt caeli alleluia alleluia ,,,,,,SEMM,0
,,https://musicahispanica.eu/chant/66438,Qui solatus est pauperem consolabitur ipse ,h03269,,,,E-L (León) Ms 8,,224r,,,,Felicis,14072900,PSLD,V,https://musicahispanica.eu/source/20175,,Qui solatus est pauperem consolabitur ipse in eum de suis panibus praebuit inopi victoriam et honorem accepit alleluia ,,,,,,SEMM,0
,,https://musicahispanica.eu/chant/75215,Corona gratiarum coronavit eum dominus et ,h03222,*,,,GB-Lbl (London) Add MS 30844,,138v,,,,Cathedra Petri,14022200,PSLD,V,https://musicahispanica.eu/source/20201,,Corona gratiarum coronavit eum dominus et corona deliciarum protexit illum alleluia alleluia alleluia,,,,,,SEMM,0
,,https://musicahispanica.eu/chant/64910,Toedium tenuit me pro de relinquentibus ,h03275,,,,E-L (León) Ms 8,,142v,,,,Dom. 4 Quadragesimae,07041000,PSLD,V,https://musicahispanica.eu/source/20175,,Toedium tenuit me pro de relinquentibus legem tuam cantabiles erant mihi justificationes tuae in loco peregrinationis meae,,,,,,SEMM,0
,,https://musicahispanica.eu/chant/70700,Cantate domino canticum novum alleluia,h00513,,,,E-Tc (Toledo) 35.4,,127r,,,,Dom. 9 Quotidiano,,PSLD,MH,https://musicahispanica.eu/source/20185,,Cantate domino canticum novum alleluia,,,,,,SEMM,0
,,https://musicahispanica.eu/chant/66537,Deduxit sanctos dominus in viam rectam ,h03226,,,,E-L (León) Ms 8,,230r,,,,Laurentii,14081000,PSLD,MH,https://musicahispanica.eu/source/20175,,Deduxit sanctos dominus in viam rectam alleluia  ut irent in civitatem habitationis alleluia alleluia ,,,,,,SEMM,0
,,https://musicahispanica.eu/chant/68312,Et ego ad te domine clamavi ,h00312,,,,E-SI (Santo Domingo de Silos) MS 6,,049v,,,,Dom. 1 p. Pent.,09011010,PSLD,MH,https://musicahispanica.eu/source/20179,,Et ego ad te domine clamavi et mane oratio mea praeveniat ad te,,,,,,SEMM,0
,,https://musicahispanica.eu/chant/63737,Jerusalem civitas sancta ornamentis martyrum decorata ,h03252,,,,E-L (León) Ms 8,,084r,,,,Epiphania,05010600,PSLD,V,https://musicahispanica.eu/source/20175,,Jerusalem civitas sancta ornamentis martyrum decorata cujus plateae resonant laudes de die in diem,,,,,,SEMM,0
,,https://musicahispanica.eu/chant/56305,Jerusalem civitas sancta ornamentis martyrum decorata ,h03252,,,,E-Tc (Toledo) 35.7,,113v,,,,Epiphania,05010600,PSLD,V,https://musicahispanica.eu/source/20188,,Jerusalem civitas sancta ornamentis martyrum decorata cujus plateae resonant laudes de die in diem,,,,,,SEMM,0
,,https://musicahispanica.eu/chant/63088,Confessionem et decorem induisti alleluia amicta ,h03219,,,,E-L (León) Ms 8,,047r,,,,Leocadiae,14120920,PSLD,V,https://musicahispanica.eu/source/20175,,Confessionem et decorem induisti alleluia amicta luce sicut vestimento alleluia alleluia alleluia,,,,,,SEMM,0
,,https://musicahispanica.eu/chant/72115,Confessionem et decorem induisti alleluia amicta ,h03219,*,,,E-Mh (Madrid) Cod. 30,,059r,,,,Leocadiae,14120920,PSLD,V,https://musicahispanica.eu/source/20176,,Confessionem et decorem induisti alleluia amicta luce sicut vestimento alleluia alleluia alleluia,,,,,,SEMM,0
,,https://musicahispanica.eu/chant/68454,Eratis aliquando tenebrae alleluia nunc autem ,h00233,,,,E-SI (Santo Domingo de Silos) MS 6,,125a v,,,,Dom. 8 p. Pent.,09081000,PSLD,V,https://musicahispanica.eu/source/20179,,Eratis aliquando tenebrae alleluia nunc autem lux in Domino alleluia ut filii lucis ambulate alleluia alleluia,,,,,,SEMM,0
,,https://musicahispanica.eu/chant/66669,Demus gloriam deo nostro alleluia alleluia ,h03228,,,,E-L (León) Ms 8,,237r,,,,Michaelis,14092900,PSLD,V,https://musicahispanica.eu/source/20175,,Demus gloriam deo nostro alleluia alleluia quia multiplicavit numerum servorum suorum secundum numerum angelorum ut sit populus domini dei Israel alleluia alleluia alleluia ,,,,,,SEMM,0
,,https://musicahispanica.eu/chant/62861,Omnes gentes plaudite*,h03263,,,,E-L (León) Ms 8,,035r,,,,Dom. 1 Adventus,01011000,PSLD,V,https://musicahispanica.eu/source/20175,,Omnes gentes plaudite*,,,,,,SEMM,0
,,https://musicahispanica.eu/chant/70505,Omnes gentes plaudite manibus alleluia quoniam ,h03263,,,,E-Mh (Madrid) Cod. 30,,026v,,,,Dom. 1 Adventus,01011000,PSLD,V,https://musicahispanica.eu/source/20176,,Omnes gentes plaudite manibus alleluia quoniam veniet dominus alleluia alleluia,,,,,,SEMM,0
,,https://musicahispanica.eu/chant/64102,Alleluia spes mea tu es in ,h03144,,,,E-L (León) Ms 8,,106r,,,,Carnes Tollendas,,PSLD,V,https://musicahispanica.eu/source/20175,,Alleluia spes mea tu es in te et decantatio mea alleluia alleluia ,,,,,,SEMM,0
,,https://musicahispanica.eu/chant/65771,Audivi voces sanctorum multorum dicentium alleluia ,h00329,,,,E-L (León) Ms 8,,189v,,,,Dom. 2 p. Pascha,08031000,PSLD,V,https://musicahispanica.eu/source/20175,,Audivi voces sanctorum multorum dicentium alleluia honor et gloria deo nostro quia juxta et vera sunt judicia ejus et iterum dixerunt alleluia et adoraverunt sedentem supra thronum dicentes amen et alleluia ,,,,,,SEMM,0
,,https://musicahispanica.eu/chant/61443,Audivi voces sanctorum multorum dicentium alleluia ,h00329,,,,E-Tc (Toledo) 35.4,,007v,,,,Fer. 3 p. Pascha,08013000,PSLD,MH,https://musicahispanica.eu/source/20185,,"Audivi voces sanctorum multorum dicentium alleluia honor et gloria deo nostro quia juxta et vera sunt judicia ejus et iterum dixerunt alleluia et adoraverunt sedentem supra thronum dicentes amen et alleluia
",,,,,,SEMM,0
,,https://musicahispanica.eu/chant/91582,Audivi vocem*,h00329,,,,E-Tc (Toledo) 35.6,,037r,,,,Dom. 2 p. Pascha,08031000,PSLD,V,https://musicahispanica.eu/source/20187,,Audivi vocem*,,,,,,SEMM,0
,,https://musicahispanica.eu/chant/63506,Populus qui sedebat in tenebris lucem ,h03267,,,,E-L (León) Ms 8,,071v,,,,Nativitas Domini,02122500,PSLD,MH,https://musicahispanica.eu/source/20175,,Populus qui sedebat in tenebris lucem vidit magnam habitantibus in regione umbrae mortis lux orta est eis alleluia alleluia ,,,,,,SEMM,0
,,https://musicahispanica.eu/chant/55591,Populus qui sedebat in tenebris lucem ,h03267,,,,E-Tc (Toledo) 35.7,,067r,,,,Nativitas Domini,02122500,PSLD,MH,https://musicahispanica.eu/source/20188,,Populus qui sedebat in tenebris lucem vidit magnam habitantibus in regione umbre mortis lux orta est illis alleluia alleluia,,,,,,SEMM,0
,,https://musicahispanica.eu/chant/74906,Populus qui sedebat in tenebris lucem ,h03267,*,,,GB-Lbl (London) Add MS 30844,,068v,,,,Nativitas Domini,02122500,PSLD,MH,https://musicahispanica.eu/source/20201,,Populus qui sedebat in tenebris lucem vidit magnam habitantibus in regione umbrae mortis lux orta est eis alleluia alleluia,,,,,,SEMM,0
,,https://musicahispanica.eu/chant/65521,In mente habete diem istum in ,h03256,,,,E-L (León) Ms 8,,176v,,,,Dom. Resurrectionis,08011000,PSLD,MH,https://musicahispanica.eu/source/20175,,In mente habete diem istum in quo existis de Aegypto mensis novorum est iste celebrate parcha domino alleluia alleluia ,,,,,,SEMM,0
,,https://musicahispanica.eu/chant/80017,In mente habete diem istum in ,h03256,*,,,GB-Lbl (London) Add MS 30846,,002r,,,,Dom. Resurrectionis,08011000,PSLD,V,https://musicahispanica.eu/source/20202,,In mente habete diem istum in quo existis de Aegypto mensis novorum est iste celebrate parcha domino alleluia alleluia,,,,,,SEMM,0
,,https://musicahispanica.eu/chant/65136,Vos estis genus electum regalae sacerdotium ,h03332,,,,E-L (León) Ms 8,,153v,,,,Dom. in Palmis,07061000,PSLD,MH,https://musicahispanica.eu/source/20175,,Vos estis genus electum regalae sacerdotium gens sancta populus adquisitionis,,,,,,SEMM,0
,,https://musicahispanica.eu/chant/64156,Domine deus patris mei Abraham conserva ,h03234,,,,E-L (León) Ms 8,,109r,,,,Carnes Tollendas,,PSLD,V2,https://musicahispanica.eu/source/20175,,Domine deus patris mei Abraham conserva vias meas ut revertas cum salvet in domo tua alleluia alleluia alleluia ,,,,,,SEMM,0
,,https://musicahispanica.eu/chant/63944,Alleluia intendebam a dextris et videbam ,h03140,,,,E-L (León) Ms 8,,097r,,,,Vincentii,14012200,PSLD,V,https://musicahispanica.eu/source/20175,,Alleluia intendebam a dextris et videbam et non erat qui cognosceret me clamavi ad te domine exaudi me alleluia alleluia ,,,,,,SEMM,0
,,https://musicahispanica.eu/chant/73147,[Alleluia intendebam a] dextris et videbam ,h03140,*,,,E-Mh (Madrid) Cod. 30,,203v,,,,Vincentii,14012200,PSLD,V,https://musicahispanica.eu/source/20176,,[Alleluia intendebam a] dextris et videbam et non erat qui cognosceret me clamavi ad te domine exaudi me alleluia alleluia,,,,,,SEMM,0
,,https://musicahispanica.eu/chant/61873,Vidi et audivi*,h00519,,,,E-Tc (Toledo) 35.4,,033v,,,,"Dom. 3 p. Pascha,8",08041008,PSLD,V,https://musicahispanica.eu/source/20185,,Vidi et audivi*,,,,,,SEMM,0
,,https://musicahispanica.eu/chant/80309,Vidi et audivi voces angelorum multorum ,h00519,*,,,GB-Lbl (London) Add MS 30846,,039v,,,,Fer. 6 p. Pascha,08016000,PSLD,V,https://musicahispanica.eu/source/20202,,Vidi et audivi voces angelorum multorum in circuitum throni stantium in conspectum domini qua tuos animalium et seniorum voces cum clamore magno resonabunt alleluia gloria sit nomen domini,,,,,,SEMM,0
,,https://musicahispanica.eu/chant/67451,Ego te augebo et tibi dabo ,h03242,,,,E-L (León) Ms 8,,272r,,,,Ordinatione sive natalicio regis,,PSLD,V,https://musicahispanica.eu/source/20175,,Ego te augebo et tibi dabo terram hanc et semini tuo post te alleluia alleluia ,,,,,,SEMM,0
,,https://musicahispanica.eu/chant/70721,Alleluia fons de domo domini egredietur ,h00515,,,,E-Tc (Toledo) 35.4,,131v,,,,Dom. 10 Quotidiano,,PSLD,MH,https://musicahispanica.eu/source/20185,,Alleluia fons de domo domini egredietur et intrigabit omnem orbem terrarum et per omnes rivos Jude ibunt aque montes et colles fluent lacte alleluia alleluia,,,,,,SEMM,0
,,https://musicahispanica.eu/chant/62737,Sicut lilia munda floruerunt sancti alleluia ,h03273,,,,E-L (León) Ms 8,,029v,,,,Aciscli,,PSLD,V,https://musicahispanica.eu/source/20175,,Sicut lilia munda floruerunt sancti alleluia et odor dei descendit in illos alleluia alleluia,,,,,,SEMM,0
,,https://musicahispanica.eu/chant/68180,Sicut lilia munda floruerunt sancti alleluia ,h03273,,,,E-Mh (Madrid) Cod. 30,,001v,,,,Aciscli,,PSLD,V,https://musicahispanica.eu/source/20176,,Sicut lilia munda floruerunt sancti alleluia et odor dei descendit in illos alleluia alleluia,,,,,,SEMM,0
,,https://musicahispanica.eu/chant/63597,Ego dilexi te dicit dominus ecce ,h03238,,,,E-L (León) Ms 8,,076v,,,,Joannis Evang.,02122700,PSLD,V,https://musicahispanica.eu/source/20175,,Ego dilexi te dicit dominus ecce venio cito veni domine Jesu alleluia alleluia ,,,,,,SEMM,0
,,https://musicahispanica.eu/chant/55877,Ego dilexi te dicit dominus ecce ,h03238,,,,E-Tc (Toledo) 35.7,,088r,,,,Joannis Evang.,02122700,PSLD,V,https://musicahispanica.eu/source/20188,,Ego dilexi te dicit dominus ecce venio cito veni domine Jesu alleluia alleluia,,,,,,SEMM,0
,,https://musicahispanica.eu/chant/63808,Alleluia directa facta est via justorum ,h03136,,,,E-L (León) Ms 8,,089r,,,,"Celsi, Juliani",14010900,PSLD,V,https://musicahispanica.eu/source/20175,,Alleluia directa facta est via justorum et praeparatum est iter sanctorum alleluia propterea laetabitur in salutare domini anima nostra alleluia alleluia ,,,,,,SEMM,0
,,https://musicahispanica.eu/chant/65820,Celebrabitur in die isto sollemnitas magna ,h00325,,,,E-L (León) Ms 8,,192r,,,,Dom. 4 p. Pascha,08051000,PSLD,V,https://musicahispanica.eu/source/20175,,Celebrabitur in die isto sollemnitas magna et erit pax in universa terra alleluia alleluia ,,,,,,SEMM,0
,,https://musicahispanica.eu/chant/61409,Celebrabitur in die isto sollemnitas magna ,h00325,,,,E-Tc (Toledo) 35.4,,007v,,,,Fer. 2 p. Pascha,08012000,PSLD,MH,https://musicahispanica.eu/source/20185,,Celebrabitur in die isto sollemnitas magna et erit pax in universa terra alleluia alleluia gloria,,,,,,SEMM,0
,,https://musicahispanica.eu/chant/91553,Celebrabitur in die*,h00325,,,,E-Tc (Toledo) 35.6,,030r,,,,Octava Paschae,08021000,PSLD,MH,https://musicahispanica.eu/source/20187,,Celebrabitur in die*,,,,,,SEMM,0
,,https://musicahispanica.eu/chant/80040,Celebrabitur in die isto sollemnitas magna ,h00325,*,,,GB-Lbl (London) Add MS 30846,,003v,,,,Fer. 2 p. Pascha,08012000,PSLD,MH,https://musicahispanica.eu/source/20202,,Celebrabitur in die isto sollemnitas magna et erit pax in universa terra alleluia alleluia,,,,,,SEMM,0
,,https://musicahispanica.eu/chant/83577,Exaltate dominum deum nostrum et ad ,h00520,*,,,GB-Lbl (London) Add MS 30846,,125r,,,,Dom. p. Ascensionem,,PSLD,V,https://musicahispanica.eu/source/20202,,Exaltate dominum deum nostrum et ad orate in monte sancto ejus alleluia quoniam sanctus es alleluia alleluia,,,,,,SEMM,0
,,https://musicahispanica.eu/chant/64332,Appropriet oratio mea in conspectu tuo ,h03132,*,,,E-L (León) Ms 8,,116r,,,,Dom. 1 Quadragesimae,07011000,PSLD,V,https://musicahispanica.eu/source/20175,,Appropriet oratio mea in conspectu tuo domino intret postulatio mea coram te secundum verbum tuum vivifica me,,,,,,SEMM,0
,,https://musicahispanica.eu/chant/63675,Ante solem permanet nomen ejus et ,h03148,,,,E-L (León) Ms 8,,081r,,,,Circumcisio Domini,02010110,PSLD,MH,https://musicahispanica.eu/source/20175,,Ante solem permanet nomen ejus et benedicentur in eo omnes tribus terrae omnes gentes beatum dicunt eum alleluia alleluia alleluia ,,,,,,SEMM,0
,,https://musicahispanica.eu/chant/72643,Ante solem permanet nomen ejus et ,h03148,,,,E-Mh (Madrid) Cod. 30,,154v,,,,Circumcisio Domini,02010110,PSLD,MH,https://musicahispanica.eu/source/20176,,Ante solem permanet nomen ejus et benedicentur in eo omnes tribus terrae omnes gentes beatum dicunt eum alleluia alleluia alleluia,,,,,,SEMM,0
,,https://musicahispanica.eu/chant/55989,Ante solem permanet nomen ejus et ,h03148,,,,E-Tc (Toledo) 35.7,,100v,,,,Circumcisio Domini,02010110,PSLD,MH,https://musicahispanica.eu/source/20188,,Ante solem permanet nomen ejus et benedicentur in eo omnes tribus terrae omnes gentes beatum dicunt eum alleluia alleluia alleluia,,,,,,SEMM,0
,,https://musicahispanica.eu/chant/75142,Ante solem permanet nomen ejus et ,h03148,*,,,GB-Lbl (London) Add MS 30844,,116r,,,,Circumcisio Domini,02010110,PSLD,MH,https://musicahispanica.eu/source/20201,,Ante solem permanet nomen ejus et benedicentur in eo omnes tribus terrae omnes gentes beatum dicunt eum alleluia alleluia alleluia,,,,,,SEMM,0
,,https://musicahispanica.eu/chant/68349,Fons cui non deficiet aquas sanctificavit ,h00227,,,,E-SI (Santo Domingo de Silos) MS 6,,062r,,,,Dom. 2 p. Pent.,09021000,PSLD,V,https://musicahispanica.eu/source/20179,,Fons cui non deficiet aquas sanctificavit te dominus deus alleluia,,,,,,SEMM,0
,,https://musicahispanica.eu/chant/92621,Felix vir qui de corde suo ,h03246,*,,,E-Tc (Toledo) 35.6,,188v,,,,Felicis Gerundae,,PSLD,MH,https://musicahispanica.eu/source/20187,,Felix vir qui de corde suo laudabit dominum et dedit illi contra inimicos suos potentiam regni alleluia,,,,,,SEMM,0
,,https://musicahispanica.eu/chant/62082,Spiritus bonus deducet nos in viam ,h00511,,,,E-Tc (Toledo) 35.4,,076v,,,,Dom. Pentecostes,08081000,PSLD,MH,https://musicahispanica.eu/source/20185,,Spiritus bonus deducet nos in viam rectum alleluia alleluia,,,,,,SEMM,0
,,https://musicahispanica.eu/chant/84001,Spiritus bonus deducet nos in viam ,h00511,*,,,GB-Lbl (London) Add MS 30846,,167v,,,,"Dom. Pentecostes,8",08081008,PSLD,MH,https://musicahispanica.eu/source/20202,,Spiritus bonus deducet nos in viam rectum alleluia alleluia,,,,,,SEMM,0
,,https://musicahispanica.eu/chant/65986,Mittam promissum patris mei in vos ,h00509,,,,E-L (León) Ms 8,,201v,,,,Ascensio Domini,08065000,PSLD,V2,https://musicahispanica.eu/source/20175,,Mittam promissum patris mei in vos et docet vos alleluia alleluia ,,,,,,SEMM,0
,,https://musicahispanica.eu/chant/62004,Mittam promissum patris mei in vos ,h00509,,,,E-Tc (Toledo) 35.4,,066v,,,,Ascensio Domini,08065000,PSLD,V2,https://musicahispanica.eu/source/20185,,Mittam promissum patris mei in vos et docet vos alleluia alleluia alleluia,,,,,,SEMM,0
,,https://musicahispanica.eu/chant/91899,Mittam promissum patris mei in vos ,h00509,*,,,E-Tc (Toledo) 35.6,,098v,,,,Ascensio Domini,08065000,PSLD,V2,https://musicahispanica.eu/source/20187,,Mittam promissum patris mei in vos et docet vos alleluia alleluia alleluia,,,,,,SEMM,0
,,https://musicahispanica.eu/chant/70712,Adorate dominum alleluia qui fecit caelum ,h00514,,,,E-Tc (Toledo) 35.4,,130v,,,,Dom. 10 Quotidiano,,PSLD,V,https://musicahispanica.eu/source/20185,,Adorate dominum alleluia qui fecit caelum et terram alleluia mare et fontes aquarum alleluia ,,,,,,SEMM,0
,,https://musicahispanica.eu/chant/74974,Via justorum recta facta est alleluia ,h03327,*,,,GB-Lbl (London) Add MS 30844,,088r,,,,Eugeniae,,PSLD,V,https://musicahispanica.eu/source/20201,,Via justorum recta facta est alleluia iter sanctorum praeparatum est alleluia alleluia,,,,,,SEMM,0
,,https://musicahispanica.eu/chant/65260,Confundantur supervi quia injuste iniquitates fecerunt ,h03221,,,,E-L (León) Ms 8,,161r,,,,Fer. 4 Maj. Hebd.,07064000,PSLD,V2,https://musicahispanica.eu/source/20175,,Confundantur supervi quia injuste iniquitates fecerunt in me ego autem exercebor in mandatis tuis,,,,,,SEMM,0
,,https://musicahispanica.eu/chant/65739,Vade Maria nuntia fratribus meis alleluia ,h03276,,,,E-L (León) Ms 8,,187v,,,,Octava Paschae,08021000,PSLD,V,https://musicahispanica.eu/source/20175,,Vade Maria nuntia fratribus meis alleluia ecce praecedet vos in Galilaea ibi me videbunt alleluia alleluia alleluia ,,,,,,SEMM,0
,,https://musicahispanica.eu/chant/91534,Vade Maria nuntia fratribus meis alleluia ,h03276,*,,,E-Tc (Toledo) 35.6,,028v,,,,Octava Paschae,08021000,PSLD,V,https://musicahispanica.eu/source/20187,,Vade Maria nuntia fratribus meis alleluia ecce praecedet vos in Galilaea ibi me videbunt alleluia alleluia alleluia,,,,,,SEMM,0
,,https://musicahispanica.eu/chant/80366,Vade Maria nuntia fratribus meis alleluia ,h03276,*,,,GB-Lbl (London) Add MS 30846,,044v,,,,Octava Paschae,08021000,PSLD,V,https://musicahispanica.eu/source/20202,,Vade Maria nuntia fratribus meis alleluia ecce praecedet vos in Galilaea ibi me videbunt alleluia alleluia alleluia,,,,,,SEMM,0
,,https://musicahispanica.eu/chant/66684,Alleluia abundare te fecit dominus in ,h03133,,,,E-L (León) Ms 8,,238r,,,,Hieronimi,14093000,PSLD,V,https://musicahispanica.eu/source/20175,,Alleluia abundare te fecit dominus in omnibus bonis et aperuit tibi thesaurum suum praeclarum tribuit tibi gratiam in tempore juventutis et benedixit laborem tuae senectutis constituit te in caput super populos et posuit te quasi carmen musicum benedixit te deus benedictione bona et perduxit ad locum quem desiderasti semper eo quod non despexisti legem ejus alleluia alleluia alleluia ,,,,,,SEMM,0
,,https://musicahispanica.eu/chant/101576,Alleluia abundare te fecit dominus in ,h03133,,,,GB-Lbl (London) Add MS 30845,,141r,,,,Martini,14111100,PSLD,MH,https://musicahispanica.eu/source/20196,,Alleluia abundare te fecit dominus in omnibus bonis et aperuit tibi thesaurum suum praeclarum tribuit tibi gratiam in tempore juventutis et benedixit laborem tuae senectutis constituit te in caput super populos et posuit te quasi carmen musicum visitavit te deus benedictionem bona et perduxit ad locum quem desiderasti semper eo quod non despexisti legem ejus alleluia alleluia alleluia,,,,,,SEMM,0
,,https://musicahispanica.eu/chant/68335,Fons de domo domini proficiscitur et ,h00226,,,,E-SI (Santo Domingo de Silos) MS 6,,041v,,,,Dom. 1 p. Pent.,09011010,PSLD,V,https://musicahispanica.eu/source/20179,,Fons de domo domini proficiscitur et omnes emissiones jude profluent aquas et stillabunt montes dulcedinem alleluia,,,,,,SEMM,0
,,https://musicahispanica.eu/chant/66140,Laudabo deum meum in hymno novo ,h00510,,,,E-L (León) Ms 8,,207v,,,,Dom. Pentecostes,08081000,PSLD,V,https://musicahispanica.eu/source/20175,,Laudabo deum meum in hymno novo domine magnus es et praeclarus et admirabilis tibi serviet omnis creatura tua quoniam dixisti et facta sunt misisti spiritum tuum et creata sunt alleluia alleluia ,,,,,,SEMM,0
,,https://musicahispanica.eu/chant/62051,Laudabo Deum meum in hymno novo ,h00510,,,,E-Tc (Toledo) 35.4,,073r,,,,Dom. Pentecostes,08081000,PSLD,V,https://musicahispanica.eu/source/20185,,Laudabo Deum meum in hymno novo Domine magnus es et praeclarus et admirabilis tibi serviet omnis creatura tua quoniam dixisti et facta sunt misisti spiritum tuum et creata sunt alleluia,,,,,,SEMM,0
,,https://musicahispanica.eu/chant/83878,Laudabo deum meum in hymno novo ,h00510,*,,,GB-Lbl (London) Add MS 30846,,164r,,,,"Dom. Pentecostes,8",08081008,PSLD,V,https://musicahispanica.eu/source/20202,,Laudabo deum meum in hymno novo domine magnus es et praeclarus et admirabilis tibi serviet omnis creatura tua quoniam dixisti et facta sunt misisti spiritum tuum et creata sunt alleluia alleluia ,,,,,,SEMM,0
,,https://musicahispanica.eu/chant/63609,Habitabo in tabernaculo tuo deus alleluia ,h03247,*,,,E-L (León) Ms 8,,077r,,,,Joannis Evang.,02122700,PSLD,MH,https://musicahispanica.eu/source/20175,,Habitabo in tabernaculo tuo deus alleluia et psallam nomini tuo,,,,,,SEMM,0
,,https://musicahispanica.eu/chant/65829,Decantabat populus Israel alleluia et universa ,h03225,,,,E-L (León) Ms 8,,192v,,,,Dom. 4 p. Pascha,08051000,PSLD,MH,https://musicahispanica.eu/source/20175,,Decantabat populus Israel alleluia et universa multitudo Jacob canebant domino legitimae et David cum cantoribus cithara repercutiebant in domo domini laudem domino dicentes alleluia alleluia alleluia ,,,,,,SEMM,0
,,https://musicahispanica.eu/chant/65958,Ego vidi virum splendidum sedentem in ,h00508,,,,E-L (León) Ms 8,,200r,,,,Ascensio Domini,08065000,PSLD,MH,https://musicahispanica.eu/source/20175,,Ego vidi virum splendidum sedentem in throno claritatis suae alleluia et a circuitu seniorum resonabant voces per organum dicentium alleluia ,,,,,,SEMM,0
,,https://musicahispanica.eu/chant/61995,Ego vidi virum splendidum sedentem in ,h00508,,,,E-Tc (Toledo) 35.4,,061r,,,,Ascensio Domini,08065000,PSLD,MH,https://musicahispanica.eu/source/20185,,Ego vidi virum splendidum sedentem in throno claritatis suae alleluia et a circuitu seniorum resonabant voces per organum dicentium alleluia,,,,,,SEMM,0
,,https://musicahispanica.eu/chant/75304,Ego vidi virum splendidum sedentem in ,h00508,*,,,GB-Lbl (London) Add MS 30844,,155r,,,,Ascensio Domini,08065000,PSLD,MH,https://musicahispanica.eu/source/20201,,Ego vidi virum splendidum sedentem in throno claritatis suae alleluia et a circuitu seniorum resonabant voces per organum dicentium alleluia ,,,,,,SEMM,0
,,https://musicahispanica.eu/chant/65765,Celebravit Israel diem festum congregati in ,h03218,,,,E-L (León) Ms 8,,189r,,,,Octava Paschae,08021000,PSLD,V2,https://musicahispanica.eu/source/20175,,Celebravit Israel diem festum congregati in unum in ecclesiis sanctis alleluia novissimae usque ad finem diei festi alleluia alleluia alleluia ,,,,,,SEMM,0
,,https://musicahispanica.eu/chant/65749,In die festo paschae introibit Moises ,h03253,,,,E-L (León) Ms 8,,188r,,,,Octava Paschae,08021000,PSLD,MH,https://musicahispanica.eu/source/20175,,In die festo paschae introibit Moises in tabernaculum testimonii alleluia cum eis qui de aqua suscepti sunt alleluia induebant veste praeclara cum magna laetitia dicebant alleluia alleluia alleluia ,,,,,,SEMM,0
,,https://musicahispanica.eu/chant/80393,In die festo paschae introibit Moises ,h03253,*,,,GB-Lbl (London) Add MS 30846,,046r,,,,Octava Paschae,08021000,PSLD,MH,https://musicahispanica.eu/source/20202,,In die festo paschae introibit Moises in tabernaculum testimonii alleluia cum eis qui de aqua suscepti sunt alleluia induebant veste praeclara cum magna laetitia dicebant alleluia alleluia alleluia gloriam induit,,,,,,SEMM,0
,,https://musicahispanica.eu/chant/68544,Magnus es dominus super omnes gentes ,h00232,,,,E-SI (Santo Domingo de Silos) MS 6,,117r,,,,Dom. 7 p. Pent.,09071000,PSLD,V,https://musicahispanica.eu/source/20179,,Magnus es dominus super omnes gentes alleluia sitienti populo demonstravit fontem alleluia alleluia,,,,,,SEMM,0
,,https://musicahispanica.eu/chant/64709,Multi persequentes me tribulabant me domine ,h03262,*,,,E-L (León) Ms 8,,131v,,,,Dom. 3 Quadragesimae,07031000,PSLD,V,https://musicahispanica.eu/source/20175,,Multi persequentes me tribulabant me domine alege autem tuam non declinavi deus meus,,,,,,SEMM,0
,,https://musicahispanica.eu/chant/64158,Deus caeli perfucat te alleluia et ,h03229,,,,E-L (León) Ms 8,,109r,,,,Carnes Tollendas,,PSLD,MH,https://musicahispanica.eu/source/20175,,Deus caeli perfucat te alleluia et praestet mihi ut audiam te et videam alleluia vade in pace alleluia alleluia ,,,,,,SEMM,0
,,https://musicahispanica.eu/chant/64155,Dirigat dominus vias tuas alleluia cum ,h03231,,,,E-L (León) Ms 8,,109r,,,,Carnes Tollendas,,PSLD,V2,https://musicahispanica.eu/source/20175,,Dirigat dominus vias tuas alleluia cum jucunditate exies et cum laetitia discedes montes et colles exsultabunt expectantes tecum gaudio alleluia alleluia alleluia ,,,,,,SEMM,0
,,https://musicahispanica.eu/chant/63315,In Sion firmata sum in civitate ,h03257,,,,E-L (León) Ms 8,,060v,,,,Exspectationis BMV,14121810,PSLD,MH,https://musicahispanica.eu/source/20175,,In Sion firmata sum in civitate sanctificata alleluia potestas mea in parce dei mei alleluia et in plenitudine sanctorum detemptio mea alleluia ,,,,,,SEMM,0
,,https://musicahispanica.eu/chant/72318,In Sion firmata sum in civitate ,h03257,,,,E-Mh (Madrid) Cod. 30,,097r,,,,Assumptio Mariae (Hispanic rite),,PSLD,MH,https://musicahispanica.eu/source/20176,,In Sion firmata sum in civitate sanctificata alleluia potestas mea in parce dei mei alleluia et in plenitudine sanctorum detemptio mea alleluia,,,,,,SEMM,0
,,https://musicahispanica.eu/chant/74788,In Sion firmata sum in civitate ,h03257,*,,,GB-Lbl (London) Add MS 30844,,038v,,,,Exspectationis BMV,14121810,PSLD,MH,https://musicahispanica.eu/source/20201,,In Sion firmata sum in civitate sanctificata alleluia potestas mea in parce dei mei alleluia et in plenitudine sanctorum detemptio mea alleluia,,,,,,SEMM,0
,,https://musicahispanica.eu/chant/67377,Domine quis habitabit*,h03235,,,,E-L (León) Ms 8,,268v,,,,De Sacratione Baselice,,PSLD,MH,https://musicahispanica.eu/source/20175,,Domine quis habitabit*,,,,,,SEMM,0
,,https://musicahispanica.eu/chant/61944,Lapis quem reprobaverunt*,h00518,,,,E-Tc (Toledo) 35.4,,052r,,,,Inventio Crucis,14050300,PSLD,V,https://musicahispanica.eu/source/20185,,Lapis quem reprobaverunt*,,,,,,SEMM,0
