id,corpus_id,chantlink,incipit,cantus_id,mode,finalis,differentia,siglum,position,folio,sequence,marginalia,cao_concordances,feast,feast_code,genre,office,srclink,melody_id,full_text,full_text_manuscript,volpiano,notes,dataset_name,dataset_idx,db,image_link
,,https://musicahispanica.eu/chant/52307,Ad ipsum dominum et redemptorem aeternum,h04798,,,,E-Tc (Toledo) 35.3,,090v,,,,Fer. 6 Hebd. 3 Quad.,07036000,SNCT,MASS,https://musicahispanica.eu/source/20198,,Ad ipsum dominum et redemptorem aeternum,,,,,,SEMM,0
,,https://musicahispanica.eu/chant/45434,Sanctus deus sanctus fortis sanctus inmortalis ,g03546,,,,E-Tc (Toledo) 35.5,,195r,,,,Fer. 2 p. Pascha,08012000,SNCT,MASS,https://musicahispanica.eu/source/20186,,Sanctus deus sanctus fortis sanctus inmortalis miserere nobis,,,,,,SEMM,0
,,https://musicahispanica.eu/chant/52312,Sanctus deus sanctus fortis sanctus inmortalis ,g03546,,,,E-Tc (Toledo) 35.7,,035v,,,,Assumptio Mariae (Hispanic rite),,SNCT,MASS,https://musicahispanica.eu/source/20188,,Sanctus deus sanctus fortis sanctus inmortalis miserere nobis,,,,,,SEMM,0
,,https://musicahispanica.eu/chant/55997,Sanctus deus sanctus fortis sanctus inmortalis ,g03546,,,,E-Tc (Toledo) 35.7,,100v,,,,Circumcisio Domini,02010110,SNCT,MASS,https://musicahispanica.eu/source/20188,,Sanctus deus sanctus fortis sanctus inmortalis miserere nobis,,,,,,SEMM,0
,,https://musicahispanica.eu/chant/72333,Sanctus sanctus sanctus dominus deus sabbaoth ,g03547,,,,E-Mh (Madrid) Cod. 30,,099r,,,,Assumptio Mariae (Hispanic rite),,SNCT,MASS,https://musicahispanica.eu/source/20176,,Sanctus sanctus sanctus dominus deus sabbaoth pleni sunt caeli et terra gloria majestatis tuae osanna filii David benedictus qui venit in nomine domini osanna in excelsis,,,,,,SEMM,0
,,https://musicahispanica.eu/chant/74804,Sanctus sanctus sanctus dominus deus sabbaoth ,g03547,*,,,GB-Lbl (London) Add MS 30844,,048v,,,,Exspectationis BMV,14121810,SNCT,MASS,https://musicahispanica.eu/source/20201,,Sanctus sanctus sanctus dominus deus sabbaoth pleni sunt caeli et terra gloria majestatis tuae osanna filii David benedictus qui venit in nomine domini osanna in excelsis,,,,,,SEMM,0
,,https://musicahispanica.eu/chant/79950,Sanctus sanctus sanctus dominus deus sabaoth ,g03547,*,,,GB-Lbl (London) Add MS 30844,,166r,,,,Ascensio Domini,08065000,SNCT,MASS,https://musicahispanica.eu/source/20201,,Sanctus sanctus sanctus dominus deus sabaoth pleni sunt caeli et terra gloria majestatis tuae hosanna filii David benedictus qui venit in nomine domini hosanna in excelsis agios,,,,,,SEMM,0
,,https://musicahispanica.eu/chant/63509,Sanctus deus qui sedes super cherubim ,g03545,,,,E-L (León) Ms 8,,071v,,,,Nativitas Domini,02122500,SNCT,MASS,https://musicahispanica.eu/source/20175,,Sanctus deus qui sedes super cherubim invisibilis,,,,,,SEMM,0
,,https://musicahispanica.eu/chant/45383,Sanctus deus qui sedes super cherubim ,g03545,,,,E-Tc (Toledo) 35.5,,186r,,,,Dom. Resurrectionis,08011000,SNCT,MASS,https://musicahispanica.eu/source/20186,,Sanctus deus qui sedes super cherubim invisibilis,,,,,,SEMM,0
,,https://musicahispanica.eu/chant/55612,Sanctus deus qui sedes super cherubin ,g03545,,,,E-Tc (Toledo) 35.7,,067r,,,,Nativitas Domini,02122500,SNCT,MASS,https://musicahispanica.eu/source/20188,,Sanctus deus qui sedes super cherubin solus invisibilis,,,,,,SEMM,0
,,https://musicahispanica.eu/chant/74909,Sanctus deus qui sedes super cherubim ,g03545,*,,,GB-Lbl (London) Add MS 30844,,068v,,,,Nativitas Domini,02122500,SNCT,MASS,https://musicahispanica.eu/source/20201,,Sanctus deus qui sedes super cherubim solus invisibilis sanctus fortis qui in excelsis glorificaris vocibus angelicis sanctus immortalis qui solus es immaculatus salvator miserere nobis alleluia alleluia,,,,,,SEMM,0
,,https://musicahispanica.eu/chant/75186,Sanctus deus qui sedes super cherubim ,g03545,*,,,GB-Lbl (London) Add MS 30844,,129r,,,,Epiphania,05010600,SNCT,MASS,https://musicahispanica.eu/source/20201,,Sanctus deus qui sedes super cherubim solus invisibilis sanctus fortis qui in excelsis glorificaris vocibus angelicis sanctus immortalis qui solus es immaculatus salvator miserere nobis alleluia alleluia,,,,,,SEMM,0
,,https://musicahispanica.eu/chant/63333,Te caeli caelorum se potestates te ,g03548,,,,E-L (León) Ms 8,,061v,,,,Exspectationis BMV,14121810,SNCT,MASS,https://musicahispanica.eu/source/20175,,Te caeli caelorum se potestates te throni et virtutes laudant tibi coetus angelorum in excelsis concinant hymnum tibi cherubim ac seraphim incessabili voce proclamant dicentes agios agios agios kyrie o theos sanctus sanctus sanctus dominus deus sabbaoth pleni sunt caeli et terra gloria majestatis tuae osanna filii David benedictus qui venit in nomine domini osanna in excelsis ,,,,,,SEMM,0
,,https://musicahispanica.eu/chant/63523,Te caeli caelo*,g03548,,,,E-L (León) Ms 8,,073r,,,,Nativitas Domini,02122500,SNCT,MASS,https://musicahispanica.eu/source/20175,,Te caeli caelo*,,,,,,SEMM,0
,,https://musicahispanica.eu/chant/63686,Te caeli caelorum*,g03548,,,,E-L (León) Ms 8,,082r,,,,Circumcisio Domini,02010110,SNCT,MASS,https://musicahispanica.eu/source/20175,,Te caeli caelorum*,,,,,,SEMM,0
,,https://musicahispanica.eu/chant/65538,Te caeli caelorum*,g03548,,,,E-L (León) Ms 8,,177r,,,,Dom. Resurrectionis,08011000,SNCT,MASS,https://musicahispanica.eu/source/20175,,Te caeli caelorum*,,,,,,SEMM,0
,,https://musicahispanica.eu/chant/66184,Te caeli caelorum*,g03548,,,,E-L (León) Ms 8,,210v,,,,Dom. Pentecostes,08081000,SNCT,MASS,https://musicahispanica.eu/source/20175,,Te caeli caelorum*,,,,,,SEMM,0
,,https://musicahispanica.eu/chant/72513,Te caeli caelorum se potestates te ,g03548,,,,E-Mh (Madrid) Cod. 30,,127v,,,,Nativitas Domini,02122500,SNCT,MASS,https://musicahispanica.eu/source/20176,,Te caeli caelorum se potestates te throni et virtutes laudant tibi coetus angelorum in excelsis concinant hymnum tibi cherubim ac seraphim incessabili voce proclamant dicentes agios agios agios kyrie o theos sanctus sanctus sanctus dominus deus sabaoth pleni sunt caeli et terra gloria majestatis tiae hosanna filii David benedictus qui venit in nomine domini hosanna in excelsis ,,,,,,SEMM,0
,,https://musicahispanica.eu/chant/62239,Te caeli caelorum,g03548,,,,E-Tc (Toledo) 35.5,,191v,,,,Dom. Resurrectionis,08011000,SNCT,MASS,https://musicahispanica.eu/source/20186,,Te caeli caelorum,,,,,,SEMM,0
,,https://musicahispanica.eu/chant/91570,Te caeli caelorum*,g03548,,,,E-Tc (Toledo) 35.6,,035v,,,,Octava Paschae,08021000,SNCT,MASS,https://musicahispanica.eu/source/20187,,Te caeli caelorum*,,,,,,SEMM,0
,,https://musicahispanica.eu/chant/75328,Te caeli caelorum se potestates te ,g03548,*,,,GB-Lbl (London) Add MS 30844,,165v,,,,Ascensio Domini,08065000,SNCT,MASS,https://musicahispanica.eu/source/20201,,Te caeli caelorum se potestates te throni et virtutes laudant tibi coetus angelorum in excelsis concinant hymnum tibi cherubim ac seraphim incessabili voce proclamant dicentes agios agios agios kyrie o theos,,,,,,SEMM,0
