id,corpus_id,chantlink,incipit,cantus_id,mode,finalis,differentia,siglum,position,folio,sequence,marginalia,cao_concordances,feast,feast_code,genre,office,srclink,melody_id,full_text,full_text_manuscript,volpiano,notes,dataset_name,dataset_idx,db,image_link
,,https://musicahispanica.eu/chant/62245,Quoniam confirmata est misericordia ejus super ,g03546b,,,,E-Tc (Toledo) 35.5,2,195r,,,,Fer. 2 p. Pascha,08012000,SNCTV,MASS,https://musicahispanica.eu/source/20186,,Quoniam confirmata est misericordia ejus super nos et veritas domini manet in aeternum,,,,,,SEMM,0
,,https://musicahispanica.eu/chant/63510,Dignus domine deus noster accipere gloriam ,g03545c,,,,E-L (León) Ms 8,,072r,,,,Nativitas Domini,02122500,SNCTV,MASS,https://musicahispanica.eu/source/20175,,Dignus domine deus noster accipere gloriam et honorem et virtutem,,,,,,SEMM,0
,,https://musicahispanica.eu/chant/72498,Dignus domine deus noster accipere gloriam ,g03545c,,,,E-Mh (Madrid) Cod. 30,,126r,,,,Nativitas Domini,02122500,SNCTV,MASS,https://musicahispanica.eu/source/20176,,"Dignus domine deus noster accipere gloriam et honorem et virtutem
",,,,,,SEMM,0
,,https://musicahispanica.eu/chant/103538,Dignus domine deus noster accipere gloriam ,g03545c,,,,E-Tc (Toledo) 35.5,3,186r,,,,Dom. Resurrectionis,08011000,SNCTV,MASS,https://musicahispanica.eu/source/20186,,Dignus domine deus noster accipere gloriam et honorem et virtutem,,,,,,SEMM,0
,,https://musicahispanica.eu/chant/94395,Dignus domine deus noster accipere gloriam ,g03545c,,,,E-Tc (Toledo) 35.7,3,067r,,,,Nativitas Domini,02122500,SNCTV,MASS,https://musicahispanica.eu/source/20188,,Dignus domine deus noster accipere gloriam et honorem et virtutem,,,,,,SEMM,0
,,https://musicahispanica.eu/chant/74910,Dignus domine deus noster accipere gloriam ,g03545c,*,,,GB-Lbl (London) Add MS 30844,,068v,,,,Nativitas Domini,02122500,SNCTV,MASS,https://musicahispanica.eu/source/20201,,Dignus domine deus noster accipere gloriam et honorem et virtutem,,,,,,SEMM,0
,,https://musicahispanica.eu/chant/75187,Dignus dominus deus noster accipere gloriam ,g03545c,*,,,GB-Lbl (London) Add MS 30844,,129r,,,,Epiphania,05010600,SNCTV,MASS,https://musicahispanica.eu/source/20201,,Dignus dominus deus noster accipere gloriam et honorem et virtutem,,,,,,SEMM,0
,,https://musicahispanica.eu/chant/75389,Gloria et honor,g03546c,,,,E-Tc (Toledo) 35.5,,195r,,,,Fer. 2 p. Pascha,08012000,SNCTV,MASS,https://musicahispanica.eu/source/20186,,Gloria et honor,,,,,,SEMM,0
,,https://musicahispanica.eu/chant/75388,Sanctus immortalis qui solus es immaculatus ,g03545b,,,,E-L (León) Ms 8,,072r,,,,Nativitas Domini,02122500,SNCTV,MASS,https://musicahispanica.eu/source/20175,,Sanctus immortalis qui solus es immaculatus salvator miserere nobis alleluia alleluia,,,,,,SEMM,0
,,https://musicahispanica.eu/chant/79312,Sanctus immortalis qui solus es immaculatus ,g03545b,,,,E-Mh (Madrid) Cod. 30,,126r,,,,Nativitas Domini,02122500,SNCTV,MASS,https://musicahispanica.eu/source/20176,,Sanctus immortalis qui solus es immaculatus salvator miserere nobis alleluia alleluia,,,,,,SEMM,0
,,https://musicahispanica.eu/chant/103537,Sanctus immortalis qui solus es immaculatus ,g03545b,,,,E-Tc (Toledo) 35.5,2,186r,,,,Dom. Resurrectionis,08011000,SNCTV,MASS,https://musicahispanica.eu/source/20186,,Sanctus immortalis qui solus es immaculatus salvator miserere nobis alleluia alleluia,,,,,,SEMM,0
,,https://musicahispanica.eu/chant/94394,Sanctus inmortalis qui solus es immaculatus ,g03545b,,,,E-Tc (Toledo) 35.7,2,067r,,,,Nativitas Domini,02122500,SNCTV,MASS,https://musicahispanica.eu/source/20188,,Sanctus inmortalis qui solus es immaculatus salvator miserere nobis alleluia alleluia alleluia,,,,,,SEMM,0
,,https://musicahispanica.eu/chant/63511,Quoniam omnes gentes venient et adorabunt ,g03545d,,,,E-L (León) Ms 8,,072r,,,,Nativitas Domini,02122500,SNCTV,MASS,https://musicahispanica.eu/source/20175,,Quoniam omnes gentes venient et adorabunt in conspectu tuo domine et dicent,,,,,,SEMM,0
,,https://musicahispanica.eu/chant/72499,Quoniam omnes gentes venient et adorabunt ,g03545d,,,,E-Mh (Madrid) Cod. 30,,126r,,,,Nativitas Domini,02122500,SNCTV,MASS,https://musicahispanica.eu/source/20176,,Quoniam omnes gentes venient et adorabunt in conspectu tuo domine et dicent,,,,,,SEMM,0
,,https://musicahispanica.eu/chant/103539,Quoniam omnes gentes venient et adorabunt ,g03545d,,,,E-Tc (Toledo) 35.5,4,186r,,,,Dom. Resurrectionis,08011000,SNCTV,MASS,https://musicahispanica.eu/source/20186,,Quoniam omnes gentes venient et adorabunt in conspectu tuo domine et dicent,,,,,,SEMM,0
,,https://musicahispanica.eu/chant/94396,Quoniam omnes gentes venient et adorabunt ,g03545d,,,,E-Tc (Toledo) 35.7,4,067v,,,,Nativitas Domini,02122500,SNCTV,MASS,https://musicahispanica.eu/source/20188,,Quoniam omnes gentes venient et adorabunt in conspectu tuo domine et dicent,,,,,,SEMM,0
,,https://musicahispanica.eu/chant/74911,Quoniam omnes gentes venient et adorabunt ,g03545d,*,,,GB-Lbl (London) Add MS 30844,,068v,,,,Nativitas Domini,02122500,SNCTV,MASS,https://musicahispanica.eu/source/20201,,Quoniam omnes gentes venient et adorabunt in conspectu tuo domine et dicent miserere ,,,,,,SEMM,0
,,https://musicahispanica.eu/chant/75188,Quoniam omnes gentes venient et adorabunt ,g03545d,*,,,GB-Lbl (London) Add MS 30844,,129r,,,,Epiphania,05010600,SNCTV,MASS,https://musicahispanica.eu/source/20201,,Quoniam omnes gentes venient et adorabunt in conspectu tuo domine dicent miserere nobis de ultima post versos alleluia ,,,,,,SEMM,0
,,https://musicahispanica.eu/chant/62244,Laudate dominum omnes gentes et collaudate ,g03546a,,,,E-Tc (Toledo) 35.5,1,195r,,,,Fer. 2 p. Pascha,08012000,SNCTV,MASS,https://musicahispanica.eu/source/20186,,Laudate dominum omnes gentes et collaudate eum omnes populi,,,,,,SEMM,0
,,https://musicahispanica.eu/chant/63512,Benedictio et honor et gloria et ,g03545e,,,,E-L (León) Ms 8,,072r,,,,Nativitas Domini,02122500,SNCTV,MASS,https://musicahispanica.eu/source/20175,,Benedictio et honor et gloria et fortitudo tibi deo nostro in saecula saeculorum amen,,,,,,SEMM,0
,,https://musicahispanica.eu/chant/72500,Benedictio et honor et gloria et ,g03545e,,,,E-Mh (Madrid) Cod. 30,,126r,,,,Nativitas Domini,02122500,SNCTV,MASS,https://musicahispanica.eu/source/20176,,Benedictio et honor et gloria et sapientia et fortitudo tibi deo nostro in saecula saeculorum amen miserere nobis alleluia alleluia alleluia ,,,,,,SEMM,0
,,https://musicahispanica.eu/chant/103540,Benedictio et honor et gloria et ,g03545e,,,,E-Tc (Toledo) 35.5,5,186v,,,,Dom. Resurrectionis,08011000,SNCTV,MASS,https://musicahispanica.eu/source/20186,,Benedictio et honor et gloria et fortitudo tibi deo nostro in saecula saeculorum amen miserere nobis alleluia alleluia,,,,,,SEMM,0
,,https://musicahispanica.eu/chant/94397,Benedictio et honor et gloria et ,g03545e,,,,E-Tc (Toledo) 35.7,5,067v,,,,Nativitas Domini,02122500,SNCTV,MASS,https://musicahispanica.eu/source/20188,,Benedictio et honor et gloria et fortitudo tibi deo nostro in saecula saeculorum amen,,,,,,SEMM,0
,,https://musicahispanica.eu/chant/74912,Benedictio et honor et gloria et ,g03545e,*,,,GB-Lbl (London) Add MS 30844,,069r,,,,Nativitas Domini,02122500,SNCTV,MASS,https://musicahispanica.eu/source/20201,,Benedictio et honor et gloria et sapientia et fortitudo tibi deo nostro in saecula saeculorum amen miserere nobis alleluia alleluia alleluia,,,,,,SEMM,0
,,https://musicahispanica.eu/chant/75387,Sanctus fortis qui in excelsis glorificaris ,g03545a,,,,E-L (León) Ms 8,,071v,,,,Nativitas Domini,02122500,SNCTV,MASS,https://musicahispanica.eu/source/20175,,Sanctus fortis qui in excelsis glorificaris vocibus angelicis,,,,,,SEMM,0
,,https://musicahispanica.eu/chant/103536,Sanctus fortis qui in excelsis glorificaris ,g03545a,,,,E-Tc (Toledo) 35.5,1,186r,,,,Dom. Resurrectionis,08011000,SNCTV,MASS,https://musicahispanica.eu/source/20186,,Sanctus fortis qui in excelsis glorificaris vocibus angelicis,,,,,,SEMM,0
,,https://musicahispanica.eu/chant/94393,Sanctus fortis qui in excelsis glorificaris ,g03545a,,,,E-Tc (Toledo) 35.7,1,067r,,,,Nativitas Domini,02122500,SNCTV,MASS,https://musicahispanica.eu/source/20188,,Sanctus fortis qui in excelsis glorificaris vocibus angelicis,,,,,,SEMM,0
