id,corpus_id,chantlink,incipit,cantus_id,mode,finalis,differentia,siglum,position,folio,sequence,marginalia,cao_concordances,feast,feast_code,genre,office,srclink,melody_id,full_text,full_text_manuscript,volpiano,notes,dataset_name,dataset_idx,db,image_link
,,http://musmed.eu/chant/207340,Sumunt boni sumunt mali sorte tamen ,ah50385:17,,,,CH-ROM Ms. liturg. FiD 5,,123r,,,,Corporis Christi,09015000,SqV,MASS,http://musmed.eu/source/97795,,Sumunt boni sumunt mali sorte tamen inaequali vitae vel interitus,,,,,,MMMO,https://www.e-codices.unifr.ch/en/fdr/0005/123r/0/Sequence-2575
,,https://cantusdatabase.org/chant/706834,Demum in Pannonia fidei praeconia,508006:04,,,,A-Wda C-10,04,257v,,,,Transl. Wolfgangi,14100720,SqV,MI,https://cantusdatabase.org/source/123644,,Demum in Pannonia fidei praeconia frustra serit Ratisbona praesulem Caesar facit exsulum dum non quaerit,,,,,,CD,https://www.cantusplanus.at/common/rism.php?rism=A-WdaC10
,,http://musmed.eu/chant/207336,Sub diversis [speciebus signis tantum et ,ah50385:13,,,,CH-ROM Ms. liturg. FiD 5,,122v,,,,Corporis Christi,09015000,SqV,MASS,http://musmed.eu/source/97795,,Sub diversis [speciebus signis tantum et non rebus latent res] eximiae,,,,,,MMMO,https://www.e-codices.unifr.ch/en/fdr/0005/122v/0/Sequence-2575
,,http://musmed.eu/chant/207345,In figuris praesignatur cum Isaac immolatur ,ah50385:22,,,,CH-ROM Ms. liturg. FiD 5,,123v,,,,Corporis Christi,09015000,SqV,MASS,http://musmed.eu/source/97795,,In figuris praesignatur cum Isaac immolatur agnus paschae deputatur datur manna patribus,,,,,,MMMO,https://www.e-codices.unifr.ch/en/fdr/0005/123v/0/Sequence-2575
,,https://musicahispanica.eu/chant/123565,In figuris praesignatur cum Isaac immolatur ,ah50385:22,,,,E-Bbc (Barcelona) M 1325,,028v,,,,Corporis Christi,09015000,SqV,MASS,https://musicahispanica.eu/source/20237,,In figuris praesignatur cum Isaac immolatur agnus paschae deputatur datur manna patribus,,,,,,SEMM,0
,,https://cantusdatabase.org/chant/689229,Plus accepit quam petivit o,ah09308:04,6,,,NZ-Wt MSR-03,04,178r,,,,Monicae,14050440,SqV,MI,https://cantusdatabase.org/source/599679,,Plus accepit quam petivit o quam miro tunc gestivit spiritus tripudio | Cernens natum federatum sed et Christo jam sacratum toto mentis studio,,,,,,CD,http://ndhadeliver.natlib.govt.nz/delivery/DeliveryManagerServlet?dps_pid=IE2339587&dps_custom_att_1=emu
,,https://cantusdatabase.org/chant/699127,Gaude Christo ascendente et in ,ah24018E:05,1,,,Cantus D:02csu,03,195v,,,,LITURA,00000001,SqV,MI,https://cantusdatabase.org/source/699079,,Gaude Christo ascendente et in caelos te vidente fertur motu proprio | Gaude quae paraclitus missus fuit caelitus in tuo collegio,,1---l--l---kj--k---lk--j--h--h---f---d---c--d---f---g--f--f---e--g---h--g---k--j--h---3---l--l---kj---k--lk--j--h---f--d---c--d---f--g--f---e---g--h---g--k--j--h---4,,,,CD,https://fragmentarium.ms/view/page/F-2csu/4023/42070
,,https://cantusdatabase.org/chant/689541,Tu inmensae vas virtutis certam ,ah09131:03,5,,,NZ-Wt MSR-03,03,187r,,,,Annae,14072610,SqV,MI,https://cantusdatabase.org/source/599679,,Tu inmensae vas virtutis certam nostrae spem salutis es ordita primitus | Quae cum deo contraxisti gemis carnis et tulisti tanta dona caelitus,,,,,,CD,http://ndhadeliver.natlib.govt.nz/delivery/DeliveryManagerServlet?dps_pid=IE2339587&dps_custom_att_1=emu
,,http://musmed.eu/chant/207330,In hac mensa novi regis novum ,ah50385:07,,,,CH-ROM Ms. liturg. FiD 5,,122r,,,,Corporis Christi,09015000,SqV,MASS,http://musmed.eu/source/97795,,In hac mensa novi regis novum pascha novae legis phase vetus terminat,,,,,,MMMO,https://www.e-codices.unifr.ch/en/fdr/0005/122r/0/Sequence-2575
,,http://musmed.eu/chant/193217,Credendum est magis soli Mariae veraci ,ah54007:06,,,,CH-SGs Cod 0380,,272,,,,Dom. Resurrectionis,08011000,SqV,MASS,http://musmed.eu/source/14290,,Credendum est magis soli Mariae veraci quam Judaeorum turbae fallaci,,,,,,MMMO,https://www.e-codices.unifr.ch/en/csg/0380/272/0/
,,https://cantusbohemiae.cz/chant/33343,Credendum est magis*,ah54007:06,,,,CZ-Pn (Praha) XV A 10,D09,192v,,,,Dom. Resurrectionis,08011000,Sq,M,https://cantusbohemiae.cz/source/28509,,Credendum est magis*,,,,,,FCB,
,,https://musicahispanica.eu/chant/124615,Credendum est magis soli Mariae veraci ,ah54007:06,1,,,E-Bbc (Barcelona) M 39,,078v,,,,Dom. Resurrectionis,08011000,SqV,X,https://musicahispanica.eu/source/20221,,Credendum est magis soli Mariae veraci quam Judaeorum turbae fallaci,,,,,,SEMM,0
,,https://musicahispanica.eu/chant/124253,Credendum est magis soli Mariae veraci ,ah54007:06,1,,,E-Bbc (Barcelona) M 40,,152r,,,,In tempore Paschae,08000000,SqV,X,https://musicahispanica.eu/source/20222,,Credendum est magis soli Mariae veraci quam Judaeorum turbae fallaci,,,,,,SEMM,0
,,http://musmed.eu/chant/235425,Credendum est magis soli Mariae veraci ,ah54007:06,,,,F-Pn Lat. 1139,,159v,,,,Fer. 3 p. Pascha,08013000,SqV,MASS,http://musmed.eu/source/13070,,Credendum est magis soli Mariae veraci quam Judaeorum turbae fallaci,,,,,,MMMO,https://gallica.bnf.fr/ark:/12148/btv1b6000946s/f326.item
,,https://cantusdatabase.org/chant/702622,Credendum est magis soli Mariae,ah54007:06,1,,,F-SO 596,03,064r,,,,Dom. Resurrectionis,08011000,SqV,X,https://cantusdatabase.org/source/620437,,Credendum est magis soli Mariae veraci quam Judaeorum turbae fallaci,,,,,,CD,
,,http://musmed.eu/chant/232987,Credendum est magis soli Mariae veraci ,ah54007:06,,,,US-PHf Lewis E 158,,S407v,,,,Dom. Resurrectionis,08011000,SqV,MASS,http://musmed.eu/source/98182,,Credendum est magis soli Mariae veraci quam Judaeorum turbae fallaci,,,,,,MMMO,https://openn.library.upenn.edu/Data/0023/lewis_e_158/data/web/5411_0821_web.jpg
,,https://cantusdatabase.org/chant/689233,Eia mater et matrona advocata,ah09308:08,6,,,NZ-Wt MSR-03,08,179r,,,,Monicae,14050440,SqV,MI,https://cantusdatabase.org/source/599679,,Eia mater et matrona advocata et patrona sis pro tuis filiis | Ut dum carne exuemur nato tuo sociemur paradisi gaudiis,,,,,,CD,http://ndhadeliver.natlib.govt.nz/delivery/DeliveryManagerServlet?dps_pid=IE2339587&dps_custom_att_1=emu
,,https://cantusdatabase.org/chant/689548,Ergo mater Anna pia tota ,ah09131:07,5,,,NZ-Wt MSR-03,07,188v,,,,Annae,14072610,SqV,MI,https://cantusdatabase.org/source/599679,,Ergo mater Anna pia tota stirpe cum Maria Jesum ora filium | Quo sic eum veneremur ut in caelis collaetemur post praesens exsilium,,,,,,CD,http://ndhadeliver.natlib.govt.nz/delivery/DeliveryManagerServlet?dps_pid=IE2339587&dps_custom_att_1=emu
,,http://musmed.eu/chant/207326,Laudis thema specialis panis vivus et ,ah50385:03,,,,CH-ROM Ms. liturg. FiD 5,,121v,,,,Corporis Christi,09015000,SqV,MASS,http://musmed.eu/source/97795,,Laudis thema specialis panis vivus et vitalis hodie proponitur,,,,,,MMMO,https://www.e-codices.unifr.ch/en/fdr/0005/121v/0/Sequence-2575
,,https://cantusdatabase.org/chant/699080,Gaude virgo mater Christi quae ,ah24018E:01,1,,,Cantus D:02csu,01,195r,,,,LITURA,00000001,SqV,MI,https://cantusdatabase.org/source/699079,,Gaude virgo mater Christi quae per aurem concepisti Gabriele nuntio | Gaude quia deo plena peperisti sine poena cum pudoris lilio,,1---c--d---f--d---ed--c---d--d---f---g---h--j---hf--g--h--h---c--d--fg--f---ed--c--d---3---c--d---f--d---ed--c---d--d---f--g--h--j---hf--g---h--h---c---d--fg--f---ed--c--d---4,,,,CD,https://fragmentarium.ms/view/page/F-2csu
,,http://musmed.eu/chant/193213,Agnus redemit oves Christus innocens patri ,ah54007:02,,,,CH-SGs Cod 0380,,272,,,,Dom. Resurrectionis,08011000,SqV,MASS,http://musmed.eu/source/14290,,Agnus redemit oves Christus innocens patri reconciliavit peccatores,,,,,,MMMO,https://www.e-codices.unifr.ch/en/csg/0380/272/0/
,,https://musicahispanica.eu/chant/124611,Agnus redemit oves Christus innocens patri ,ah54007:02,1,,,E-Bbc (Barcelona) M 39,,077v,,,,Dom. Resurrectionis,08011000,SqV,X,https://musicahispanica.eu/source/20221,,Agnus redemit oves Christus innocens patri reconciliavit peccatores,,,,,,SEMM,0
,,https://musicahispanica.eu/chant/124249,Agnus redemit oves Christus innocens patri ,ah54007:02,1,,,E-Bbc (Barcelona) M 40,,151v,,,,In tempore Paschae,08000000,SqV,X,https://musicahispanica.eu/source/20222,,Agnus redemit oves Christus innocens patri reconciliavit peccatores,,,,,,SEMM,0
,,http://musmed.eu/chant/235421,Agnus redemit oves Christus innocens patri ,ah54007:02,,,,F-Pn Lat. 1139,,159v,,,,Fer. 3 p. Pascha,08013000,SqV,MASS,http://musmed.eu/source/13070,,Agnus redemit oves Christus innocens patri reconciliavit peccatores,,,,,,MMMO,https://gallica.bnf.fr/ark:/12148/btv1b6000946s/f326.item
,,http://musmed.eu/chant/232983,Agnus redemit oves Christus innocens patri ,ah54007:02,,,,US-PHf Lewis E 158,,S407r,,,,Dom. Resurrectionis,08011000,SqV,MASS,http://musmed.eu/source/98182,,Agnus redemit oves Christus innocens patri reconciliavit peccatores,,,,,,MMMO,https://openn.library.upenn.edu/Data/0023/lewis_e_158/data/web/5411_0820_web.jpg
,,https://cantusdatabase.org/chant/699125,Gaude qui oblatio regum et ,ah24018E:04,1,,,Cantus D:02csu,02,195r,,,,LITURA,00000001,SqV,MI,https://cantusdatabase.org/source/699079,,Gaude qui oblatio regum et devotio exhibetur filio | Gaude quia tui nati quem dolebas mortem pati fulget resurrectio,,1---h--k---l---l--kj--k--l---k--h---k---g--fe--d--c---g--f--hg--f---ed--c--d---3---h--k---l--l---kj--k---l--l---k---h--k--g---fe--d---c--c---g--f---hg--f--ed--c--d---4,,,,CD,https://fragmentarium.ms/view/page/F-2csu
,,https://cantusdatabase.org/chant/689540,Ab aeterno praeelecta et a ,ah09131:02,5,,,NZ-Wt MSR-03,02,187r,,,,Annae,14072610,SqV,MI,https://cantusdatabase.org/source/599679,,Ab aeterno praeelecta et a regum stirpe secta manu sapientiae | Ex te nata stella maris virgo mater expers paris regina clementiae,,,,,,CD,http://ndhadeliver.natlib.govt.nz/delivery/DeliveryManagerServlet?dps_pid=IE2339587&dps_custom_att_1=emu
,,http://musmed.eu/chant/207329,Dies enim sollempnis agitur in qua ,ah50385:06,,,,CH-ROM Ms. liturg. FiD 5,,122r,,,,Corporis Christi,09015000,SqV,MASS,http://musmed.eu/source/97795,,Dies enim sollempnis agitur in qua mensae prime recolitur hujus institutio,,,,,,MMMO,https://www.e-codices.unifr.ch/en/fdr/0005/122r/0/Sequence-2575
,,http://musmed.eu/chant/193218,Scimus Christum surrexisse a mor[tuis ,ah54007:07,,,,CH-SGs Cod 0380,,272,,,,Dom. Resurrectionis,08011000,SqV,MASS,http://musmed.eu/source/14290,,Scimus Christum surrexisse a mor[tuis vere tu nobis victor rex miserere],,,,,,MMMO,https://www.e-codices.unifr.ch/en/csg/0380/272/0/
,,https://cantusbohemiae.cz/chant/33344,Scimus Christum *,ah54007:07,,,,CZ-Pn (Praha) XV A 10,D10,192v,,,,Dom. Resurrectionis,08011000,Sq,M,https://cantusbohemiae.cz/source/28509,,Scimus Christum *,,,,,,FCB,
,,https://musicahispanica.eu/chant/124616,Scimus Christum surrexisse a mortuis vere ,ah54007:07,1,,,E-Bbc (Barcelona) M 39,,078v,,,,Dom. Resurrectionis,08011000,SqV,X,https://musicahispanica.eu/source/20221,,Scimus Christum surrexisse a mortuis vere tu nobis victor rex miserere | Amen,,,,,,SEMM,0
,,https://musicahispanica.eu/chant/124254,Scimus Christum surrexisse a mortuis vere ,ah54007:07,1,,,E-Bbc (Barcelona) M 40,,152v,,,,In tempore Paschae,08000000,SqV,X,https://musicahispanica.eu/source/20222,,Scimus Christum surrexisse a mortuis vere tu nobis victor rex miserere | Amen,,,,,,SEMM,0
,,http://musmed.eu/chant/235426,Scimus Christum surrexisse a mortuis vere ,ah54007:07,,,,F-Pn Lat. 1139,,160r,,,,Fer. 3 p. Pascha,08013000,SqV,MASS,http://musmed.eu/source/13070,,Scimus Christum surrexisse a mortuis vere tu nobis victor rex miserere,,,,,,MMMO,https://gallica.bnf.fr/ark:/12148/btv1b6000946s/f327.item
,,https://cantusdatabase.org/chant/702623,Scimus Christum surrexisse a mortuis,ah54007:07,1,,,F-SO 596,04,064r,,,,Dom. Resurrectionis,08011000,SqV,X,https://cantusdatabase.org/source/620437,,Scimus Christum surrexisse a mortuis vere tu nobis victor rex miserere,,,,,,CD,
,,http://musmed.eu/chant/232988,Scimus Christum surrexisse a mortuis vere ,ah54007:07,,,,US-PHf Lewis E 158,,S407v,,,,Dom. Resurrectionis,08011000,SqV,MASS,http://musmed.eu/source/98182,,Scimus Christum surrexisse a mortuis vere tu nobis victor rex miserere Alleluia,,,,,,MMMO,https://openn.library.upenn.edu/Data/0023/lewis_e_158/data/web/5411_0821_web.jpg
,,https://cantusdatabase.org/chant/689547,Vere celsus tuus status et ,ah09131:06,5,,,NZ-Wt MSR-03,06,188r,,,,Annae,14072610,SqV,MI,https://cantusdatabase.org/source/599679,,Vere celsus tuus status et immensus potentatus in caelesti curia | Quid non posses exorare tuum natum si rogare tanta velis gloria,,,,,,CD,http://ndhadeliver.natlib.govt.nz/delivery/DeliveryManagerServlet?dps_pid=IE2339587&dps_custom_att_1=emu
,,http://musmed.eu/chant/207325,Quantum potes tantum gaude quia major ,ah50385:02,,,,CH-ROM Ms. liturg. FiD 5,,121v,,,,Corporis Christi,09015000,SqV,MASS,http://musmed.eu/source/97795,,Quantum potes tantum gaude quia major omni laude nec laudare sufficit,,,,,,MMMO,https://www.e-codices.unifr.ch/en/fdr/0005/121v/0/Sequence-2575
,,http://musmed.eu/chant/193214,Mors et vita duello conflixere mirando ,ah54007:03,,,,CH-SGs Cod 0380,,272,,,,Dom. Resurrectionis,08011000,SqV,MASS,http://musmed.eu/source/14290,,Mors et vita duello conflixere mirando dux vitae mortuus regnat vivus,,,,,,MMMO,https://www.e-codices.unifr.ch/en/csg/0380/272/0/
,,https://musicahispanica.eu/chant/124612,Mors et vita duello confixere mirando ,ah54007:03,1,,,E-Bbc (Barcelona) M 39,,078r,,,,Dom. Resurrectionis,08011000,SqV,X,https://musicahispanica.eu/source/20221,,Mors et vita duello confixere mirando dux vitae mortuus regnat vivus,,,,,,SEMM,0
,,https://musicahispanica.eu/chant/124250,Mors et vita duello confixere mirando ,ah54007:03,1,,,E-Bbc (Barcelona) M 40,,151v,,,,In tempore Paschae,08000000,SqV,X,https://musicahispanica.eu/source/20222,,Mors et vita duello confixere mirando dux vitae mortuus regnat vivus,,,,,,SEMM,0
,,http://musmed.eu/chant/235422,Mors et vita duello conflixere mirando ,ah54007:03,,,,F-Pn Lat. 1139,,159v,,,,Fer. 3 p. Pascha,08013000,SqV,MASS,http://musmed.eu/source/13070,,Mors et vita duello conflixere mirando dux vitae mortuus regnat vivus,,,,,,MMMO,https://gallica.bnf.fr/ark:/12148/btv1b6000946s/f326.item
,,http://musmed.eu/chant/232984,Mors et vita duello conflixere mirando ,ah54007:03,,,,US-PHf Lewis E 158,,S407r,,,,Dom. Resurrectionis,08011000,SqV,MASS,http://musmed.eu/source/98182,,Mors et vita duello conflixere mirando dux vitae mortuus regnat vivus,,,,,,MMMO,https://openn.library.upenn.edu/Data/0023/lewis_e_158/data/web/5411_0820_web.jpg
,,https://cantusdatabase.org/chant/667310,Augustini magni patris atque suae,ah09308:01,6,,,NZ-Wt MSR-03,01,177r,,,,Monicae,14050440,SqV,MI,https://cantusdatabase.org/source/599679,,"Augustini magni patris atque suae piae matris laudes et praeconia | Decantemus venerantes et optata celebrantes hodie sollemnia 
",,1-cc-f-f-g-hh-g-f-ff---3-f-g-h-g-ij-hh-g-ff---3ff-d-cc-f-g-e-f--,,,,CD,http://ndhadeliver.natlib.govt.nz/delivery/DeliveryManagerServlet?dps_pid=IE2339587&dps_custom_att_1=emu
,,http://musmed.eu/chant/207339,Sumit unus sumunt mille quantum isti ,ah50385:16,,,,CH-ROM Ms. liturg. FiD 5,,123r,,,,Corporis Christi,09015000,SqV,MASS,http://musmed.eu/source/97795,,Sumit unus sumunt mille quantum isti tantum ille nec sumptus consumitur,,,,,,MMMO,https://www.e-codices.unifr.ch/en/fdr/0005/123r/0/Sequence-2575
,,https://cantusdatabase.org/chant/706835,Hic errata corrigit lapsis manum,508006:05,,,,A-Wda C-10,05,258r,,,,Transl. Wolfgangi,14100720,SqV,MI,https://cantusdatabase.org/source/123644,,Hic errata corrigit lapsis manum porrigit deus illum dirigit prosperando gregem Christi pastibus fovet sine fastibus hostis obstat astibus vigilando,,,,,,CD,https://www.cantusplanus.at/common/rism.php?rism=A-WdaC10
,,https://cantusdatabase.org/chant/689230,Haec egenis ministravit et in,ah09308:05,6,,,NZ-Wt MSR-03,05,178r,,,,Monicae,14050440,SqV,MI,https://cantusdatabase.org/source/599679,,Haec egenis ministravit et in eis Christum pavit mater dicta pauperum | Curam gerens infirmorum lavit stravit et eorum tersit sordes vulnerum,,,,,,CD,http://ndhadeliver.natlib.govt.nz/delivery/DeliveryManagerServlet?dps_pid=IE2339587&dps_custom_att_1=emu
,,http://musmed.eu/chant/207346,Bone pastor panis vere Jesu nostri ,ah50385:23,,,,CH-ROM Ms. liturg. FiD 5,,123v,,,,Corporis Christi,09015000,SqV,MASS,http://musmed.eu/source/97795,,Bone pastor panis vere Jesu nostri miserere tu nos pasce nos tuere tu nos bona fac videre in terra viventium,,,,,,MMMO,https://www.e-codices.unifr.ch/en/fdr/0005/123v/0/Sequence-2575
,,https://musicahispanica.eu/chant/123566,Bone pastor panis vere Jesu nostri ,ah50385:23,,,,E-Bbc (Barcelona) M 1325,,029r,,,,Corporis Christi,09015000,SqV,MASS,https://musicahispanica.eu/source/20237,,Bone pastor panis vere Jesu nostri miserere tu nos pasce nos tuere tu nos bona fac videre in terra viventium,,,,,,SEMM,0
,,https://cantusdatabase.org/chant/512395,In Wolfgangi canamus honore Christo,508006:01,,,,A-Wda C-10,01,257v,,,,Transl. Wolfgangi,14100720,SqV,MI,https://cantusdatabase.org/source/123644,,In Wolfgangi canamus honore Christo dulce melos dignus pangi translatus in die isto praesul sanctus,,,,,,CD,https://www.cantusplanus.at/common/rism.php?rism=A-WdaC10
,,http://musmed.eu/chant/207327,Quem in sacrae mensa cenae turbae ,ah50385:04,,,,CH-ROM Ms. liturg. FiD 5,,122r,,,,Corporis Christi,09015000,SqV,MASS,http://musmed.eu/source/97795,,Quem in sacrae mensa cenae turbae fratrum duodenae datum non ambigitur,,,,,,MMMO,https://www.e-codices.unifr.ch/en/fdr/0005/122r/0/Sequence-2575
,,http://musmed.eu/chant/193216,Angelicos testes sudarium et vestes surrexit ,ah54007:05,,,,CH-SGs Cod 0380,,272,,,,Dom. Resurrectionis,08011000,SqV,MASS,http://musmed.eu/source/14290,,Angelicos testes sudarium et vestes surrexit Christus spes mea [praecedet suos in Galilaeam],,,,,,MMMO,https://www.e-codices.unifr.ch/en/csg/0380/272/0/
,,https://cantusbohemiae.cz/chant/33342,Angelicos testes*/ Surrexit Christus*,ah54007:05,,,,CZ-Pn (Praha) XV A 10,D08,192v,,,,Dom. Resurrectionis,08011000,Sq,M,https://cantusbohemiae.cz/source/28509,,Angelicos testes*/ Surrexit Christus*,,,,,,FCB,
,,https://musicahispanica.eu/chant/124614,Angelicos testes sudarium et vestes surrexit ,ah54007:05,1,,,E-Bbc (Barcelona) M 39,,078r,,,,Dom. Resurrectionis,08011000,SqV,X,https://musicahispanica.eu/source/20221,,Angelicos testes sudarium et vestes surrexit Christus spes mea praecedet suos in Galilaeam,,,,,,SEMM,0
,,https://musicahispanica.eu/chant/124252,Angelicos testes sudarium et vestes surrexit ,ah54007:05,1,,,E-Bbc (Barcelona) M 40,,152r,,,,In tempore Paschae,08000000,SqV,X,https://musicahispanica.eu/source/20222,,Angelicos testes sudarium et vestes surrexit Christus spes mea praecedet suos in Galilaeam,,,,,,SEMM,0
,,http://musmed.eu/chant/235424,Angelicos testes sudarium et vestes Surrexit ,ah54007:05,,,,F-Pn Lat. 1139,,159v,,,,Fer. 3 p. Pascha,08013000,SqV,MASS,http://musmed.eu/source/13070,,Angelicos testes sudarium et vestes Surrexit Christus spes mea praecedet suos in Galilaea,,,,,,MMMO,https://gallica.bnf.fr/ark:/12148/btv1b6000946s/f326.item
,,https://cantusdatabase.org/chant/702621,Angelicos testes sudarium et vestes,ah54007:05,1,,,F-SO 596,02,064r,,,,Dom. Resurrectionis,08011000,SqV,X,https://cantusdatabase.org/source/620437,,Angelicos testes sudarium et vestes surrexit Christus spes mea praecedet vos in Galilaea,,,,,,CD,
,,http://musmed.eu/chant/232986,Angelicos testes sudarium et vestes Surrexit ,ah54007:05,,,,US-PHf Lewis E 158,,S407v,,,,Dom. Resurrectionis,08011000,SqV,MASS,http://musmed.eu/source/98182,,Angelicos testes sudarium et vestes Surrexit Christus spes mea praecedet suos in Galilaea,,,,,,MMMO,https://openn.library.upenn.edu/Data/0023/lewis_e_158/data/web/5411_0821_web.jpg
,,https://cantusdatabase.org/chant/689543,O quam felix quam beata ,ah09131:04,5,,,NZ-Wt MSR-03,04,187v,,,,Annae,14072610,SqV,MI,https://cantusdatabase.org/source/599679,,O quam felix quam beata tali prole fecundata parens matris gratiae | Stupet omnis creatura laudum tibi litans thura coram dei facie,,,,,,CD,http://ndhadeliver.natlib.govt.nz/delivery/DeliveryManagerServlet?dps_pid=IE2339587&dps_custom_att_1=emu
,,http://musmed.eu/chant/207341,Mors est malis vita bonis unde ,ah50385:18,,,,CH-ROM Ms. liturg. FiD 5,,123r,,,,Corporis Christi,09015000,SqV,MASS,http://musmed.eu/source/97795,,Mors est malis vita bonis unde patet sumptionis quam sit dispar exitus,,,,,,MMMO,https://www.e-codices.unifr.ch/en/fdr/0005/123r/0/Sequence-2575
,,https://musicahispanica.eu/chant/123561,Mors est malis vita bonis vide ,ah50385:18,,,,E-Bbc (Barcelona) M 1325,,028r,,,,Corporis Christi,09015000,SqV,MASS,https://musicahispanica.eu/source/20237,,Mors est malis vita bonis vide paris sumptionis quam sit dispar exitus,,,,,,SEMM,0
,,http://musmed.eu/chant/193212,Victimae paschali laudes immolent christiani,ah54007:01,,,,CH-SGs Cod 0380,,272,,,,Dom. Resurrectionis,08011000,SqV,MASS,http://musmed.eu/source/14290,,Victimae paschali laudes immolent christiani,,,,,,MMMO,https://www.e-codices.unifr.ch/en/csg/0380/272/0/
,,https://musicahispanica.eu/chant/124610,Victimae paschali laudes immolent christiani,ah54007:01,1,,,E-Bbc (Barcelona) M 39,,077v,,,,Dom. Resurrectionis,08011000,SqV,X,https://musicahispanica.eu/source/20221,,Victimae paschali laudes immolent christiani,,,,,,SEMM,0
,,https://musicahispanica.eu/chant/124248,Victimae paschali laudes immolent christiani,ah54007:01,1,,,E-Bbc (Barcelona) M 40,,151v,,,,In tempore Paschae,08000000,SqV,X,https://musicahispanica.eu/source/20222,,Victimae paschali laudes immolent christiani,,,,,,SEMM,0
,,http://musmed.eu/chant/235420,Victimae paschalis laudes immolant christiani,ah54007:01,,,,F-Pn Lat. 1139,,159r,,,,Fer. 3 p. Pascha,08013000,SqV,MASS,http://musmed.eu/source/13070,,Victimae paschalis laudes immolant christiani,,,,,,MMMO,https://gallica.bnf.fr/ark:/12148/btv1b6000946s/f325.item
,,http://musmed.eu/chant/232982,Victimae paschali laudes immolent christiani,ah54007:01,,,,US-PHf Lewis E 158,,S407r,,,,Dom. Resurrectionis,08011000,SqV,MASS,http://musmed.eu/source/98182,,Victimae paschali laudes immolent christiani,,,,,,MMMO,https://openn.library.upenn.edu/Data/0023/lewis_e_158/data/web/5411_0820_web.jpg
,,https://cantusdatabase.org/chant/689228,Felix imber lacrimarum quo effulsit ,ah09308:03,6,,,NZ-Wt MSR-03,03,177v,,,,Monicae,14050440,SqV,MI,https://cantusdatabase.org/source/599679,,Felix imber lacrimarum quo effulsit tam praeclarum lumen in ecclesia | Multo fletu seminavit germen uber reportavit metens in laetitia,,,,,,CD,http://ndhadeliver.natlib.govt.nz/delivery/DeliveryManagerServlet?dps_pid=IE2339587&dps_custom_att_1=emu
,,http://musmed.eu/chant/207337,Caro cibus sanguis potus manet tamen ,ah50385:14,,,,CH-ROM Ms. liturg. FiD 5,,123r,,,,Corporis Christi,09015000,SqV,MASS,http://musmed.eu/source/97795,,Caro cibus sanguis potus manet tamen Christus totus sub utraque specie,,,,,,MMMO,https://www.e-codices.unifr.ch/en/fdr/0005/123r/0/Sequence-2575
,,http://musmed.eu/chant/207333,Docti sacris institutis panem vinum in ,ah50385:10,,,,CH-ROM Ms. liturg. FiD 5,,122v,,,,Corporis Christi,09015000,SqV,MASS,http://musmed.eu/source/97795,,Docti sacris institutis panem vinum in salutis consecramus hostiam,,,,,,MMMO,https://www.e-codices.unifr.ch/en/fdr/0005/122v/0/Sequence-2575
,,http://musmed.eu/chant/207344,Ecce panis angelorum factus cibus viatorum ,ah50385:21,,,,CH-ROM Ms. liturg. FiD 5,,123v,,,,Corporis Christi,09015000,SqV,MASS,http://musmed.eu/source/97795,,Ecce panis angelorum factus cibus viatorum vere panis filiorum non mittendus canibus,,,,,,MMMO,https://www.e-codices.unifr.ch/en/fdr/0005/123v/0/Sequence-2575
,,https://musicahispanica.eu/chant/123564,Ecce panis angelorum factus cibus viatorum ,ah50385:21,,,,E-Bbc (Barcelona) M 1325,,028v,,,,Corporis Christi,09015000,SqV,MASS,https://musicahispanica.eu/source/20237,,Ecce panis angelorum factus cibus viatorum vere panis filiorum non mittendus canibus,,,,,,SEMM,0
,,https://cantusdatabase.org/chant/689232,Pane caeli saturata stat a,ah09308:07,6,,,NZ-Wt MSR-03,07,178v,,,,Monicae,14050440,SqV,MI,https://cantusdatabase.org/source/599679,,Pane caeli saturata stat a terris elevata cubiti distantia | Mente rapta exsultavit volitemus exclamavit ad caeli fastigia,,,,,,CD,http://ndhadeliver.natlib.govt.nz/delivery/DeliveryManagerServlet?dps_pid=IE2339587&dps_custom_att_1=emu
,,https://cantusdatabase.org/chant/509883,Tu nepoti tuque nato hoste,850165o,,,,A-VOR 287,15,320r,,,,Annae,14072610,SqV,X,https://cantusdatabase.org/source/123643,,Tu nepoti tuque nato hoste trino superato interventu jungite,,,,,,CD,https://iiif-mufo.oeaw.ac.at/mahss/A-VOR287/A-VOR287-320r/full/full/0/default.jpg
,,http://musmed.eu/chant/207331,Vet[ustatem novitas umbram fugat veritas ,ah50385:08,,,,CH-ROM Ms. liturg. FiD 5,,122r,,,,Corporis Christi,09015000,SqV,MASS,http://musmed.eu/source/97795,,Vet[ustatem novitas umbram fugat veritas noctem lux eliminat],,,,,,MMMO,https://www.e-codices.unifr.ch/en/fdr/0005/122r/0/Sequence-2575
,,https://cantusdatabase.org/chant/706833,Post scholarum regimen cogitur ad,508006:03,,,,A-Wda C-10,03,257v,,,,Transl. Wolfgangi,14100720,SqV,MI,https://cantusdatabase.org/source/123644,,Post scholarum regimen cogitur ad columen decanatus sed aspernens saeculum fit in claustro speculum monachatus,,,,,,CD,https://www.cantusplanus.at/common/rism.php?rism=A-WdaC10
,,https://cantusdatabase.org/chant/689227,Mater casta fide gnara vita ,ah09308:02,6,,,NZ-Wt MSR-03,02,177v,,,,Monicae,14050440,SqV,MI,https://cantusdatabase.org/source/599679,,Mater casta fide gnara vita clara Christo chara haec beata Monica | De profano propagatum nunc jam parit suum natum in fide catholica,,,,,,CD,http://ndhadeliver.natlib.govt.nz/delivery/DeliveryManagerServlet?dps_pid=IE2339587&dps_custom_att_1=emu
,,http://musmed.eu/chant/207347,Tu qui cuncta scis et vales ,ah50385:24,,,,CH-ROM Ms. liturg. FiD 5,,124r,,,,Corporis Christi,09015000,SqV,MASS,http://musmed.eu/source/97795,,Tu qui cuncta scis et vales qui nos pascis hic mortales tu nos ibi commensales cohaeredes et sodales fac sanctorum civium Amen,,,,,,MMMO,https://www.e-codices.unifr.ch/en/fdr/0005/124r/0/Sequence-2575
,,https://musicahispanica.eu/chant/123567,Tu qui cuncta scis et vales ,ah50385:24,,,,E-Bbc (Barcelona) M 1325,,029r,,,,Corporis Christi,09015000,SqV,MASS,https://musicahispanica.eu/source/20237,,Tu qui cuncta scis et vales qui nos pascis hic mortales tuos ibi commensales cohaeredes et sodales fac sanctorum civium | Amen,,,,,,SEMM,0
,,http://musmed.eu/chant/207338,A sumente non concisus non confractus ,ah50385:15,,,,CH-ROM Ms. liturg. FiD 5,,123r,,,,Corporis Christi,09015000,Sq,MASS,http://musmed.eu/source/97795,,A sumente non concisus non confractus nec divisus integer accipitur,,,,,,MMMO,https://www.e-codices.unifr.ch/en/fdr/0005/123r/0/Sequence-2575
,,https://cantusdatabase.org/chant/706836,Fraudis haereticae victor propheticae multa ,508006:06,,,,A-Wda C-10,06,258r,,,,Transl. Wolfgangi,14100720,SqV,MI,https://cantusdatabase.org/source/123644,,Fraudis haereticae victor propheticae multa praedixit mirifice caelo dans spiritum post ingens meritum gregem defendat nunc creditum,,,,,,CD,https://www.cantusplanus.at/common/rism.php?rism=A-WdaC10
,,http://musmed.eu/chant/207334,Dogma datur christianis quod in carnem ,ah50385:11,,,,CH-ROM Ms. liturg. FiD 5,,122v,,,,Corporis Christi,09015000,SqV,MASS,http://musmed.eu/source/97795,,Dogma datur christianis quod in carnem transit panis et vinum in sanguinem,,,,,,MMMO,https://www.e-codices.unifr.ch/en/fdr/0005/122v/0/Sequence-2575
,,https://cantusdatabase.org/chant/689231,O matrona gratiosa quam transfigunt ,ah09308:06,6,,,NZ-Wt MSR-03,06,178v,,,,Monicae,14050440,SqV,MI,https://cantusdatabase.org/source/599679,,O matrona gratiosa quam transfigunt amorosa crucifixi stigmata | Hiis accensa sic ploravit lacrimisque irrigavit pavimenta schemata,,,,,,CD,http://ndhadeliver.natlib.govt.nz/delivery/DeliveryManagerServlet?dps_pid=IE2339587&dps_custom_att_1=emu
,,http://musmed.eu/chant/207343,Nulla rei fit scissura signi tamen ,ah50385:20,,,,CH-ROM Ms. liturg. FiD 5,,123v,,,,Corporis Christi,09015000,SqV,MASS,http://musmed.eu/source/97795,,Nulla rei fit scissura signi tamen fit fractura qua nec status nec statura signati minuitur,,,,,,MMMO,https://www.e-codices.unifr.ch/en/fdr/0005/123v/0/Sequence-2575
,,https://musicahispanica.eu/chant/123563,Nulla rei fit scissura signi tantum ,ah50385:20,,,,E-Bbc (Barcelona) M 1325,,028r,,,,Corporis Christi,09015000,SqV,MASS,https://musicahispanica.eu/source/20237,,Nulla rei fit scissura signi tantum fit fractura qua nec status nec statura signati minuitur,,,,,,SEMM,0
,,http://musmed.eu/chant/207332,Quod in cena Christus gessit faciendum ,ah50385:09,,,,CH-ROM Ms. liturg. FiD 5,,122v,,,,Corporis Christi,09015000,SqV,MASS,http://musmed.eu/source/97795,,Quod in cena Christus gessit faciendum hoc expressit in sui memoriam,,,,,,MMMO,https://www.e-codices.unifr.ch/en/fdr/0005/122v/0/Sequence-2575
,,https://cantusdatabase.org/chant/706832,Qui nascens ex Suevia hujus,508006:02,,,,A-Wda C-10,02,257v,,,,Transl. Wolfgangi,14100720,SqV,MI,https://cantusdatabase.org/source/123644,,Qui nascens ex Suevia hujus mundi levia puer sprevit mox excellens artibus in remotis partibus fama crevit,,,,,,CD,https://www.cantusplanus.at/common/rism.php?rism=A-WdaC10
,,http://musmed.eu/chant/207328,Sit laus plena sit sonora sit ,ah50385:05,,,,CH-ROM Ms. liturg. FiD 5,,122r,,,,Corporis Christi,09015000,SqV,MASS,http://musmed.eu/source/97795,,Sit laus plena sit sonora sit jucunda sit decora mentis jubilatio,,,,,,MMMO,https://www.e-codices.unifr.ch/en/fdr/0005/122r/0/Sequence-2575
,,https://cantusdatabase.org/chant/670586,Gaude cunctis veneranda Anna mater,ah09131:01,5,,,NZ-Wt MSR-03,01,186v,,,,Annae,14072610,SqV,MI,https://cantusdatabase.org/source/599679,,Gaude cunctis veneranda Anna mater et cantanda superum concentibus | Anna recte nuncupata gratiosa dono data a deo mortalibus,,1--f-ghgij-hgf-g-fed-f-ff-3-f-h-k-k-l-kjh-k-k-k-hjhgfgg-fedf-ff--3--,,,,CD,http://ndhadeliver.natlib.govt.nz/delivery/DeliveryManagerServlet?dps_pid=IE2339587&dps_custom_att_1=emu
,,http://musmed.eu/chant/193215,Dic nobis Maria quid vidisti in ,ah54007:04,,,,CH-SGs Cod 0380,,272,,,,Dom. Resurrectionis,08011000,SqV,MASS,http://musmed.eu/source/14290,,Dic nobis Maria quid vidisti in via sepulcrum Christi viventis et gloriam vidi resurgentis,,,,,,MMMO,https://www.e-codices.unifr.ch/en/csg/0380/272/0/
,,https://cantusbohemiae.cz/chant/33341,Dic nobis Maria*/ Sepulcrum Christi viventis*,ah54007:04,,,,CZ-Pn (Praha) XV A 10,D07,192v,,,,Dom. Resurrectionis,08011000,Sq,M,https://cantusbohemiae.cz/source/28509,,Dic nobis Maria*/ Sepulcrum Christi viventis*,,,,,,FCB,
,,https://musicahispanica.eu/chant/124613,Dic nobis Maria quid vidisti in ,ah54007:04,1,,,E-Bbc (Barcelona) M 39,,078r,,,,Dom. Resurrectionis,08011000,SqV,X,https://musicahispanica.eu/source/20221,,Dic nobis Maria quid vidisti in via sepulcrum Christi viventis et gloriam vidi resurgentis,,,,,,SEMM,0
,,https://musicahispanica.eu/chant/124251,Dic nobis Maria quid vidisti in ,ah54007:04,1,,,E-Bbc (Barcelona) M 40,,151v,,,,In tempore Paschae,08000000,SqV,X,https://musicahispanica.eu/source/20222,,Dic nobis Maria quid vidisti in via sepulcrum Christi viventis et gloriam vidi resurgentis,,,,,,SEMM,0
,,http://musmed.eu/chant/235423,Dic nobis Maria quid vidisti in ,ah54007:04,,,,F-Pn Lat. 1139,,159v,,,,Fer. 3 p. Pascha,08013000,SqV,MASS,http://musmed.eu/source/13070,,Dic nobis Maria quid vidisti in via sepulcrum Christi viventis et gloriam vidi resurgentis,,,,,,MMMO,https://gallica.bnf.fr/ark:/12148/btv1b6000946s/f326.item
,,https://cantusdatabase.org/chant/671257,Dic nobis Maria quid vidisti,ah54007:04,1,,,F-SO 596,01,064r,,,,Dom. Resurrectionis,08011000,SqV,X,https://cantusdatabase.org/source/620437,,Dic nobis Maria quid vidisti in via sepulcrum Christi viventis et gloriam vidi resurgentis,,,,,,CD,
,,http://musmed.eu/chant/232985,Dic nobis Maria quid vidisti in ,ah54007:04,,,,US-PHf Lewis E 158,,S407r,,,,Dom. Resurrectionis,08011000,SqV,MASS,http://musmed.eu/source/98182,,Dic nobis Maria quid vidisti in via sepulcrum Christi viventis et gloriam vidi resurgentis,,,,,,MMMO,https://openn.library.upenn.edu/Data/0023/lewis_e_158/data/web/5411_0820_web.jpg
,,http://musmed.eu/chant/207324,Lauda Sion salvatorem lauda ducem et ,ah50385:01,,,,CH-ROM Ms. liturg. FiD 5,,121v,,,,Corporis Christi,09015000,SqV,MASS,http://musmed.eu/source/97795,,Lauda Sion salvatorem lauda ducem et pastorem in hymnis et canticis,,,,,,MMMO,https://www.e-codices.unifr.ch/en/fdr/0005/121v/0/Sequence-2575
,,https://cantusdatabase.org/chant/689545,Hiis accedunt binae natae ex ,ah09131:05,5,,,NZ-Wt MSR-03,05,188r,,,,Annae,14072610,SqV,MI,https://cantusdatabase.org/source/599679,,Hiis accedunt binae natae ex sex proles perbeatos viae Christi comites | En in culmo septem spicae atque vitis ex radice surgentes tres palmites,,,,,,CD,http://ndhadeliver.natlib.govt.nz/delivery/DeliveryManagerServlet?dps_pid=IE2339587&dps_custom_att_1=emu
,,https://cantusdatabase.org/chant/699129,Gaude quae post Christum scandis ,ah24018E:03,1,,,Cantus D:02csu,04,195v,,,,LITURA,00000001,SqV,MI,https://cantusdatabase.org/source/699079,,Gaude quae post Christum scandis et est honor tibi grandis in caeli palatio | [Ubi fructus ventris tui per te detur nobis frui in perenni gaudio],,1---l--l---g---h---k--j---h--h---h---j---hg--h---f--g---f--f---e---g--h---d--f--e--d----,,,,CD,https://fragmentarium.ms/view/page/F-2csu/4023/42070
,,http://musmed.eu/chant/207342,Fracto demum sacramento ne vacilles sed ,ah50385:19,,,,CH-ROM Ms. liturg. FiD 5,,123r,,,,Corporis Christi,09015000,SqV,MASS,http://musmed.eu/source/97795,,Fracto demum sacramento ne vacilles sed memento tantum esse sub fragmento quantum toto tegitur,,,,,,MMMO,https://www.e-codices.unifr.ch/en/fdr/0005/123r/0/Sequence-2575
,,https://musicahispanica.eu/chant/123562,Fracto demum sacramento ne vacilles sed ,ah50385:19,,,,E-Bbc (Barcelona) M 1325,,028r,,,,Corporis Christi,09015000,SqV,MASS,https://musicahispanica.eu/source/20237,,Fracto demum sacramento ne vacilles sed memento tantum esse sub fragmento quantum toto tegitur,,,,,,SEMM,0
