id,corpus_id,chantlink,incipit,cantus_id,mode,finalis,differentia,siglum,position,folio,sequence,marginalia,cao_concordances,feast,feast_code,genre,office,srclink,melody_id,full_text,full_text_manuscript,volpiano,notes,dataset_name,dataset_idx,db,image_link
,,https://cantusdatabase.org/chant/149288,Verbum patris hodie processit ex,850306.1,1,,,GB-AB 20541 E,P,006r,,,,Nativitas Domini,02122500,TpBD,L,https://cantusdatabase.org/source/123592,,Verbum patris hodie processit ex virgine venit nos redimere et caelesti patrum volute nos reddere virtutes angelicae cum canoro jubilo benedicant domino,,,,,,CD,
,,https://pemdatabase.eu/musical-item/74762,Verbum patris hodie,850306,,,,"E-SAu (Salamanca) Universidad, Archivo y Biblioteca Ms 2637",,017v,,,,,,BD,,https://pemdatabase.eu/source/48357,,,,,,,,PEM,https://pemdatabase.eu/gallery-item/8788
,,https://pemdatabase.eu/musical-item/61945,Verbum patris hodie processit ex virgine,850306,1,,,E-Sco (Sevilla) Institución Colombina Libro 069,,043r-043v,,,,Nativitas Domini,02122500,[M],X,https://pemdatabase.eu/source/61848,,,,,,,,PEM,https://pemdatabase.eu/gallery-item/23282
,,http://musmed.eu/chant/31867,Verbum patris hodie processit ex virgine ,850306,1,,,F-Pn Lat. 903,,010r,,,,Nativitas Domini,02122500,BD,,http://musmed.eu/source/13022,,Verbum patris hodie processit ex virgine virtutes angelicae cum canoro jubilo reddunt laudes DOMINO Pacem bonis omnibus nuntiavit angelus refulsit pastoribus veri solis claritas dicunt omnes GRATIAS,,,,,,MMMO,https://gallica.bnf.fr/ark:/12148/btv1b10506538t/f37.image
,,http://musmed.eu/chant/109661,Verbum patris hodie processit ex virgine ,850306,,,,F-Pn Lat. 904,,014r,,,,Nativitas Domini,02122500,[M],,http://musmed.eu/source/13023,,Verbum patris hodie processit ex virgine venit nos redimere et caelesti patriae voluit nos reddere virtutes angelicae cum canore jubilo benedicant Domino. Refulgens pastoribus nuntiavit angelus pacem pacis nuntius tu pastor ecclesiae pacem tumet dirige filios et instrue redemptor debitas jubilando gratias,,,,,,MMMO,https://gallica.bnf.fr/ark:/12148/btv1b84324657/f37.image
,,https://pemdatabase.eu/musical-item/119598,Verbum patris hodie processit ex virgine,850306,*,,,P-Ln (Lisboa) Biblioteca Nacional de Portugal RES. 253 P.,,224v,,,,Nativitas Domini,02122500,BD,,https://pemdatabase.eu/source/97935,,,,,,,,PEM,https://pemdatabase.eu/gallery-item/21475
,,https://cantusdatabase.org/chant/702247,Verbum patris hodie processit ex,850306,1,,,US-KClbsc M2147.C53 1500z,,070v,,,,Nativitas Domini,02122500,TpBD,X,https://cantusdatabase.org/source/699262,,Verbum patris hodie processit ex virgine virtutes angelicae cum canoro jubilo benedicamus domino R. Pacem [nobis omnibus nuntiavit angelus refulsit pastoribus veri solis claritatis reddeunt deo gratias],,,,,,CD,https://daedalus.umkc.edu/CODICES/ChantBook/ChantBookMSI/Folio%2070v.html
