id,corpus_id,chantlink,incipit,cantus_id,mode,finalis,differentia,siglum,position,folio,sequence,marginalia,cao_concordances,feast,feast_code,genre,office,srclink,melody_id,full_text,full_text_manuscript,volpiano,notes,dataset_name,dataset_idx,db,image_link
,,https://musicahispanica.eu/chant/44035,Nunc ecce derident me inimici mei ,h00980,,,,E-Tc (Toledo) 35.5,,101v,,,,Fer. 4 Hebd. 5 Quad.,,TRN,N,https://musicahispanica.eu/source/20186,,Nunc ecce derident me inimici mei nam in eorum canticum versus sum abominantur me et longe fugiunt a me et faciem meam conspuere non verentur,,,,,,SEMM,0
,,https://musicahispanica.eu/chant/40854,Quid est homo ut inmaculatus sit ,h00984,,,,E-Tc (Toledo) 35.5,1,034r,,,,Fer. 6 Hebd. 2 Quad.,07026000,TRN,N,https://musicahispanica.eu/source/20186,,Quid est homo ut inmaculatus sit et ut justus appareat ecce inter sanctos nemo inmaculatus et caeli non sunt mundi in conspectu ejus ,,,,,,SEMM,0
,,https://musicahispanica.eu/chant/103148,Quis dabit capiti meo aquam aut ,h00985.1,,,,E-Tc (Toledo) 35.5,2,006v,,,,Fer. 4 Hebd. 1 Quad.,07014000,TRN,MASS,https://musicahispanica.eu/source/20186,,Quis dabit capiti meo aquam aut palfebris meis aperit fontem lacrimarum ut plangam die ac nocte vulnera animae meae,,,,,,SEMM,0
,,https://musicahispanica.eu/chant/40748,Trenos Jeremiae prophetae ubi civitatis suae ,h00994,,,,E-Tc (Toledo) 35.5,1,006v,,,,Fer. 4 Hebd. 1 Quad.,07014000,TRN,MASS,https://musicahispanica.eu/source/20186,,Trenos Jeremiae prophetae ubi civitatis suae ruinam quadruplici planxit alfabeto ,,,,,,SEMM,0
,,https://musicahispanica.eu/chant/40852,Ecce ego deprecabor deum et placabilis ,h00978,,,,E-Tc (Toledo) 35.5,,030r,,,,Fer. 4 Hebd. 2 Quad.,07024000,TRN,N,https://musicahispanica.eu/source/20186,,Ecce ego deprecabor deum et placabilis mici erit et videbo faciem ejus in exultatione,,,,,,SEMM,0
,,https://musicahispanica.eu/chant/41843,Nunc ecce oppressit me dolor meus ,h00981,,,,E-Tc (Toledo) 35.5,,083r,,,,Fer. 6 Hebd. 4 Quad.,07046000,TRN,N,https://musicahispanica.eu/source/20186,,Nunc ecce oppressit me dolor meus et ad nihilum redacti sunt artus mei fratres mei testimonium dicunt contra me et suscitatus falsilocus adversus faciem meam ,,,,,,SEMM,0
,,https://musicahispanica.eu/chant/64390,Quis dabit capiti*,h00985,,,,E-L (León) Ms 8,,118v,,,,Fer. 2 Hebd. 1 Quad.,07012000,TRN,N,https://musicahispanica.eu/source/20175,,Quis dabit capiti*,,,,,,SEMM,0
,,https://musicahispanica.eu/chant/64498,Quis dabit*,h00985,,,,E-L (León) Ms 8,,123r,,,,Fer. 6 Hebd. 1 Quad.,07016000,TRN,N,https://musicahispanica.eu/source/20175,,Quis dabit*,,,,,,SEMM,0
,,https://musicahispanica.eu/chant/64576,Quis dabit capiti*,h00985,,,,E-L (León) Ms 8,,126v,,,,Fer. 2 Hebd. 2 Quad.,07022000,TRN,N,https://musicahispanica.eu/source/20175,,Quis dabit capiti*,,,,,,SEMM,0
,,https://musicahispanica.eu/chant/64627,Quis dabit*,h00985,,,,E-L (León) Ms 8,,128v,,,,Fer. 4 Hebd. 2 Quad.,07024000,TRN,N,https://musicahispanica.eu/source/20175,,Quis dabit*,,,,,,SEMM,0
,,https://musicahispanica.eu/chant/64678,Quis dabit capiti*,h00985,,,,E-L (León) Ms 8,,130r,,,,Fer. 6 Hebd. 2 Quad.,07026000,TRN,N,https://musicahispanica.eu/source/20175,,Quis dabit capiti*,,,,,,SEMM,0
,,https://musicahispanica.eu/chant/64801,Quis dabit*,h00985,,,,E-L (León) Ms 8,,137r,,,,Fer. 3 Hebd. 3 Quad.,07033000,TRN,N,https://musicahispanica.eu/source/20175,,Quis dabit*,,,,,,SEMM,0
,,https://musicahispanica.eu/chant/64857,Quis dabit capiti*,h00985,,,,E-L (León) Ms 8,,140r,,,,Fer. 5 Hebd. 3 Quad.,07035000,TRN,N,https://musicahispanica.eu/source/20175,,Quis dabit capiti*,,,,,,SEMM,0
,,https://musicahispanica.eu/chant/64999,Quis dabit capiti*,h00985,,,,E-L (León) Ms 8,,147r,,,,Fer. 3 Hebd. 4 Quad.,07043000,TRN,N,https://musicahispanica.eu/source/20175,,Quis dabit capiti*,,,,,,SEMM,0
,,https://musicahispanica.eu/chant/65052,Quis dabit*,h00985,,,,E-L (León) Ms 8,,149v,,,,Fer. 5 Hebd. 4 Quad.,07045000,TRN,N,https://musicahispanica.eu/source/20175,,Quis dabit*,,,,,,SEMM,0
,,https://musicahispanica.eu/chant/79388,Quis dabit*,h00985,,,,E-L (León) Ms 8,,115r,,,,Carnes Tollendas,,TRN,N,https://musicahispanica.eu/source/20175,,Quis dabit*,,,,,,SEMM,0
,,https://musicahispanica.eu/chant/41835,Vide domine et considera quoniam factus ,h00997,,,,E-Tc (Toledo) 35.5,,077r,,,,Fer. 4 Hebd. 4 Quad.,07044000,TRN,N,https://musicahispanica.eu/source/20186,,Vide domine et considera quoniam factus sum vilis vide afflictionem meam quia erectus est inimicus,,,,,,SEMM,0
,,https://musicahispanica.eu/chant/40876,Audite obsecro omnes et videte dolorem ,h00976,,,,E-Tc (Toledo) 35.5,,058r,,,,Fer. 6 Hebd. 3 Quad.,07036000,TRN,N,https://musicahispanica.eu/source/20186,,Audite obsecro omnes et videte dolorem meum quia iratus est super me deus propter multitudinem iniquitatis mee,,,,,,SEMM,0
,,https://musicahispanica.eu/chant/40875,Peccavi quid faciam o custos hominum ,h00982,,,,E-Tc (Toledo) 35.5,,052v,,,,Fer. 4 Hebd. 3 Quad.,07034000,TRN,N,https://musicahispanica.eu/source/20186,,Peccavi quid faciam o custos hominum quare me posuisti contrarium tibi et factus sum mici metipsi gravis,,,,,,SEMM,0
,,https://musicahispanica.eu/chant/64305,Deducant oculi mei lacrimas et palpebre ,h00977,,,,E-L (León) Ms 8,,115r,,,,Carnes Tollendas,,TRN,N,https://musicahispanica.eu/source/20175,,Deducant oculi mei lacrimas et palpebre meae fluent aquae quia vox lamentationis audita est super me,,,,,,SEMM,0
,,https://musicahispanica.eu/chant/40754,Deducant oculi mei lacrimas et palfebre ,h00977,,,,E-Tc (Toledo) 35.5,,011v,,,,Fer. 6 Hebd. 1 Quad.,07016000,TRN,N,https://musicahispanica.eu/source/20186,,Deducant oculi mei lacrimas et palfebre mee fluant aquas quia vox lamentationes audita est super me,,,,,,SEMM,0
,,https://musicahispanica.eu/chant/44038,Tu domine demonstrasti mihi et ego ,h00996,,,,E-Tc (Toledo) 35.5,,106r,,,,Fer. 6 Hebd. 5 Quad.,,TRN,N,https://musicahispanica.eu/source/20186,,Tu domine demonstrasti mihi et ego cognovi nunc ostendisti mihi studia inimicorum adversum me,,,,,,SEMM,0
