id,corpus_id,chantlink,incipit,cantus_id,mode,finalis,differentia,siglum,position,folio,sequence,marginalia,cao_concordances,feast,feast_code,genre,office,srclink,melody_id,full_text,full_text_manuscript,volpiano,notes,dataset_name,dataset_idx,db,image_link
,,https://musicahispanica.eu/chant/64630,Memento quia ventur est vita mea ,h00985z,,,,E-L (León) Ms 8,,128v,,,,Fer. 4 Hebd. 2 Quad.,07024000,TRNV,N,https://musicahispanica.eu/source/20175,,Memento quia ventur est vita mea et non revertur ultra usquequo non paarcis mihi nec dimittis me ut glutiam salivam meam,,,,,,SEMM,0
,,https://musicahispanica.eu/chant/64802,Vide domine et considera quoniam factus ,h00985aj,,,,E-L (León) Ms 8,,137r,,,,Fer. 3 Hebd. 3 Quad.,07033000,TRNV,N,https://musicahispanica.eu/source/20175,,Vide domine et considera quoniam factus sum vilis vide afflictionem meam quia erectus est inimicus,,,,,,SEMM,0
,,https://musicahispanica.eu/chant/64307,Vae mihi quia defecit anima mea ,h00977b,,,,E-L (León) Ms 8,,115r,,,,Carnes Tollendas,,TRNV,N,https://musicahispanica.eu/source/20175,,Vae mihi quia defecit anima mea et sensus cordis mei turbati sunt in me,,,,,,SEMM,0
,,https://musicahispanica.eu/chant/62114,Veae mihi quia defecit anima mea ,h00977b,,,,E-Tc (Toledo) 35.5,2,011v,,,,Fer. 6 Hebd. 1 Quad.,07016000,TRNV,N,https://musicahispanica.eu/source/20186,,Veae mihi quia defecit anima mea et sensus cordis mei turbati sunt in me,,,,,,SEMM,0
,,https://musicahispanica.eu/chant/64681,Convertit in me manum suam tota ,h00985c,,,,E-L (León) Ms 8,,130v,,,,Fer. 6 Hebd. 2 Quad.,07026000,TRNV,N,https://musicahispanica.eu/source/20175,,Convertit in me manum suam tota die vetustam fecit pellem meam contrivit ossa mea ad gravabit con pedem meum,,,,,,SEMM,0
,,https://musicahispanica.eu/chant/65003,Quia propter in memetipso arescet anima ,h00985o,,,,E-L (León) Ms 8,,147r,,,,Fer. 3 Hebd. 4 Quad.,07043000,TRNV,N,https://musicahispanica.eu/source/20175,,Quia propter in memetipso arescet anima mea et possident me dies afflictionis,,,,,,SEMM,0
,,https://musicahispanica.eu/chant/79299,Factum est postquam captibus ductus est ,h00994a,,,,E-L (León) Ms 8,,110v,,,,Carnes Tollendas,,TRNV,N,https://musicahispanica.eu/source/20175,,Factum est postquam captibus ductus est Israel et Jerusalem desolata est sedet Jeremias propheta flens et lamentans lamentum hoc deo et dixit ,,,,,,SEMM,0
,,https://musicahispanica.eu/chant/103147,Factum est postquam capitibus ductus est ,h00994a,,,,E-Tc (Toledo) 35.5,1,006v,,,,Fer. 4 Hebd. 1 Quad.,07014000,TRNV,MASS,https://musicahispanica.eu/source/20186,,Factum est postquam capitibus ductus est Israel nam et Jerusalem desolata est sedet Jeremias propheta flens et lamentans lamentum hoc deo et dixit,,,,,,SEMM,0
,,https://musicahispanica.eu/chant/64860,Circumdedit me inimicus lanceis suis convulnerabit ,h00985r,,,,E-L (León) Ms 8,,140r,,,,Fer. 5 Hebd. 3 Quad.,07035000,TRNV,N,https://musicahispanica.eu/source/20175,,Circumdedit me inimicus lanceis suis convulnerabit lumbos meos effudit in terra viscera mea inruit in me quasi gigans,,,,,,SEMM,0
,,https://musicahispanica.eu/chant/64577,Qui est homo ut immaculatus sit ,h00985ab,,,,E-L (León) Ms 8,,126v,,,,Fer. 2 Hebd. 2 Quad.,07022000,TRNV,N,https://musicahispanica.eu/source/20175,,Qui est homo ut immaculatus sit et ut justus apparem ecce inter sanctos nemo immaculatus ex caeli non sunt mundi in conspectu ejus,,,,,,SEMM,0
,,https://musicahispanica.eu/chant/62142,Quare non tollis peccatum meum et ,h00982a,,,,E-Tc (Toledo) 35.5,1,052v,,,,Fer. 4 Hebd. 3 Quad.,07034000,TRNV,N,https://musicahispanica.eu/source/20186,,Quare non tollis peccatum meum et quare non auferes iniquitatem meam ecce nunc in pulverem dormiam et si mane me quaesieris non subsistam,,,,,,SEMM,0
,,https://musicahispanica.eu/chant/62145,Sed et cum clamavero ad eum ,h00976b,,,,E-Tc (Toledo) 35.5,2,058r,,,,Fer. 6 Hebd. 3 Quad.,07036000,TRNV,N,https://musicahispanica.eu/source/20186,,Sed et cum clamavero ad eum exclusit orationem meam,,,,,,SEMM,0
,,https://musicahispanica.eu/chant/80187,Erue me a corruptione et illumina ,h00985k,,,,E-L (León) Ms 8,,123r,,,,Fer. 6 Hebd. 1 Quad.,07016000,TRNV,N,https://musicahispanica.eu/source/20175,,Erue me a corruptione et illumina luce viventium ,,,,,,SEMM,0
,,https://musicahispanica.eu/chant/64393,Idcirco ego ipse plorans et oculus ,h00985v,,,,E-L (León) Ms 8,,119r,,,,Fer. 2 Hebd. 1 Quad.,07012000,TRNV,N,https://musicahispanica.eu/source/20175,,Idcirco ego ipse plorans et oculus meus deducens aquam quia nox lamentationis audita est super me,,,,,,SEMM,0
,,https://musicahispanica.eu/chant/65053,Tu domine demonstrasti mihi et ego ,h00985af,,,,E-L (León) Ms 8,,149v,,,,Fer. 5 Hebd. 4 Quad.,07045000,TRNV,N,https://musicahispanica.eu/source/20175,,Tu domine demonstrasti mihi et ego cognovi nunc ostendisti mihi studia eorum adversum me,,,,,,SEMM,0
,,https://musicahispanica.eu/chant/62156,Aperuerunt super me inimici ora sua ,h00997a,,,,E-Tc (Toledo) 35.5,1,077r,,,,Fer. 4 Hebd. 4 Quad.,07044000,TRNV,N,https://musicahispanica.eu/source/20186,,Aperuerunt super me inimici ora sua et exprobrantes percusserunt maxillam meam sibilaverunt et fremuerunt dixerunt devoremus eum,,,,,,SEMM,0
,,https://musicahispanica.eu/chant/65002,Dissipaverunt itinera mea insidiati sunt mihi ,h00985n,,,,E-L (León) Ms 8,,147r,,,,Fer. 3 Hebd. 4 Quad.,07043000,TRNV,N,https://musicahispanica.eu/source/20175,,Dissipaverunt itinera mea insidiati sunt mihi et praevaluerunt et non fuit qui ferret auxilium,,,,,,SEMM,0
,,https://musicahispanica.eu/chant/64861,Collegit furorem suum in me et ,h00985s,,,,E-L (León) Ms 8,,140r,,,,Fer. 5 Hebd. 3 Quad.,07035000,TRNV,N,https://musicahispanica.eu/source/20175,,Collegit furorem suum in me et conminans mihi infremuit contra me,,,,,,SEMM,0
,,https://musicahispanica.eu/chant/64578,Quanto magis omnis homo qui bibit ,h00985ac,,,,E-L (León) Ms 8,,126v,,,,Fer. 2 Hebd. 2 Quad.,07022000,TRNV,N,https://musicahispanica.eu/source/20175,,Quanto magis omnis homo qui bibit quasi aquas iniquitatem memento quod sicut lutum feceris me et in pulverem deducis me,,,,,,SEMM,0
,,https://musicahispanica.eu/chant/64501,Appropinquavit corruptioni anima mea et vita ,h00985j,,,,E-L (León) Ms 8,,123r,,,,Fer. 6 Hebd. 1 Quad.,07016000,TRNV,N,https://musicahispanica.eu/source/20175,,Appropinquavit corruptioni anima mea et vita mea mortiferis miserere mei et libera me ut non descendam in perdictione,,,,,,SEMM,0
,,https://musicahispanica.eu/chant/62158,Aperuerunt super me inimici ora sua ,h00981a,,,,E-Tc (Toledo) 35.5,1,083v,,,,Fer. 6 Hebd. 4 Quad.,07046000,TRNV,N,https://musicahispanica.eu/source/20186,,Aperuerunt super me inimici ora sua et exprobantes percusserunt maxillam meam satiati sunt penis meis conclusit me dominus in manus impiorum,,,,,,SEMM,0
,,https://musicahispanica.eu/chant/64394,Multi enim genitus mei et cor ,h00985w,,,,E-L (León) Ms 8,,119r,,,,Fer. 2 Hebd. 1 Quad.,07012000,TRNV,N,https://musicahispanica.eu/source/20175,,Multi enim genitus mei et cor meum merens,,,,,,SEMM,0
,,https://musicahispanica.eu/chant/65054,Quasi agnus mansuetus qui portatur ad ,h00985ag,,,,E-L (León) Ms 8,,149v,,,,Fer. 5 Hebd. 4 Quad.,07045000,TRNV,N,https://musicahispanica.eu/source/20175,,Quasi agnus mansuetus qui portatur ad victimam et nunc cognovi quia super me cogitaverunt mala,,,,,,SEMM,0
,,https://musicahispanica.eu/chant/62127,Signasti quasi in saeculo delicta mea ,h00984b,,,,E-Tc (Toledo) 35.5,2,034v,,,,Fer. 6 Hebd. 2 Quad.,07026000,TRNV,N,https://musicahispanica.eu/source/20186,,Signasti quasi in saeculo delicta mea et curasti iniquitatem meam,,,,,,SEMM,0
,,https://musicahispanica.eu/chant/62175,Quasi agnus mansuetus qui portatur ad ,h00996a,,,,E-Tc (Toledo) 35.5,1,106r,,,,Fer. 6 Hebd. 5 Quad.,,TRNV,N,https://musicahispanica.eu/source/20186,,Quasi agnus mansuetus qui portatur ad victimam et nunc cognovi quia super me cogitaverunt mala,,,,,,SEMM,0
,,https://musicahispanica.eu/chant/64803,Omnes qui glorificabant me ispreunt me ,h00985ak,,,,E-L (León) Ms 8,,137r,,,,Fer. 3 Hebd. 3 Quad.,07033000,TRNV,N,https://musicahispanica.eu/source/20175,,Omnes qui glorificabant me ispreunt me quia viderunt ignonimiam meam,,,,,,SEMM,0
,,https://musicahispanica.eu/chant/62173,Ad dexteram calamitatis mee illico surrexerunt ,h00980a,,,,E-Tc (Toledo) 35.5,1,101v,,,,Fer. 4 Hebd. 5 Quad.,,TRNV,N,https://musicahispanica.eu/source/20186,,Ad dexteram calamitatis mee illico surrexerunt pedes meos sub verterunt et oppreserunt quasi fluctibus semitis suis,,,,,,SEMM,0
,,https://musicahispanica.eu/chant/64680,Complevit furorem suum in me et ,h00985b,,,,E-L (León) Ms 8,,130v,,,,Fer. 6 Hebd. 2 Quad.,07026000,TRNV,N,https://musicahispanica.eu/source/20175,,Complevit furorem suum in me et effudit iram indignationis suae oppressit me amaritudine,,,,,,SEMM,0
,,https://musicahispanica.eu/chant/62125,Erue me a corruptione et illumina ,h00978b,,,,E-Tc (Toledo) 35.5,2,030r,,,,Fer. 4 Hebd. 2 Quad.,07024000,TRNV,N,https://musicahispanica.eu/source/20186,,Erue me a corruptione et illumina lucem viventium,,,,,,SEMM,0
,,https://musicahispanica.eu/chant/65000,Nunc ecce derident me inimici mei ,h00985l,,,,E-L (León) Ms 8,,147r,,,,Fer. 3 Hebd. 4 Quad.,07043000,TRNV,N,https://musicahispanica.eu/source/20175,,Nunc ecce derident me inimici mei nunc in eorum versus sum abominantur me et faciem meam conspuere non verentur,,,,,,SEMM,0
,,https://musicahispanica.eu/chant/79300,Quomodo sedec sola civitas plena populo ,h00994b,,,,E-L (León) Ms 8,,110v,,,,Carnes Tollendas,,TRNV,N,https://musicahispanica.eu/source/20175,,Quomodo sedec sola civitas plena populo facta est quasi vidu domina gentium princeps provinciarum facta est sub tributo,,,,,,SEMM,0
,,https://musicahispanica.eu/chant/64631,Parce ergo mihi nihil sunt dies ,h00985aa,,,,E-L (León) Ms 8,,128v,,,,Fer. 4 Hebd. 2 Quad.,07024000,TRNV,N,https://musicahispanica.eu/source/20175,,Parce ergo mihi nihil sunt dies mei,,,,,,SEMM,0
,,https://musicahispanica.eu/chant/64859,Aperuerunt contra me inimici mei ora ,h00985q,,,,E-L (León) Ms 8,,140r,,,,Fer. 5 Hebd. 3 Quad.,07035000,TRNV,N,https://musicahispanica.eu/source/20175,,Aperuerunt contra me inimici mei ora sua exprobrantes percusserunt maxillam meam satiati sunt penis meis conclusit me dominus in manus impiorum,,,,,,SEMM,0
,,https://musicahispanica.eu/chant/62143,Parce ergo mihi nicil sunt dies ,h00982b,,,,E-Tc (Toledo) 35.5,2,052v,,,,Fer. 4 Hebd. 3 Quad.,07034000,TRNV,N,https://musicahispanica.eu/source/20186,,Parce ergo mihi nicil sunt dies mei,,,,,,SEMM,0
,,https://musicahispanica.eu/chant/64499,Ecce ego deprecabo deum et placabilis ,h00985h,,,,E-L (León) Ms 8,,123r,,,,Fer. 6 Hebd. 1 Quad.,07016000,TRNV,N,https://musicahispanica.eu/source/20175,,Ecce ego deprecabo deum et placabilis mihi erit et videbo faciem ejus in exultatione,,,,,,SEMM,0
,,https://musicahispanica.eu/chant/62144,Complevit furorem suum in me et ,h00976a,,,,E-Tc (Toledo) 35.5,1,058r,,,,Fer. 6 Hebd. 3 Quad.,07036000,TRNV,N,https://musicahispanica.eu/source/20186,,Complevit furorem suum in me et effudit iram indignationis sue oppressit me amaritudine,,,,,,SEMM,0
,,https://musicahispanica.eu/chant/64580,Signasti quasi in saculo delicta mea ,h00985ae,,,,E-L (León) Ms 8,,126v,,,,Fer. 2 Hebd. 2 Quad.,07022000,TRNV,N,https://musicahispanica.eu/source/20175,,Signasti quasi in saculo delicta mea sed curasti iniquitatem meam,,,,,,SEMM,0
,,https://musicahispanica.eu/chant/64392,Quoniam complevit dominus furorem suum in ,h00985u,,,,E-L (León) Ms 8,,119r,,,,Fer. 2 Hebd. 1 Quad.,07012000,TRNV,N,https://musicahispanica.eu/source/20175,,Quoniam complevit dominus furorem suum in me effudit iram indignationis suae propter omnes iniquitates meas,,,,,,SEMM,0
,,https://musicahispanica.eu/chant/65056,Ne propitieris iniquitati eorum et peccatum ,h00985ai,,,,E-L (León) Ms 8,,149v,,,,Fer. 5 Hebd. 4 Quad.,07045000,TRNV,N,https://musicahispanica.eu/source/20175,,Ne propitieris iniquitati eorum et peccatum eorum a facie tua non deleatur,,,,,,SEMM,0
,,https://musicahispanica.eu/chant/64629,Quare non tollis peccatum meum et ,h00985y,,,,E-L (León) Ms 8,,128v,,,,Fer. 4 Hebd. 2 Quad.,07024000,TRNV,N,https://musicahispanica.eu/source/20175,,Quare non tollis peccatum meum et quare non auferes iniquitatem meam ecce nunc in pulverem dormiam et si mane me quae si eris non subsistam,,,,,,SEMM,0
,,https://musicahispanica.eu/chant/64682,Sed et cum clamavero exclusit orationem ,h00985d,,,,E-L (León) Ms 8,,130v,,,,Fer. 6 Hebd. 2 Quad.,07026000,TRNV,N,https://musicahispanica.eu/source/20175,,Sed et cum clamavero exclusit orationem meam,,,,,,SEMM,0
,,https://musicahispanica.eu/chant/64805,Ipse autem gemens et conversus retrorsum,h00985am,,,,E-L (León) Ms 8,,137r,,,,Fer. 3 Hebd. 3 Quad.,07033000,TRNV,N,https://musicahispanica.eu/source/20175,,Ipse autem gemens et conversus retrorsum,,,,,,SEMM,0
,,https://musicahispanica.eu/chant/64306,Propterea amare flebo angustia possedit me ,h00977a,,,,E-L (León) Ms 8,,115r,,,,Carnes Tollendas,,TRNV,N,https://musicahispanica.eu/source/20175,,Propterea amare flebo angustia possedit me emarevit cor meum tenebre stupe fecerunt me,,,,,,SEMM,0
,,https://musicahispanica.eu/chant/62113,Propterea amare flebo angustia possedit me ,h00977a,,,,E-Tc (Toledo) 35.5,1,011v,,,,Fer. 6 Hebd. 1 Quad.,07016000,TRNV,N,https://musicahispanica.eu/source/20186,,Propterea amare flebo angustia possedit me emarcuit cor meum tenebre stupefecerunt me,,,,,,SEMM,0
,,https://musicahispanica.eu/chant/62109,Propter multitudinem iniquitatis meae quia multiplicate ,h00985ap,,,,E-Tc (Toledo) 35.5,2,007r,,,,Fer. 4 Hebd. 1 Quad.,07014000,TRNV,MASS,https://musicahispanica.eu/source/20186,,Propter multitudinem iniquitatis meae quia multiplicate sunt prevaricationes silentium facite,,,,,,SEMM,0
,,https://musicahispanica.eu/chant/62176,Ne propitieris iniquitati eorum et peccata ,h00996b,,,,E-Tc (Toledo) 35.5,2,106r,,,,Fer. 6 Hebd. 5 Quad.,,TRNV,N,https://musicahispanica.eu/source/20186,,Ne propitieris iniquitati eorum et peccata eorum non deleantur,,,,,,SEMM,0
,,https://musicahispanica.eu/chant/65055,Tu enim qui judicas juste et ,h00985ah,,,,E-L (León) Ms 8,,149v,,,,Fer. 5 Hebd. 4 Quad.,07045000,TRNV,N,https://musicahispanica.eu/source/20175,,Tu enim qui judicas juste et probas renes et cor videam quaeso ultionem ex eis tibi enim revelabi causam meam,,,,,,SEMM,0
,,https://musicahispanica.eu/chant/64628,Peccavi quid faciam o custos hominum ,h00985x,,,,E-L (León) Ms 8,,128v,,,,Fer. 4 Hebd. 2 Quad.,07024000,TRNV,N,https://musicahispanica.eu/source/20175,,Peccavi quid faciam o custos hominum quare posuisti me contrarium tibi et factus sum mihi me ipsi gravis,,,,,,SEMM,0
,,https://musicahispanica.eu/chant/64804,Aperuerunt super me ora sua inimici ,h00985al,,,,E-L (León) Ms 8,,137r,,,,Fer. 3 Hebd. 3 Quad.,07033000,ANT,N,https://musicahispanica.eu/source/20175,,Aperuerunt super me ora sua inimici mei sibilaverunt et contremuerunt dixerunt devoremus eum,,,,,,SEMM,0
,,https://musicahispanica.eu/chant/62174,Quia propter in memetipso defecit anima ,h00980b,,,,E-Tc (Toledo) 35.5,2,101v,,,,Fer. 4 Hebd. 5 Quad.,,TRNV,N,https://musicahispanica.eu/source/20186,,Quia propter in memetipso defecit anima mea et possidet me dies afflictionis,,,,,,SEMM,0
,,https://musicahispanica.eu/chant/64679,Audite obsecro omnes et videte dolorem ,h00985a,,,,E-L (León) Ms 8,,130r,,,,Fer. 6 Hebd. 2 Quad.,07026000,TRNV,N,https://musicahispanica.eu/source/20175,,Audite obsecro omnes et videte dolorem meum qui iratus est super me deus propter multitudinem iniquitatis meae,,,,,,SEMM,0
,,https://musicahispanica.eu/chant/62124,Consumpta est caro mea a suppliciis ,h00978a,,,,E-Tc (Toledo) 35.5,1,030r,,,,Fer. 4 Hebd. 2 Quad.,07024000,TRNV,N,https://musicahispanica.eu/source/20186,,Consumpta est caro mea a suppliciis abominabilis est mici panis contabuit cor meum et ossa mea emarcuerunt,,,,,,SEMM,0
,,https://musicahispanica.eu/chant/62108,Effundam lacrimas sicut aquam ante faciem ,h00985aq,,,,E-Tc (Toledo) 35.5,2,006v,,,,Fer. 4 Hebd. 1 Quad.,07014000,TRNV,MASS,https://musicahispanica.eu/source/20186,,Effundam lacrimas sicut aquam ante faciem dei mei extollam ad eum manus meas pro remedio peccatorum meorum,,,,,,SEMM,0
,,https://musicahispanica.eu/chant/65001,Ad dextera calamitatis ilico surrexerunt pedes ,h00985m,,,,E-L (León) Ms 8,,147r,,,,Fer. 3 Hebd. 4 Quad.,07043000,TRNV,N,https://musicahispanica.eu/source/20175,,Ad dextera calamitatis ilico surrexerunt pedes meos subverterunt et oppresserunt quasi fluctibus semitam meam,,,,,,SEMM,0
,,https://musicahispanica.eu/chant/62157,Ipse autem gemens et conversus retrorsum,h00997b,,,,E-Tc (Toledo) 35.5,2,077v,,,,Fer. 4 Hebd. 4 Quad.,07044000,TRNV,N,https://musicahispanica.eu/source/20186,,Ipse autem gemens et conversus retrorsum,,,,,,SEMM,0
,,https://musicahispanica.eu/chant/64858,Nunc ecce oppressit me dolor meus ,h00985p,,,,E-L (León) Ms 8,,140r,,,,Fer. 5 Hebd. 3 Quad.,07035000,TRNV,N,https://musicahispanica.eu/source/20175,,Nunc ecce oppressit me dolor meus et ad nihilum redacti sunt artus mei fratres mei testimonium dixerunt contra me et suscitatur falsilocus adversus animam meam,,,,,,SEMM,0
,,https://musicahispanica.eu/chant/62159,Collegit furorem suum in me et ,h00981b,,,,E-Tc (Toledo) 35.5,2,083v,,,,Fer. 6 Hebd. 4 Quad.,07046000,TRNV,N,https://musicahispanica.eu/source/20186,,Collegit furorem suum in me et conminans mici infremuit contra me,,,,,,SEMM,0
,,https://musicahispanica.eu/chant/64500,Consumpta est caro mea a suppliciis ,h00985i,,,,E-L (León) Ms 8,,123r,,,,Fer. 6 Hebd. 1 Quad.,07016000,TRNV,N,https://musicahispanica.eu/source/20175,,Consumpta est caro mea a suppliciis abominabilis mihi panis contabuit cor meum et ossa mea emarcuerunt,,,,,,SEMM,0
,,https://musicahispanica.eu/chant/64579,Opera manum tuarum porrige dexteram tu ,h00985ad,,,,E-L (León) Ms 8,,126v,,,,Fer. 2 Hebd. 2 Quad.,07022000,TRNV,N,https://musicahispanica.eu/source/20175,,Opera manum tuarum porrige dexteram tu quidem gressus meos dinumerasti et parcis peccatis meis,,,,,,SEMM,0
,,https://musicahispanica.eu/chant/62126,Quanto magis omnis homo qui bibit ,h00984a,,,,E-Tc (Toledo) 35.5,1,034v,,,,Fer. 6 Hebd. 2 Quad.,07026000,TRNV,N,https://musicahispanica.eu/source/20186,,Quanto magis omnis homo qui bibit quasi aquas iniquitatem memento quod sicut lutum feceris me et in pulverem deduces me,,,,,,SEMM,0
