id,corpus_id,chantlink,incipit,cantus_id,mode,finalis,differentia,siglum,position,folio,sequence,marginalia,cao_concordances,feast,feast_code,genre,office,srclink,melody_id,full_text,full_text_manuscript,volpiano,notes,dataset_name,dataset_idx,db,image_link
,,https://musicahispanica.eu/chant/65451,Aures ad dominum R. Habemus ad ,h04440,,,,E-L (León) Ms 8,,172r,,,,Sabbato Sancto,07067000,VAR,N,https://musicahispanica.eu/source/20175,,Aures ad dominum R. Habemus ad dominum nostrum | Deo ac domino nostro Jesu Christo filio dei qui est in caelis dignas laudes et gratias referamus R. Equum et justum et dignum et justum est,,,,,,SEMM,0
,,https://musicahispanica.eu/chant/45366,Refecti Christi corpore et sanguine te ,h04471,,,,E-Tc (Toledo) 35.5,,183v,,,,Sabbato Sancto,07067000,VAR,MASS,https://musicahispanica.eu/source/20186,,Refecti Christi corpore et sanguine te laudamus domine alleluia,,,,,,SEMM,0
,,https://musicahispanica.eu/chant/91106,Alleluia in gloria sit deo laus ,h04796,7,,,"E-SC, Archivo de la Catedral de Santiago de Compostela, Codex Calixtinus (Liber Sancti Iacobi)",,133v,,,,Transl. Jacobi,14123020,VAR,MASS,https://musicahispanica.eu/source/22620,,Alleluia in gloria sit deo laus per omnia gratuletur ecclesia tanto patrono florida laetetur caeli curia polus tellus et maria laetare nostra turmula dic deo laudum carmina eya,,,,,,SEMM,0
,,https://musicahispanica.eu/chant/65476,Pro pereglitantibus et aegrotantibus,h04767,,,,E-L (León) Ms 8,,175r,,,,Sabbato Sancto,07067000,VAR,N,https://musicahispanica.eu/source/20175,,Pro pereglitantibus et aegrotantibus,,,,,,SEMM,0
,,https://musicahispanica.eu/chant/44825,Pro susceptione matutina vicesimus primus in ,h04469,,,,E-Tc (Toledo) 35.5,,152r,,,,Fer. 6 in Parasceve,07066000,VAR,N,https://musicahispanica.eu/source/20186,,Pro susceptione matutina vicesimus primus in finem psalmus ipsi David,,,,,,SEMM,0
,,https://musicahispanica.eu/chant/91102,Salve festa dies veneranda per omnia ,h04792,1,,,"E-SC, Archivo de la Catedral de Santiago de Compostela, Codex Calixtinus (Liber Sancti Iacobi)",,132r,,,,Transl. Jacobi,14123020,VAR,X,https://musicahispanica.eu/source/22620,,Salve festa dies veneranda per omnia fies gaudeamus | Qua caelos subiit Jacobus ut meruit gaudeamus | Hic decus est terrae quam terminat ultima thile gaudeamus |  Hoc satis est regnum Gallaeciis abile gaudeamus | Qui dat mundanus miracula plurima terris gaudeamus | Unde magis populis unicus extat amor gaudeamus | Qui velut alta pharus lumen protendit ad Indos gaudeamus | Quem Hispanus Maurus haber hunc Africa et arctos gaudeamus | Laudibus in cujus militat omne decus gaudeamus | Quique per oceani discurrit marginis undas gaudeamus | Et virtus pergit quo pede nemo valet,,,,,,SEMM,0
,,https://musicahispanica.eu/chant/89407,Sum et miser delictum proprie eram ,h04475,,,,F-Pn (Paris) LAT 8093,,024r,,,,Eugenii,14111500,VAR,,https://musicahispanica.eu/source/89137,,Sum et miser delictum proprie eram ejus mecum | Resplendas lacrimas magnis quem gemiti oram | Des adhec acto effundat per tempore fletus | Nec satias erunt valet mentem quem merentis | Nunc coget ora dolor plenis aperit querellis | Sed prius et lacrimis delectare soluto | Polite infantes erat et crimina vitae | His super ascensus cantis meae crimina mando | Et caelum terram quem precor quid fecit dicite haec | Dicite quid feci nam quem ego delubra pio sum | Politi ad quem sacra in Felix altari a Christi | Tangere non timui maculare corpore spe | Nam quem ego sum captis tri vana caligine rerum | Egram et innumeris meum tempus aculeum honoravi delictis | A emiseram prole vitiorum in gurgite vitam | Jam quodcumque mali novit pro creare voluptas | Omnia quem gratiae tuum de merguntur criminati tuum | Confiteor gessis semis et furore dementi | Hic mea contabuit species in corpore fesso | Pallidior vultu pio te quem similli materno | Non mihi prae dulces sedant meae temporas omnes | Non per lacer alla dies nullo ni terram nostrae honore | Nec panis gratus est nec me lavatum dali quem oris | Ipse dies honore osus adest nox per vigili hoster | Non mihi vitae per lacer no vultis placidi maris | Mors sola oblectat miserere mors solam ex aetem | Ante oculos adstat quidquid gessis seret cordos | Et pater in factis times semper conscia facti | Jam precor emmite ad mixtus de pectoris flammas | Jam tandem converte oculos messum quem profundo | Subleva lucentem miserum tua dextera Christe | Nam facile est tibi iterum enim et celeri quem rectus suus | Si tua salvator mihi sit clementiae mitis,,,,,,SEMM,0
,,https://musicahispanica.eu/chant/93260,Sum et miser delictum proprie eram ,h04475,,,,F-Pn (Paris) LAT 8093,,024r,,,,,,VAR,,https://musicahispanica.eu/source/89137,,Sum et miser delictum proprie eram ejus mecum | Resplendas lacrimas magnis quem gemiti oram | Des adhec acto effundat per tempore fletus | Nec satias erunt valet mentem quem merentis | Nunc coget ora dolor plenis aperit querellis | Sed prius et lacrimis delectare soluto | Polite infantes erat et crimina vitae | His super ascensus cantis meae crimina mando | Et caelum terram quem precor quid fecit dicite haec | Dicite quid feci nam quem ego delubra pio sum | Politi ad quem sacra in Felix altari a Christi | Tangere non timui maculare corpore spe | Nam quem ego sum captis tri vana caligine rerum | Egram et innumeris meum tempus aculeum honoravi delictis | A emiseram prole vitiorum in gurgite vitam | Jam quodcumque mali novit pro creare voluptas | Omnia quem gratiae tuum de merguntur criminati tuum | Confiteor gessis semis et furore dementi | Hic mea contabuit species in corpore fesso | Pallidior vultu pio te quem similli materno | Non mihi prae dulces sedant meae temporas omnes | Non per lacer alla dies nullo ni terram nostrae honore | Nec panis gratus est nec me lavatum dali quem oris | Ipse dies honore osus adest nox per vigili hoster | Non mihi vitae per lacer no vultis placidi maris | Mors sola oblectat miserere mors solam ex aetem | Ante oculos adstat quidquid gessis seret cordos | Et pater in factis times semper conscia facti | Jam precor emmite ad mixtus de pectoris flammas | Jam tandem converte oculos messum quem profundo | Subleva lucentem miserum tua dextera Christe | Nam facile est tibi iterum enim et celeri quem rectus suus | Si tua salvator mihi sit clementiae mitis ,,,,,,SEMM,0
,,https://musicahispanica.eu/chant/89133,Credo in unum deum patrem omnipotentem | ,h04444,,,,GB-Lbl (London) Add MS 30845,,004r,,,,Cyrici,14061600,VAR,MH,https://musicahispanica.eu/source/20196,,Credo in unum deum patrem omnipotentem | Factorem caeli et terrae | Visibilium omnium et invisibilium | Et in unum dominum Jesum Christum filium dei unigenitum et | Ex patre natum ante omnia saecula | Deum de deo lumen de lumine deum verum de deo vero | Genitum non factum consubstantialem patri per quem omnia facta sunt | Qui propter nos homines et propter nostram salutem descendit de caelis | Et incarnatus est de spiritu sancto ex Maria virgine | Et homo factus est | Crucifixus etiam pro nobis sub Pontio Pilato | Passus et sepultus est et resurrexit tertia die secundum scripturas | Ascendit ad caelos sedit ad dexteram patris | Et iterum venturus est cum gloria judicare vivos et mortuos | Cujus regni non erit finis et in spiritum sanctum dominum et vivificantem | Qui ex patre filioque procedit qui cum patre et filio simul adoratur et cum glorificandum | Qui locutus est per prophetas | Et unam sanctam catholicam et apostolicam ecclesiam | Confiteor unum baptisma in remissionem peccatorum | Et exspecto resurrectionem mortuorum | Et vitam venturi saeculi amen,,,,,,SEMM,0
,,https://musicahispanica.eu/chant/76681,Intende redemptor catervae ovium tuae | Odas ,h02750,?,,,E-Gs (Girona) ms. 45,,095v,,,,Comm. plurimorum Martyrum,12003000,VAR,M,https://musicahispanica.eu/source/22303,,Intende redemptor catervae ovium tuae | Odas in ac aula canentem tibi sedile | Ac in die caelitus dicata militiae | Athletarum meritis tuorum piissime | Martyres qui pro te agone in substantiae | Capita plecteda dedere tuo amore | Quo illi mereamur jungere impoli arce | Corum flagitemur jam prece Christe rex bone in tempore retributionis,,,,,,SEMM,0
,,https://musicahispanica.eu/chant/23599,Surge et lauda in nocte et ,h01902,,,,E-SAu (Salamanca) Ms. 2668,,145r,,,,Dom. Quadragesimae,07001000,VRS,X,https://musicahispanica.eu/source/20205,,Surge et lauda in nocte et in principio vigiliarum tuarum effunde sicut aqua cor tuum in conspectu domini Leva ad deum manus tuus pro remedio peccatorum tuorum,,,,,,SEMM,0
,,https://musicahispanica.eu/chant/65455,Dignum et justum est vere dignum ,h04448,,,,E-L (León) Ms 8,,172r,,,,Sabbato Sancto,07067000,VAR,N,https://musicahispanica.eu/source/20175,,Dignum et justum est vere dignum et sanctum est nos tibi semper gratias agere laudesque referre domine sancte pater omnipotens et Christe deus qui mihi tribuas ut in tuis laudibus semper resonent fauces meae qui erigis a terra inopem et ab stercore exaltas pauperem da directum et benesonantem in ore meo ministrari sermonem omnipotentem deum substantiae vitalis exordium creaturae universalis auctorem dominum salutarem opificem vocalis ecclesiae personat canora laudatio ut ipsi rependat lingua ministerium de cujus imperio sumpsit officium dignum est ut sponsi coruscanis adventum accensis praestoletur fidelis turba luminibus ne nuptialis habitaculi respuat habere consortes quos sub veterum umbraculo peccatorum praevenerit dormientes quid dignius quidve sublimius quam ut tibi vigilet in spe aeternitatis resuscitata mortalitas cui totum ex origine totum debet ex munere vel quod formatur ex nihilo vel quod reparatur ex perdito tu vas quod pronum culpa dederat in ruinam figuli miserantis affectu de fabilis cineribus quae collectum spiritu vivificantes salvasti ut faceres ex adoptione liberos quos retineri videras ex praevaricatione captivos tu novellae vitis suavitas amara pomorum nunc de cibo sumitur vita non labitur solvit gratia quos vixit illecebra de arbore creata nox criminis sed de ligno genita lux salutis vetuisti opera manum tuarum clemens operator interfici perpetuae mortis excidio paradisi januam quam piaculum letale damnaverat dextera misterii caelestis aperuit id perfecte judicans esse pietatis ut quibus ad vitam fueras largitus introitum tribueres et regressum mortificantur ex lapsu qui vivificantur ex praetio redempti clementius quam creati namque ibi deus operatur ut faceret hic passus est ut prodesset induit carnem sed non exuit magestatem nostram substantiam expetens sed propria non relinqueans cum corpore editus sed intemerato pudore conceptus temporalis ex virgine sed quoaeternus in patre humilians divina ut possit elevare terrestria cui tanti fuit salvatio ut ne nos perderemur caelum illae pateretur infernum suscepit mors quem teneri non potuit amplivicata successu sed evacuata spolio exultavit in raptu sed occidit in trophaeo in se refusa defecit extremitas postquam vitae appetere temptavit auctorem et dum ambit illicita perdidit adquisita adest nox lumine donata perpetuo dominicis sanctificata victoriis quae recidivum triumphos Christi resurgentis excepit quae transgressionis maculas fluentis labacri salutarisv abstersit quae veternosa criminis indumenta tactu liquidi resolvit elementa in qua mercem sanguinis representat unda baptismatis et dum vetus culpa decidit novus homo consurgit,,,,,,SEMM,0
,,https://musicahispanica.eu/chant/45069,Dignum et justum est vere dignum ,h04448,,,,E-Tc (Toledo) 35.5,,160v,,,,Sabbato Sancto,07067000,VAR,V,https://musicahispanica.eu/source/20186,,Dignum et justum est vere dignum et sanctum est nos tibi semper gratias agere laudesque referre domine sanctae pater omnipotens et Christe deus Quid mihi tribuas ut in tuis laudibus semper resonent fauces meae qui erigis a terra inopem et ab stercore exaltas pauperem Da directum et bene sonantem in ore meo ministrare sermonem Omnipotentem deum substantie vitalis exordium Creature universalis auctorem dominum salutarem opificem vocalis eglesiae personet canora laudatio ut ipsi rependat lingua misterium de cujus imperio sumsit officium Dignum est ut sponsi coruscantis adventum accensis prestoletur fidelis turba luminibus ne nubtialis habitaculi respueret habere consortes quos sub veterum umbraculo peccatorum prevenerit dormientes Quid dignius quid quae sublimius quam ut tibi vigilet in spe aeternitatis resuscitata mortalitas cui totum ex origine totum debet ex munere vel quod formatur ex nihilo vel quod reparatur ex perdito Tu vas quod thronum culpa dederat in ruinam figuli miserantis effectu de favillis cineribus quae collectum spiritum vivificantes salvasti ut faceres ex adoptione liberos quos retinere videras ex praevaricatione captivos Tu novellae vitis germina fecunda plantasti ut antiquorum tabesceret suavitas amara pomorum Nunc de ciborum mittas vita non lavitur Solvit gratia quos vinxit illecebra De arbore creata nox criminis sed de ligno genita lux salutis Vetuisti opera manum tuarum clemens operator interfici perpetue mortis excidio Paradisi januam quam piaculum laetate dum nuberat dextera misterii caelestis aperuit Id perfecte judicans esse pietatis ut quibus ad vitam fueras largitus introitum tribueres et regressum Mortificantur ex lapsu vivificantur ex pretio Redemti clementius quam creasti namque ibi deus operatus ut faceret hic passus est ut prode esset Induit carnem set non exuit majestatem Nostram substantiam expetens sed propriam non relinquens Cum corpore editus set intemerato pudore conceptus temporalis ex virgine set coeternus in patrem Humilians divina ut possit elevare terrestria Cui tanti fuit salvatio ut ne nos perderemus caelum ille pateretur inferna Suscepit mors quem tenere non potuit Amplificata succesu set de vacuam spolit Exsultavit in raptu et occidit in tropheo In se refusa defecit extremitas postquam vite ad petere temptabit auctorem et dum ambit illicita perdidit ad quem sit Adest nox lumine donata perpetuo dominicis sanctificata victoris quae recidium mundi sortita natalem de bella tu funeris regione triumphos Christi resurgentis excepit Quae transgresionis maculas fluentis lavacri salutaris abs tergit Quae veternosa criminis indumenta tactu liquidi resolvit elementi In qua mercem sanguinis praesentat unda baptismatis et dum vetus culpa decidit novus homo consurgit,,,,,,SEMM,0
,,https://musicahispanica.eu/chant/91334,Alleluia alleluia alleluia alleluia alleluia alleluia ,h04432,,,,E-Tc (Toledo) 35.7,,054v,,,,Assumptio Mariae (Hispanic rite),,VAR,MASS,https://musicahispanica.eu/source/20188,,Alleluia alleluia alleluia alleluia alleluia alleluia alleluia laudem dei alleluia,,,,,,SEMM,0
,,https://musicahispanica.eu/chant/22686,Pro sacerdotibus et ministris precemur dominum,h01897,,,,E-SI (Santo Domingo de Silos) MS 4,,163v,,,,Dom. Resurrectionis,08011000,VAR,X,https://musicahispanica.eu/source/21404,,Pro sacerdotibus et ministris precemur dominum,,,,,,SEMM,0
,,https://musicahispanica.eu/chant/65427,Indulgentiam,h04465,,,,E-L (León) Ms 8,,170r,,,,Fer. 6 in Parasceve,07066000,VAR,N,https://musicahispanica.eu/source/20175,,Indulgentiam,,,,,,SEMM,0
,,https://musicahispanica.eu/chant/91338,Hymnis indesinenter magnificamus Maria virgo fulget ,h04436,,,,E-Tc (Toledo) 35.7,,054v,,,,Assumptio Mariae (Hispanic rite),,VAR,MASS,https://musicahispanica.eu/source/20188,,Hymnis indesinenter magnificamus Maria virgo fulget in regno celorum Maria virgo splendor sanctorum ipsa genuit salvatorem redemptorem animarum alleluia alleluia  ,,,,,,SEMM,0
,,https://musicahispanica.eu/chant/76857,Caelestes fore quae clausae fuere tu ,h02769,?,,,E-Gs (Girona) ms. 45,,107v,,,,Petri,14062910,VAR,M,https://musicahispanica.eu/source/22303,,Caelestes fore quae clausae fuere tu pandere | Qui retinens cacumen firmiter in pace ecclesiae | Nostrae linguae cerne carmen custos ovili petre catervae jam tuae miserere precamur pastor lame | Posce Christi bonitate ut audiant afante ac voce sedule ut digneris parare via vitae | Querelae nostrae pro labe suscipe preces in te | Qua vocitantis resone tecumque conjungere | Te Petre ductore placere | Quocumue valeamus in axe | Christe juba et nos vivere | Et pergere ad eternae claritatis,,,,,,SEMM,0
,,https://musicahispanica.eu/chant/65472,Pro virginibus et continentibus,h01893,,,,E-L (León) Ms 8,,175r,,,,Sabbato Sancto,07067000,VAR,N,https://musicahispanica.eu/source/20175,,Pro virginibus et continentibus,,,,,,SEMM,0
,,https://musicahispanica.eu/chant/22463,Pro virginibus et continentibus ,h01893,,,,E-SI (Santo Domingo de Silos) MS 4,,165r,,,,Dom. Resurrectionis,08011000,VAR,X,https://musicahispanica.eu/source/21404,,Pro virginibus et continentibus ,,,,,,SEMM,0
,,https://musicahispanica.eu/chant/45357,Domine audivi auditum tuum et timui ,h04451,,,,E-Tc (Toledo) 35.5,,172v,,,,Sabbato Sancto,07067000,VAR,V,https://musicahispanica.eu/source/20186,,Domine audivi auditum tuum et timui consideravi opera tua et expavi,,,,,,SEMM,0
,,https://musicahispanica.eu/chant/27224,In matutinis meditabor in te domine ,h01903,,,,E-SAu (Salamanca) Ms. 2668,,158v,,,,,,VRS,X,https://musicahispanica.eu/source/20205,,In matutinis meditabor in te domine quia factus es adiutor meus | In matutinis | Gloria et honor | In matutinis,,,,,,SEMM,0
,,https://musicahispanica.eu/chant/69122,In matutinis meditabor in te domine ,h01903,,,,GB-Lbl (London) Add MS 30851,,178v,,,,Sabb. Quadragesimae,07007000,VRS,Noc,https://musicahispanica.eu/source/20203,,In matutinis meditabor in te domine quia factus es adjutor meus | In matutinis | Gloria | In matutinis,,,,,,SEMM,0
,,https://musicahispanica.eu/chant/76322,Flebant pictavi praesulemque | Par apostolis ac ,h02716,?,,,E-Gs (Girona) ms. 45,,070r,,,,Martini,14111100,VAR,M,https://musicahispanica.eu/source/22303,,Flebant pictavi praesulemque | Par apostolis ac prophetis | Martinum antistitem | Quem semi noctuque sopor invasit illos | Turonici sursum corpus miserunt foras | Albeum liger sunt ingressi | Gaudio magno sunt repleti | GLoriam Christo canamus omnes,,,,,,SEMM,0
,,https://musicahispanica.eu/chant/91335,Sacramenta domini cum timore sumite et ,h04433,,,,E-Tc (Toledo) 35.7,,054v,,,,Assumptio Mariae (Hispanic rite),,VAR,MASS,https://musicahispanica.eu/source/20188,,Sacramenta domini cum timore sumite et satiamini de Christi dulcedine alleluia alleluia,,,,,,SEMM,0
,,https://musicahispanica.eu/chant/22685,Pro his qui huic sancte sollemnitatis ,h01896,,,,E-SI (Santo Domingo de Silos) MS 4,,164v,,,,Dom. Resurrectionis,08011000,VAR,X,https://musicahispanica.eu/source/21404,,Pro his qui huic sancte sollemnitatis interesse non possunt ,,,,,,SEMM,0
,,https://musicahispanica.eu/chant/100556,Emitte angelum tuum domine ut dignetur ,h04455,,,,GB-Lbl (London) Add MS 30845,,084r,,,,Assumptio Mariae (Hispanic rite),,VAR,MASS,https://musicahispanica.eu/source/20196,,Emitte angelum tuum domine ut dignetur sanctificare corpus et sanguinem | Nos frangimus domine tu dignaris benedicere | Cum immaculatis manibus nos peccatores | O quam beatus venter ille qui Christum meruit portare | O quam beati pedes illi qui Christum meruerunt sustinete | O quam beata speciosa gemma et margarita qui Christum meruerunt ob lactare | Ubi lux mundi ubli lux caeli et archangeli | Offerebant munera sempiterna ad excelsum regem alleluia,,,,,,SEMM,0
,,https://musicahispanica.eu/chant/31683,Alma sollemnitas domini gloriosi que martyribus ,h04437,,,,GB-Lbl (London) Add MS 30850,,002r,,,,De Sanctis,12015000,VAR,MASS,https://musicahispanica.eu/source/20199,,Alma sollemnitas domini gloriosi que martyribus alleluia | Impleta sunt omnia quae prophetice scriptam sunt ite viam remeantes aliam ne delatores tanti | Resplendent jam coronati ante dominum puniendistis | Fulgent ut aurum gloriosae tenentes dextera domini | Pro osrexerunt principum vana gloriae promittentes | Tradiderunt se ad mortem propter domini caritatem ejus | Jam pervenerunt ad fontem luminis ejus ut videant gaudium angelis ejus | Thronum gloriae digni sunt conscendi | Judicantes duodetim tribus Israel alleluia,,,,,,SEMM,0
,,https://musicahispanica.eu/chant/71301,Effeta effeta cum spiritu sancto in ,h01892,,,,E-SI (Santo Domingo de Silos) MS 3,,007r,,,,Pro baptismo,16032000,VAR,X,https://musicahispanica.eu/source/20177,,Effeta effeta cum spiritu sancto in odorem suavitatis effeta R. Bene omnia fecit et surdos fecit audire et mutos loqui,,,,,,SEMM,0
,,https://musicahispanica.eu/chant/21543,Effeta effeta cum spiritu sancto in ,h01892,,,,E-SI (Santo Domingo de Silos) MS 4,,026r,,,,Pro baptismo,16032000,ANT,X,https://musicahispanica.eu/source/21404,,Effeta effeta cum spiritu sancto in odorem suavitatis effeta bene omnia fecit et surdos fecit audire et mutos loqui,,,,,,SEMM,0
,,https://musicahispanica.eu/chant/76140,Posuerunt omnes qui audiebant in corde ,h02676,?,,,E-Gs (Girona) ms. 45,,055r,,,,Joannis Baptistae,14062400,VAR,V,https://musicahispanica.eu/source/22303,,Posuerunt omnes qui audiebant in corde suo dicentes simulque | Quis putas puer iste erat et enim amnus domini cum illo et Zacharias pater ejus repletus est spiritu sancto | Et prophetavit eum dicens benedictus deus Israel | Angelum me canentem praecursoris alvo sanctifivavit | Non fuit nullus inter me major mulierum nato | Surrexit in eremo,,,,,,SEMM,0
,,https://musicahispanica.eu/chant/72334,Sancta sanctis et conjunctio corporis et ,h04377,,,,E-Mh (Madrid) Cod. 30,,099r,,,,Assumptio Mariae (Hispanic rite),,VAR,MASS,https://musicahispanica.eu/source/20176,,Sancta sanctis et conjunctio corporis et sanguinis domini nostri Jesu Christi credentibus et viventibus sit in vitam aeternam,,,,,,SEMM,0
,,https://musicahispanica.eu/chant/74805,Sancta sanctis et conjunctio corporis et ,h04377,*,,,GB-Lbl (London) Add MS 30844,,049v,,,,Exspectationis BMV,14121810,VAR,MASS,https://musicahispanica.eu/source/20201,,Sancta sanctis et conjunctio corporis et sanguinis domini nostri Jesu Christi credentibus et viventibus sit in vitam aeternam,,,,,,SEMM,0
,,https://musicahispanica.eu/chant/66266,Benedictus dominus deus Israel quia visitavit ,h04441,,,,E-L (León) Ms 8,,214v,,,,Joannis Baptistae,14062400,VAR,MASS,https://musicahispanica.eu/source/20175,,Benedictus dominus deus Israel quia visitavit et fecit redemptionem plebis suae et erexit cornu salutis nobis in domo David pueri sui sicut locutus est per os sanctorum prophetarum suorum que ab evo sunt salutem de inimicis nostris et de manu omnium qui oderunt nos ad faciendam misericordiam cum patribus nostris et memorari testamenti sancti sui jusjurandum quod juravit ad Abraham patrem nostrum daturum se nobis ut sine timore de manu inimicorum nostrorum liberati serviamus in sanctitate et justitia coram ipso omnibus diebus nostris per viscera misericordiae dei nostri in quibus visitavit nos oriens ex alto illuminare eis qui in tenebris et in umbra mortis sedent ad dirigendos pedes nostros in viam pacis ,,,,,,SEMM,0
,,https://musicahispanica.eu/chant/89134,Quem cuncta laudant ut bona valde ,h04470,,,,GB-Lbl (London) Add MS 30845,,004v,,,,Cyrici,14061600,VAR,MH,https://musicahispanica.eu/source/20196,,Quem cuncta laudant ut bona valde atque benedicunt nostra voce | Benedicimus te qui naturae dans nostrae nos saetae fac et orare te supplici pneumate adoramus te | Quo vivere mereamur ex fide factis atque gloriemur in te glorificamus te | O rex tante memores gratiae qua vivit reus homo dei morte servus quoque nos ut hanc per in te gratias agimus tibi,,,,,,SEMM,0
,,https://musicahispanica.eu/chant/68038,Gloria in excelsis deo et in ,h04459,,,,E-L (León) Ms 8,,297r,,,,Dom. Quotidiano,,VAR,MASS,https://musicahispanica.eu/source/20175,,Gloria in excelsis deo et in terra pax hominibus bonae voluntatis laudamus te benedicimus te adoramus te glorificamus te gratias agimus tibi propter magnam gloriam tuam domine deus rex caelestis deus pater omnipotens domine fili unigenite Jesu Christe domine deus agnus dei filius patris qui tollis peccatum mundi miserere nobis qui tollis peccata mundi suscipe deprecationem nostram qui sedes ad dexteram patris miserere nobis quoniam tu solus sanctus tu solus dominus tu solus altissimus Jesu Christe cum sancto spiritu in gloria dei patris amen,,,,,,SEMM,0
,,https://musicahispanica.eu/chant/68039,Gloria in excelsis deo et in ,h04459,,,,E-L (León) Ms 8,,297v,,,,Dom. Quotidiano,,VAR,MASS,https://musicahispanica.eu/source/20175,,Gloria in excelsis deo et in terra pax hominibus bonae voluntatis laudamus te benedicimus te adoramus te glorificamus te gratias agimus tibi propter magnam gloriam tuam domine deus rex caelestis deus pater omnipotens domine fili unigenite Jesu Christe domine deus agnus dei filius patris qui tollis peccatum mundi miserere nobis qui tollis peccatum mundi suscipe deprecationem nostram qui sedes ad dexteram patris miserere nobis quoniam tu solus sanctus tu solus dominus tu solus altissimus Jesu Christe cum sancto spiritu in gloria dei patris amen,,,,,,SEMM,0
,,https://musicahispanica.eu/chant/68040,Gloria in excelsis deo et in ,h04459,,,,E-L (León) Ms 8,,297v,,,,Dom. Quotidiano,,VAR,MASS,https://musicahispanica.eu/source/20175,,Gloria in excelsis deo et in terra pax hominibus bonae voluntatis laudamus te benedicimus te adoramus te glorificamus te hymnum dicimus tibi gratias tibi agimus propter gloriam tuam magnam domine rex caelestis deus pater omnipotens domine fili unigenite Jesu Christe altissime cum sancto spiritu domine deus agnus dei filius patris qui suscepisti peccata mundi suscipe deprecationem nostram qui sedes ad dexteram patris miserere nobis quoniam tu solus sanctus tu solus dominus tu solus altissimus Jesu Christe in gloria dei patris cum sancto spiritu in saecula saeculorum amen,,,,,,SEMM,0
,,https://musicahispanica.eu/chant/45381,Gloria in excelsis deo et in ,h04459,,,,E-Tc (Toledo) 35.5,,186r,,,,Dom. Resurrectionis,08011000,VAR,MASS,https://musicahispanica.eu/source/20186,,Gloria in excelsis deo et in terra pax hominibus bonae voluntatis laudamus te benedicimus te adoramus te glorificamus te gratias agimus tibi propter magnam gloriam tuam domine deus rex caelestis deus pater omnipotens domine fili unigenite Jesu Christe domine deus agnus dei filius patris qui tollis peccatum mundi miserere nobis qui tollis peccata mundi suscipe deprecationem nostram qui sedes ad dexteram patris miserere nobis quoniam tu solus sanctus tu solus dominus tu solus altissimus Jesu Christe cum sancto spiritu in gloria dei patris amen,,,,,,SEMM,0
,,https://musicahispanica.eu/chant/45351,Pro his qui variis necessitatibus detenti ,h04825,,,,E-Tc (Toledo) 35.5,,166r,,,,Sabbato Sancto,07067000,VAR,V,https://musicahispanica.eu/source/20186,,Pro his qui variis necessitatibus detenti pasce interesse non possunt flectamus genu,,,,,,SEMM,0
,,https://musicahispanica.eu/chant/89139,Vae mihi vae misero qui semper ,h04481,,,,F-Pn (Paris) LAT 8093,,018r,,,,Eugenii,14111500,VAR,,https://musicahispanica.eu/source/89137,,Vae mihi vae misero qui semper fessas anhelo | Et fractus animo languidam en bracchio | Morbus adest lagis desunt fomenta salutis | Hinc dolor ossa terit corpabor inde quam asit | Omnia quae prosant validis sancti noxia nobis | Dum stomatas tenuis viscera gerunt erit | Frigida mele dunt ne semper fervida a prosunt | Damma lex corporabet nec mea vita placet | Dux per quaeso veniam da Christem de ellum | Nam tedet animam toth mala ferre simul,,,,,,SEMM,0
,,https://musicahispanica.eu/chant/65475,Pro peregrinantibus et navigantibus,h04766,,,,E-L (León) Ms 8,,175r,,,,Sabbato Sancto,07067000,VAR,N,https://musicahispanica.eu/source/20175,,Pro peregrinantibus et navigantibus,,,,,,SEMM,0
,,https://musicahispanica.eu/chant/45356,Pro peregrinantibus et navigantibus,h04766,,,,E-Tc (Toledo) 35.5,,171v,,,,Sabbato Sancto,07067000,VAR,V,https://musicahispanica.eu/source/20186,,Pro peregrinantibus et navigantibus,,,,,,SEMM,0
,,https://musicahispanica.eu/chant/91103,Ecce adest nunc Jacobus qui extollendus ,h04793,7,,,"E-SC, Archivo de la Catedral de Santiago de Compostela, Codex Calixtinus (Liber Sancti Iacobi)",,133r,,,,Transl. Jacobi,14123020,VAR,MASS,https://musicahispanica.eu/source/22620,,Ecce adest nunc Jacobus qui extollendus laudibus cujus nos festa colimus quemque devotis mentibus officiis attollimus quem colit omnis populus,,,,,,SEMM,0
,,https://musicahispanica.eu/chant/76800,Per quem cives angelorum et sanctorum ,h02760,?,,,E-Gs (Girona) ms. 45,,103v,,,,In Dedicatione Ecclesiae,12008000,VAR,M,https://musicahispanica.eu/source/22303,,Per quem cives angelorum et sanctorum et | Ad aethera conscendunt et regrediunt | Hinc ad supera pergunt caelestia | Hic inveniunt aegri medicamen et portas caeli ,,,,,,SEMM,0
,,https://musicahispanica.eu/chant/76865,Jam venit lux vera equalis sit ,h02789,?,,,E-Gs (Girona) ms. 45,,108r,,,,Nativitas Domini,02122500,VAR,M,https://musicahispanica.eu/source/22303,,Jam venit lux vera equalis sit ipsa domine nuntio vobis ille qui illuminat omnem hominem venientem in hunc mundum deo gratias semper in Bethleem natus in Jerusalem visus est et in omnem terram honorificatus est rex israel deo gratias | Amplificare carmina laudis dulcis amator melodi et diçe puer natus est nobis et filius dei,,,,,,SEMM,0
,,https://musicahispanica.eu/chant/76580,Meum accipe spiritu jam bone didascle ,h02749,?,,,E-Gs (Girona) ms. 45,,087v,,,,Andreae,14113000,VAR,M,https://musicahispanica.eu/source/22303,,Meum accipe spiritu jam bone didascle Christe | Totis quem semper dilexi viribus o carissime | Cujus adimit non funus amorem hujus crucis crudele | PRaesentis neque istius labilis vitae atque incerte | Amor ullus seu voluptas sed neque illectum se cerpet meate quolibet umquam molimine | Quo circa ut adquisitum sanguine populum jam tuo domine posco serves sine fine atque in pace | Jam rex caelice | Spiritum summas meum,,,,,,SEMM,0
,,https://musicahispanica.eu/chant/78481,Ecce nunc christicolae diem sacrum psallite | ,h02668,,,,E-Bbc (Barcelona) M 1408-4b,,002r,,,,Inventio Crucis,14050300,VAR,M,https://musicahispanica.eu/source/78475,,Ecce nunc christicolae diem sacrum psallite | Atque in Christi cruce exsultantes gaudete | Qua libe mundus eraptus vere domini morte | Qua in carne insonis est passus quoque fixus in cruce | Ut in sede supera cum patre | Nos condigne facias regnare | Ideoque canamus alleluia ,,,,,,SEMM,0
,,https://musicahispanica.eu/chant/76112,Ecce nunc christicolae diem sacrum psallite | ,h02668,?,,,E-Gs (Girona) ms. 45,,053r,,,,Inventio Crucis,14050300,VAR,M,https://musicahispanica.eu/source/22303,,Ecce nunc christicolae diem sacrum psallite | Atque in Christi cruce exsultante gaudete | Qua alabe mundus eraptus vere domini morte | Qua in carne insons est passus quoque fixus in cruce | Ut in sede supera cum patre | Nos condigne facias regnare | Ideoque canamus alleluia ,,,,,,SEMM,0
,,https://musicahispanica.eu/chant/89408,Dura quies igniter amara cunctis tempus ,h04453,,,,F-Pn (Paris) LAT 8093,,024v,,,,Eugenii,14111500,VAR,,https://musicahispanica.eu/source/89137,,Dura quies igniter amara cunctis tempus ex tubam resonaret ocios suffido tristi modulante terra omnia passus | Nunc polus foedus inimico calore Tiber flagrat fluvios quem sicut | Intona te tristi luculus quem libra flumina | Ingruit imber inimicus abis florem eam suevit spoliare vitem spem quoque fragrans populus dominus vasis grando lapillis | Bupho nam surgit et amica ejus cui pera dedit gelidus quem serpens scorpias ictum lacunam parat quem exsilio partem | Mas canamus crebuit pice aquae plantam et culex mox da Christo li deus quem cimex stet in nocte vigila repara lex corpora pangimus | Tollet hoc mors tradens in precanti pelle langorem tribuam qui eccem aquae eam gratias placido sopore,,,,,,SEMM,0
,,https://musicahispanica.eu/chant/93255,Dura quies igniter amara cunctis tempus ,h04453,,,,F-Pn (Paris) LAT 8093,,024v,,,,,,VAR,,https://musicahispanica.eu/source/89137,,Dura quies igniter amara cunctis tempus ex tubam resonaret ogor suffido tristi modulante terra omnia passus | Nunc polus foedus inimico calore ex Tiber flagrat fluvios quem siccat | Intona te tristi luculans quem librat fulmina | Ingruit imber inimicus abis flore nam suevit spoliare vites spem quoque fragrans populum dominus vasis grando lapillis | Bupho nam turgit et amica ejus cui pera dedit gelidus quem serpens scorpias ictum jagulat parat quem stilio pertem | Mas canamus crebuit pice aquae plantaque blatta et culex mors dax Christo li deus quem cimex stet in nocte vigila repara lex corpora pangimus | Tollet hoc mors tradeas in praecanti pelle langorem tribuam qui eccem aquae eam gratias placido sopore ,,,,,,SEMM,0
,,https://musicahispanica.eu/chant/92977,Imperat[...] | Hic pater et verbum vel ,h04462,,,,E-Tc (Toledo) 33.3,,051r,,,,,,VAR,DU&D,https://musicahispanica.eu/source/20197,,Imperat[...] | Hic pater et verbum vel sanctus spiritus adsit unus ubique deus celsus et omnipotens| Lubricus in canibus fugiat in tartara praeceps pectora ne nocetur rite dicando deo crucis me | Stat cellae dominus sanctus sit mente pie benignus ut placeat Christo fugiat erit | Ex principio vos cinus daemonum [...],,,,,,SEMM,0
,,https://musicahispanica.eu/chant/93253,Imperat omnipotens procul o procul effuge ,h04462,,,,F-Pn (Paris) LAT 2855,,159v,,,,,,VAR,,https://musicahispanica.eu/source/93251,,Imperat omnipotens procul o procul effuge daemon ne fraude nostrum possis ad irae torum | Ne somnum turbes ne mortis vincla ministret ne fallax animam sordides ipse meam | Crucis almae fero signum fuge daemon | Hic pater et verbum vel sanctus spiritus adsit unus ubique deus celsus et omnipotens | Lubricus hinc sanguis fugiat in tartara praeceps pectora ne noceat rite dicatum deo | Sit cellae dominus sanctus sit mente pie benignus ut placeat Christo fulgeat merito | Exorcidio vos omnes daemonum in phantasma vos omnes angeli domini qui fac ite ab hinc crucis quam telluri | Aqua porrigantur datae deo omnipraesenti honorem | Per hoc signum sanctum crucis tropheum magnum et venerabilem per quem vos jussit et pelli crucis almae | Per diem salvasti nos domine in nocte custodi nos Jesu Christe,,,,,,SEMM,0
,,https://musicahispanica.eu/chant/45628,Kyrie eleison*,h01901,,,,E-Mh (Madrid) Cód. 45,,042v,,,,Dom. Resurrectionis,08011000,,M,https://musicahispanica.eu/source/20168,,Kyrie eleison*,,,,,,SEMM,0
,,https://musicahispanica.eu/chant/23596,Kyrie eleison kyrie eleison kyrie eleison,h01901,,,,E-SAu (Salamanca) Ms. 2668,,144v,,,,,,Ky,X,https://musicahispanica.eu/source/20205,,Kyrie eleison kyrie eleison kyrie eleison,,,,,,SEMM,0
,,https://musicahispanica.eu/chant/27230,Kyrie eleison kyrie eleison kyrie eleison,h01901,,,,E-SAu (Salamanca) Ms. 2668,,159v,,,,,,H,X,https://musicahispanica.eu/source/20205,,Kyrie eleison kyrie eleison kyrie eleison,,,,,,SEMM,0
,,https://musicahispanica.eu/chant/92813,Kyrie eleison kyrie eleison kyrie eleison,h01901,*,,,E-Tc (Toledo) 33.3,,004r,,,,Ascensio Domini,08065000,VAR,,https://musicahispanica.eu/source/20197,,Kyrie eleison kyrie eleison kyrie eleison,,,,,,SEMM,0
,,http://musmed.eu/chant/121459,Kyrie eleison,h01901,,,,F-RS Ms 0264,,009v,,,,Sabbato Sancto,07067000,Va,,http://musmed.eu/source/14067,,Kyrie eleison,,,,,,MMMO,https://bvmm.irht.cnrs.fr/consult/consult.php?mode=ecran&panier=false&reproductionId=2212&VUE_ID=588443&carouselThere=true&nbVignettes=4x3&page=2&angle=0&zoom=petit&tailleReelle=
,,https://musicahispanica.eu/chant/91331,Hic panis est vitae qui de ,h04429,,,,E-Tc (Toledo) 35.7,,054v,,,,Assumptio Mariae (Hispanic rite),,VAR,MASS,https://musicahispanica.eu/source/20188,,Hic panis est vitae qui de caelo ad nos venit qui comedet ex eo non esuriet in aeternum,,,,,,SEMM,0
,,http://musmed.eu/chant/176451,Magna virum resonent Domini praeconia Christi | ,ah19367,,,,F-Pn Lat. 909,,202r,,,,"Martialis, Apost.",14070800,,MASS,http://musmed.eu/source/13026,,Magna virum resonent Domini praeconia Christi | Martialem liricae reboent concorditer odae | ...,,,,,,MMMO,https://gallica.bnf.fr/ark:/12148/btv1b84323046/f411.item
,,https://musicahispanica.eu/chant/76302,Filio numero in signito filio | Assistens ,h02714,?,,,E-Gs (Girona) ms. 45,,068v,,,,Omnium Sanctorum,14110100,VAR,M,https://musicahispanica.eu/source/22303,,Filio numero in signito filio | Assistens throno aethereo | Excente nobis bino ac milleno | Duo denoque milleno idque sacro | Electorum Israel ,,,,,,SEMM,0
,,https://musicahispanica.eu/chant/65473,Pro his qui eleemosynas faciunt,h01894,,,,E-L (León) Ms 8,,175r,,,,Sabbato Sancto,07067000,VAR,N,https://musicahispanica.eu/source/20175,,Pro his qui eleemosynas faciunt,,,,,,SEMM,0
,,https://musicahispanica.eu/chant/22462,Pro his qui eleemosynas faciunt precemur ,h01894,,,,E-SI (Santo Domingo de Silos) MS 4,,165v,,,,Dom. Resurrectionis,08011000,VAR,X,https://musicahispanica.eu/source/21404,,Pro his qui eleemosynas faciunt precemur dominum,,,,,,SEMM,0
,,https://musicahispanica.eu/chant/103509,Pro his qui elemosinas faciunt precemur ,h01894,,,,E-Tc (Toledo) 35.5,,170v,,,,Sabbato Sancto,07067000,VAR,V,https://musicahispanica.eu/source/20186,,Pro his qui elemosinas faciunt precemur dominum,,,,,,SEMM,0
,,https://musicahispanica.eu/chant/76859,Pastorem pastorum rex regum Christe | Te ,h02787,?,,,E-Gs (Girona) ms. 45,,108r,,,,Andreae,14113000,VAR,M,https://musicahispanica.eu/source/22303,,Pastorem pastorum rex regum Christe | Te tuum novimus et rejem nosse | Unde precamur per pascha vitae | Perduc nos unus unum ad ovule | Ut nos sufulti culmine | Te solum possimus cernere | Nostris sine fin,,,,,,SEMM,0
,,https://musicahispanica.eu/chant/91333,Sacramenta domini cum timore assumite et ,h04431,,,,E-Tc (Toledo) 35.7,,054v,,,,Assumptio Mariae (Hispanic rite),,VAR,MASS,https://musicahispanica.eu/source/20188,,Sacramenta domini cum timore assumite et omnes satiamini de sua sancta dulcedine et omnes,,,,,,SEMM,0
,,https://musicahispanica.eu/chant/89409,O mors omnivorax ad te nunc ,h04781,*,,,F-Pn (Paris) LAT 8093,,018v,,,,Eugenii,14111500,VAR,,https://musicahispanica.eu/source/89137,,O mors omnivorax ad te nunc verto querellam cur miserum sequeris cur properata venis | Tu facis ut rapido volvantur tempora cursu accelerentque suos facta cruenta gradus | Cum tu deproperas tunc vitae gaudia caessant umbra pavenda venit lux radiata fugit | Omnia vitali privantur viscera motu clauduntur oculi garrula lingua tacet | Surdescunt patulae transis anfractibus aures naribus occlusis non odor ullus adest | Non spirat pulmo flabris vitalibus auras frigida membra rigent nec cruor ipse calet | Tabe fluunt carnes corrodunt omnia vermes sic species hominis fit putrefacta cinis | Multa pavenda quidem caecini seu multa tremenda sed mage quid verear nunc lacrimando loquar | Judicis altithroni jam tristis cerno tribunal cujus ad intuitum cuncta creata tremunt | Substernit niveas caelorum turba coronas et titubante genu proruit ante thronum | Cernere sic ambit dominum si semper amare ut pulset animum mistus amore timor | Quid faciet ergo vermis putredo favilla si Christi faciem corda beata pavent | Oppressi rapui nudavi crimina finxi pauperis ad vocem mens mea surda fuit | Corrupi proprium lascivo vulnere corpus hic miser hic pavidus hinc tremulentus eo | Nulla meas unquam venia compescuit iras nec sine felle furens nec sine caede fui | Inde pavet animus similes ne perferat ictus aut poena laceret quae sine fine nocet | Nam licet hic modico patrentur tempore probra longa tamen animam post male flamma cremat | Talia dum rite paveo dum corde tremesco te te summae deus pro pietate peto | Te sine nemo valet peccati tollere labem aut mentem vitis emaculare emaculare suis | Dimitte culpam misero dimitte reatum effice post lapsum post mala tanta bonum | Parce precor animae pulsanti parce petenti quae flammas metuit dum sua facta gemit | Gaudia tu sanctis tu reddis praemia justis Eugenii miseri sit rogo poena levis,,,,,,SEMM,0
,,https://musicahispanica.eu/chant/93259,O mors omnivorax ad te nunc ,h04781,,,,F-Pn (Paris) LAT 8093,,018v,,,,,,VAR,,https://musicahispanica.eu/source/89137,,O mors omnivorax ad te nunc verto querellam cur miserum sequeris cur properata venis | Tu facis ut rapido volvantur tempora cursu accelerentque suos facta cruenta gradus | Cum tu deproperas tunc vitae gaudia caessant umbra pavenda venit lux radiata fugit | Omnia vitali privantur viscera motu clauduntur oculi garrula lingua tacet | Surdescunt patulae transis anfractibus aures naribus occlusis non odor ullus adest | Non spirat pulmo flabris vitalibus auras frigida membra rigent nec cruor ipse calet | Tabe fluunt carnes corrodunt omnia vermes sic species hominis fit putrefacta cinis | Multa pavenda quidem caecini seu multa tremenda sed mage quid verear nunc lacrimando loquar | Judicis altithroni jam tristis cerno tribunal cujus ad intuitum cuncta creata tremunt | Substernit niveas caelorum turba coronas et titubante genu proruit ante thronum | Cernere sic ambit dominum si semper amare ut pulset animum mistus amore timor | Quid faciet ergo vermis putredo favilla si Christi faciem corda beata pavent | Oppressi rapui nudavi crimina finxi pauperis ad vocem mens mea surda fuit | Corrupi proprium lascivo vulnere corpus hic miser hic pavidus hinc tremulentus eo | Nulla meas unquam venia compescuit iras nec sine felle furens nec sine caede fui | Inde pavet animus similes ne perferat ictus aut poena laceret quae sine fine nocet | Nam licet hic modico patrentur tempore probra longa tamen animam post male flamma cremat | Talia dum rite paveo dum corde tremesco te te summae deus pro pietate peto | Te sine nemo valet peccati tollere labem aut mentem vitis emaculare emaculare suis | Dimitte culpam misero dimitte reatum effice post lapsum post mala tanta bonum | Parce precor animae pulsanti parce petenti quae flammas metuit dum sua facta gemit | Gaudia tu sanctis tu reddis praemia justis Eugenii miseri sit rogo poena levis,,,,,,SEMM,0
,,https://musicahispanica.eu/chant/65477,Pro defunctorum requiem et quietem,h04768,,,,E-L (León) Ms 8,,175r,,,,Sabbato Sancto,07067000,VAR,N,https://musicahispanica.eu/source/20175,,Pro defunctorum requiem et quietem,,,,,,SEMM,0
,,https://musicahispanica.eu/chant/91337,Quem praedicavit lex sancta et omnis ,h04435,,,,E-Tc (Toledo) 35.7,,054v,,,,Assumptio Mariae (Hispanic rite),,VAR,MASS,https://musicahispanica.eu/source/20188,,Quem praedicavit lex sancta et omnis propheta deum simul et hominem ac sancti apostoli propter magnam fidelium,,,,,,SEMM,0
,,https://musicahispanica.eu/chant/64730,Deus pater omnipotens qui humani generis ,h04404,,,,E-L (León) Ms 8,,133r,,,,Dom. 3 Quadragesimae,07031000,VAR,X,https://musicahispanica.eu/source/20175,,Deus pater omnipotens qui humani generis creaturam nolens perire in condemnationem perpetuam unigenitum tuum fieri hominem voluisti et cum ille inter te et hominem esset medius homo posset per eum ad te venire salvandus intende super os famulos famulasque tuas quos eratos a tenebrearum potestate cupimus transire in regnum gloriae tuae desinant esse filii irae qui vocantur ut sint filii adoptionis tuae evadant dominum ejus qui cum noluisset tibi esse sujectus non valuit evadere jus potestatis tuae conditionis suae debito religatur ut ex hoc desinant inherere dominio adversantis ex quo jam incipiunt pertingere ad yspem salutis atque ad gratiam redemptoris,,,,,,SEMM,0
,,https://musicahispanica.eu/chant/65461,Cantemus domino gloriosae enim magnificatus est,h04443,,,,E-L (León) Ms 8,,174v,,,,Sabbato Sancto,07067000,VAR,N,https://musicahispanica.eu/source/20175,,Cantemus domino gloriosae enim magnificatus est,,,,,,SEMM,0
,,https://musicahispanica.eu/chant/65468,Audite caeli quae loquor audiat terra ,h04439,,,,E-L (León) Ms 8,,174v,,,,Sabbato Sancto,07067000,VAR,N,https://musicahispanica.eu/source/20175,,Audite caeli quae loquor audiat terra verba oris mei,,,,,,SEMM,0
,,https://musicahispanica.eu/chant/91105,Hic est revera Jacobus quem amat ,h04795,7,,,"E-SC, Archivo de la Catedral de Santiago de Compostela, Codex Calixtinus (Liber Sancti Iacobi)",,133r,,,,Transl. Jacobi,14123020,VAR,MASS,https://musicahispanica.eu/source/22620,,Hic est revera Jacobus quem amat valde dominus Christi miles emeritus et signifer egregius militia probissimus Gallaeciae apostolus peregrinis notissimus et honore dignissimus miraculis mirificus in gloria magnificus quem cunctas petit populus domesticus et barbarus,,,,,,SEMM,0
,,https://musicahispanica.eu/chant/76281,Atque projectus in ipso ortu suo ,h02704,?,,,E-Gs (Girona) ms. 45,,066r,,,,Michaelis,14092900,VAR,M,https://musicahispanica.eu/source/22303,,Atque projectus in ipso ortu suo sede superna | Cum principio dominus mundi factor conderet sidera clara | Quem Michael victor dejecit imma | Angelica secum pugnante turma | Ab arce aetherea passus ruina magna | Ex supera superbus illeruit in terra | Ideoque digne angelica | Cunctorum agmina laetabunda | Plaudet conscio tota | Gaudeatque praecelsa | Quia facta est victoria ab eis,,,,,,SEMM,0
,,https://musicahispanica.eu/chant/75949,Ad umbrae mortis alabe achaligose trine ,h02651,?,,,E-Gs (Girona) ms. 45,,039v,,,,De Trinitate,09011000,VAR,M,https://musicahispanica.eu/source/22303,,Ad umbrae mortis alabe achaligose trine quis es atque une poscimus alme defende sceptrum te credendo Christe his que in te credunt maneat cum patre prue nos a tenebris et umbra mortis,,,,,,SEMM,0
,,https://musicahispanica.eu/chant/22687,Pro prosperitate principium et tranquillitate temporum,h01898,,,,E-SI (Santo Domingo de Silos) MS 4,,164r,,,,Dom. Resurrectionis,08011000,VAR,X,https://musicahispanica.eu/source/21404,,Pro prosperitate principium et tranquillitate temporum,,,,,,SEMM,0
,,https://musicahispanica.eu/chant/31684,Trinum deum laudamus omnes alle illum ,h04476,,,,GB-Lbl (London) Add MS 30850,,002r,,,,De uno justi,,VAR,MASS,https://musicahispanica.eu/source/20199,,Trinum deum laudamus omnes alle illum corde mundo precemur ei sanctus eorum nunc supplicamur saltim nostris pro delictis orent ei | Triumphos illorum pangamus ei qui vicerunt anti cui ortem ei parvi temporis tribulationem ei | Adire meruerunt regna caelorum tunc beatus qui sufferet zabulum temptatione ab audi tumulo hic pavidus manex ei | Id perfectus quid bonum ad finem opus duxerit in illa die laetur,,,,,,SEMM,0
,,https://musicahispanica.eu/chant/91100,Resonet nostra domino caterva corde jocundo | ,h04791,1,,,"E-SC, Archivo de la Catedral de Santiago de Compostela, Codex Calixtinus (Liber Sancti Iacobi)",,132r,,,,Transl. Jacobi,14123020,VAR,X,https://musicahispanica.eu/source/22620,,Resonet nostra domino caterva corde jocundo | Jacobi festa celebret devota corde jocundo | Fecit hic signa miracula digna mittis ut agnus | Lux fuit caecis baculus quae claudis Jacobus magnus | Fulget in caelo signis et in mundo nunc sine mera | Gallaecianis resplendet insignis felix athleta | Hic conservator Hispaniae tutor ingens praeclarus | Hic protegat nos ne transglutiat nos orcus amarus,,,,,,SEMM,0
,,https://musicahispanica.eu/chant/76737,Ad judicium veniet Christus in terra | ,h02753,?,,,E-Gs (Girona) ms. 45,,099r,,,,Comm. unius Confessoris,12004000,VAR,M,https://musicahispanica.eu/source/22303,,Ad judicium veniet Christus in terra | Et judicare unicuique sua peccata | Et dare sanctis suam gloriam | Et reddere justis suam praemia | Et vocare eos a nuptiis,,,,,,SEMM,0
,,https://musicahispanica.eu/chant/128567,Ad judicium veniet Christus in terram | ,h02753,1,,,E-MO (Montserrat) Ms. 72 ,2.3,252,,,,Comm. plurimorum Confessorum,12005000,Psl,M,https://musicahispanica.eu/source/22268,,Ad judicium veniet Christus in terram | Et judicare unicuique sua gesta | Et dare sanctis suo praemia | Et reddere justis sua merita | Et vocare eos a nuptiis,,,,,,SEMM,0
,,https://musicahispanica.eu/chant/91097,In hac die laudes cum gaudio ,h04789,?,,,"E-SC, Archivo de la Catedral de Santiago de Compostela, Codex Calixtinus (Liber Sancti Iacobi)",,131v,,,,Transl. Jacobi,14123020,VAR,X,https://musicahispanica.eu/source/22620,,In hac die laudes cum gaudio demus summi factoris filio | Jacobe apostole sanctissime nos amalis erue piissime | Haec este dies caeteris dignior orbe fulgens multis celebrior Jacobe apostole | Quia Jacobus scandit ad angelos splendens caelo pangit Christi melos Jacobe apostole | Zebedaei natus carissimus signa fecit mundo clarissimus Jacobe apostole | Caecis claudis levamen tribuit auxilium omnibus praebuit Jacobe apostole | De ultimo ergo judicio perducat nos in caeli solio Jacobe apostole ,,,,,,SEMM,0
,,https://musicahispanica.eu/chant/76078,Virgo domini propter te quique psallimus ,h02664,?,,,E-Gs (Girona) ms. 45,,050v,,,,Eulaliae Barcinonensis,,VAR,M,https://musicahispanica.eu/source/22303,,Virgo domini propter te quique psallimus hodie beata tua pignora munere habentes nostra condita sespite fideles omnes atque clementer et audi,,,,,,SEMM,0
,,https://musicahispanica.eu/chant/45355,Cantabo nunc dilecto canticum dilecte vineae ,h04442,,,,E-Tc (Toledo) 35.5,,170v,,,,Sabbato Sancto,07067000,VAR,V,https://musicahispanica.eu/source/20186,,Cantabo nunc dilecto canticum dilecte vineae meae vinea facta est dilecta in cornu et in loco uberi,,,,,,SEMM,0
,,https://musicahispanica.eu/chant/91104,Qualis sit iste Jacobus nobis narrate ,h04794,8,,,"E-SC, Archivo de la Catedral de Santiago de Compostela, Codex Calixtinus (Liber Sancti Iacobi)",,133r,,,,Transl. Jacobi,14123020,VAR,MASS,https://musicahispanica.eu/source/22620,,Qualis sit iste Jacobus nobis narrate omnibus quem vos tenetis neximus et honoratis vocibus ut veneremur carius eum amemus mentibus et laudemus artencius et perquiramus precibus,,,,,,SEMM,0
,,https://musicahispanica.eu/chant/45353,Pro unitate fidei catholice flectamus genu,h04826,,,,E-Tc (Toledo) 35.5,,168r,,,,Sabbato Sancto,07067000,VAR,V,https://musicahispanica.eu/source/20186,,Pro unitate fidei catholice flectamus genu,,,,,,SEMM,0
,,https://musicahispanica.eu/chant/65474,Pro poenitentibus et confitentibus,h04765,,,,E-L (León) Ms 8,,175r,,,,Sabbato Sancto,07067000,VAR,N,https://musicahispanica.eu/source/20175,,Pro poenitentibus et confitentibus,,,,,,SEMM,0
,,https://musicahispanica.eu/chant/45358,Pro poenitentibus,h04765,,,,E-Tc (Toledo) 35.5,,175v,,,,Sabbato Sancto,07067000,VAR,V,https://musicahispanica.eu/source/20186,,Pro poenitentibus,,,,,,SEMM,0
,,https://musicahispanica.eu/chant/22688,Pro sollemnitate paschali precemus dominum,h01899,,,,E-SI (Santo Domingo de Silos) MS 4,,161v,,,,Dom. Resurrectionis,08011000,PRCS,X,https://musicahispanica.eu/source/21404,,Pro sollemnitate paschali precemus dominum,,,,,,SEMM,0
,,https://musicahispanica.eu/chant/91098,Lector lege et de rege qui ,h04790,?,,,"E-SC, Archivo de la Catedral de Santiago de Compostela, Codex Calixtinus (Liber Sancti Iacobi)",,131r,,,,Transl. Jacobi,14123020,VAR,X,https://musicahispanica.eu/source/22620,,Lector lege et de rege qui regit omne dic jube domne,,,,,,SEMM,0
,,https://musicahispanica.eu/chant/91099,Lector lege et de rege qui ,h04790,?,,,"E-SC, Archivo de la Catedral de Santiago de Compostela, Codex Calixtinus (Liber Sancti Iacobi)",,131v,,,,Transl. Jacobi,14123020,VAR,X,https://musicahispanica.eu/source/22620,,Lector lege et de rege qui regit omne dic jube domne,,,,,,SEMM,0
,,https://musicahispanica.eu/chant/91101,Lector lege et de rege qui ,h04790,?,,,"E-SC, Archivo de la Catedral de Santiago de Compostela, Codex Calixtinus (Liber Sancti Iacobi)",,132r,,,,Transl. Jacobi,14123020,VAR,X,https://musicahispanica.eu/source/22620,,Lector lege et de rege qui regit omne dic jube domne,,,,,,SEMM,0
,,https://musicahispanica.eu/chant/89135,Tu patris verbigena factus caro nostra ,h04477,,,,GB-Lbl (London) Add MS 30845,,004v,,,,Cyrici,14061600,VAR,MH,https://musicahispanica.eu/source/20196,,Tu patris verbigena factus caro nostra deum nobis homo placas deus et da veniam | Qui sedes ad dexteram patris rex omnis gratiae poscimus te cuncta tuae des ut ecclesiae gaudere nunc et semper de te | Jesu Christe fortissimi rex regum domine deus trinae deus une pariter oramus te nunc et semper tuere cum scio spiritu in gloria dei patris amen | Dominator deus mitissime kyrie eleison fons origo luces perpetuae kyrie verbi tui pater ingenite kyrie incarnate tu quoque pie domine Christe eleison | Salus vitae qui es plebis de cole Christe consolator qui es flamen quoque almae vivificae kyrie eleison | Patris natae qui es summus amor deus luciflue kyrie eleison sine fine regnas servos tuos audi passi me kyrie,,,,,,SEMM,0
,,https://musicahispanica.eu/chant/91096,Jacobe sancte tuum repetito tempore festum ,h04788,?,,,"E-SC, Archivo de la Catedral de Santiago de Compostela, Codex Calixtinus (Liber Sancti Iacobi)",,131r,,,,Transl. Jacobi,14123020,VAR,X,https://musicahispanica.eu/source/22620,,Jacobe sancte tuum repetito tempore festum fac preclues caelo colentes | Invitat claso populum celebrare triumphos fac preclues caelo colentes | Psallimus ecce deo grates meritas referendo fac preclues | Qui tibi splendi fluum concessit scandere caelum fac preclues | Fortia mortalis contemnens vulnera carnis fac preclues | Ut tibi perpetuus vitae succederet usus fac preclues | Sis memor unde tui recolunt qui gaudia festi fac preclues | Ut factor famulos et serves pastor alumnos fac preclues,,,,,,SEMM,0
,,https://musicahispanica.eu/chant/75959,Saeculum istud sprevere religiosa fide quique ,h02654,?,,,E-Gs (Girona) ms. 45,,040v,,,,"Juliani, Basilissae",,VAR,M,https://musicahispanica.eu/source/22303,,Saeculum istud sprevere religiosa fide quique ex toto hunc mumdum orruere propter te ast devicta morte fulgebunt ante teb domine at instar lucidi titani fulgebunt in fines tuis mundi,,,,,,SEMM,0
,,https://musicahispanica.eu/chant/76869,Pro cujus nomine sancto | Hostis jugulata ,h02792,?,,,E-Gs (Girona) ms. 45,,108v,,,,Omnium Sanctorum,14110100,VAR,M,https://musicahispanica.eu/source/22303,,Pro cujus nomine sancto | Hostis jugulata gladio | Laeti solio | Triumphant polico | Hosanna perpetuae | Roboante domino | Quocumque hierit,,,,,,SEMM,0
,,https://musicahispanica.eu/chant/79074,Deus judicium*,h04359,,,,E-L (León) Ms 8,,084v,,,,Epiphania,05010600,VAR,V,https://musicahispanica.eu/source/20175,,Deus judicium*,,,,,,SEMM,0
,,https://musicahispanica.eu/chant/76139,Praeparans irrigabat fecunda rura oprima sanctus ,h02669,?,,,E-Gs (Girona) ms. 45,,055r,,,,Joannis Baptistae,14062400,VAR,V,https://musicahispanica.eu/source/22303,,Praeparans irrigabat fecunda rura oprima sanctus baptista depromens famina praepara | Genimina nunc viperunt fructificat venusta agens cordis perutencia | Tingebat unde sacra Jordanis uncla | Corpora jam robusta deoque apto alta praeparavit,,,,,,SEMM,0
,,https://musicahispanica.eu/chant/23589,Deus in adjutorium meum intende | Domine ,h01900,,,,E-SAu (Salamanca) Ms. 2668,,141v,,,,,,VRS,X,https://musicahispanica.eu/source/20205,,Deus in adjutorium meum intende | Domine ad adjuvandum me festina | Deus in adiutorium meum intende | Gloria et honor patri et filio et spiritui sancto in saecula saeculorum,,,,,,SEMM,0
,,https://musicahispanica.eu/chant/54900,Accepta Christi munera summamus dei gratia ,h04428,,,,E-Tc (Toledo) 35.7,,054v,,,,Assumptio Mariae (Hispanic rite),,VAR,MASS,https://musicahispanica.eu/source/20188,,Accepta Christi munera summamus dei gratia non sit nobis ad judicium sed ad salvandas animas non sit,,,,,,SEMM,0
,,https://musicahispanica.eu/chant/89157,Impia jam miserum me captat curva ,h04463,*,,,F-Pn (Paris) LAT 8093,,018r,,,,Eugenii,14111500,VAR,,https://musicahispanica.eu/source/89137,,Impia jam miserum me captat curva senecta inde dolore novo carmina maesta cano | Fletibus ecce rigo rotanti vertice malas et lacrimosa petunt murmura nostra polum | Ante tamen nostris ipsa pandetur lambis quam noceat morbis intoleranda suis | Crudelis aetas o senectus improba quae cuncta pulchra fauce saeva devoras rictu voraci nigra pandis guttura mortale germen ut noverca saucias et sauciatum mortis ense perforas | Te proximante robur omne deficit salus recedit aegritudo provenit sensus hebescunt pulchritudo deperit tabescit aegrum pectus in suspiriis gaudere taedet aelulare complacet | Tu frangis ossa membra rugis asperas comas recidis atque canos inseris dentes retundis muculentos efficis tremore foedo corpus omne succutis febres minaris et dolores ingeris | Per te podagra dura gignit tubera anhela tussis exspuit patri flua cutem perurit vulnerum profusio potus cibique nulla delectatio lamenta sola conterunt solatium | Haec tediosa mente dum recogitio libet relictis omnibus quae transeunt deum timere sempiterna quaerere terrena lucra deputare pulverem orare semper atque flendo dicere | Abite pessum vana mundi gaudia opes caducae luculenta praedia fasces honores blandimenta noxia jam finis instat et ruina proxima jam mors cruenta nostra pulsat limina,,,,,,SEMM,0
,,https://musicahispanica.eu/chant/93258,Impia jam miserum me captat curva ,h04463,*,,,F-Pn (Paris) LAT 8093,,018r,,,,,,VAR,,https://musicahispanica.eu/source/89137,,Impia jam miserum me captat curva senecta inde dolore novo carmina maesta cano | Fletibus ecce rigo rotanti vertice malas et lacrimosa petunt murmura nostra polum | Ante tamen nostris ipsa pandetur lambis quam noceat morbis intoleranda suis | Crudelis aetas o senectus improba quae cuncta pulchra fauce saeva devoras rictu voraci nigra pandis guttura mortale germen ut noverca saucias et sauciatum mortis ense perforas | Te proximante robur omne deficit salus recedit aegritudo provenit sensus hebescunt pulchritudo deperit tabescit aegrum pectus in suspiriis gaudere taedet aelulare complacet | Tu frangis ossa membra rugis asperas comas recidis atque canos inseris dentes retundis muculentos efficis tremore foedo corpus omne succutis febres minaris et dolores ingeris | Per te podagra dura gignit tubera anhela tussis exspuit patri flua cutem perurit vulnerum profusio potus cibique nulla delectatio lamenta sola conterunt solatium | Haec tediosa mente dum recogitio libet relictis omnibus quae transeunt deum timere sempiterna quaerere terrena lucra deputare pulverem orare semper atque flendo dicere | Abite pessum vana mundi gaudia opes caducae luculenta praedia fasces honores blandimenta noxia jam finis instat et ruina proxima jam mors cruenta nostra pulsat limina,,,,,,SEMM,0
,,https://musicahispanica.eu/chant/63332,Introibo ad altare dei mei ad ,h04010,,,,E-L (León) Ms 8,,061v,,,,Exspectationis BMV,14121810,VAR,MASS,https://musicahispanica.eu/source/20175,,Introibo ad altare dei mei ad dominum qui laetificat juventute mea,,,,,,SEMM,0
,,https://musicahispanica.eu/chant/76303,Hodie supero in solio | Plebs pia ,h02715,?,,,E-Gs (Girona) ms. 45,,068v,,,,Omnium Sanctorum,14110100,VAR,M,https://musicahispanica.eu/source/22303,,Hodie supero in solio | Plebs pia jubilat altissimo | Ex sempiterno percepto jam gaudio | Et nos quos carnis agravat conditio | Preces fundamos deo | Ditemur ut praemio,,,,,,SEMM,0
,,https://musicahispanica.eu/chant/22684,Pro pace ecclesiarum et quietem populi ,h01895,,,,E-SI (Santo Domingo de Silos) MS 4,,162r,,,,Dom. Resurrectionis,08011000,VAR,X,https://musicahispanica.eu/source/21404,,Pro pace ecclesiarum et quietem populi ,,,,,,SEMM,0
,,https://musicahispanica.eu/chant/91332,Elias venit per via Joannes in ,h04430,,,,E-Tc (Toledo) 35.7,,054v,,,,Assumptio Mariae (Hispanic rite),,VAR,MASS,https://musicahispanica.eu/source/20188,,Elias venit per via Joannes in agnimia quales virtutes fecerunt et qualiter zona cinxerunt quales,,,,,,SEMM,0
,,https://musicahispanica.eu/chant/89138,O mortalis homo mortis reminisceret ursus | ,h04467,,,,F-Pn (Paris) LAT 8093,,017r,,,,Eugenii,14111500,VAR,,https://musicahispanica.eu/source/89137,,O mortalis homo mortis reminisceret ursus | Nil pecca dedis tuus sicut tuum prospera captas | Omni aquae aeternis vanarum  conditor rerum | Umbra vela tenemus veloci fines ecce dat | Precante non felix te dum nescis et adest | Quem assum praecipiti dissolutis urb in finis | Porrige post exit victum vel contegit adhuc | Et te post obitum sic talia facta beati sunt | Dilige pauperiem mordaces effugax Azarias | Nam sed dat cupidis post carnis dei judicia flammas | Aequum vis perspicat aro gemmis quem nites cujus | Ita per exercitus ibis aeterna deus ad umbras | Ici solam te campos ti mortis facta manebit | Quod bene quod juste quod rectae fecerit ipse,,,,,,SEMM,0
,,https://musicahispanica.eu/chant/27263,Venite adoremus et procidamus ante deum ,h01904,,,,E-SAu (Salamanca) Ms. 2668,,164v,,,,,,VAR,X,https://musicahispanica.eu/source/20205,,Venite adoremus et procidamus ante deum et ploremus coram domino qui fecit nos quia ipse est dominus deus noster nos autem populus eius et oves gregis eius Domine labia mea aperiet et os meum annunciabit laudem tuam domine labia gloria domine labia mea sicut erat,,,,,,SEMM,0
,,https://musicahispanica.eu/chant/87714,Venite adoremus et procidamus ante deum ,h01904,,,,E-SCu (Santiago de Compostela) Ms 609,,215v,,,,,,VAR,Noc,https://musicahispanica.eu/source/20207,,Venite adoremus et procidamus ante deum et ploremus coram domino qui fecit nos quia ipse est dominus deus noster nos autem populus ejus et oves gregis ejus,,,,,,SEMM,0
,,https://musicahispanica.eu/chant/68988,Venite adoremus et procidamus ante deum ,h01904,,,,GB-Lbl (London) Add MS 30851,,174r,,,,In tempore Quad.,07000000,VAR,Noc,https://musicahispanica.eu/source/20203,,Venite adoremus et procidamus ante deum et ploremus coram domino qui fecit nos quia ipse est dominus deus noster nos autem populus ejus et oves gregis ejus,,,,,,SEMM,0
,,https://musicahispanica.eu/chant/65456,Equum et justum est vere domine ,h04456,,,,E-L (León) Ms 8,,173v,,,,Sabbato Sancto,07067000,VAR,N,https://musicahispanica.eu/source/20175,,Equum et justum est vere domine satis dignum et pulchrum est in quantum nos munere tuo illustras tibi semper gratias agere apud quem est fons vitae in cujus lumine videbimus lumen previa toht tantisque virtutibus circa tuae magestatis resplendens altaria serena lux cerei praemittunt indicia ignium miracula secutura lumpharum nuntiatur ex lumine quid nascatur ex fonte patescunt actu qui fuerat figurata misterio instar columnae veteris fomes iste praefulget aquis populum docet esse salvandum per quas et liberatio tributur ad salutem et regeneratio donatur ad requiem ascendat domine in conspectu gloriae tuae obsecratio devota famulorum visitentur benedictionis dono qui sacro dedicantur obsequi non hic tureis adoletur flamma virgultis nec in sabeicis proscinduntur ligna nemoribus quae suavitate cinnami rorantis exalant sed cera famulatur ex lumine cujus ortus ex virgine cui illa dat genetrix nativitatis originem quae corruptionis nescit errorem papirus quin etiam niveo adoperta sub tegmine flamarum exequitur incrementa neque hoc sine caelestis agitur operatione virtutis quod fabet ignibus res nutrita gurgitibus agnoscuntcuncta te dominum tibique se sciunt deberi quod nata sunt dedisti piae opifex creature sensum quae suum posit intelligere et honorare factorem intende propicius domine ad hujus cerei devotissimam servitutem ut qui flammam gignere cernitur usuale tuae benedictioni serenatur ex lumine cunctis sit expedibilis ad salutem resolvat gravium fomenta langorum asperitates casu remedii tranquillitate confringant omnia votis largiatur humanis que de tuis benedictionem sumpsit officiis tribue etiam domine sancte pater omnipotens deus ut diei hujus sollemnia sacrae paschalis in quo redemptoris nostri gloria predicatur et gratia cum antestite nostro illo aepiscopo cum glorioso principe illo cum presbiteri diaconibus clero adque omni populo sub multorum curriculu celebrare mereamur annorum amen praesta per dominum nostrum Jesum Christum filium tuum cum quo tibi est una et quo equalis essentia in unitate spiritus sancti in saecula saeculorum amen amen amen amen ad te ascendat amen pax in caelo amen pax in terra amen pax et plenitudo tua domine super nos descendat amen pax regibus et potestatibus saeculi hujus amen pax ecclesiae tuae catolicae que est in hunc locum constituta et per universum orbem terrarum in pace diffusa amen,,,,,,SEMM,0
,,https://musicahispanica.eu/chant/45349,Equum et justum est vere domine ,h04456,,,,E-Tc (Toledo) 35.5,,162r,,,,Sabbato Sancto,07067000,VAR,V,https://musicahispanica.eu/source/20186,,Equum et justum est vere domine satis dignum et pulchrum est in quantum nos munere tuo illustras tibi semper gratias agere apud quem est fons vitae in cujus lumine videbimus lumen Previa toht tantisque virtutibus circa tuae magestatis resplendens altaria serena lux cerei Praemittunt indicia ignium miracula secutura limpharum Nuntiatur ex lumine quid nascatur ex fonte Patescunt actu qui fuerat figurata misterio Instar columnae veteris fomes iste praefulget aquis populum docet esse salvandum per quas et liberatio tributur ad salutem et regeneratio donatur ad requiem Ascendat domine in conspectu gloriae tuae obsecratio devota famulorum Visitentur benedictionis dono qui sacro dedicantur obsequio Non hic tureis adoletur flamma virgultis nec in sabeicis proscinduntur ligna nemoribus quae suavitate cinnami rorantis exalant Sed cera famulatur ex lumine quae non pollui tus ex parente Cujus natura de flore cujus ortus ex virgine Cui illa dat genetrix nativitatis originem quae corruptionis nescit errorem Papirus quin etiam niveo adoperta sub tegmine flamarum exequitur incrementa Neque hoc sine caelestis agitur operatione virtutis quod fabet ignibus res nutrita gurgitibus Agnoscuntcuncta te dominum Tibique se sciunt deberi quod nata sunt Dedisti piae opifex creature sensum quae suum posit intelligere et honorare factorem Intende propicius domine ad hujus cerei devotissimam servitutem Ut qui flammam gignere cernitur usuale tuae benedictioni serenatur ex lumine cunctis sit expedibilis ad salutem Resolvat gravium fomenta langorum Asperitates casu remedii tranquillitate confringant omnia votis largiatur humanis que de tuis*,,,,,,SEMM,0
,,https://musicahispanica.eu/chant/65119,Recordare satanas quae tibi manet poenam ,h01891,,,,E-L (León) Ms 8,,152v,,,,Dom. in Palmis,07061000,VAR,X,https://musicahispanica.eu/source/20175,,Recordare satanas quae tibi manet poenam cum videris hominem quem deus et dominus meus ad suam gratiam vocare dignatus est confusus fugeas et recedas quod si fallaciter geseris erit tibi ipse Christus in praeparato judicio deo vivo rationem reddes et vas signatum non designavis adjuratus in nomine patrisz et filii et spiritus sancti cujus est hoc signum et nomen invictum,,,,,,SEMM,0
,,https://musicahispanica.eu/chant/21530,Recordare satanas que tibi maneat pena ,h01891,,,,E-SI (Santo Domingo de Silos) MS 4,,056r,,,,Ordo celebrandus super eum qui ab spiritu inmundo vexatur,16036000,VAR,X,https://musicahispanica.eu/source/21404,,Recordare satanas que tibi maneat pena cum videris hominem quem deus et dominus meus ad suam gratiam vocare dignatus est confusus fugias et recedes quod si fallaciter gesseris erit tibi ipse Christus in preparato judicio deo vivo rationem reddes et vas signatum non designabis adjuratus in nomine patris et filii et spiritus sancti cuius est hoc signum et nomen invictum.,,,,,,SEMM,0
,,https://musicahispanica.eu/chant/21970,Recordare satanas ...,h01891,,,,E-SI (Santo Domingo de Silos) MS 4,,056r,,,,Ordo celebrandus super eum qui ab spiritu inmundo vexatur,16036000,VAR,X,https://musicahispanica.eu/source/21404,,Recordare satanas ...,,,,,,SEMM,0
,,https://musicahispanica.eu/chant/21972,Recordare satanas ...,h01891,,,,E-SI (Santo Domingo de Silos) MS 4,,056r,,,,Ordo celebrandus super eum qui ab spiritu inmundo vexatur,16036000,VAR,X,https://musicahispanica.eu/source/21404,,Recordare satanas ...,,,,,,SEMM,0
,,https://musicahispanica.eu/chant/91336,Angeli de caelo circumdederunt altare tuum ,h04434,,,,E-Tc (Toledo) 35.7,,054v,,,,Assumptio Mariae (Hispanic rite),,VAR,MASS,https://musicahispanica.eu/source/20188,,Angeli de caelo circumdederunt altare tuum domine et ministri tui offerunt munera venite omnes accipite redemtionem animarum alleluia alleluia,,,,,,SEMM,0
,,https://musicahispanica.eu/chant/64731,Deus auctor universae formationis redemptor humanae ,h04405,,,,E-L (León) Ms 8,,133r,,,,Dom. 3 Quadragesimae,07031000,VAR,X,https://musicahispanica.eu/source/20175,,Deus auctor universae formationis redemptor humanae conditionis et collatio vitae peraennis concurrentes ad te famulos famulasque suscipe his esto defensor quorum esse cognosceris auctor in adoptione filiorum tuoum recipiantur qui huc usque filii irae esse noscuntur ut repulso antiquo oste cum macinationibus ipsius ipsius laetetur in te ecclesia de conquisitione et salute popule hujus,,,,,,SEMM,0
,,https://musicahispanica.eu/chant/45352,Pro sacerdotibus ac ministris flectamus genu,h01897.1,,,,E-Tc (Toledo) 35.5,,167r,,,,Sabbato Sancto,07067000,VAR,V,https://musicahispanica.eu/source/20186,,Pro sacerdotibus ac ministris flectamus genu,,,,,,SEMM,0
,,https://musicahispanica.eu/chant/64101,Alleluia perenne R. Qui fecit luminaria,h04378,,,,E-L (León) Ms 8,,105v,,,,Carnes Tollendas,,VAR,V,https://musicahispanica.eu/source/20175,,Alleluia perenne R. Qui fecit luminaria,,,,,,SEMM,0
