id,corpus_id,chantlink,incipit,cantus_id,mode,finalis,differentia,siglum,position,folio,sequence,marginalia,cao_concordances,feast,feast_code,genre,office,srclink,melody_id,full_text,full_text_manuscript,volpiano,notes,dataset_name,dataset_idx,db,image_link
,,https://musicahispanica.eu/chant/65462,Aequum et ascensorem projecit in mare,h04443a,,,,E-L (León) Ms 8,,174v,,,,Sabbato Sancto,07067000,VARV,N,https://musicahispanica.eu/source/20175,,Aequum et ascensorem projecit in mare,,,,,,SEMM,0
,,https://musicahispanica.eu/chant/79804,Ibi angeli et archangeli hymnum novum ,h04377c,,,,E-Mh (Madrid) Cod. 30,,099r,,,,Assumptio Mariae (Hispanic rite),,VARV,MASS,https://musicahispanica.eu/source/20176,,Ibi angeli et archangeli hymnum novum decantant ante thronum dei,,,,,,SEMM,0
,,https://musicahispanica.eu/chant/79787,Ibi angeli et archangeli hymnum novum ,h04377c,*,,,GB-Lbl (London) Add MS 30844,,049v,,,,Exspectationis BMV,14121810,VARV,MASS,https://musicahispanica.eu/source/20201,,Ibi angeli et archangeli hymnum novum decantant ante thronum dei,,,,,,SEMM,0
,,https://musicahispanica.eu/chant/65464,Filii Israel ambulaverunt per siccum per ,h04443e,,,,E-L (León) Ms 8,,174v,,,,Sabbato Sancto,07067000,VARV,N,https://musicahispanica.eu/source/20175,,Filii Israel ambulaverunt per siccum per medio mare,,,,,,SEMM,0
,,https://musicahispanica.eu/chant/103505,Et maceriae circumdedi et circumfodi et ,h04442a,,,,E-Tc (Toledo) 35.5,1,170v,,,,Sabbato Sancto,07067000,VARV,V,https://musicahispanica.eu/source/20186,,Et maceriae circumdedi et circumfodi et plantavi vineam Sorec et aedificavi turrem in medio ejus,,,,,,SEMM,0
,,https://musicahispanica.eu/chant/103511,Deus a Libano veniet et sanctus ,h04451b,,,,E-Tc (Toledo) 35.5,2,172v,,,,Sabbato Sancto,07067000,VARV,V,https://musicahispanica.eu/source/20186,,Deus a Libano veniet et sanctus a monte opaco et condenso,,,,,,SEMM,0
,,https://musicahispanica.eu/chant/87717,Domine quid multiplicati sunt,h01904d,*,,,E-SCu (Santiago de Compostela) Ms 609,,215v,,,,,,VARV,Noc,https://musicahispanica.eu/source/20207,,Domine quid multiplicati sunt,,,,,,SEMM,0
,,https://musicahispanica.eu/chant/87715,Domine labia mea aperies et os ,h01904a,,,,E-SCu (Santiago de Compostela) Ms 609,,215v,,,,,,VARV,Noc,https://musicahispanica.eu/source/20207,,Domine labia mea aperies et os meum annuntiabit laudem tuam,,,,,,SEMM,0
,,https://musicahispanica.eu/chant/89569,Domine labia mea aperies et os ,h01904a,,,,GB-Lbl (London) Add MS 30851,,174r,,,,In tempore Quad.,07000000,VARV,Noc,https://musicahispanica.eu/source/20203,,Domine labia mea aperies et os meum annuntiabit laudem tuam ,,,,,,SEMM,0
,,https://musicahispanica.eu/chant/65467,Pro abundantia frugum et tranquillitate aherum,h04443h,,,,E-L (León) Ms 8,,174v,,,,Sabbato Sancto,07067000,VARV,N,https://musicahispanica.eu/source/20175,,Pro abundantia frugum et tranquillitate aherum,,,,,,SEMM,0
,,https://musicahispanica.eu/chant/103512,Pro egrotis flectamus genua*,h04451c,,,,E-Tc (Toledo) 35.5,3,173r,,,,Sabbato Sancto,07067000,VARV,V,https://musicahispanica.eu/source/20186,,Pro egrotis flectamus genua*,,,,,,SEMM,0
,,https://musicahispanica.eu/chant/87718,Miserere mei deus saecundum,h01904e,*,,,E-SCu (Santiago de Compostela) Ms 609,,215v,,,,,,VARV,Noc,https://musicahispanica.eu/source/20207,,Miserere mei deus saecundum,,,,,,SEMM,0
,,https://musicahispanica.eu/chant/103508,Vinea enim domini Sabahot domus est ,h04442d,,,,E-Tc (Toledo) 35.5,4,170v,,,,Sabbato Sancto,07067000,VARV,V,https://musicahispanica.eu/source/20186,,Vinea enim domini Sabahot domus est Israel et homo Juda nobellum dilectum,,,,,,SEMM,0
,,https://musicahispanica.eu/chant/79803,Ibi cinnamomi et balsamum odor suavissimus ,h04377b,,,,E-Mh (Madrid) Cod. 30,,099r,,,,Assumptio Mariae (Hispanic rite),,VARV,MASS,https://musicahispanica.eu/source/20176,,Ibi cinnamomi et balsamum odor suavissimus in conspectu dei,,,,,,SEMM,0
,,https://musicahispanica.eu/chant/79784,Ibi cinnamomi et balsamum odor suavissimus ,h04377b,*,,,GB-Lbl (London) Add MS 30844,,049v,,,,Exspectationis BMV,14121810,VARV,MASS,https://musicahispanica.eu/source/20201,,Ibi cinnamomi et balsamum odor suavissimus in conspectu dei,,,,,,SEMM,0
,,https://musicahispanica.eu/chant/65463,Iste est deus meus et honorificabo ,h04443d,,,,E-L (León) Ms 8,,174v,,,,Sabbato Sancto,07067000,VARV,N,https://musicahispanica.eu/source/20175,,Iste est deus meus et honorificabo eum,,,,,,SEMM,0
,,https://musicahispanica.eu/chant/65469,Exspectetur sicut pluvia eloquium meum et ,h04439a,,,,E-L (León) Ms 8,,174v,,,,Sabbato Sancto,07067000,VARV,N,https://musicahispanica.eu/source/20175,,Exspectetur sicut pluvia eloquium meum et descendat sicut ros verba mea,,,,,,SEMM,0
,,https://musicahispanica.eu/chant/89571,Domine labia deinde psalmum domine quid ,h01904c,,,,GB-Lbl (London) Add MS 30851,,174r,,,,In tempore Quad.,07000000,VARV,Noc,https://musicahispanica.eu/source/20203,,Domine labia deinde psalmum domine quid multipli miserere mei deus saeculum magnus miserere mei deus miserere mei gloria domini est salus sicut erat miserere mei deus saecum miserere mei deus miserere,,,,,,SEMM,0
,,https://musicahispanica.eu/chant/103506,Et torcular fodit in eam et ,h04442b,,,,E-Tc (Toledo) 35.5,2,170v,,,,Sabbato Sancto,07067000,VARV,V,https://musicahispanica.eu/source/20186,,Et torcular fodit in eam et sustinui ut faceret uvas fecit tuum spinas,,,,,,SEMM,0
,,https://musicahispanica.eu/chant/103510,In medio duorum animalium cognosceris dum ,h04451a,,,,E-Tc (Toledo) 35.5,1,172v,,,,Sabbato Sancto,07067000,VARV,V,https://musicahispanica.eu/source/20186,,In medio duorum animalium cognosceris dum appropinquaverunt anni innotesceris,,,,,,SEMM,0
,,https://musicahispanica.eu/chant/65465,Dominus ut vir pugnator omnipotens nomen ,h04443f,,,,E-L (León) Ms 8,,174v,,,,Sabbato Sancto,07067000,VARV,N,https://musicahispanica.eu/source/20175,,Dominus ut vir pugnator omnipotens nomen est illi,,,,,,SEMM,0
,,https://musicahispanica.eu/chant/65471,Deus fidelis absque ulla iniquitate justus ,h04439c,,,,E-L (León) Ms 8,,174v,,,,Sabbato Sancto,07067000,VARV,N,https://musicahispanica.eu/source/20175,,Deus fidelis absque ulla iniquitate justus et sanctus dominus,,,,,,SEMM,0
,,https://musicahispanica.eu/chant/79802,In civitate domini ibi sonant jugiter ,h04377a,,,,E-Mh (Madrid) Cod. 30,,099r,,,,Assumptio Mariae (Hispanic rite),,VARV,MASS,https://musicahispanica.eu/source/20176,,In civitate domini ibi sonant jugiter organa sanctorum,,,,,,SEMM,0
,,https://musicahispanica.eu/chant/75359,In civitate domini ibi sonant jugiter ,h04377a,*,,,GB-Lbl (London) Add MS 30844,,049v,,,,Exspectationis BMV,14121810,VARV,MASS,https://musicahispanica.eu/source/20201,,In civitate domini ibi sonant jugiter organa sanctorum ibi cinnamomi et balsamum odor suavissimus in conspectu dei ,,,,,,SEMM,0
,,https://musicahispanica.eu/chant/65466,Pro his qui huic sancte festivitati ,h04443g,,,,E-L (León) Ms 8,,174v,,,,Sabbato Sancto,07067000,VARV,N,https://musicahispanica.eu/source/20175,,Pro his qui huic sancte festivitati interesse non possunt,,,,,,SEMM,0
,,https://musicahispanica.eu/chant/65470,Sicut nimbus super gramen et sicut ,h04439b,,,,E-L (León) Ms 8,,174v,,,,Sabbato Sancto,07067000,VARV,N,https://musicahispanica.eu/source/20175,,Sicut nimbus super gramen et sicut nix supra fenum quoniam nomen domini invocavi,,,,,,SEMM,0
,,https://musicahispanica.eu/chant/87716,Gloriam domine labia ,h01904b,*,,,E-SCu (Santiago de Compostela) Ms 609,,215v,,,,,,VARV,Noc,https://musicahispanica.eu/source/20207,,Gloriam domine labia ,,,,,,SEMM,0
,,https://musicahispanica.eu/chant/89570,Domine labia mea gloriam ,h01904b,,,,GB-Lbl (London) Add MS 30851,,174r,,,,In tempore Quad.,07000000,VARV,Noc,https://musicahispanica.eu/source/20203,,Domine labia mea gloriam ,,,,,,SEMM,0
,,https://musicahispanica.eu/chant/103507,Et nunc homo juda et qui ,h04442c,,,,E-Tc (Toledo) 35.5,3,170v,,,,Sabbato Sancto,07067000,VARV,V,https://musicahispanica.eu/source/20186,,Et nunc homo juda et qui habitatis in Jerusalem judicate inter meae et vineam meam,,,,,,SEMM,0
,,https://musicahispanica.eu/chant/87719,Miserere mei deus miserere mei,h01904f,*,,,E-SCu (Santiago de Compostela) Ms 609,,215v,,,,,,VARV,Noc,https://musicahispanica.eu/source/20207,,Miserere mei deus miserere mei,,,,,,SEMM,0
