id,corpus_id,chantlink,incipit,cantus_id,mode,finalis,differentia,siglum,position,folio,sequence,marginalia,cao_concordances,feast,feast_code,genre,office,srclink,melody_id,full_text,full_text_manuscript,volpiano,notes,dataset_name,dataset_idx,db,image_link
,,https://musicahispanica.eu/chant/66680,Adhaesi testimoniis*,h00999,,,,E-L (León) Ms 8,,237v,,,,Hieronimi,14093000,VPR,V,https://musicahispanica.eu/source/20175,,Adhaesi testimoniis*,,,,,,SEMM,0
,,https://musicahispanica.eu/chant/85650,Adhaesi testimoniis tuis domine noli me ,h00999,,,,US-NYhsa (New York) B2916,,052r,,,,Aemiliani Cucullati,14111220,VPR,V,https://musicahispanica.eu/source/84980,,Adhaesi testimoniis tuis domine noli me confundere viam mandatorum tuorum cucurri cum dilatares cor meum,,,,,,SEMM,0
,,https://musicahispanica.eu/chant/67481,Sacrificate sacrificium vespertinum*,h00222,,,,E-L (León) Ms 8,,274r,,,,Nubentum,,VPR,V,https://musicahispanica.eu/source/20175,,Sacrificate sacrificium vespertinum*,,,,,,SEMM,0
,,https://musicahispanica.eu/chant/67665,Sacrificate sacrificium vespertinum et sperate filii ,h00222,,,,E-L (León) Ms 8,,281v,,,,Dom. Quotidiano,,VPR,V,https://musicahispanica.eu/source/20175,,Sacrificate sacrificium vespertinum et sperate filii hominum in domino,,,,,,SEMM,0
,,https://musicahispanica.eu/chant/88697,Sacrificate*,h00222,,,,E-L (León) Ms 8,,221v,,,,Primitis,,VPR,V,https://musicahispanica.eu/source/20175,,Sacrificate*,,,,,,SEMM,0
,,https://musicahispanica.eu/chant/86532,Sacrificate sacrificium vespertinum et sperate filii ,h00222,,,,E-SI (Santo Domingo de Silos) MS 3,,148r,,,,Fest. per annum,04000000,VPR,V,https://musicahispanica.eu/source/20177,,Sacrificate sacrificium vespertinum et sperate filii hominum in domino,,,,,,SEMM,0
,,https://musicahispanica.eu/chant/68318,Sacrificate sacrificium vespertinum et sperate filii ,h00222,,,,E-SI (Santo Domingo de Silos) MS 6,,038v,,,,Dom. 1 p. Pent.,09011010,VPR,M,https://musicahispanica.eu/source/20179,,Sacrificate sacrificium vespertinum et sperate filii hominum in domino,,,,,,SEMM,0
,,https://musicahispanica.eu/chant/68535,Sacrificate ...,h00222,,,,E-SI (Santo Domingo de Silos) MS 6,,116r,,,,Dom. 7 p. Pent.,09071000,VPR,V,https://musicahispanica.eu/source/20179,,Sacrificate ...,,,,,,SEMM,0
,,https://musicahispanica.eu/chant/68994,Sacrificate ...,h00222,,,,E-SI (Santo Domingo de Silos) MS 6,,093v,,,,Dom. 5 p. Pent.,09051000,VPR,V,https://musicahispanica.eu/source/20179,,Sacrificate ...,,,,,,SEMM,0
,,https://musicahispanica.eu/chant/69014,Sacrificate ...,h00222,,,,E-SI (Santo Domingo de Silos) MS 6,,103r,,,,Dom. 6 p. Pent.,09061000,VPR,V,https://musicahispanica.eu/source/20179,,Sacrificate ...,,,,,,SEMM,0
,,https://musicahispanica.eu/chant/108253,Sacrificate*,h00222,,,,E-Tc (Toledo) 35.4,,095r,,,,Dom. 2 Quotidiano,,VPR,V,https://musicahispanica.eu/source/20185,,Sacrificate*,,,,,,SEMM,0
,,https://musicahispanica.eu/chant/108262,Sacrificate*,h00222,,,,E-Tc (Toledo) 35.4,,100r,,,,Dom. 3 Quotidiano,,VPR,V,https://musicahispanica.eu/source/20185,,Sacrificate*,,,,,,SEMM,0
,,https://musicahispanica.eu/chant/108275,Sacrificate sacrificium*,h00222,,,,E-Tc (Toledo) 35.4,,108r,,,,Dom. 5 Quotidiano,,VPR,V,https://musicahispanica.eu/source/20185,,Sacrificate sacrificium*,,,,,,SEMM,0
,,https://musicahispanica.eu/chant/108612,Sacrificate*,h00222,,,,E-Tc (Toledo) 35.4,,121v,,,,Dom. 8 Quotidiano,,VPR,V,https://musicahispanica.eu/source/20185,,Sacrificate*,,,,,,SEMM,0
,,https://musicahispanica.eu/chant/108627,Sacrificate sacrificium*,h00222,,,,E-Tc (Toledo) 35.4,,126r,,,,Dom. 9 Quotidiano,,VPR,V,https://musicahispanica.eu/source/20185,,Sacrificate sacrificium*,,,,,,SEMM,0
,,https://musicahispanica.eu/chant/108640,Sacrificate sacrificium*,h00222,,,,E-Tc (Toledo) 35.4,,130r,,,,Dom. 10 Quotidiano,,VPR,V,https://musicahispanica.eu/source/20185,,Sacrificate sacrificium*,,,,,,SEMM,0
,,https://musicahispanica.eu/chant/108663,Sacrificate*,h00222,,,,E-Tc (Toledo) 35.4,,140v,,,,Dom. 13 Quotidiano,,VPR,V,https://musicahispanica.eu/source/20185,,Sacrificate*,,,,,,SEMM,0
,,https://musicahispanica.eu/chant/108689,Sacrificate*,h00222,,,,E-Tc (Toledo) 35.4,,156v,,,,Dom. 17 Quotidiano,,VPR,V,https://musicahispanica.eu/source/20185,,Sacrificate*,,,,,,SEMM,0
,,https://musicahispanica.eu/chant/108695,Sacrificate*,h00222,,,,E-Tc (Toledo) 35.4,,160r,,,,Dom. 18 Quotidiano,,VPR,V,https://musicahispanica.eu/source/20185,,Sacrificate*,,,,,,SEMM,0
,,https://musicahispanica.eu/chant/108707,Sacrificate*,h00222,,,,E-Tc (Toledo) 35.4,,165r,,,,Dom. 20 Quotidiano,,VPR,V,https://musicahispanica.eu/source/20185,,Sacrificate*,,,,,,SEMM,0
,,https://musicahispanica.eu/chant/69709,Sacrificate sacrificium vespertinum et sperate filii ,h00222,,,,E-Tc (Toledo) 35.4,1,082v,,,,Dom. 1 Quotidiano,,VPR,V,https://musicahispanica.eu/source/20185,,Sacrificate sacrificium vespertinum et sperate filii hominum in domino,,,,,,SEMM,0
,,https://musicahispanica.eu/chant/70169,Sacrificate sacrificium*,h00222,,,,E-Tc (Toledo) 35.4,,117v,,,,Dom. 7 Quotidiano,,VPR,V,https://musicahispanica.eu/source/20185,,Sacrificate sacrificium*,,,,,,SEMM,0
,,https://musicahispanica.eu/chant/70756,Sacrificate*,h00222,,,,E-Tc (Toledo) 35.4,,137r,,,,Dom. 12 Quotidiano,,VPR,V,https://musicahispanica.eu/source/20185,,Sacrificate*,,,,,,SEMM,0
,,https://musicahispanica.eu/chant/103316,Sacrificate*,h00222,,,,E-Tc (Toledo) 35.5,,087r,,,,Dom. 5 Quadragesimae,,VPR,V,https://musicahispanica.eu/source/20186,,Sacrificate*,,,,,,SEMM,0
,,https://musicahispanica.eu/chant/40856,Sacrificate sacrificium vespertinum et sperate fili ,h00222,,,,E-Tc (Toledo) 35.5,,037r,,,,Dom. 3 Quadragesimae,07031000,VPR,V,https://musicahispanica.eu/source/20186,,Sacrificate sacrificium vespertinum et sperate fili hominum in domino,,,,,,SEMM,0
,,https://musicahispanica.eu/chant/91919,Sacrificate*,h00222,,,,E-Tc (Toledo) 35.6,,099r,,,,Dom. p. Ascensionem,,VPR,V,https://musicahispanica.eu/source/20187,,Sacrificate*,,,,,,SEMM,0
,,https://musicahispanica.eu/chant/92400,Sacrificate*,h00222,,,,E-Tc (Toledo) 35.6,,165v,,,,Primitis,,VPR,V,https://musicahispanica.eu/source/20187,,Sacrificate*,,,,,,SEMM,0
,,https://musicahispanica.eu/chant/84535,Sacrificate sacrificium vespertinum et sperate filii ,h00222,,,,E-Zfm (Zaragoza) Ms-418,,008r,,,,Dom. Quinquagesimae,06031000,VPR,V,https://musicahispanica.eu/source/20192,,Sacrificate sacrificium vespertinum et sperate filii hominum in domino,,,,,,SEMM,0
,,https://musicahispanica.eu/chant/87448,[Sacrificate sacrificium vespertinum et sperate filii ,h00222,,,,F-Pn (París) NAL 2199,,014v,,,,Dom. Quotidiano,,VPR,V,https://musicahispanica.eu/source/20195,,[Sacrificate sacrificium vespertinum et sperate filii hominum] in domino,,,,,,SEMM,0
,,https://musicahispanica.eu/chant/99217,Sacrificate sacrificium vespertinum et sperate filii ,h00222,,,,GB-Lbl (London) Add MS 30845,,048v,,,,Primitis,,VPR,V,https://musicahispanica.eu/source/20196,,Sacrificate sacrificium vespertinum et sperate filii hominum in domino,,,,,,SEMM,0
,,https://musicahispanica.eu/chant/83396,Sacrificate sacrificium vespertinum sperate filii hominum ,h00222,*,,,GB-Lbl (London) Add MS 30846,,121v,,,,Ascensio Domini,08065000,VPR,V2,https://musicahispanica.eu/source/20202,,Sacrificate sacrificium vespertinum sperate filii hominum in domino,,,,,,SEMM,0
,,https://musicahispanica.eu/chant/83489,Sacrificate sacrificium *,h00222,*,,,GB-Lbl (London) Add MS 30846,,123r,,,,Ascensio Domini,08065000,VPR,V2,https://musicahispanica.eu/source/20202,,Sacrificate sacrificium *,,,,,,SEMM,0
,,https://musicahispanica.eu/chant/69398,Sacrificate sacrificium vespertinum et sperate fili ,h00222,,,,GB-Lbl (London) Add MS 30851,,200v,,,,Dom. Quotidiano,,VPR,V,https://musicahispanica.eu/source/20203,,Sacrificate sacrificium vespertinum et sperate fili hominum in domino,,,,,,SEMM,0
,,https://musicahispanica.eu/chant/64228,Quoniam tu illuminas lucernam meam domine ,h01033,,,,E-L (León) Ms 8,,112r,,,,Carnes Tollendas,,VPR,V,https://musicahispanica.eu/source/20175,,Quoniam tu illuminas lucernam meam domine deus meus illumina tenebras meas,,,,,,SEMM,0
,,https://musicahispanica.eu/chant/64092,Elevatio manum mearum sacrificium vespertinum,h00377,,,,E-L (León) Ms 8,,105r,,,,Carnes Tollendas,,VPR,V,https://musicahispanica.eu/source/20175,,Elevatio manum mearum sacrificium vespertinum,,,,,,SEMM,0
,,https://musicahispanica.eu/chant/65892,Elevatio*,h00377,,,,E-L (León) Ms 8,,196v,,,,Inventio Crucis,14050300,VPR,V,https://musicahispanica.eu/source/20175,,Elevatio*,,,,,,SEMM,0
,,https://musicahispanica.eu/chant/65927,Elevatio manum*,h00377,,,,E-L (León) Ms 8,,198v,,,,Ascensio Domini,08065000,VPR,V,https://musicahispanica.eu/source/20175,,Elevatio manum*,,,,,,SEMM,0
,,https://musicahispanica.eu/chant/65978,Elevatio*,h00377,,,,E-L (León) Ms 8,,201v,,,,Ascensio Domini,08065000,VPR,V2,https://musicahispanica.eu/source/20175,,Elevatio*,,,,,,SEMM,0
,,https://musicahispanica.eu/chant/108172,Elevatio*,h00377,,,,E-Tc (Toledo) 35.4,,056v,,,,Ascensio Domini,08065000,VPR,V,https://musicahispanica.eu/source/20185,,Elevatio*,,,,,,SEMM,0
,,https://musicahispanica.eu/chant/108182,Elevatio*,h00377,,,,E-Tc (Toledo) 35.4,,066r,,,,Ascensio Domini,08065000,VPR,V2,https://musicahispanica.eu/source/20185,,Elevatio*,,,,,,SEMM,0
,,https://musicahispanica.eu/chant/61938,Elevatio manum mearum sacrificium vespertinum,h00377,,,,E-Tc (Toledo) 35.4,,051r,,,,Inventio Crucis,14050300,VPR,V,https://musicahispanica.eu/source/20185,,Elevatio manum mearum sacrificium vespertinum,,,,,,SEMM,0
,,https://musicahispanica.eu/chant/91743,Elevatio manum mearum sacrificium,h00377,*,,,E-Tc (Toledo) 35.6,,065r,,,,De Sancta Cruce,15011000,VPR,V,https://musicahispanica.eu/source/20187,,Elevatio manum mearum sacrificium,,,,,,SEMM,0
,,https://musicahispanica.eu/chant/91816,Elevatio manum mearum sacrificium vespertinum,h00377,*,,,E-Tc (Toledo) 35.6,,084v,,,,Ascensio Domini,08065000,VPR,V,https://musicahispanica.eu/source/20187,,Elevatio manum mearum sacrificium vespertinum,,,,,,SEMM,0
,,https://musicahispanica.eu/chant/91881,Elevatio manum*,h00377,,,,E-Tc (Toledo) 35.6,,098r,,,,Ascensio Domini,08065000,VPR,V2,https://musicahispanica.eu/source/20187,,Elevatio manum*,,,,,,SEMM,0
,,https://musicahispanica.eu/chant/75257,Elevatio manum mearum sacrificium vespertinum,h00377,*,,,GB-Lbl (London) Add MS 30844,,149r,,,,Ascensio Domini,08065000,VPR,V,https://musicahispanica.eu/source/20201,,Elevatio manum mearum sacrificium vespertinum,,,,,,SEMM,0
,,https://musicahispanica.eu/chant/64708,Eripe me domine ab homine malo ,h03341,,,,E-L (León) Ms 8,,131v,,,,Dom. 3 Quadragesimae,07031000,VRS,V,https://musicahispanica.eu/source/20175,,Eripe me domine ab homine malo a viro iniquo libera me,,,,,,SEMM,0
,,https://musicahispanica.eu/chant/64834,Eripe me domine ab homine malo ,h03341,,,,E-L (León) Ms 8,,138v,,,,Fer. 4 Hebd. 3 Quad.,07034000,ANT,V,https://musicahispanica.eu/source/20175,,Eripe me domine ab homine malo iniquo libera me,,,,,,SEMM,0
,,https://musicahispanica.eu/chant/44448,Eripe me domine ab homine malo ,h03341,,,,E-Tc (Toledo) 35.5,,125v,,,,Fer. 4 de Passione,07054000,VPR,V2,https://musicahispanica.eu/source/20186,,Eripe me domine ab homine malo a viro iniquo libera me,,,,,,SEMM,0
,,https://musicahispanica.eu/chant/65572,Laudaverunt te domine*,h00320,,,,E-L (León) Ms 8,,179r,,,,Engratiae,,VPR,V,https://musicahispanica.eu/source/20175,,Laudaverunt te domine*,,,,,,SEMM,0
,,https://musicahispanica.eu/chant/65588,Laudaverunt te domine omnes angeli tui ,h00320,,,,E-L (León) Ms 8,,179v,,,,Dom. Septuagesimae,06011000,VPR,V,https://musicahispanica.eu/source/20175,,Laudaverunt te domine omnes angeli tui et hymnum dixerunt dum perficeres fabricam caeli tua est dies et tua est nox tu fecisti solem et lunam,,,,,,SEMM,0
,,https://musicahispanica.eu/chant/65733,Laudaverunt te domine*,h00320,,,,E-L (León) Ms 8,,187r,,,,Octava Paschae,08021000,VPR,V,https://musicahispanica.eu/source/20175,,Laudaverunt te domine*,,,,,,SEMM,0
,,https://musicahispanica.eu/chant/65760,Laudaverunt te domine*,h00320,,,,E-L (León) Ms 8,,188v,,,,Octava Paschae,08021000,VPR,V2,https://musicahispanica.eu/source/20175,,Laudaverunt te domine*,,,,,,SEMM,0
,,https://musicahispanica.eu/chant/65766,Laudaverunt te domine*,h00320,,,,E-L (León) Ms 8,,189r,,,,Dom. 2 p. Pascha,08031000,VPR,V,https://musicahispanica.eu/source/20175,,Laudaverunt te domine*,,,,,,SEMM,0
,,https://musicahispanica.eu/chant/65789,Laudaverunt te*,h00320,,,,E-L (León) Ms 8,,190v,,,,Dom. 3 p. Pascha,08041000,VPR,V,https://musicahispanica.eu/source/20175,,Laudaverunt te*,,,,,,SEMM,0
,,https://musicahispanica.eu/chant/65815,Laudaverunt te*,h00320,,,,E-L (León) Ms 8,,192r,,,,Dom. 4 p. Pascha,08051000,VPR,V,https://musicahispanica.eu/source/20175,,Laudaverunt te*,,,,,,SEMM,0
,,https://musicahispanica.eu/chant/65837,Laudaverunt te*,h00320,,,,E-L (León) Ms 8,,193r,,,,Dom. 5 p. Pascha,08061000,VPR,V,https://musicahispanica.eu/source/20175,,Laudaverunt te*,,,,,,SEMM,0
,,https://musicahispanica.eu/chant/66132,Laudaverunt te*,h00320,,,,E-L (León) Ms 8,,207v,,,,Dom. Pentecostes,08081000,VPR,V,https://musicahispanica.eu/source/20175,,Laudaverunt te*,,,,,,SEMM,0
,,https://musicahispanica.eu/chant/66185,Laudaverunt te*,h00320,,,,E-L (León) Ms 8,,210v,,,,Dom. Pentecostes,08081000,VPR,V2,https://musicahispanica.eu/source/20175,,Laudaverunt te*,,,,,,SEMM,0
,,https://musicahispanica.eu/chant/61342,Laudaverunt te domine omnes angeli tui ,h00320,,,,E-Tc (Toledo) 35.4,1,001r,,,,Dom. Resurrectionis,08011000,VPR,V,https://musicahispanica.eu/source/20185,,Laudaverunt te domine omnes angeli tui et hymnum dixerunt dum perficeres fabricam caeli tuus est dies et tua est nox tu fecisti solem et lunam,,,,,,SEMM,0
,,https://musicahispanica.eu/chant/61810,Laudaverunt te domine*,h00320,,,,E-Tc (Toledo) 35.4,,017r,,,,Octava Paschae,08021000,VPR,V,https://musicahispanica.eu/source/20185,,Laudaverunt te domine*,,,,,,SEMM,0
,,https://musicahispanica.eu/chant/61831,Laudaverunt*,h00320,,,,E-Tc (Toledo) 35.4,,024v,,,,Dom. 2 p. Pascha,08031000,VPR,V,https://musicahispanica.eu/source/20185,,Laudaverunt*,,,,,,SEMM,0
,,https://musicahispanica.eu/chant/61848,Laudaverunt*,h00320,,,,E-Tc (Toledo) 35.4,,029r,,,,"Dom. 2 p. Pascha,8",08031008,VPR,V,https://musicahispanica.eu/source/20185,,Laudaverunt*,,,,,,SEMM,0
,,https://musicahispanica.eu/chant/61868,Laudaverunt*,h00320,,,,E-Tc (Toledo) 35.4,,033v,,,,"Dom. 3 p. Pascha,8",08041008,VPR,V,https://musicahispanica.eu/source/20185,,Laudaverunt*,,,,,,SEMM,0
,,https://musicahispanica.eu/chant/61886,Laudaverunt te*,h00320,,,,E-Tc (Toledo) 35.4,,037v,,,,"Dom. 4 p. Pascha,8",08051008,VPR,V,https://musicahispanica.eu/source/20185,,Laudaverunt te*,,,,,,SEMM,0
,,https://musicahispanica.eu/chant/62043,Laudaverunt*,h00320,,,,E-Tc (Toledo) 35.4,,072v,,,,Dom. Pentecostes,08081000,VPR,V,https://musicahispanica.eu/source/20185,,Laudaverunt*,,,,,,SEMM,0
,,https://musicahispanica.eu/chant/62090,Laudaverunt*,h00320,,,,E-Tc (Toledo) 35.4,,082r,,,,Dom. Pentecostes,08081000,VPR,V2,https://musicahispanica.eu/source/20185,,Laudaverunt*,,,,,,SEMM,0
,,https://musicahispanica.eu/chant/45403,Laudaverunt te domine omnes angeli tui ,h00320,,,,E-Tc (Toledo) 35.5,,193r,,,,Dom. Resurrectionis,08011000,VPR,V2,https://musicahispanica.eu/source/20186,,Laudaverunt te domine omnes angeli tui et hymnum dixerunt dum perficeres fabricam caeli tuus est dies et tua est nox tu fecisti solem et lunam,,,,,,SEMM,0
,,https://musicahispanica.eu/chant/91525,Laudaverunt te domine omnes*,h00320,,,,E-Tc (Toledo) 35.6,,028r,,,,Octava Paschae,08021000,VPR,V,https://musicahispanica.eu/source/20187,,Laudaverunt te domine omnes*,,,,,,SEMM,0
,,https://musicahispanica.eu/chant/91912,Laudaverunt te domine*,h00320,,,,E-Tc (Toledo) 35.6,,098v,,,,Fer. 6 p. Ascensio.,,VPR,V2,https://musicahispanica.eu/source/20187,,Laudaverunt te domine*,,,,,,SEMM,0
,,https://musicahispanica.eu/chant/92010,Laudaverunt te*,h00320,,,,E-Tc (Toledo) 35.6,,114r,,,,Dom. Pentecostes,08081000,VPR,V2,https://musicahispanica.eu/source/20187,,Laudaverunt te*,,,,,,SEMM,0
,,https://musicahispanica.eu/chant/79964,Laudaverunt te domine omnes angeli tui ,h00320,*,,,GB-Lbl (London) Add MS 30846,,001v,,,,Dom. Resurrectionis,08011000,VPR,V,https://musicahispanica.eu/source/20202,,Laudaverunt te domine omnes angeli tui et hymnum dixerunt dum perficeres fabricam caeli tuus est dies et tua est nox tu fecisti solem et lunam,,,,,,SEMM,0
,,https://musicahispanica.eu/chant/80045,Laudaverunt *,h00320,*,,,GB-Lbl (London) Add MS 30846,,008r,,,,Fer. 2 p. Pascha,08012000,VPR,V,https://musicahispanica.eu/source/20202,,Laudaverunt *,,,,,,SEMM,0
,,https://musicahispanica.eu/chant/80204,Laudaverunt te domine *,h00320,*,,,GB-Lbl (London) Add MS 30846,,024r,,,,Fer. 3 p. Pascha,08013000,VPR,V,https://musicahispanica.eu/source/20202,,Laudaverunt te domine *,,,,,,SEMM,0
,,https://musicahispanica.eu/chant/80237,Laudaverunt *,h00320,*,,,GB-Lbl (London) Add MS 30846,,026r,,,,Fer. 4 p. Pascha,08014000,VPR,V,https://musicahispanica.eu/source/20202,,Laudaverunt *,,,,,,SEMM,0
,,https://musicahispanica.eu/chant/80260,Laudaverunt *,h00320,*,,,GB-Lbl (London) Add MS 30846,,033v,,,,Fer. 5 p. Pascha,08015000,VPR,V,https://musicahispanica.eu/source/20202,,Laudaverunt *,,,,,,SEMM,0
,,https://musicahispanica.eu/chant/80302,Laudaverunt *,h00320,*,,,GB-Lbl (London) Add MS 30846,,039r,,,,Fer. 6 p. Pascha,08016000,VPR,V,https://musicahispanica.eu/source/20202,,Laudaverunt *,,,,,,SEMM,0
,,https://musicahispanica.eu/chant/80356,Laudaverunt *,h00320,*,,,GB-Lbl (London) Add MS 30846,,044r,,,,Octava Paschae,08021000,VPR,V,https://musicahispanica.eu/source/20202,,Laudaverunt *,,,,,,SEMM,0
,,https://musicahispanica.eu/chant/80423,Laudaverunt te *,h00320,*,,,GB-Lbl (London) Add MS 30846,,052r,,,,Octava Paschae,08021000,VPR,V2,https://musicahispanica.eu/source/20202,,Laudaverunt te *,,,,,,SEMM,0
,,https://musicahispanica.eu/chant/82803,Laudaverunt te *,h00320,*,,,GB-Lbl (London) Add MS 30846,,087v,,,,Dom. 2 p. Pascha,08031000,VPR,V,https://musicahispanica.eu/source/20202,,Laudaverunt te *,,,,,,SEMM,0
,,https://musicahispanica.eu/chant/82920,Laudaverunt *,h00320,*,,,GB-Lbl (London) Add MS 30846,,104v,,,,Dom. 3 p. Pascha,08041000,VPR,V,https://musicahispanica.eu/source/20202,,Laudaverunt *,,,,,,SEMM,0
,,https://musicahispanica.eu/chant/83123,Laudaverunt *,h00320,*,,,GB-Lbl (London) Add MS 30846,,110r,,,,Dom. 4 p. Pascha,08051000,VPR,V,https://musicahispanica.eu/source/20202,,Laudaverunt *,,,,,,SEMM,0
,,https://musicahispanica.eu/chant/83814,Laudaverunt *,h00320,*,,,GB-Lbl (London) Add MS 30846,,163v,,,,"Dom. Pentecostes,8",08081008,VPR,V,https://musicahispanica.eu/source/20202,,Laudaverunt *,,,,,,SEMM,0
,,https://musicahispanica.eu/chant/40757,Fecit lunam in tempora sol agnovit ,h03399,,,,E-Tc (Toledo) 35.5,,015r,,,,Dom. 2 Quadragesimae,07021000,VPR,V,https://musicahispanica.eu/source/20186,,Fecit lunam in tempora sol agnovit occasum suum,,,,,,SEMM,0
,,https://musicahispanica.eu/chant/66531,Eduxit dominus populum suum in exultatione ,h01006,,,,E-L (León) Ms 8,,230r,,,,Laurentii,14081000,VPR,V,https://musicahispanica.eu/source/20175,,Eduxit dominus populum suum in exultatione et electos suos in laetitia,,,,,,SEMM,0
,,https://musicahispanica.eu/chant/72536,[Eduxi]t dominus populum suum in ,h01006,,,,E-Mh (Madrid) Cod. 30,,133v,,,,Eugeniae,,VPR,V,https://musicahispanica.eu/source/20176,,"[Eduxi]t dominus populum suum in exultatione et electos suos in laetitia
",,,,,,SEMM,0
,,https://musicahispanica.eu/chant/101116,Eduxit dominus populum suum in exultatione ,h01006,,,,GB-Lbl (London) Add MS 30845,,118r,,,,Michaelis,14092900,VPR,V,https://musicahispanica.eu/source/20196,,Eduxit dominus populum suum in exultatione et electos suos in laetitia,,,,,,SEMM,0
,,https://musicahispanica.eu/chant/106706,Vespere et mane*,h01042.1,,,,E-Mn (Madrid) MSS/10110,,042v,,,,Fer. 4 Hebd. 3 Quad.,07034000,VPR,V2,https://musicahispanica.eu/source/20183,,Vespere et mane*,,,,,,SEMM,0
,,https://musicahispanica.eu/chant/51549,Vespere et mane,h01042.1,,,,E-Mn (Madrid) MSS/10110,,083v,,,,Fer. 4 Hebd. 5 Quad.,,VPR,V2,https://musicahispanica.eu/source/20183,,Vespere et mane,,,,,,SEMM,0
,,https://musicahispanica.eu/chant/62919,Speravit anima mea in domino a ,h01037,,,,E-L (León) Ms 8,,038r,,,,Saturnini,14112900,VPR,V,https://musicahispanica.eu/source/20175,,Speravit anima mea in domino a custodia matutina usque ad nocte,,,,,,SEMM,0
,,https://musicahispanica.eu/chant/63531,Speravit anima*,h01037,,,,E-L (León) Ms 8,,073r,,,,Stephani,02122600,VPR,V,https://musicahispanica.eu/source/20175,,Speravit anima*,,,,,,SEMM,0
,,https://musicahispanica.eu/chant/66611,Speravit anima mea*,h01037,,,,E-L (León) Ms 8,,234r,,,,"Cornelii, Cypriani",14091600,VPR,V,https://musicahispanica.eu/source/20175,,Speravit anima mea*,,,,,,SEMM,0
,,https://musicahispanica.eu/chant/71997,Speravit anima mea in domino a ,h01037,,,,E-SI (Santo Domingo de Silos) MS 3,,118v,,,,De uno justi,,VPR,V,https://musicahispanica.eu/source/20177,,Speravit anima mea in domino a custodia matutina usque ad nocte,,,,,,SEMM,0
,,https://musicahispanica.eu/chant/92489,Speravit anima mea in domino a ,h01037,*,,,E-Tc (Toledo) 35.6,,175v,,,,Cucuphatis,14072530,VPR,V,https://musicahispanica.eu/source/20187,,Speravit anima mea in domino a custodia matutina,,,,,,SEMM,0
,,https://musicahispanica.eu/chant/100673,Speravit *,h01037,,,,GB-Lbl (London) Add MS 30845,,100r,,,,Augustini,14082800,VPR,V,https://musicahispanica.eu/source/20196,,Speravit *,,,,,,SEMM,0
,,https://musicahispanica.eu/chant/100840,Speravit anima mea *,h01037,,,,GB-Lbl (London) Add MS 30845,,107r,,,,"Cornelii, Cypriani",14091600,VPR,V,https://musicahispanica.eu/source/20196,,Speravit anima mea *,,,,,,SEMM,0
,,https://musicahispanica.eu/chant/101700,Speravit *,h01037,*,,,GB-Lbl (London) Add MS 30845,,150r,,,,Transl. Saturnini,,VPR,V,https://musicahispanica.eu/source/20196,,Speravit *,,,,,,SEMM,0
,,https://musicahispanica.eu/chant/98991,Speravit anima mea *,h01037,,,,GB-Lbl (London) Add MS 30845,,027v,,,,Zoili,,VPR,V,https://musicahispanica.eu/source/20196,,Speravit anima mea *,,,,,,SEMM,0
,,https://musicahispanica.eu/chant/99421,Speravit anima mea in domino a ,h01037,,,,GB-Lbl (London) Add MS 30845,,052v,,,,Cucuphatis,14072530,VPR,V,https://musicahispanica.eu/source/20196,,Speravit anima mea in domino a custodia matutina usque ad nocte,,,,,,SEMM,0
,,https://musicahispanica.eu/chant/64366,Usque ad vesperum quam magnificata sunt ,h01041,,,,E-L (León) Ms 8,,118r,,,,Dom. 1 Quadragesimae,07011000,VPR,MASS,https://musicahispanica.eu/source/20175,,Usque ad vesperum quam magnificata sunt opera tua domine,,,,,,SEMM,0
,,https://musicahispanica.eu/chant/89522,Usque ad vesperum,h01041,,,,E-L (León) Ms 8,,243r,,,,Letanias Canonicas,,VPR,V,https://musicahispanica.eu/source/20175,,Usque ad vesperum,,,,,,SEMM,0
,,https://musicahispanica.eu/chant/86612,Usque ad vesperum quam magnificata sunt ,h01041,,,,E-SI (Santo Domingo de Silos) MS 3,,168r,,,,Fer. 2 per annum,04002000,VPR,V,https://musicahispanica.eu/source/20177,,Usque ad vesperum quam magnificata sunt opera tua domine,,,,,,SEMM,0
,,https://musicahispanica.eu/chant/103351,Usque ad vesperum*,h01041,,,,E-Tc (Toledo) 35.5,,098v,,,,Dom. 5 Quadragesimae,,VPR,V2,https://musicahispanica.eu/source/20186,,Usque ad vesperum*,,,,,,SEMM,0
,,https://musicahispanica.eu/chant/103421,Usque ad vesperum*,h01041,,,,E-Tc (Toledo) 35.5,,120r,,,,Dom. in Palmis,07061000,VPR,V2,https://musicahispanica.eu/source/20186,,Usque ad vesperum*,,,,,,SEMM,0
,,https://musicahispanica.eu/chant/41542,Usque ad vesperum quam magnificata sunt ,h01041,,,,E-Tc (Toledo) 35.5,,074v,,,,Dom. 4 Quadragesimae,07041000,VPR,V2,https://musicahispanica.eu/source/20186,,Usque ad vesperum quam magnificata sunt opera tua domine,,,,,,SEMM,0
,,https://musicahispanica.eu/chant/78212,Usque ad vesperum quam magnificata sunt ,h01041,,,,GB-Lbl (London) Add MS 30845,,156v,,,,Letanias Apostolicas,,VPR,V2,https://musicahispanica.eu/source/20196,,Usque ad vesperum quam magnificata sunt opera tua domine,,,,,,SEMM,0
,,https://musicahispanica.eu/chant/77997,Usque ad vesperum,h01041,*,,,GB-Lbl (London) Add MS 30846,,151r,,,,Fer. 5 de Letanias Apostolicas,,VPR,V2,https://musicahispanica.eu/source/20202,,Usque ad vesperum,,,,,,SEMM,0
,,https://musicahispanica.eu/chant/64807,Levavi oculos meos ad montes unde ,h01023,,,,E-L (León) Ms 8,,137r,,,,Fer. 3 Hebd. 3 Quad.,07033000,VPR,V,https://musicahispanica.eu/source/20175,,Levavi oculos meos ad montes unde veniet auxilium mihi,,,,,,SEMM,0
,,https://musicahispanica.eu/chant/64863,Conserva me domine de manu peccatoris ,h03337,,,,E-L (León) Ms 8,,140r,,,,Fer. 5 Hebd. 3 Quad.,07035000,VPR,V2,https://musicahispanica.eu/source/20175,,Conserva me domine de manu peccatoris ab hominibus iniquis libera me,,,,,,SEMM,0
,,https://musicahispanica.eu/chant/62768,Exortum est in tenebris lumen rectis ,h00949,,,,E-L (León) Ms 8,,031r,,,,Romani,14080900,VPR,V,https://musicahispanica.eu/source/20175,,Exortum est in tenebris lumen rectis corde misericors et miserator et justus dominus,,,,,,SEMM,0
,,https://musicahispanica.eu/chant/62820,Exortum est*,h00949,,,,E-L (León) Ms 8,,033r,,,,Caeciliae,14112200,VPR,V,https://musicahispanica.eu/source/20175,,Exortum est*,,,,,,SEMM,0
,,https://musicahispanica.eu/chant/64021,Exortum est*,h00949,,,,E-L (León) Ms 8,,101v,,,,Dorotheae,14020610,VPR,V,https://musicahispanica.eu/source/20175,,Exortum est*,,,,,,SEMM,0
,,https://musicahispanica.eu/chant/66192,Exortum est*,h00949,,,,E-L (León) Ms 8,,210v,,,,Adriani,14091000,VPR,V,https://musicahispanica.eu/source/20175,,Exortum est*,,,,,,SEMM,0
,,https://musicahispanica.eu/chant/66326,Exortum est in tenebris*,h00949,,,,E-L (León) Ms 8,,218r,,,,"Simonis, Judae",14102800,VPR,V,https://musicahispanica.eu/source/20175,,Exortum est in tenebris*,,,,,,SEMM,0
,,https://musicahispanica.eu/chant/66344,Exortum est*,h00949,,,,E-L (León) Ms 8,,219r,,,,Christophori,14072510,VPR,V,https://musicahispanica.eu/source/20175,,Exortum est*,,,,,,SEMM,0
,,https://musicahispanica.eu/chant/72585,Exortum est *,h00949,,,,E-Mh (Madrid) Cod. 30,,142v,,,,Jacobi,14072500,VPR,V2,https://musicahispanica.eu/source/20176,,Exortum est *,,,,,,SEMM,0
,,https://musicahispanica.eu/chant/72737,Exortum est *,h00949,*,,,E-Mh (Madrid) Cod. 30,,172v,,,,Juliani,14082810,VPR,V,https://musicahispanica.eu/source/20176,,Exortum est *,,,,,,SEMM,0
,,https://musicahispanica.eu/chant/72809,[Exortu]m est *,h00949,*,,,E-Mh (Madrid) Cod. 30,,185r,,,,Dom. p. Allisionis Infantum,,VPR,V,https://musicahispanica.eu/source/20176,,[Exortu]m est *,,,,,,SEMM,0
,,https://musicahispanica.eu/chant/71924,Exortum est in tenebris lumen rectis ,h00949,,,,E-SI (Santo Domingo de Silos) MS 3,,107r,,,,De Sanctis,12015000,VPR,V,https://musicahispanica.eu/source/20177,,Exortum est in tenebris lumen rectis corde misericors et miserator et justus dominus,,,,,,SEMM,0
,,https://musicahispanica.eu/chant/92018,Exortum est in*,h00949,,,,E-Tc (Toledo) 35.6,,114v,,,,Adriani,14091000,VPR,V,https://musicahispanica.eu/source/20187,,Exortum est in*,,,,,,SEMM,0
,,https://musicahispanica.eu/chant/92310,Exortum est in tenebris lumen rectis,h00949,*,,,E-Tc (Toledo) 35.6,,140r,,,,"Petri, Pauli",14062900,VPR,V,https://musicahispanica.eu/source/20187,,Exortum est in tenebris lumen rectis,,,,,,SEMM,0
,,https://musicahispanica.eu/chant/89859,Exortum est*,h00949,,,,E-Tm (Toledo) número de inventario 1325,,016v,,,,"Vigilia Petri, Pauli",14062810,[?],V,https://musicahispanica.eu/source/20190,,Exortum est*,,,,,,SEMM,0
,,https://musicahispanica.eu/chant/89863,Exortum est,h00949,,,,E-Tm (Toledo) número de inventario 1325,,026v,,,,"Simonis, Judae",14102800,VPR,V,https://musicahispanica.eu/source/20190,,Exortum est,,,,,,SEMM,0
,,https://musicahispanica.eu/chant/84266,Exortum est *,h00949,,,,E-Zfm (Zaragoza) Ms-418,,006r,,,,Dorotheae,14020610,VPR,V,https://musicahispanica.eu/source/20192,,Exortum est *,,,,,,SEMM,0
,,https://musicahispanica.eu/chant/101173,Exortum est *,h00949,*,,,GB-Lbl (London) Add MS 30845,,127v,,,,"Fausti, Januarii et Martialis",,VPR,V,https://musicahispanica.eu/source/20196,,Exortum est *,,,,,,SEMM,0
,,https://musicahispanica.eu/chant/101222,Exortum est *,h00949,,,,GB-Lbl (London) Add MS 30845,,130v,,,,"Cosmae, Damiani",14092700,VPR,V,https://musicahispanica.eu/source/20196,,Exortum est *,,,,,,SEMM,0
,,https://musicahispanica.eu/chant/75412,Exortum est in te,h00949,,,,GB-Lbl (London) Add MS 30845,,001v,,,,Cyrici,14061600,VPR,V,https://musicahispanica.eu/source/20196,,Exortum est in te,,,,,,SEMM,0
,,https://musicahispanica.eu/chant/90585,Exortum est in tenebris *,h00949,,,,GB-Lbl (London) Add MS 30845,,074v,,,,Laurentii,14081000,VPR,V,https://musicahispanica.eu/source/20196,,Exortum est in tenebris *,,,,,,SEMM,0
,,https://musicahispanica.eu/chant/98662,Exortum est in tenebris lumen rectis ,h00949,,,,GB-Lbl (London) Add MS 30845,,008r,,,,Adriani,14091000,VPR,V,https://musicahispanica.eu/source/20196,,Exortum est in tenebris lumen rectis corde misericors et miserator et justus dominus,,,,,,SEMM,0
,,https://musicahispanica.eu/chant/98947,Exortum *,h00949,,,,GB-Lbl (London) Add MS 30845,,029v,,,,"Petri, Pauli",14062900,VPR,V,https://musicahispanica.eu/source/20196,,Exortum *,,,,,,SEMM,0
,,https://musicahispanica.eu/chant/99072,Exortum est *,h00949,*,,,GB-Lbl (London) Add MS 30845,,038r,,,,Christophori,14072510,VPR,V,https://musicahispanica.eu/source/20196,,Exortum est *,,,,,,SEMM,0
,,https://musicahispanica.eu/chant/82748,Exortum est *,h00949,*,,,GB-Lbl (London) Add MS 30846,,080r,,,,Torquati et sociorum,,VPR,V,https://musicahispanica.eu/source/20202,,Exortum est *,,,,,,SEMM,0
,,https://musicahispanica.eu/chant/69149,Exortum est in tenebris lumen rectis ,h00949,,,,GB-Lbl (London) Add MS 30851,,183r,,,,De Sanctis,12015000,VPR,V,https://musicahispanica.eu/source/20203,,Exortum est in tenebris lumen rectis corde misericors et miserator et justus dominus,,,,,,SEMM,0
,,https://musicahispanica.eu/chant/103240,Fecit lunam in*,h01012,,,,E-Tc (Toledo) 35.5,,060v,,,,Dom. 4 Quadragesimae,07041000,VPR,V,https://musicahispanica.eu/source/20186,,Fecit lunam in*,,,,,,SEMM,0
,,https://musicahispanica.eu/chant/63251,Virgo Israel ornare tympanis tuis et ,h01045,,,,E-L (León) Ms 8,,056v,,,,Exspectationis BMV,14121810,VPR,V,https://musicahispanica.eu/source/20175,,Virgo Israel ornare tympanis tuis et egredere in choro psallentium,,,,,,SEMM,0
,,https://musicahispanica.eu/chant/63334,Virgo Israel*,h01045,,,,E-L (León) Ms 8,,062r,,,,Exspectationis BMV,14121810,VPR,V2,https://musicahispanica.eu/source/20175,,Virgo Israel*,,,,,,SEMM,0
,,https://musicahispanica.eu/chant/72336,Virgo Israel *,h01045,*,,,E-Mh (Madrid) Cod. 30,,099r,,,,Suff. Adventus,,VPR,V2,https://musicahispanica.eu/source/20176,,Virgo Israel *,,,,,,SEMM,0
,,https://musicahispanica.eu/chant/86692,Virgo Israel ornare tympanis tuis et ,h01045,*,,,E-SI (Santo Domingo de Silos) MS 3,,180r,,,,Assumptio Mariae (Hispanic rite),,VPR,V,https://musicahispanica.eu/source/20177,,Virgo Israel ornare tympanis tuis et egredere in choro psallentium,,,,,,SEMM,0
,,https://musicahispanica.eu/chant/74728,Virgo Israel ornare tympanis tuis et ,h01045,*,,,GB-Lbl (London) Add MS 30844,,033r,,,,Exspectationis BMV,14121810,VPR,V,https://musicahispanica.eu/source/20201,,Virgo Israel ornare tympanis tuis et egredere in choro psallentium,,,,,,SEMM,0
,,https://musicahispanica.eu/chant/74806,Virgo Israel *,h01045,*,,,GB-Lbl (London) Add MS 30844,,050r,,,,Exspectationis BMV,14121810,VPR,V2,https://musicahispanica.eu/source/20201,,Virgo Israel *,,,,,,SEMM,0
,,https://musicahispanica.eu/chant/100552,Virgo Israel ornare tympanis tuis et ,h01045,,,,GB-Lbl (London) Add MS 30845,,083v,,,,Assumptio Mariae (Hispanic rite),,VPR,V,https://musicahispanica.eu/source/20196,,Virgo Israel ornare tympanis tuis et egredere in choro psallentium,,,,,,SEMM,0
,,https://musicahispanica.eu/chant/85686,Virgo Israel ornare tympanis ,h01045,*,,,US-NYhsa (New York) B2916,,088v,,,,Exspectationis BMV,14121810,VPR,V,https://musicahispanica.eu/source/84980,,Virgo Israel ornare tympanis ,,,,,,SEMM,0
,,https://musicahispanica.eu/chant/67604,Illumina domine eis qui in tenebris ,h01016,,,,E-L (León) Ms 8,,279r,,,,Pro defunctis,13001000,VPR,V,https://musicahispanica.eu/source/20175,,Illumina domine eis qui in tenebris et in umbra mortis sedent,,,,,,SEMM,0
,,https://musicahispanica.eu/chant/69302,Illumina domine eis qui in tenebris ,h01016,,,,GB-Lbl (London) Add MS 30851,,194r,,,,Pro defunctis Sacerdotibus,13011000,VPR,V,https://musicahispanica.eu/source/20203,,Illumina domine eis qui in tenebris et in umbra mortis sedent,,,,,,SEMM,0
,,https://musicahispanica.eu/chant/62984,Orietur in diebus ejus justitiam et ,h01027,,,,E-L (León) Ms 8,,041v,,,,Dom. 2 Adventus,01021000,VPR,V,https://musicahispanica.eu/source/20175,,Orietur in diebus ejus justitiam et abundantia pacis donec extollatur luna,,,,,,SEMM,0
,,https://musicahispanica.eu/chant/67675,A solis ortu usque ad occasu ,h03333,,,,E-L (León) Ms 8,,281v,,,,Dom. Quotidiano,,VPR,V,https://musicahispanica.eu/source/20175,,A solis ortu usque ad occasu laudabile est nomen domini,,,,,,SEMM,0
,,https://musicahispanica.eu/chant/64009,Scuto circumdabit*,h00294,,,,E-L (León) Ms 8,,100v,,,,Agathae,14020500,VPR,V,https://musicahispanica.eu/source/20175,,Scuto circumdabit*,,,,,,SEMM,0
,,https://musicahispanica.eu/chant/67364,Scuto circumdabit*,h00294,,,,E-L (León) Ms 8,,268v,,,,De Sacratione Baselice,,VPR,V,https://musicahispanica.eu/source/20175,,Scuto circumdabit*,,,,,,SEMM,0
,,https://musicahispanica.eu/chant/67382,Scuto circumdabit te veritas ejus non ,h00294,,,,E-L (León) Ms 8,,268v,,,,De Restauratione Baselicae,,VPR,V,https://musicahispanica.eu/source/20175,,Scuto circumdabit te veritas ejus non timebit a timore nocturno,,,,,,SEMM,0
,,https://musicahispanica.eu/chant/67417,Scuto circumdabit*,h00294,,,,E-L (León) Ms 8,,270r,,,,In ordinatione sive natalitio aepiscoporum,,VPR,V,https://musicahispanica.eu/source/20175,,Scuto circumdabit*,,,,,,SEMM,0
,,https://musicahispanica.eu/chant/68501,Scuto circumdabit te veritas ejus non ,h00294,,,,E-SI (Santo Domingo de Silos) MS 6,,136v,,,,Dom. 9 p. Pent.,09091000,VPR,V,https://musicahispanica.eu/source/20179,,Scuto circumdabit te veritas ejus non timebis a timore nocturno,,,,,,SEMM,0
,,https://musicahispanica.eu/chant/87474,Scuto*,h00294,,,,F-Pn (París) NAL 2199,,016r,,,,In ordinatione sive natalitio aepiscoporum,,VPR,V,https://musicahispanica.eu/source/20195,,Scuto*,,,,,,SEMM,0
,,https://musicahispanica.eu/chant/67555,Tu illuminas lucernam meam domine,h01040,,,,E-L (León) Ms 8,,277r,,,,De uno defuncto,13009000,VPR,V,https://musicahispanica.eu/source/20175,,Tu illuminas lucernam meam domine,,,,,,SEMM,0
,,https://musicahispanica.eu/chant/45945,Tu illuminas lucernam meam domine,h01040,,,,E-Mn (Madrid) MSS/10110,,004v,,,,Fer. 2 Hebd. 1 Quad.,07012000,VPR,N,https://musicahispanica.eu/source/20183,,Tu illuminas lucernam meam domine,,,,,,SEMM,0
,,https://musicahispanica.eu/chant/46289,Tu illuminas,h01040,,,,E-Mn (Madrid) MSS/10110,,022v,,,,Fer. 2 Hebd. 2 Quad.,07022000,VPR,V2,https://musicahispanica.eu/source/20183,,Tu illuminas,,,,,,SEMM,0
,,https://musicahispanica.eu/chant/46573,Tu illuminas*,h01040,,,,E-Mn (Madrid) MSS/10110,,037r,,,,Fer. 2 Hebd. 3 Quad.,07032000,VPR,V2,https://musicahispanica.eu/source/20183,,Tu illuminas*,,,,,,SEMM,0
,,https://musicahispanica.eu/chant/47034,Tu illuminas*,h01040,,,,E-Mn (Madrid) MSS/10110,,053r,,,,Fer. 2 Hebd. 4 Quad.,07042000,VPR,V2,https://musicahispanica.eu/source/20183,,Tu illuminas*,,,,,,SEMM,0
,,https://musicahispanica.eu/chant/51466,Tu illuminas*,h01040,,,,E-Mn (Madrid) MSS/10110,,077r,,,,Fer. 2 Hebd. 5 Quad.,,VPR,V2,https://musicahispanica.eu/source/20183,,Tu illuminas*,,,,,,SEMM,0
,,https://musicahispanica.eu/chant/51953,Tu illuminas lucernam meam domine,h01040,,,,E-Mn (Madrid) MSS/10110,,098v,,,,Fer. 2 Maj. Hebd.,07062000,VPR,V2,https://musicahispanica.eu/source/20183,,Tu illuminas lucernam meam domine,,,,,,SEMM,0
,,https://musicahispanica.eu/chant/71817,Tu illuminas lucernam meam domine,h01040,,,,E-SI (Santo Domingo de Silos) MS 3,,061r,,,,De uno defuncto,13009000,VPR,V,https://musicahispanica.eu/source/20177,,Tu illuminas lucernam meam domine,,,,,,SEMM,0
,,https://musicahispanica.eu/chant/69365,Tu illuminas lucernam meam domine deus ,h01040,,,,GB-Lbl (London) Add MS 30851,,199r,,,,De uno defuncto,13009000,VPR,V,https://musicahispanica.eu/source/20203,,Tu illuminas lucernam meam domine deus meus illumina tenebras meas,,,,,,SEMM,0
,,https://musicahispanica.eu/chant/69384,Tu illuminas,h01040,,,,GB-Lbl (London) Add MS 30851,,200r,,,,De uno defuncto,13009000,VPR,V,https://musicahispanica.eu/source/20203,,Tu illuminas,,,,,,SEMM,0
,,https://musicahispanica.eu/chant/69037,Jubilate domino omnes gentes quia ecce ,h01022,,,,E-Mh (Madrid) Cod. 30,,013r,,,,Suff. Adventus,,VPR,V,https://musicahispanica.eu/source/20176,,Jubilate domino omnes gentes quia ecce veniet salvator omnium deus,,,,,,SEMM,0
,,https://musicahispanica.eu/chant/73744,Jubilate *,h01022,,,,E-Mh (Madrid) Cod. 30,,014v,,,,Suff. Adventus,,VPR,V,https://musicahispanica.eu/source/20176,,Jubilate *,,,,,,SEMM,0
,,https://musicahispanica.eu/chant/73751,Jubilate *,h01022,,,,E-Mh (Madrid) Cod. 30,,015v,,,,Suff. Adventus,,VPR,V,https://musicahispanica.eu/source/20176,,Jubilate *,,,,,,SEMM,0
,,https://musicahispanica.eu/chant/73913,Jubilate *,h01022,,,,E-Mh (Madrid) Cod. 30,,030r,,,,Suff. Adventus,,VPR,V,https://musicahispanica.eu/source/20176,,Jubilate *,,,,,,SEMM,0
,,https://musicahispanica.eu/chant/73956,Jubilate *,h01022,,,,E-Mh (Madrid) Cod. 30,,033v,,,,Suff. Adventus,,VPR,V,https://musicahispanica.eu/source/20176,,Jubilate *,,,,,,SEMM,0
,,https://musicahispanica.eu/chant/73971,Jubilate *,h01022,,,,E-Mh (Madrid) Cod. 30,,035r,,,,Suff. Adventus,,VPR,V,https://musicahispanica.eu/source/20176,,Jubilate *,,,,,,SEMM,0
,,https://musicahispanica.eu/chant/74117,Jubilate *,h01022,,,,E-Mh (Madrid) Cod. 30,,048v,,,,Andreae,14113000,VPR,V,https://musicahispanica.eu/source/20176,,Jubilate *,,,,,,SEMM,0
,,https://musicahispanica.eu/chant/74123,Jubilate *,h01022,*,,,E-Mh (Madrid) Cod. 30,,049v,,,,Andreae,14113000,VPR,V,https://musicahispanica.eu/source/20176,,Jubilate *,,,,,,SEMM,0
,,https://musicahispanica.eu/chant/74128,Jubilate *,h01022,,,,E-Mh (Madrid) Cod. 30,,050v,,,,Andreae,14113000,VPR,V,https://musicahispanica.eu/source/20176,,Jubilate *,,,,,,SEMM,0
,,https://musicahispanica.eu/chant/74133,Jubilate *,h01022,,,,E-Mh (Madrid) Cod. 30,,051v,,,,Andreae,14113000,VPR,V,https://musicahispanica.eu/source/20176,,Jubilate *,,,,,,SEMM,0
,,https://musicahispanica.eu/chant/74139,Jubilate *,h01022,*,,,E-Mh (Madrid) Cod. 30,,053r,,,,Andreae,14113000,VPR,V,https://musicahispanica.eu/source/20176,,Jubilate *,,,,,,SEMM,0
,,https://musicahispanica.eu/chant/74143,Jubilate *,h01022,*,,,E-Mh (Madrid) Cod. 30,,054r,,,,Andreae,14113000,VPR,V,https://musicahispanica.eu/source/20176,,Jubilate *,,,,,,SEMM,0
,,https://musicahispanica.eu/chant/74182,Jubilate *,h01022,*,,,E-Mh (Madrid) Cod. 30,,055v,,,,Dom. 3 Adventus,01031000,VPR,V,https://musicahispanica.eu/source/20176,,Jubilate *,,,,,,SEMM,0
,,https://musicahispanica.eu/chant/74212,Jubilate *,h01022,*,,,E-Mh (Madrid) Cod. 30,,056v,,,,Dom. 3 Adventus,01031000,VPR,V,https://musicahispanica.eu/source/20176,,Jubilate *,,,,,,SEMM,0
,,https://musicahispanica.eu/chant/74262,Jubilate *,h01022,*,,,E-Mh (Madrid) Cod. 30,,076v,,,,Eulaliae Emeritensis,14121010,VPR,V,https://musicahispanica.eu/source/20176,,Jubilate *,,,,,,SEMM,0
,,https://musicahispanica.eu/chant/74264,Jubilate *,h01022,*,,,E-Mh (Madrid) Cod. 30,,078r,,,,Eulaliae Emeritensis,14121010,VPR,V,https://musicahispanica.eu/source/20176,,Jubilate *,,,,,,SEMM,0
,,https://musicahispanica.eu/chant/74268,Jubilate *,h01022,*,,,E-Mh (Madrid) Cod. 30,,078v,,,,Eulaliae Emeritensis,14121010,VPR,V,https://musicahispanica.eu/source/20176,,Jubilate *,,,,,,SEMM,0
,,https://musicahispanica.eu/chant/74331,Jubilate *,h01022,*,,,E-Mh (Madrid) Cod. 30,,101r,,,,Suff. Adventus,,VPR,V,https://musicahispanica.eu/source/20176,,Jubilate *,,,,,,SEMM,0
,,https://musicahispanica.eu/chant/74352,Jubilate *,h01022,*,,,E-Mh (Madrid) Cod. 30,,105r,,,,Suff. Adventus,,VPR,V,https://musicahispanica.eu/source/20176,,Jubilate *,,,,,,SEMM,0
,,https://musicahispanica.eu/chant/74356,Jubilate *,h01022,*,,,E-Mh (Madrid) Cod. 30,,106r,,,,Suff. Adventus,,VPR,V,https://musicahispanica.eu/source/20176,,Jubilate *,,,,,,SEMM,0
,,https://musicahispanica.eu/chant/74360,Jubilate *,h01022,*,,,E-Mh (Madrid) Cod. 30,,107r,,,,Suff. Adventus,,VPR,V,https://musicahispanica.eu/source/20176,,Jubilate *,,,,,,SEMM,0
,,https://musicahispanica.eu/chant/87346,Jubilate domino omnes gentes quia ecce ,h01022,,,,GB-Lbl (London) Add MS 11695 (ff. 1r-4v) ,,001r,,,,Dom. 1 Adventus,01011000,VPR,V,https://musicahispanica.eu/source/20200,,Jubilate domino omnes gentes quia ecce veniet salvator omnium deus,,,,,,SEMM,0
,,https://musicahispanica.eu/chant/66813,Confessio et pulchritudo in conspectu domini,h03336,,,,E-L (León) Ms 8,,244r,,,,Martini,14111100,VPR,V,https://musicahispanica.eu/source/20175,,Confessio et pulchritudo in conspectu domini,,,,,,SEMM,0
,,https://musicahispanica.eu/chant/103766,Confessio et pulchritudo in conspectu domini,h03336,,,,E-Mn (Madrid) MSS/13060,,122v,,,,Martini,14111100,VPR,V,https://musicahispanica.eu/source/103204,,Confessio et pulchritudo in conspectu domini,,,,,,SEMM,0
,,https://musicahispanica.eu/chant/108295,Confessio et pulchritudo in conspectu domini,h03336,*,,,E-Mn (Madrid) MSS/13060,,122v,,,,Martini,14111100,VPR,V,https://musicahispanica.eu/source/103204,,Confessio et pulchritudo in conspectu domini,,,,,,SEMM,0
,,https://musicahispanica.eu/chant/101524,Confessio et pulchritudo in conspectu domini,h03336,,,,GB-Lbl (London) Add MS 30845,,139r,,,,Martini,14111100,VPR,V,https://musicahispanica.eu/source/20196,,Confessio et pulchritudo in conspectu domini,,,,,,SEMM,0
,,https://musicahispanica.eu/chant/69183,Confessio et pulchritudo in conspectu domini,h03336,,,,GB-Lbl (London) Add MS 30851,,186r,,,,Comm. unius Confessoris,12004000,VPR,V,https://musicahispanica.eu/source/20203,,Confessio et pulchritudo in conspectu domini,,,,,,SEMM,0
,,https://musicahispanica.eu/chant/85470,Confessio et pulchritudo in conspectu domini,h03336,,,,US-NYhsa (New York) B2916,,001v,,,,Martini,14111100,VPR,V,https://musicahispanica.eu/source/84980,,Confessio et pulchritudo in conspectu domini,,,,,,SEMM,0
,,https://musicahispanica.eu/chant/67670,In die mandavit dominus misericordiam suam ,h00291,,,,E-L (León) Ms 8,,281v,,,,Dom. Quotidiano,,VPR,V,https://musicahispanica.eu/source/20175,,In die mandavit dominus misericordiam suam et in nocte declaravit ,,,,,,SEMM,0
,,https://musicahispanica.eu/chant/68697,In die mandavit dominus misericordiam suam ,h00291,,,,E-SI (Santo Domingo de Silos) MS 6,,071r,,,,Dom. 3 p. Pent.,09031000,VPR,V,https://musicahispanica.eu/source/20179,,In die mandavit dominus misericordiam suam et in nocte declaravit,,,,,,SEMM,0
,,https://musicahispanica.eu/chant/64205,Videbo caelos domine opera digito sum ,h01044,,,,E-L (León) Ms 8,,111r,,,,Carnes Tollendas,,VPR,V,https://musicahispanica.eu/source/20175,,Videbo caelos domine opera digito sum tuorum lunam et stellas quas tu fundasti,,,,,,SEMM,0
,,https://musicahispanica.eu/chant/65096,Illumina domine vultum tuum super servos ,h01017,,,,E-L (León) Ms 8,,151v,,,,Dom. in Palmis,07061000,VPR,V,https://musicahispanica.eu/source/20175,,Illumina domine vultum tuum super servos tuos et doce nos justificationes tuas ,,,,,,SEMM,0
,,https://musicahispanica.eu/chant/44041,Illumina domine vultum tuum super servos ,h01017,,,,E-Tc (Toledo) 35.5,,109r,,,,Dom. in Palmis,07061000,VPR,V,https://musicahispanica.eu/source/20186,,Illumina domine vultum tuum super servos tuos et doce nos justificationes tuas,,,,,,SEMM,0
,,https://musicahispanica.eu/chant/66552,Me exspectant justi quoadusque retribuas mihi,h01026,,,,E-L (León) Ms 8,,231r,,,,Martini Sacratio,,VPR,V,https://musicahispanica.eu/source/20175,,Me exspectant justi quoadusque retribuas mihi,,,,,,SEMM,0
,,https://musicahispanica.eu/chant/73455,Me expectant justi quoadusque retribuas mihi,h01026,,,,E-Mh (Madrid) Cod. 30,,219v,,,,Eulaliae Barcinonensis,,VPR,V,https://musicahispanica.eu/source/20176,,"Me expectant justi quoadusque retribuas mihi
",,,,,,SEMM,0
,,https://musicahispanica.eu/chant/84232,[Me expectant] justi quoadusque retribuas mihi,h01026,,,,E-Zfm (Zaragoza) Ms-418,,004v,,,,Agathae,14020500,VPR,V,https://musicahispanica.eu/source/20192,,[Me expectant] justi quoadusque retribuas mihi,,,,,,SEMM,0
,,https://musicahispanica.eu/chant/75076,Me expectant justi quoadusque retribuas mihi,h01026,*,,,GB-Lbl (London) Add MS 30844,,104v,,,,Columbae,14123110,VPR,V,https://musicahispanica.eu/source/20201,,Me expectant justi quoadusque retribuas mihi,,,,,,SEMM,0
,,https://musicahispanica.eu/chant/67205,In templo domini omnes dicent gloriam ,h00295,,,,E-L (León) Ms 8,,259v,,,,De Sacratione Baselice,,VPR,V,https://musicahispanica.eu/source/20175,,In templo domini omnes dicent gloriam et sedebit dominus rex in eo,,,,,,SEMM,0
,,https://musicahispanica.eu/chant/68630,In templo domini omnes dicent gloriam ,h00295,,,,E-SI (Santo Domingo de Silos) MS 6,,152v,,,,Dom. 10 p. Pent.,09101000,VPR,V,https://musicahispanica.eu/source/20179,,In templo domini omnes dicent gloriam et sedebit Dominus rex in eo,,,,,,SEMM,0
,,https://musicahispanica.eu/chant/103055,Gloria et honore,h01050,,,,E-Tc (Toledo) 35.7,,106r,,,,Circumcisio Domini,02010110,VPR,V2,https://musicahispanica.eu/source/20188,,Gloria et honore,,,,,,SEMM,0
,,https://musicahispanica.eu/chant/75432,Gloria et honore,h01050,,,,GB-Lbl (London) Add MS 30845,,005v,,,,Hieronimi,14093000,VPR,V,https://musicahispanica.eu/source/20196,,Gloria et honore,,,,,,SEMM,0
,,https://musicahispanica.eu/chant/63723,Qui fecit solem in splendore diei ,h01032,,,,E-L (León) Ms 8,,083v,,,,Epiphania,05010600,VPR,V,https://musicahispanica.eu/source/20175,,Qui fecit solem in splendore diei lunam et stellas illumine noctis,,,,,,SEMM,0
,,https://musicahispanica.eu/chant/56296,Qui fecit solem in splendore diei ,h01032,,,,E-Tc (Toledo) 35.7,,112r,,,,Epiphania,05010600,VPR,V,https://musicahispanica.eu/source/20188,,Qui fecit solem in splendore diei lunam et stellas illumine noctis,,,,,,SEMM,0
,,https://musicahispanica.eu/chant/63875,Splenduit*,h00376,,,,E-L (León) Ms 8,,092v,,,,Dom. p. Allisionis Infantum,,VPR,V,https://musicahispanica.eu/source/20175,,Splenduit*,,,,,,SEMM,0
,,https://musicahispanica.eu/chant/63995,Splenduit lucerna tua domine super caput ,h00376,,,,E-L (León) Ms 8,,100r,,,,Tirsi,,VPR,V,https://musicahispanica.eu/source/20175,,Splenduit lucerna tua domine super caput nostrum et ad lumen ejus ambulavimus in tenebris,,,,,,SEMM,0
,,https://musicahispanica.eu/chant/66359,Splenduit lucerna*,h00376,,,,E-L (León) Ms 8,,219v,,,,"Justae, Rufinae",,VPR,V,https://musicahispanica.eu/source/20175,,Splenduit lucerna*,,,,,,SEMM,0
,,https://musicahispanica.eu/chant/67049,Splenduit lucerna*,h00376,,,,E-L (León) Ms 8,,252v,,,,Commune Virginum,,VPR,V,https://musicahispanica.eu/source/20175,,Splenduit lucerna*,,,,,,SEMM,0
,,https://musicahispanica.eu/chant/69563,[Splenduit lucerna tua domine super caput ,h00376,,,,E-Mh (Madrid) Cod. 30,,016v,,,,Caeciliae,14112200,VPR,V,https://musicahispanica.eu/source/20176,,[Splenduit lucerna tua domine super caput nostrum] sed ad lumen ejus ambulavimus in te[nebris],,,,,,SEMM,0
,,https://musicahispanica.eu/chant/73330,[S]plenduit *,h00376,*,,,E-Mh (Madrid) Cod. 30,,211v,,,,Tirsi,,VPR,V,https://musicahispanica.eu/source/20176,,[S]plenduit *,,,,,,SEMM,0
,,https://musicahispanica.eu/chant/86493,Splenduit lucerna tua domine super caput ,h00376,,,,E-SI (Santo Domingo de Silos) MS 3,,141r,,,,Commune Virginum,,VPR,V,https://musicahispanica.eu/source/20177,,Splenduit lucerna tua domine super caput nostrum et ad lumen ejus ambulavimus in tenebris,,,,,,SEMM,0
,,https://musicahispanica.eu/chant/61901,Splenduit lucerna tua domine super caput ,h00376,,,,E-Tc (Toledo) 35.4,,042r,,,,Torquati et sociorum,,VPR,V,https://musicahispanica.eu/source/20185,,Splenduit lucerna tua domine super caput nostrum et ad lumen ejus ambulavimus in tenebris,,,,,,SEMM,0
,,https://musicahispanica.eu/chant/84400,Splenduit *,h00376,,,,E-Zfm (Zaragoza) Ms-418,,007v,,,,"Emeterii, Celedonii",,VRS,V,https://musicahispanica.eu/source/20192,,Splenduit *,,,,,,SEMM,0
,,https://musicahispanica.eu/chant/75410,Splenduit lucerna tua domine super caput ,h00376,,,,GB-Lbl (London) Add MS 30845,,001r,,,,,,VPR,V,https://musicahispanica.eu/source/20196,,Splenduit lucerna tua domine super caput nostrum sed ad lumen ejus ambulavimus in tenebris,,,,,,SEMM,0
,,https://musicahispanica.eu/chant/66037,Dirigatur domine oratio nostra sicut incensum ,h01003,,,,E-L (León) Ms 8,,203v,,,,Letanias Apostolicas,,VPR,V,https://musicahispanica.eu/source/20175,,Dirigatur domine oratio nostra sicut incensum in conspectu tuo,,,,,,SEMM,0
,,https://musicahispanica.eu/chant/66747,Dirigatur domine*,h01003,,,,E-L (León) Ms 8,,241v,,,,Letanias Canonicas,,VPR,V,https://musicahispanica.eu/source/20175,,Dirigatur domine*,,,,,,SEMM,0
,,https://musicahispanica.eu/chant/74685,Dirigatur domine oratio nostra sicut incen[ ,h01003,,,,E-Mh (Madrid) Cod. 60 (2) and (3),,028v,,,,Letanias,,VPR,V,https://musicahispanica.eu/source/20180,,Dirigatur domine oratio nostra sicut incen[sum] in conspectu tuo,,,,,,SEMM,0
,,https://musicahispanica.eu/chant/75331,Dirigatur domine oratio nostra sicut incensum ,h01003,*,,,GB-Lbl (London) Add MS 30844,,167v,,,,Letanias Apostolicas,,VPR,V,https://musicahispanica.eu/source/20201,,Dirigatur domine oratio nostra sicut incensum in conspectu tuo,,,,,,SEMM,0
,,https://musicahispanica.eu/chant/78132,Dirigatur domine oratio nostra sicut incensum ,h01003,,,,GB-Lbl (London) Add MS 30845,,152r,,,,Letanias Apostolicas,,VPR,V,https://musicahispanica.eu/source/20196,,Dirigatur domine oratio nostra sicut incensum in conspectu tuo,,,,,,SEMM,0
,,https://musicahispanica.eu/chant/77878,Dirigatur domine oratio nostra sicut incensum ,h01003,*,,,GB-Lbl (London) Add MS 30846,,136r,,,,Letanias Apostolicas,,VPR,V,https://musicahispanica.eu/source/20202,,Dirigatur domine oratio nostra sicut incensum in conspectu tuo,,,,,,SEMM,0
,,https://musicahispanica.eu/chant/65643,Laetentur caeli et exultet terra,h00321,,,,E-L (León) Ms 8,,182v,,,,"Dom. Resurrect.,8",08011008,VPR,V,https://musicahispanica.eu/source/20175,,Laetentur caeli et exultet terra,,,,,,SEMM,0
,,https://musicahispanica.eu/chant/61346,Laetentur caeli et exultet terra,h00321,,,,E-Tc (Toledo) 35.4,2,001r,,,,Dom. Resurrectionis,08011000,VPR,V,https://musicahispanica.eu/source/20185,,Laetentur caeli et exultet terra,,,,,,SEMM,0
,,https://musicahispanica.eu/chant/80446,Laetentur caeli et exsultet terra,h00321,,,,GB-Lbl (London) Add MS 30846,,053r,,,,Fer. 3 p. Oct.Pasch.,08023000,VPR,V,https://musicahispanica.eu/source/20202,,Laetentur caeli et exsultet terra,,,,,,SEMM,0
,,https://musicahispanica.eu/chant/80469,Laetentur caeli et exsultet terra,h00321,*,,,GB-Lbl (London) Add MS 30846,,054r,,,,Fer. 3 p. Oct.Pasch.,08023000,VPR,V,https://musicahispanica.eu/source/20202,,Laetentur caeli et exsultet terra,,,,,,SEMM,0
,,https://musicahispanica.eu/chant/80503,Laetentur *,h00321,*,,,GB-Lbl (London) Add MS 30846,,054v,,,,Fer. 4 p. Oct.Pasch.,08024000,VPR,V,https://musicahispanica.eu/source/20202,,Laetentur *,,,,,,SEMM,0
,,https://musicahispanica.eu/chant/80521,Laetentur *,h00321,*,,,GB-Lbl (London) Add MS 30846,,055r,,,,Fer. 6 p. Oct.Pasch.,08026000,VPR,V,https://musicahispanica.eu/source/20202,,Laetentur *,,,,,,SEMM,0
,,https://musicahispanica.eu/chant/80538,Laetentur caeli et exsultet terra ,h00321,*,,,GB-Lbl (London) Add MS 30846,,056r,,,,Fer. 6 p. Oct.Pasch.,08026000,VPR,V,https://musicahispanica.eu/source/20202,,Laetentur caeli et exsultet terra ,,,,,,SEMM,0
,,https://musicahispanica.eu/chant/82673,Laetentur caeli et exsultet terra,h00321,*,,,GB-Lbl (London) Add MS 30846,,077v,,,,Octava Paschae,08021000,VPR,V2,https://musicahispanica.eu/source/20202,,Laetentur caeli et exsultet terra,,,,,,SEMM,0
,,https://musicahispanica.eu/chant/82698,Laetentur caeli *,h00321,*,,,GB-Lbl (London) Add MS 30846,,078r,,,,Octava Paschae,08021000,VPR,V2,https://musicahispanica.eu/source/20202,,Laetentur caeli *,,,,,,SEMM,0
,,https://musicahispanica.eu/chant/82734,Laetentur caeli *,h00321,*,,,GB-Lbl (London) Add MS 30846,,079r,,,,Octava Paschae,08021000,VPR,V2,https://musicahispanica.eu/source/20202,,Laetentur caeli *,,,,,,SEMM,0
,,https://musicahispanica.eu/chant/67585,Eripe domine animas nostras de morte ,h01007,,,,E-L (León) Ms 8,,278v,,,,De defunctorum Aepiscoporum,,VPR,V,https://musicahispanica.eu/source/20175,,Eripe domine animas nostras de morte ut placeamus tibi illumine viventium,,,,,,SEMM,0
,,https://musicahispanica.eu/chant/71711,Eripe domine animas nostras de morte ,h01007,,,,E-SI (Santo Domingo de Silos) MS 3,,057r,,,,Pro defunctis,13001000,VPR,V,https://musicahispanica.eu/source/20177,,Eripe domine animas nostras de morte ut placeamus tibi illumine viventium,,,,,,SEMM,0
,,https://musicahispanica.eu/chant/85017,Eripe domine animas nostras de morte ,h01007,,,,E-SI (Santo Domingo de Silos) MS 7,,012r,,,,Pro defunctis,13001000,VPR,V,https://musicahispanica.eu/source/20181,,Eripe domine animas nostras de morte ut placeamus tibi illumine viventium,,,,,,SEMM,0
,,https://musicahispanica.eu/chant/69284,Eripe domine animas nostras de morte ,h01007,,,,GB-Lbl (London) Add MS 30851,,192v,,,,Pro defunctis Sacerdotibus,13011000,VPR,V,https://musicahispanica.eu/source/20203,,Eripe domine animas nostras de morte ut placeamus tibi illumine viventium,,,,,,SEMM,0
,,https://musicahispanica.eu/chant/69285,Reple domine splendoribus animas nostras et ,h01007,,,,GB-Lbl (London) Add MS 30851,,193r,,,,Pro defunctis Sacerdotibus,13011000,VPRV,V,https://musicahispanica.eu/source/20203,,Reple domine splendoribus animas nostras et ossa nostra libera,,,,,,SEMM,0
,,https://musicahispanica.eu/chant/69317,Eripe domine*,h01007,,,,GB-Lbl (London) Add MS 30851,,195v,,,,Pro defunctis Sacerdotibus,13011000,VPR,V,https://musicahispanica.eu/source/20203,,Eripe domine*,,,,,,SEMM,0
,,https://musicahispanica.eu/chant/67674,Sol agnovit occasum suum posuisti tenebras ,h01036,,,,E-L (León) Ms 8,,281v,,,,Dom. Quotidiano,,VPR,V,https://musicahispanica.eu/source/20175,,Sol agnovit occasum suum posuisti tenebras et facta est nox,,,,,,SEMM,0
,,https://musicahispanica.eu/chant/106610,Sol agnovit*,h01036,,,,E-Mn (Madrid) MSS/10110,,032r,,,,Fer. 6 Hebd. 2 Quad.,07026000,VPR,V2,https://musicahispanica.eu/source/20183,,Sol agnovit*,,,,,,SEMM,0
,,https://musicahispanica.eu/chant/106726,Sol agnovit*,h01036,,,,E-Mn (Madrid) MSS/10110,,048r,,,,Fer. 6 Hebd. 3 Quad.,07036000,VPR,V2,https://musicahispanica.eu/source/20183,,Sol agnovit*,,,,,,SEMM,0
,,https://musicahispanica.eu/chant/107219,Sol agnovit occasum*,h01036,,,,E-Mn (Madrid) MSS/10110,,113r,,,,Fer. 6 Hebd. 5 Quad.,,VPR,V2,https://musicahispanica.eu/source/20183,,Sol agnovit occasum*,,,,,,SEMM,0
,,https://musicahispanica.eu/chant/46248,Sol agnovit occasum suum posuisti tenebras ,h01036,,,,E-Mn (Madrid) MSS/10110,,000v,,,,Fer. 6 Hebd. 1 Quad.,07016000,VPR,V2,https://musicahispanica.eu/source/20183,,Sol agnovit occasum suum posuisti tenebras et facta est nox,,,,,,SEMM,0
,,https://musicahispanica.eu/chant/48057,Sol agnovit occasum*,h01036,,,,E-Mn (Madrid) MSS/10110,,069v,,,,Fer. 6 Hebd. 4 Quad.,07046000,VPR,V2,https://musicahispanica.eu/source/20183,,Sol agnovit occasum*,,,,,,SEMM,0
,,https://musicahispanica.eu/chant/103153,Sol agnovit occasum suum,h01036,,,,E-Tc (Toledo) 35.5,,015r,,,,Fer. 6 Hebd. 1 Quad.,07016000,VPR,V,https://musicahispanica.eu/source/20186,,Sol agnovit occasum suum,,,,,,SEMM,0
,,https://musicahispanica.eu/chant/103184,Sol agnovit*,h01036,,,,E-Tc (Toledo) 35.5,,037r,,,,Fer. 6 Hebd. 2 Quad.,07026000,VPR,V,https://musicahispanica.eu/source/20186,,Sol agnovit*,,,,,,SEMM,0
,,https://musicahispanica.eu/chant/103236,Sol agnovit occasum*,h01036,,,,E-Tc (Toledo) 35.5,,060r,,,,Fer. 6 Hebd. 3 Quad.,07036000,VPR,V,https://musicahispanica.eu/source/20186,,Sol agnovit occasum*,,,,,,SEMM,0
,,https://musicahispanica.eu/chant/103313,Sol agnovit*,h01036,,,,E-Tc (Toledo) 35.5,,087r,,,,Fer. 6 Hebd. 4 Quad.,07046000,VPR,V2,https://musicahispanica.eu/source/20186,,Sol agnovit*,,,,,,SEMM,0
,,https://musicahispanica.eu/chant/103383,Sol agnovit*,h01036,,,,E-Tc (Toledo) 35.5,,108v,,,,Fer. 6 Hebd. 5 Quad.,,VPR,V2,https://musicahispanica.eu/source/20186,,Sol agnovit*,,,,,,SEMM,0
,,https://musicahispanica.eu/chant/62840,Gloria et honore*,h00185,,,,E-L (León) Ms 8,,034r,,,,Clementis,14112300,VPR,V,https://musicahispanica.eu/source/20175,,Gloria et honore*,,,,,,SEMM,0
,,https://musicahispanica.eu/chant/62946,Gloria et honore coronasti eum domine,h00185,,,,E-L (León) Ms 8,,039v,,,,Andreae,14113000,VPR,V,https://musicahispanica.eu/source/20175,,Gloria et honore coronasti eum domine,,,,,,SEMM,0
,,https://musicahispanica.eu/chant/63525,Gloria et honore*,h00185,,,,E-L (León) Ms 8,,073r,,,,Nativitas Domini,02122500,VPR,V2,https://musicahispanica.eu/source/20175,,Gloria et honore*,,,,,,SEMM,0
,,https://musicahispanica.eu/chant/63569,Gloria et honore coronasti*,h00185,,,,E-L (León) Ms 8,,075r,,,,Jacobi fratris Domini,,VPR,V,https://musicahispanica.eu/source/20175,,Gloria et honore coronasti*,,,,,,SEMM,0
,,https://musicahispanica.eu/chant/63638,Gloria et honore coronasti eum domine,h00185,,,,E-L (León) Ms 8,,079r,,,,Circumcisio Domini,02010110,VPR,V,https://musicahispanica.eu/source/20175,,Gloria et honore coronasti eum domine,,,,,,SEMM,0
,,https://musicahispanica.eu/chant/63687,Gloria et honore*,h00185,,,,E-L (León) Ms 8,,082r,,,,Circumcisio Domini,02010110,VPR,V2,https://musicahispanica.eu/source/20175,,Gloria et honore*,,,,,,SEMM,0
,,https://musicahispanica.eu/chant/64050,Gloria et honore*,h00185,,,,E-L (León) Ms 8,,103r,,,,Cathedra Petri,14022200,VPR,V,https://musicahispanica.eu/source/20175,,Gloria et honore*,,,,,,SEMM,0
,,https://musicahispanica.eu/chant/66274,Gloria et honore*,h00185,,,,E-L (León) Ms 8,,215v,,,,Joannis Baptistae,14062400,VPR,V2,https://musicahispanica.eu/source/20175,,Gloria et honore*,,,,,,SEMM,0
,,https://musicahispanica.eu/chant/66432,Gloria et honore*,h00185,,,,E-L (León) Ms 8,,224r,,,,Felicis,14072900,VPR,V,https://musicahispanica.eu/source/20175,,Gloria et honore*,,,,,,SEMM,0
,,https://musicahispanica.eu/chant/67444,Gloria et honore*,h00185,,,,E-L (León) Ms 8,,271v,,,,Ordinatione sive natalicio regis,,VPR,V,https://musicahispanica.eu/source/20175,,Gloria et honore*,,,,,,SEMM,0
,,https://musicahispanica.eu/chant/71988,Gloria et honore coronasti eum domine,h00185,,,,E-SI (Santo Domingo de Silos) MS 3,,118v,,,,De uno justi,,VPR,V,https://musicahispanica.eu/source/20177,,Gloria et honore coronasti eum domine,,,,,,SEMM,0
,,https://musicahispanica.eu/chant/68483,Gloriam et honorem coronasti eum domine,h00185,,,,E-SI (Santo Domingo de Silos) MS 6,,004v,,,,De uno justi,,VPR,V,https://musicahispanica.eu/source/20179,,Gloriam et honorem coronasti eum domine,,,,,,SEMM,0
,,https://musicahispanica.eu/chant/92534,Gloria et honore coronasti eum domine,h00185,,,,E-Tc (Toledo) 35.6,,182v,,,,Felicis Gerundae,,VPR,V,https://musicahispanica.eu/source/20187,,Gloria et honore coronasti eum domine,,,,,,SEMM,0
,,https://musicahispanica.eu/chant/55722,Gloria et honore coronasti eum domine,h00185,,,,E-Tc (Toledo) 35.7,,086v,,,,Joannis Evang.,02122700,VPR,V,https://musicahispanica.eu/source/20188,,Gloria et honore coronasti eum domine,,,,,,SEMM,0
,,https://musicahispanica.eu/chant/55923,Gloria et honore*,h00185,,,,E-Tc (Toledo) 35.7,,094v,,,,Circumcisio Domini,02010110,VPR,V,https://musicahispanica.eu/source/20188,,Gloria et honore*,,,,,,SEMM,0
,,https://musicahispanica.eu/chant/88863,Gloria et honorem *,h00185,*,,,F-Pn (París) NAL 239,,068v,,,,Pelagii,14082840,VPR,V,https://musicahispanica.eu/source/20194,,Gloria et honorem *,,,,,,SEMM,0
,,https://musicahispanica.eu/chant/75007,Gloria et honore *,h00185,*,,,GB-Lbl (London) Add MS 30844,,093v,,,,Jacobi fratris Domini,,VPR,V,https://musicahispanica.eu/source/20201,,Gloria et honore *,,,,,,SEMM,0
,,https://musicahispanica.eu/chant/75037,Gloria et honore *,h00185,*,,,GB-Lbl (London) Add MS 30844,,098v,,,,Joannis Evang.,02122700,VPR,V,https://musicahispanica.eu/source/20201,,Gloria et honore *,,,,,,SEMM,0
,,https://musicahispanica.eu/chant/75205,Gloria et honore *,h00185,*,,,GB-Lbl (London) Add MS 30844,,138r,,,,Cathedra Petri,14022200,VPR,V,https://musicahispanica.eu/source/20201,,Gloria et honore *,,,,,,SEMM,0
,,https://musicahispanica.eu/chant/100484,Gloria et honore *,h00185,*,,,GB-Lbl (London) Add MS 30845,,081r,,,,Martini Sacratio,,VPR,V,https://musicahispanica.eu/source/20196,,Gloria et honore *,,,,,,SEMM,0
,,https://musicahispanica.eu/chant/100622,Gloriam et honorem *,h00185,,,,GB-Lbl (London) Add MS 30845,,096r,,,,Genesii,14082530,VPR,V,https://musicahispanica.eu/source/20196,,Gloriam et honorem *,,,,,,SEMM,0
,,https://musicahispanica.eu/chant/101920,Gloria *,h00185,,,,GB-Lbl (London) Add MS 30845,,160v,,,,Bartholomaei,14082400,VPR,V,https://musicahispanica.eu/source/20196,,Gloria *,,,,,,SEMM,0
,,https://musicahispanica.eu/chant/98800,Gloriam et honore *,h00185,,,,GB-Lbl (London) Add MS 30845,,024r,,,,Pelagii,14082840,VPR,V,https://musicahispanica.eu/source/20196,,Gloriam et honore *,,,,,,SEMM,0
,,https://musicahispanica.eu/chant/99517,Gloria et honorem coronasti eum domine,h00185,,,,GB-Lbl (London) Add MS 30845,,056r,,,,Felicis,14072900,VPR,V,https://musicahispanica.eu/source/20196,,Gloria et honorem coronasti eum domine,,,,,,SEMM,0
,,https://musicahispanica.eu/chant/82821,Gloria et honorem coronasti eum domine ,h00185,*,,,GB-Lbl (London) Add MS 30846,,094r,,,,Philippi Nerii,14052620,VPR,V,https://musicahispanica.eu/source/20202,,Gloria et honorem coronasti eum domine ,,,,,,SEMM,0
,,https://musicahispanica.eu/chant/69166,Gloria et honore coronasti eum domine,h00185,,,,GB-Lbl (London) Add MS 30851,,184v,,,,De unius tristi,,VPR,V,https://musicahispanica.eu/source/20203,,Gloria et honore coronasti eum domine,,,,,,SEMM,0
,,https://musicahispanica.eu/chant/67676,Tenebrae non obscurantur a te domine ,h01038,,,,E-L (León) Ms 8,,281v,,,,Dom. Quotidiano,,VPR,V,https://musicahispanica.eu/source/20175,,Tenebrae non obscurantur a te domine et nox sicut dies illuminabitur,,,,,,SEMM,0
,,https://musicahispanica.eu/chant/64311,Vespere mane et meridie te laudamus ,h01042,,,,E-L (León) Ms 8,,115r,,,,Carnes Tollendas,,VPR,V,https://musicahispanica.eu/source/20175,,Vespere mane et meridie te laudamus domine,,,,,,SEMM,0
,,https://musicahispanica.eu/chant/106825,Vespere mane et meridie te laudamus ,h01042,,,,E-Mn (Madrid) MSS/10110,,061v,,,,Fer. 4 Hebd. 4 Quad.,07044000,VPR,V2,https://musicahispanica.eu/source/20183,,Vespere mane et meridie te laudamus domine,,,,,,SEMM,0
,,https://musicahispanica.eu/chant/107206,Vespere mane*,h01042,,,,E-Mn (Madrid) MSS/10110,,108v,,,,Fer. 4 Maj. Hebd.,07064000,VPR,V2,https://musicahispanica.eu/source/20183,,Vespere mane*,,,,,,SEMM,0
,,https://musicahispanica.eu/chant/46208,Vespere mane et meridie te laudamus ,h01042,,,,E-Mn (Madrid) MSS/10110,,011v,,,,Fer. 4 Hebd. 1 Quad.,07014000,VPR,V2,https://musicahispanica.eu/source/20183,,Vespere mane et meridie te laudamus domine,,,,,,SEMM,0
,,https://musicahispanica.eu/chant/46373,Vespere mane et*,h01042,,,,E-Mn (Madrid) MSS/10110,,027v,,,,Fer. 4 Hebd. 2 Quad.,07024000,VPR,V2,https://musicahispanica.eu/source/20183,,Vespere mane et*,,,,,,SEMM,0
,,https://musicahispanica.eu/chant/86636,Vespere mane et meridie te laudamus ,h01042,,,,E-SI (Santo Domingo de Silos) MS 3,,171r,,,,Fer. 3 per annum,04003000,VPR,V,https://musicahispanica.eu/source/20177,,Vespere mane et meridie te laudamus domine,,,,,,SEMM,0
,,https://musicahispanica.eu/chant/103150,Vespere mane et meridie te laudamus ,h01042,,,,E-Tc (Toledo) 35.5,,010r,,,,Fer. 4 Hebd. 1 Quad.,07014000,VPR,V,https://musicahispanica.eu/source/20186,,Vespere mane et meridie te laudamus domine,,,,,,SEMM,0
,,https://musicahispanica.eu/chant/103177,Vespere*,h01042,,,,E-Tc (Toledo) 35.5,,032v,,,,Fer. 4 Hebd. 2 Quad.,07024000,VPR,V,https://musicahispanica.eu/source/20186,,Vespere*,,,,,,SEMM,0
,,https://musicahispanica.eu/chant/103375,Vespere mane*,h01042,,,,E-Tc (Toledo) 35.5,,104v,,,,Fer. 4 Hebd. 5 Quad.,,VPR,MASS,https://musicahispanica.eu/source/20186,,Vespere mane*,,,,,,SEMM,0
,,https://musicahispanica.eu/chant/78046,Vespere mane*,h01042,,,,GB-Lbl (London) Add MS 30846,,159v,,,,Fer. 6 de Letanias Apostolicas,,VPR,V2,https://musicahispanica.eu/source/20202,,Vespere mane*,,,,,,SEMM,0
,,https://musicahispanica.eu/chant/66588,Adhaesi sermoniis tuis domine noli me ,h03334,,,,E-L (León) Ms 8,,233r,,,,Augustini,14082800,VPR,V,https://musicahispanica.eu/source/20175,,Adhaesi sermoniis tuis domine noli me confundere viam mandatorum tuorum cucurri cum dilatares cor meum,,,,,,SEMM,0
,,https://musicahispanica.eu/chant/67677,Ad vesperum demorabitur fletus et ad ,h00293,,,,E-L (León) Ms 8,,281v,,,,Dom. Quotidiano,,VPR,V,https://musicahispanica.eu/source/20175,,Ad vesperum demorabitur fletus et ad matutinum laetitia,,,,,,SEMM,0
,,https://musicahispanica.eu/chant/68429,Ad vesperum demorabitur fletus et ad ,h00293,,,,E-SI (Santo Domingo de Silos) MS 6,,124r,,,,Dom. 8 p. Pent.,09081000,VPR,V,https://musicahispanica.eu/source/20179,,Ad vesperum demorabitur fletus et ad matutinum laetitia,,,,,,SEMM,0
,,https://musicahispanica.eu/chant/64259,Illuminatio mea deus defensor vitae meae ,h01020,,,,E-L (León) Ms 8,,113r,,,,Carnes Tollendas,,VPR,V,https://musicahispanica.eu/source/20175,,Illuminatio mea deus defensor vitae meae aquo trepidabo,,,,,,SEMM,0
,,https://musicahispanica.eu/chant/64887,Expandi manus meas ad te velociter ,h01011,,,,E-L (León) Ms 8,,141v,,,,Fer. 6 Hebd. 3 Quad.,07036000,VPR,V2,https://musicahispanica.eu/source/20175,,Expandi manus meas ad te velociter exaudi me domine,,,,,,SEMM,0
,,https://musicahispanica.eu/chant/66003,Dominus ascendit in caelos et tonat ,h00378,,,,E-L (León) Ms 8,,202r,,,,Dom. p. Ascensionem,,VPR,V,https://musicahispanica.eu/source/20175,,Dominus ascendit in caelos et tonat et ipse judicabit extrema terrae,,,,,,SEMM,0
,,https://musicahispanica.eu/chant/62005,Dominus ascendit in caelos et tonat ,h00378,,,,E-Tc (Toledo) 35.4,,066v,,,,Dom. p. Ascensionem,,VPR,V,https://musicahispanica.eu/source/20185,,Dominus ascendit in caelos et tonat et ipse judicabit extrema terrae,,,,,,SEMM,0
,,https://musicahispanica.eu/chant/62023,Dominus ascendit*,h00378,,,,E-Tc (Toledo) 35.4,,070r,,,,Dom. p. Ascensionem,,VPR,V2,https://musicahispanica.eu/source/20185,,Dominus ascendit*,,,,,,SEMM,0
,,https://musicahispanica.eu/chant/83547,Dominus ascendit in caelos et tonat ,h00378,*,,,GB-Lbl (London) Add MS 30846,,124v,,,,Dom. p. Ascensionem,,VPR,V,https://musicahispanica.eu/source/20202,,Dominus ascendit in caelos et tonat et ipse judicabit extrema terrae,,,,,,SEMM,0
,,https://musicahispanica.eu/chant/83601,Dominus ascendit *,h00378,*,,,GB-Lbl (London) Add MS 30846,,129v,,,,Dom. p. Ascensionem,,VPR,V2,https://musicahispanica.eu/source/20202,,Dominus ascendit *,,,,,,SEMM,0
,,https://musicahispanica.eu/chant/83608,Dominus ascendit *,h00378,*,,,GB-Lbl (London) Add MS 30846,,130r,,,,Fer. 2 p. Ascensio.,,VPR,V,https://musicahispanica.eu/source/20202,,Dominus ascendit *,,,,,,SEMM,0
,,https://musicahispanica.eu/chant/63208,In sole posuit tabernaculum suum altissimus ,h01015,,,,E-L (León) Ms 8,,053v,,,,Dom. 4 Adventus,01041000,VPR,V,https://musicahispanica.eu/source/20175,,In sole posuit tabernaculum suum altissimus et pise tanquam sponsus procedens et thalamo suo,,,,,,SEMM,0
,,https://musicahispanica.eu/chant/74336,I*,h01015,,,,E-Mh (Madrid) Cod. 30,,102r,,,,Dom. 5 Adventus,,VPR,V,https://musicahispanica.eu/source/20176,,I*,,,,,,SEMM,0
,,https://musicahispanica.eu/chant/66211,Lucerna pedibus meis verbum tuum domine ,h01024,,,,E-L (León) Ms 8,,211v,,,,Joannis Baptistae,14062400,VPR,V,https://musicahispanica.eu/source/20175,,Lucerna pedibus meis verbum tuum domine et lumen semitis meis,,,,,,SEMM,0
,,https://musicahispanica.eu/chant/66637,Lucerna pedibus*,h01024,,,,E-L (León) Ms 8,,235v,,,,Decoll. Jo. Bapt.,14082900,VPR,V,https://musicahispanica.eu/source/20175,,Lucerna pedibus*,,,,,,SEMM,0
,,https://musicahispanica.eu/chant/92114,Lucerna pedibus meis verbum tuum domine ,h01024,,,,E-Tc (Toledo) 35.6,,123v,,,,Joannis Baptistae,14062400,VPR,V,https://musicahispanica.eu/source/20187,,Lucerna pedibus meis verbum tuum domine et lumen semitis meis,,,,,,SEMM,0
,,https://musicahispanica.eu/chant/92125,Lucerna pedibus meis*,h01024,,,,E-Tc (Toledo) 35.6,,124r,,,,Joannis Baptistae,14062400,VPR,V,https://musicahispanica.eu/source/20187,,Lucerna pedibus meis*,,,,,,SEMM,0
,,https://musicahispanica.eu/chant/100996,Lucerna pedibus *,h01024,,,,GB-Lbl (London) Add MS 30845,,112r,,,,Decoll. Jo. Bapt.,14082900,VPR,V,https://musicahispanica.eu/source/20196,,Lucerna pedibus *,,,,,,SEMM,0
,,https://musicahispanica.eu/chant/90268,Lucerna pedibus meis verbum tuum domine ,h01024,,,,GB-Lbl (London) Add MS 30845,,013r,,,,Joannis Baptistae,14062400,VPR,V,https://musicahispanica.eu/source/20196,,Lucerna pedibus meis verbum tuum domine et lumen semitis meis,,,,,,SEMM,0
,,https://musicahispanica.eu/chant/63448,Paravi lucernam Christo meo inimicos ejus ,h01028,,,,E-L (León) Ms 8,,068r,,,,Nativitas Domini,02122500,VPR,V,https://musicahispanica.eu/source/20175,,Paravi lucernam Christo meo inimicos ejus induam confusione super ipsum autem florebit sanctificatio mea,,,,,,SEMM,0
,,https://musicahispanica.eu/chant/72439,Paravi lucernam Christo meo inimicos ejus ,h01028,,,,E-Mh (Madrid) Cod. 30,,113v,,,,Nativitas Domini,02122500,VPR,V,https://musicahispanica.eu/source/20176,,Paravi lucernam Christo meo inimicos ejus induam confusione super ipsum autem florebit sanctificatio mea,,,,,,SEMM,0
,,https://musicahispanica.eu/chant/54941,Paravi lucernam Christo meo inimicos ejus ,h01028,,,,E-Tc (Toledo) 35.7,,055r,,,,Nativitas Domini,02122500,VPR,V,https://musicahispanica.eu/source/20188,,Paravi lucernam Christo meo inimicos ejus induam confusione super ipsum autem florebit sanctificatio mea,,,,,,SEMM,0
,,https://musicahispanica.eu/chant/74817,Paravi lucernam Christo meo inimicos ejus ,h01028,*,,,GB-Lbl (London) Add MS 30844,,057r,,,,Nativitas Domini,02122500,VPR,V,https://musicahispanica.eu/source/20201,,Paravi lucernam Christo meo inimicos ejus induam confusione super ipsum autem florebit sanctificatio mea,,,,,,SEMM,0
,,https://musicahispanica.eu/chant/67668,In noctibus extollite manus vestras in ,h00208,,,,E-L (León) Ms 8,,281v,,,,Dom. Quotidiano,,VPR,V,https://musicahispanica.eu/source/20175,,In noctibus extollite manus vestras in sancta et benedicite domino,,,,,,SEMM,0
,,https://musicahispanica.eu/chant/86534,In noctibus extollite manus vestras in ,h00208,,,,E-SI (Santo Domingo de Silos) MS 3,,148v,,,,Fest. per annum,04000000,VPR,V,https://musicahispanica.eu/source/20177,,In noctibus extollite manus vestras in sancta et benedicite domino,,,,,,SEMM,0
,,https://musicahispanica.eu/chant/68334,In noctibus extollite manus vestras in ,h00208,,,,E-SI (Santo Domingo de Silos) MS 6,,060r,,,,Dom. 2 p. Pent.,09021000,VPR,V,https://musicahispanica.eu/source/20179,,In noctibus extollite manus vestras in sancta et benedicite Domino,,,,,,SEMM,0
,,https://musicahispanica.eu/chant/68777,In noctibus extollite manus vestras in ,h00208,,,,E-SI (Santo Domingo de Silos) MS 6,,025r,,,,Commune unius Virginis,,VPR,V,https://musicahispanica.eu/source/20179,,In noctibus extollite manus vestras in sancta et benedicite domino,,,,,,SEMM,0
,,https://musicahispanica.eu/chant/108268,In noctibus*,h00208,,,,E-Tc (Toledo) 35.4,,104r,,,,Dom. 4 Quotidiano,,VPR,V,https://musicahispanica.eu/source/20185,,In noctibus*,,,,,,SEMM,0
,,https://musicahispanica.eu/chant/108678,In noctibus*,h00208,,,,E-Tc (Toledo) 35.4,,149r,,,,Dom. 15 Quotidiano,,VPR,V,https://musicahispanica.eu/source/20185,,In noctibus*,,,,,,SEMM,0
,,https://musicahispanica.eu/chant/69711,In noctibus extollite manus vestras in ,h00208,,,,E-Tc (Toledo) 35.4,2,082v,,,,Dom. 1 Quotidiano,,VPR,V,https://musicahispanica.eu/source/20185,,In noctibus extollite manus vestras in sancta et benedicite domino,,,,,,SEMM,0
,,https://musicahispanica.eu/chant/70152,In noctibus*,h00208,,,,E-Tc (Toledo) 35.4,,113r,,,,Dom. 6 Quotidiano,,VPR,V,https://musicahispanica.eu/source/20185,,In noctibus*,,,,,,SEMM,0
,,https://musicahispanica.eu/chant/103144,In noctibus*,h00208,,,,E-Tc (Toledo) 35.5,,005r,,,,Dom. 1 Quadragesimae,07011000,VPR,V2,https://musicahispanica.eu/source/20186,,In noctibus*,,,,,,SEMM,0
,,https://musicahispanica.eu/chant/103206,In noctibus extollite*,h00208,,,,E-Tc (Toledo) 35.5,,050v,,,,Dom. 3 Quadragesimae,07031000,VPR,V2,https://musicahispanica.eu/source/20186,,In noctibus extollite*,,,,,,SEMM,0
,,https://musicahispanica.eu/chant/87450,In noctibus extollite manus vestras in ,h00208,,,,F-Pn (París) NAL 2199,,015r,,,,Dom. Quotidiano,,VPR,V,https://musicahispanica.eu/source/20195,,In noctibus extollite manus vestras in sancta et benedicite domino,,,,,,SEMM,0
,,https://musicahispanica.eu/chant/52274,In noctibus extollite manus vestras in ,h00208,,,,GB-Lbl (London) Add MS 30850,,001v,,,,Dom. 1 Quotidiano,,VPR,V,https://musicahispanica.eu/source/20199,,In noctibus extollite manus vestras in sancta et benedicite domino virtutis in domo domini in actus domus nostri,,,,,,SEMM,0
,,https://musicahispanica.eu/chant/69197,In noctibus extollite manus vestras in ,h00208,,,,GB-Lbl (London) Add MS 30851,,186v,,,,Commune Virginum,,VPR,V,https://musicahispanica.eu/source/20203,,In noctibus extollite manus vestras in sancta et benedicite dominum,,,,,,SEMM,0
,,https://musicahispanica.eu/chant/69418,In noctibus extollite,h00208,,,,GB-Lbl (London) Add MS 30851,,202v,,,,Dom. Quotidiano,,VPR,V,https://musicahispanica.eu/source/20203,,In noctibus extollite,,,,,,SEMM,0
,,https://musicahispanica.eu/chant/64750,Principes persecuti sunt me gratis et ,h01030,,,,E-L (León) Ms 8,,134v,,,,Dom. 3 Quadragesimae,07031000,VPR,V2,https://musicahispanica.eu/source/20175,,Principes persecuti sunt me gratis et a verbis tuis formidavit cor meum,,,,,,SEMM,0
,,https://musicahispanica.eu/chant/84638,Confessio et pulchritudo in conspectu domini,h01001,,,,E-SI (Santo Domingo de Silos) MS 5,,040r,,,,Martini,14111100,VPR,V,https://musicahispanica.eu/source/20178,,Confessio et pulchritudo in conspectu domini,,,,,,SEMM,0
,,https://musicahispanica.eu/chant/62853,Erit lux magna in tempore vespertini ,h03342,,,,E-L (León) Ms 8,,034v,,,,Dom. 1 Adventus,01011000,VPR,V,https://musicahispanica.eu/source/20175,,Erit lux magna in tempore vespertini quia ecce veniet dominus deus noster,,,,,,SEMM,0
,,https://musicahispanica.eu/chant/64778,Domine libera animam meam a labiis ,h03338,,,,E-L (León) Ms 8,,135v,,,,Fer. 2 Hebd. 3 Quad.,07032000,VPR,V,https://musicahispanica.eu/source/20175,,Domine libera animam meam a labiis iniquis et a lingua dolosa,,,,,,SEMM,0
,,https://musicahispanica.eu/chant/88490,Sicut Christus surgens a mortuis per ,h01034,,,,E-L (León) Ms 8,marg.,196v,,,,Inventio Crucis,14050300,VPR,V,https://musicahispanica.eu/source/20175,,Sicut Christus surgens a mortuis per gloriam patris ambulemus novitate ,,,,,,SEMM,0
,,https://musicahispanica.eu/chant/88493,Sicut Christus* ,h01034,,,,E-L (León) Ms 8,,196v,,,,Inventio Crucis,14050300,VPR,V,https://musicahispanica.eu/source/20175,,Sicut Christus* ,,,,,,SEMM,0
,,https://musicahispanica.eu/chant/66474,Praeceptum domini lucidum illuminans oculos sapientia ,h01029,,,,E-L (León) Ms 8,,226r,,,,"Justi, Pastoris",14080630,VPR,V,https://musicahispanica.eu/source/20175,,Praeceptum domini lucidum illuminans oculos sapientia praestans parvulis,,,,,,SEMM,0
,,https://musicahispanica.eu/chant/92627,Praeceptum domini lucidum illuminans oculos sapientia ,h01029,,,,E-Tc (Toledo) 35.6,,192r,,,,"Justi, Pastoris",14080630,VPR,V,https://musicahispanica.eu/source/20187,,Praeceptum domini lucidum illuminans oculos sapientia praestans parvulis,,,,,,SEMM,0
,,https://musicahispanica.eu/chant/99727,Praeceptum domini lucidum illuminans oculos sapientia ,h01029,,,,GB-Lbl (London) Add MS 30845,,064r,,,,"Justi, Pastoris",14080630,VPR,V,https://musicahispanica.eu/source/20196,,Praeceptum domini lucidum illuminans oculos sapientia praestans parvulis,,,,,,SEMM,0
,,https://musicahispanica.eu/chant/64903,Illumina oculos meos domine ne umquam ,h01018,,,,E-L (León) Ms 8,,142v,,,,Dom. 4 Quadragesimae,07041000,VPR,V,https://musicahispanica.eu/source/20175,,Illumina oculos meos domine ne umquam obdormiam in morte,,,,,,SEMM,0
,,https://musicahispanica.eu/chant/65254,Illumina oculos meos domine ne umquam ,h01018,,,,E-L (León) Ms 8,,160v,,,,Fer. 4 Maj. Hebd.,07064000,VPR,V,https://musicahispanica.eu/source/20175,,Illumina oculos meos domine ne umquam obdormiam in morte,,,,,,SEMM,0
,,https://musicahispanica.eu/chant/64146,Psallam et intellegam in via immaculata ,h01031,,,,E-L (León) Ms 8,,108v,,,,Carnes Tollendas,,VPR,V2,https://musicahispanica.eu/source/20175,,Psallam et intellegam in via immaculata quando venies ad me,,,,,,SEMM,0
,,https://musicahispanica.eu/chant/63053,Ecce lux venit ambulate filii lucis ,h03339,,,,E-L (León) Ms 8,,045v,,,,Dom. 3 Adventus,01031000,VPR,V,https://musicahispanica.eu/source/20175,,Ecce lux venit ambulate filii lucis illumine ejus,,,,,,SEMM,0
,,https://musicahispanica.eu/chant/65259,Domine libera animam,h01004,,,,E-L (León) Ms 8,,161r,,,,Fer. 4 Maj. Hebd.,07064000,VRS,V2,https://musicahispanica.eu/source/20175,,Domine libera animam,,,,,,SEMM,0
,,https://musicahispanica.eu/chant/67496,Signatum est super nos lumen vultus ,h01035,,,,E-L (León) Ms 8,,274v,,,,Pro infirmis,16013030,VPR,V,https://musicahispanica.eu/source/20175,,Signatum est super nos lumen vultus tui domine,,,,,,SEMM,0
,,https://musicahispanica.eu/chant/69268,Signatum est super me lumen vultus ,h01035,,,,GB-Lbl (London) Add MS 30851,,191v,,,,Pro uno infirmo,16013020,VPR,V,https://musicahispanica.eu/source/20203,,Signatum est super me lumen vultus tui domine,,,,,,SEMM,0
,,https://musicahispanica.eu/chant/63357,Thronum ejus sicut sol in conspectu ,h01039,,,,E-L (León) Ms 8,,063r,,,,Dom. 5 Adventus,,VPR,V,https://musicahispanica.eu/source/20175,,Thronum ejus sicut sol in conspectu meo et sicut luna perfecta in aeternum manet,,,,,,SEMM,0
,,https://musicahispanica.eu/chant/72226,[Thronum ejus sicut sol in consp] ,h01039,,,,E-Mh (Madrid) Cod. 30,,079v,,,,Dom. 4 Adventus,01041000,VPR,V,https://musicahispanica.eu/source/20176,,[Thronum ejus sicut sol in consp]ectu meo et sicut [luna perfecta in aeternum manet],,,,,,SEMM,0
,,https://musicahispanica.eu/chant/64422,Vespertina oratio ascendat ad te domine,h01043,,,,E-L (León) Ms 8,,120r,,,,Fer. 3 Hebd. 1 Quad.,07013000,VPR,V,https://musicahispanica.eu/source/20175,,Vespertina oratio ascendat ad te domine,,,,,,SEMM,0
,,https://musicahispanica.eu/chant/66107,Vespertina oratio ascendat at te domine,h01043,,,,E-L (León) Ms 8,,206r,,,,Fer. 6 de Letanias Apostolicas,,VPR,V2,https://musicahispanica.eu/source/20175,,Vespertina oratio ascendat at te domine,,,,,,SEMM,0
,,https://musicahispanica.eu/chant/63134,Dominus illuminatio mea et salus mea ,h00219,,,,E-L (León) Ms 8,,050r,,,,Eulaliae Emeritensis,14121010,VPR,V,https://musicahispanica.eu/source/20175,,Dominus illuminatio mea et salus mea quem timebo,,,,,,SEMM,0
,,https://musicahispanica.eu/chant/63617,Dominus illuminatio*,h00219,,,,E-L (León) Ms 8,,078r,,,,Columbae,14123110,VPR,V,https://musicahispanica.eu/source/20175,,Dominus illuminatio*,,,,,,SEMM,0
,,https://musicahispanica.eu/chant/64400,Dominus illuminatio mea,h00219,,,,E-L (León) Ms 8,,119r,,,,Fer. 2 Hebd. 1 Quad.,07012000,VPR,V,https://musicahispanica.eu/source/20175,,Dominus illuminatio mea,,,,,,SEMM,0
,,https://musicahispanica.eu/chant/64702,Dominus illuminatio mea et salus mea ,h00219,,,,E-L (León) Ms 8,,131v,,,,Dom. 3 Quadragesimae,07031000,VPR,V,https://musicahispanica.eu/source/20175,,Dominus illuminatio mea et salus mea quem timebo,,,,,,SEMM,0
,,https://musicahispanica.eu/chant/67061,Dominus illuminatio*,h00219,,,,E-L (León) Ms 8,,252v,,,,Commune unius Virginis,,VPR,V,https://musicahispanica.eu/source/20175,,Dominus illuminatio*,,,,,,SEMM,0
,,https://musicahispanica.eu/chant/73422,Dominus illuminatio *,h00219,*,,,E-Mh (Madrid) Cod. 30,,215r,,,,Agathae,14020500,VPR,V,https://musicahispanica.eu/source/20176,,Dominus illuminatio *,,,,,,SEMM,0
,,https://musicahispanica.eu/chant/106524,Dominus illuminatio*,h00219,,,,E-Mn (Madrid) MSS/10110,,029v,,,,Fer. 5 Hebd. 2 Quad.,07025000,VPR,V2,https://musicahispanica.eu/source/20183,,Dominus illuminatio*,,,,,,SEMM,0
,,https://musicahispanica.eu/chant/106717,Dominus illuminatio*,h00219,,,,E-Mn (Madrid) MSS/10110,,045v,,,,Fer. 5 Hebd. 3 Quad.,07035000,VPR,V2,https://musicahispanica.eu/source/20183,,Dominus illuminatio*,,,,,,SEMM,0
,,https://musicahispanica.eu/chant/107048,Dominus illuminatio*,h00219,,,,E-Mn (Madrid) MSS/10110,,087v,,,,Fer. 5 Hebd. 5 Quad.,,VPR,V2,https://musicahispanica.eu/source/20183,,Dominus illuminatio*,,,,,,SEMM,0
,,https://musicahispanica.eu/chant/46228,Dominus illuminatio mea et salus mea ,h00219,,,,E-Mn (Madrid) MSS/10110,,014v,,,,Fer. 5 Hebd. 1 Quad.,07015000,VPR,V2,https://musicahispanica.eu/source/20183,,Dominus illuminatio mea et salus mea quem timebo,,,,,,SEMM,0
,,https://musicahispanica.eu/chant/47173,Dominus illuminatio*,h00219,,,,E-Mn (Madrid) MSS/10110,,066r,,,,Fer. 5 Hebd. 4 Quad.,07045000,VPR,V2,https://musicahispanica.eu/source/20183,,Dominus illuminatio*,,,,,,SEMM,0
,,https://musicahispanica.eu/chant/86339,Dominus illuminatio mea et salus mea ,h00219,,,,E-SI (Santo Domingo de Silos) MS 3,,135r,,,,Commune unius Virginis,,VPR,V,https://musicahispanica.eu/source/20177,,Dominus illuminatio mea et salus mea quem timebo,,,,,,SEMM,0
,,https://musicahispanica.eu/chant/68307,Dominus illuminatio mea et salus mea ,h00219,,,,E-SI (Santo Domingo de Silos) MS 6,,036v,,,,Commune unius Virginis,,VPR,V,https://musicahispanica.eu/source/20179,,Dominus illuminatio mea et salus mea quem timebo,,,,,,SEMM,0
,,https://musicahispanica.eu/chant/69214,Dominus illuminatio mea et salus mea ,h00219,,,,GB-Lbl (London) Add MS 30851,,187v,,,,Commune unius Virginis,,VPR,V,https://musicahispanica.eu/source/20203,,Dominus illuminatio mea et salus mea quem timebo,,,,,,SEMM,0
,,https://musicahispanica.eu/chant/65283,Eripe me domine ab homine,h01008,,,,E-L (León) Ms 8,,162r,,,,Fer. 5 in Cena Dom.,07065000,VRS,M,https://musicahispanica.eu/source/20175,,Eripe me domine ab homine,,,,,,SEMM,0
,,https://musicahispanica.eu/chant/85240,Eripe me domine *,h01008,*,,,E-SI (Santo Domingo de Silos) MS 7,,023r,,,,De defunctorum Aepiscoporum,,VPR,V,https://musicahispanica.eu/source/20181,,Eripe me domine *,,,,,,SEMM,0
,,https://musicahispanica.eu/chant/64325,Apud te est domine fons vitae ,h03335,,,,E-L (León) Ms 8,,116r,,,,Dom. 1 Quadragesimae,07011000,VPR,V,https://musicahispanica.eu/source/20175,,Apud te est domine fons vitae et illumine tuo videbimus lumen,,,,,,SEMM,0
,,https://musicahispanica.eu/chant/67197,Qui fecit luminaria*,h00292,,,,E-L (León) Ms 8,,259r,,,,Gratiarum Actionis,14101020,VPR,V,https://musicahispanica.eu/source/20175,,Qui fecit luminaria*,,,,,,SEMM,0
,,https://musicahispanica.eu/chant/67672,Qui fecit luminaria magna solus quoniam ,h00292,,,,E-L (León) Ms 8,,281v,,,,Dom. Quotidiano,,VPR,V,https://musicahispanica.eu/source/20175,,Qui fecit luminaria magna solus quoniam in saeculum misericordia ejus,,,,,,SEMM,0
,,https://musicahispanica.eu/chant/68729,Qui fecit luminaria magna solus quoniam ,h00292,,,,E-SI (Santo Domingo de Silos) MS 6,,083r,,,,Dom. 4 p. Pent.,09041000,VPR,V,https://musicahispanica.eu/source/20179,,Qui fecit luminaria magna solus quoniam in saeculum misericordia ejus,,,,,,SEMM,0
,,https://musicahispanica.eu/chant/87452,Qui fecit luminaria magna solus quoniam ,h00292,,,,F-Pn (París) NAL 2199,,015r,,,,Dom. Quotidiano,,VPR,V,https://musicahispanica.eu/source/20195,,Qui fecit luminaria magna solus quoniam in saeculum misericordia ejus,,,,,,SEMM,0
,,https://musicahispanica.eu/chant/31752,Qui fecit luminaria magna solus quoniam ,h00292,,,,GB-Lbl (London) Add MS 30850,,003v,,,,Dom. per annum,04001000,VPR,V,https://musicahispanica.eu/source/20199,,Qui fecit luminaria magna solus quoniam in saeculum misericordia ejus alleluia ad vesperum demorabitur fletus et ad matutinum laetitia alleluia convertisti domine planctum meum in gaudium mihi concidisti saccum meum et praetinxisti me letitia alleluia eis sapiens corde et fortis robose qui commovet terram de loco suo qui psolvet et non noritur et stellas claudit quasi sub signaculo qui extendit caelos solus et gradi (...) super fluctus maris qui fecit magna et mirabilia,,,,,,SEMM,0
,,https://musicahispanica.eu/chant/69339,Visita nos domine in salute tua,h04785,,,,GB-Lbl (London) Add MS 30851,,198r,,,,Pro defunctis Sacerdotibus,13011000,VPR,V,https://musicahispanica.eu/source/20203,,Visita nos domine in salute tua,,,,,,SEMM,0
,,https://musicahispanica.eu/chant/64282,Illuminatio mea et salus mea dominus,h01021,,,,E-L (León) Ms 8,,114r,,,,Carnes Tollendas,,VPR,V,https://musicahispanica.eu/source/20175,,Illuminatio mea et salus mea dominus,,,,,,SEMM,0
,,https://musicahispanica.eu/chant/67531,Illuminatio mea et salus*,h01021,,,,E-L (León) Ms 8,,276r,,,,Pro uno infirmo,16013020,VPR,V,https://musicahispanica.eu/source/20175,,Illuminatio mea et salus*,,,,,,SEMM,0
,,https://musicahispanica.eu/chant/103922,Illuminatio*,h01021,,,,E-Mn (Madrid) MSS/10110,,025r,,,,Fer. 3 Hebd. 2 Quad.,07023000,VPR,V2,https://musicahispanica.eu/source/20183,,Illuminatio*,,,,,,SEMM,0
,,https://musicahispanica.eu/chant/106795,Illuminatio mea et salus*,h01021,,,,E-Mn (Madrid) MSS/10110,,057v,,,,Fer. 3 Hebd. 4 Quad.,07043000,VPR,V2,https://musicahispanica.eu/source/20183,,Illuminatio mea et salus*,,,,,,SEMM,0
,,https://musicahispanica.eu/chant/46188,Illuminatio mea et salus mea dominus,h01021,,,,E-Mn (Madrid) MSS/10110,,008v,,,,Fer. 3 Hebd. 1 Quad.,07013000,VPR,V2,https://musicahispanica.eu/source/20183,,Illuminatio mea et salus mea dominus,,,,,,SEMM,0
,,https://musicahispanica.eu/chant/46652,Illuminatio*,h01021,,,,E-Mn (Madrid) MSS/10110,,039v,,,,Fer. 3 Hebd. 3 Quad.,07033000,VPR,V2,https://musicahispanica.eu/source/20183,,Illuminatio*,,,,,,SEMM,0
,,https://musicahispanica.eu/chant/51522,Illuminatio mea*,h01021,,,,E-Mn (Madrid) MSS/10110,,080/1v,,,,Fer. 3 Hebd. 5 Quad.,,VPR,V2,https://musicahispanica.eu/source/20183,,Illuminatio mea*,,,,,,SEMM,0
,,https://musicahispanica.eu/chant/51996,Illuminatio mea*,h01021,,,,E-Mn (Madrid) MSS/10110,,103v,,,,Fer. 3 Maj. Hebd.,07063000,VPR,V2,https://musicahispanica.eu/source/20183,,Illuminatio mea*,,,,,,SEMM,0
,,https://musicahispanica.eu/chant/86660,Illuminatio mea et salus mea dominus,h01021,,,,E-SI (Santo Domingo de Silos) MS 3,,174r,,,,Fer. 4 per annum,04004000,VPR,V,https://musicahispanica.eu/source/20177,,Illuminatio mea et salus mea dominus,,,,,,SEMM,0
,,https://musicahispanica.eu/chant/66771,Exaudi nos domine*,h01010,,,,E-L (León) Ms 8,,242v,,,,Letanias Canonicas,,VPR,V,https://musicahispanica.eu/source/20175,,Exaudi nos domine*,,,,,,SEMM,0
,,https://musicahispanica.eu/chant/74726,Exaudi nos deus salvator,h01010,,,,E-Mh (Madrid) Cod. 60 (2) and (3),,050v,,,,Letanias,,VPR,V,https://musicahispanica.eu/source/20180,,Exaudi nos deus salvator,,,,,,SEMM,0
,,https://musicahispanica.eu/chant/84968,Exaudi nos deus salvator noster,h01010,,,,E-SI (Santo Domingo de Silos) MS 7,,001r,,,,Pro infirmis,16013030,VPR,V,https://musicahispanica.eu/source/20181,,Exaudi nos deus salvator noster,,,,,,SEMM,0
,,https://musicahispanica.eu/chant/84982,Exaudi nos deus *,h01010,*,,,E-SI (Santo Domingo de Silos) MS 7,,004r,,,,Pro infirmis,16013030,VPR,V2,https://musicahispanica.eu/source/20181,,Exaudi nos deus *,,,,,,SEMM,0
,,https://musicahispanica.eu/chant/78173,Exaudi nos deus,h01010,,,,GB-Lbl (London) Add MS 30845,,155r,,,,Letanias Apostolicas,,VPR,V2,https://musicahispanica.eu/source/20196,,Exaudi nos deus,,,,,,SEMM,0
,,https://musicahispanica.eu/chant/77942,Exaudi nos deus salvator noster,h01010,*,,,GB-Lbl (London) Add MS 30846,,144r,,,,Letanias Apostolicas,,VPR,MASS,https://musicahispanica.eu/source/20202,,Exaudi nos deus salvator noster,,,,,,SEMM,0
,,https://musicahispanica.eu/chant/69254,Exaudi nos deus*,h01010,,,,GB-Lbl (London) Add MS 30851,,190v,,,,Pro infirmis,16013030,VPR,V,https://musicahispanica.eu/source/20203,,Exaudi nos deus*,,,,,,SEMM,0
,,https://musicahispanica.eu/chant/103244,Tu autem domine*,h04802,,,,GB-Lbl (London) Add MS 30852,,011v,,,,Dom. 4 Adventus,01041000,VPR,MH,https://musicahispanica.eu/source/103062,,Tu autem domine*,,,,,,SEMM,0
,,https://musicahispanica.eu/chant/90240,In conspectu angelorum,h01014,r,,,E-E (San Lorenzo de El Escorial) L. III. 4.,,98v,,,,Michaelis,14092900,,L,https://musicahispanica.eu/source/20155,,In conspectu angelorum,,,,,,SEMM,0
,,https://musicahispanica.eu/chant/66663,In conspectu angelorum tuorum domine psallamus ,h01014,,,,E-L (León) Ms 8,,237r,,,,Michaelis,14092900,VPR,V,https://musicahispanica.eu/source/20175,,In conspectu angelorum tuorum domine psallamus tibi,,,,,,SEMM,0
,,https://musicahispanica.eu/chant/84934,In conspectu angelorum tuorum domine psallamus ,h01014,*,,,E-SI (Santo Domingo de Silos) MS 5,,083r,,,,Michaelis,14092900,VPR,V,https://musicahispanica.eu/source/20178,,In conspectu angelorum tuorum domine psallamus tibi,,,,,,SEMM,0
,,https://musicahispanica.eu/chant/63080,Confessionem et decorem induisti amicta luce ,h00198,,,,E-L (León) Ms 8,,047r,,,,Leocadiae,14120920,VPR,V,https://musicahispanica.eu/source/20175,,Confessionem et decorem induisti amicta luce sicut vestimento,,,,,,SEMM,0
,,https://musicahispanica.eu/chant/74215,[Confessione et decore induisti] amicta [luce ,h00198,,,,E-Mh (Madrid) Cod. 30,,057v,,,,Leocadiae,14120920,VPR,V,https://musicahispanica.eu/source/20176,,"[Confessione et decore induisti] amicta [luce sicut vestimento]
",,,,,,SEMM,0
,,https://musicahispanica.eu/chant/86310,Confessionem et decorem induisti amicta luce ,h00198,,,,E-SI (Santo Domingo de Silos) MS 3,,129r,,,,Comm. unius Confessoris,12004000,VPR,V,https://musicahispanica.eu/source/20177,,Confessionem et decorem induisti amicta luce sicut vestimento,,,,,,SEMM,0
,,https://musicahispanica.eu/chant/68446,Confessione et decore induisti amicta luce ,h00198,,,,E-SI (Santo Domingo de Silos) MS 6,,016r,,,,Comm. unius Confessoris,12004000,VPR,V,https://musicahispanica.eu/source/20179,,Confessione et decore induisti amicta luce sicut vestimento,,,,,,SEMM,0
,,https://musicahispanica.eu/chant/101643,Confessionem et decorem induisti amicta luce ,h00198,,,,GB-Lbl (London) Add MS 30845,,144v,,,,Aemiliani Cucullati,14111220,VPR,V,https://musicahispanica.eu/source/20196,,Confessionem et decorem induisti amicta luce sicut vestimento,,,,,,SEMM,0
,,https://musicahispanica.eu/chant/62728,Lux orta est justis et rectis ,h01025,,,,E-L (León) Ms 8,,029r,,,,Aciscli,,VPR,V,https://musicahispanica.eu/source/20175,,Lux orta est justis et rectis corde laetitia,,,,,,SEMM,0
,,https://musicahispanica.eu/chant/63555,Lux orta est*,h01025,,,,E-L (León) Ms 8,,074v,,,,Eugeniae,,VPR,V,https://musicahispanica.eu/source/20175,,Lux orta est*,,,,,,SEMM,0
,,https://musicahispanica.eu/chant/63829,Lux orta est*,h01025,,,,E-L (León) Ms 8,,090v,,,,Allisionis Infantum,,VPR,V,https://musicahispanica.eu/source/20175,,Lux orta est*,,,,,,SEMM,0
,,https://musicahispanica.eu/chant/65861,Lux orta est justis*,h01025,,,,E-L (León) Ms 8,,195r,,,,Torquati et sociorum,,VPR,V,https://musicahispanica.eu/source/20175,,Lux orta est justis*,,,,,,SEMM,0
,,https://musicahispanica.eu/chant/66278,Lux orta est*,h01025,,,,E-L (León) Ms 8,,216r,,,,"Petri, Pauli",14062900,VPR,V,https://musicahispanica.eu/source/20175,,Lux orta est*,,,,,,SEMM,0
,,https://musicahispanica.eu/chant/92351,Lux orta est justis et rectis ,h01025,,,,E-Tc (Toledo) 35.6,,151r,,,,"Justae, Rufinae",,VPR,V,https://musicahispanica.eu/source/20187,,Lux orta est justis et rectis corde*,,,,,,SEMM,0
,,https://musicahispanica.eu/chant/87363,Lux *,h01025,*,,,GB-Lbl (London) Add MS 11695 (ff. 1r-4v) ,,004v,,,,Aciscli,,VPR,V,https://musicahispanica.eu/source/20200,,Lux *,,,,,,SEMM,0
,,https://musicahispanica.eu/chant/74964,Lux orta est justis et rectis ,h01025,*,,,GB-Lbl (London) Add MS 30844,,086r,,,,Eugeniae,,VPR,V,https://musicahispanica.eu/source/20201,,Lux orta est justis et rectis corde laetitia,,,,,,SEMM,0
,,https://musicahispanica.eu/chant/100910,Lux orta est *,h01025,*,,,GB-Lbl (London) Add MS 30845,,110r,,,,Euphemiae,14091610,VPR,V,https://musicahispanica.eu/source/20196,,Lux orta est *,,,,,,SEMM,0
,,https://musicahispanica.eu/chant/101360,Lux orta est *,h01025,*,,,GB-Lbl (London) Add MS 30845,,134v,,,,"Servandi, Germani",,VPR,V,https://musicahispanica.eu/source/20196,,Lux orta est *,,,,,,SEMM,0
,,https://musicahispanica.eu/chant/101419,Lux orta est *,h01025,,,,GB-Lbl (London) Add MS 30845,,136v,,,,"Vincentii, Sabinae et Christetae",,VPR,V,https://musicahispanica.eu/source/20196,,Lux orta est *,,,,,,SEMM,0
,,https://musicahispanica.eu/chant/99103,Lux orta est justis et rectis ,h01025,,,,GB-Lbl (London) Add MS 30845,,042r,,,,"Justae, Rufinae",,VPR,V,https://musicahispanica.eu/source/20196,,Lux orta est justis et rectis corde laetitia,,,,,,SEMM,0
,,https://musicahispanica.eu/chant/99183,Lux orta est *,h01025,*,,,GB-Lbl (London) Add MS 30845,,047r,,,,Marinae,14071720,VPR,V,https://musicahispanica.eu/source/20196,,Lux orta est *,,,,,,SEMM,0
,,https://musicahispanica.eu/chant/80112,Lux orta est justis et rectis ,h01025,*,,,GB-Lbl (London) Add MS 30846,,013v,,,,Engratiae,,VPR,V,https://musicahispanica.eu/source/20202,,Lux orta est justis et rectis corde laetitia,,,,,,SEMM,0
,,https://musicahispanica.eu/chant/69130,Lux orta est justis et rectis ,h01025,,,,GB-Lbl (London) Add MS 30851,,182r,,,,De Sanctis,12015000,VPR,V,https://musicahispanica.eu/source/20203,,Lux orta est justis et rectis corde laetitia,,,,,,SEMM,0
