id,corpus_id,chantlink,incipit,cantus_id,mode,finalis,differentia,siglum,position,folio,sequence,marginalia,cao_concordances,feast,feast_code,genre,office,srclink,melody_id,full_text,full_text_manuscript,volpiano,notes,dataset_name,dataset_idx,db,image_link
,,https://musicahispanica.eu/chant/63252,Beata es regina que prospicis quasi ,h01045a,,,,E-L (León) Ms 8,,056v,,,,Exspectationis BMV,14121810,VPRV,V,https://musicahispanica.eu/source/20175,,Beata es regina que prospicis quasi lumen,,,,,,SEMM,0
,,https://musicahispanica.eu/chant/86696,Beata es regina quae prospicis quasi ,h01045a,*,,,E-SI (Santo Domingo de Silos) MS 3,,180r,,,,Assumptio Mariae (Hispanic rite),,VPRV,V,https://musicahispanica.eu/source/20177,,Beata es regina quae prospicis quasi lumen,,,,,,SEMM,0
,,https://musicahispanica.eu/chant/74729,Beata es regina que prospicis quasi ,h01045a,*,,,GB-Lbl (London) Add MS 30844,,033r,,,,Exspectationis BMV,14121810,VPRV,V,https://musicahispanica.eu/source/20201,,Beata es regina que prospicis quasi lumen et egredere,,,,,,SEMM,0
,,https://musicahispanica.eu/chant/100553,Beata es regina quae prospicis quasi ,h01045a,,,,GB-Lbl (London) Add MS 30845,,085r,,,,Assumptio Mariae (Hispanic rite),,VPRV,V,https://musicahispanica.eu/source/20196,,Beata es regina quae prospicis quasi lumen,,,,,,SEMM,0
,,https://musicahispanica.eu/chant/63135,Dominus defensor vitae meae aquo trepidabo,h00219a,,,,E-L (León) Ms 8,,050r,,,,Eulaliae Emeritensis,14121010,VPRV,V,https://musicahispanica.eu/source/20175,,Dominus defensor vitae meae aquo trepidabo,,,,,,SEMM,0
,,https://musicahispanica.eu/chant/86340,Dominus defensor vitae meae a quo ,h00219a,,,,E-SI (Santo Domingo de Silos) MS 3,,135r,,,,Commune unius Virginis,,VPRV,V,https://musicahispanica.eu/source/20177,,Dominus defensor vitae meae a quo trepidabo,,,,,,SEMM,0
,,https://musicahispanica.eu/chant/68308,Dominus defensor vitae meae a quo ,h00219a,,,,E-SI (Santo Domingo de Silos) MS 6,,036v,,,,Commune unius Virginis,,VPRV,V,https://musicahispanica.eu/source/20179,,Dominus defensor vitae meae a quo trepidabo,,,,,,SEMM,0
,,https://musicahispanica.eu/chant/69215,Dominus defensor vitae meae a quo ,h00219a,,,,GB-Lbl (London) Add MS 30851,,188r,,,,Commune unius Virginis,,VPRV,V,https://musicahispanica.eu/source/20203,,Dominus defensor vitae meae a quo trepidabo,,,,,,SEMM,0
,,https://musicahispanica.eu/chant/84233,Vocem meam ad dominum clamavi et ,h01026a,,,,E-Zfm (Zaragoza) Ms-418,,005r,,,,Agathae,14020500,VPRV,V,https://musicahispanica.eu/source/20192,,Vocem meam ad dominum clamavi et vox mea ad deum,,,,,,SEMM,0
,,https://musicahispanica.eu/chant/103156,Exiet homo ad opus suum et ,h03399a,,,,E-Tc (Toledo) 35.5,,015r,,,,Dom. 2 Quadragesimae,07021000,VPRV,V,https://musicahispanica.eu/source/20186,,Exiet homo ad opus suum et ad operationem suam usque ad vesperum,,,,,,SEMM,0
,,https://musicahispanica.eu/chant/67586,Reple domine splendoribus animas nostras et ,h01007a,,,,E-L (León) Ms 8,,278v,,,,De defunctorum Aepiscoporum,,VPRV,V,https://musicahispanica.eu/source/20175,,Reple domine splendoribus animas nostras et ossa nostra libera,,,,,,SEMM,0
,,https://musicahispanica.eu/chant/85018,Reple domine splendoribus animas nostras et ,h01007a,,,,E-SI (Santo Domingo de Silos) MS 7,,012v,,,,Pro defunctis,13001000,VPRV,V,https://musicahispanica.eu/source/20181,,Reple domine splendoribus animas nostras et ossa nostra libera ut,,,,,,SEMM,0
,,https://musicahispanica.eu/chant/83834,Tuum bracchium cum potentia firmetur manus ,h00320i,*,,,GB-Lbl (London) Add MS 30846,,163v,,,,"Dom. Pentecostes,8",08081008,VPRV,V,https://musicahispanica.eu/source/20202,,Tuum bracchium cum potentia firmetur manus tua et exaltetur dextera tua,,,,,,SEMM,0
,,https://musicahispanica.eu/chant/64703,Ipse est defensor vitae meae dum ,h00219e,,,,E-L (León) Ms 8,,131v,,,,Dom. 3 Quadragesimae,07031000,VPRV,V,https://musicahispanica.eu/source/20175,,Ipse est defensor vitae meae dum appropinquant nocentes,,,,,,SEMM,0
,,https://musicahispanica.eu/chant/63255,Benedicta es tu filia a domino ,h01045e,,,,E-L (León) Ms 8,,056v,,,,Exspectationis BMV,14121810,VPRV,V,https://musicahispanica.eu/source/20175,,Benedicta es tu filia a domino deo tuo,,,,,,SEMM,0
,,https://musicahispanica.eu/chant/74733,Benedicta es tu filia a domino ,h01045e,*,,,GB-Lbl (London) Add MS 30844,,033r,,,,Exspectationis BMV,14121810,VPRV,V,https://musicahispanica.eu/source/20201,,Benedicta es tu filia a domino deo tuo,,,,,,SEMM,0
,,https://musicahispanica.eu/chant/63081,Confessio et species in conspectu ejus ,h00198a,,,,E-L (León) Ms 8,,047r,,,,Leocadiae,14120920,VPRV,V,https://musicahispanica.eu/source/20175,,Confessio et species in conspectu ejus sanctitas et magnificentia in sanctitate ejus,,,,,,SEMM,0
,,https://musicahispanica.eu/chant/72105,[Confessio et species in conspectu ejus ,h00198a,,,,E-Mh (Madrid) Cod. 30,,057v,,,,Leocadiae,14120920,VPRV,V,https://musicahispanica.eu/source/20176,,[Confessio et species in conspectu ejus sanctitas et magnificentia in sanctitate ejus],,,,,,SEMM,0
,,https://musicahispanica.eu/chant/86311,Confessio et species in conspectu dei ,h00198a,,,,E-SI (Santo Domingo de Silos) MS 3,,129r,,,,Comm. unius Confessoris,12004000,VPRV,V,https://musicahispanica.eu/source/20177,,Confessio et species in conspectu dei sanctitas et magnificentia in sanctitate ejus amicta,,,,,,SEMM,0
,,https://musicahispanica.eu/chant/68447,Confessio et species in conspectu dei ,h00198a,,,,E-SI (Santo Domingo de Silos) MS 6,,016v,,,,Comm. unius Confessoris,12004000,VPRV,V,https://musicahispanica.eu/source/20179,,Confessio et species in conspectu dei sanctitas et magnificentia in sanctitate ejus,,,,,,SEMM,0
,,https://musicahispanica.eu/chant/101644,Confessio et species in conspectu dei ,h00198a,,,,GB-Lbl (London) Add MS 30845,,144v,,,,Aemiliani Cucullati,14111220,VPRV,V,https://musicahispanica.eu/source/20196,,Confessio et species in conspectu dei sanctitas et magnificentia in sanctitate ejus amictus,,,,,,SEMM,0
,,https://musicahispanica.eu/chant/67383,Non accedunt a te mala et ,h00294b,,,,E-L (León) Ms 8,,268v,,,,De Restauratione Baselicae,,VPRV,V,https://musicahispanica.eu/source/20175,,Non accedunt a te mala et flagellum non appropiabit tabernaculo tuo quia angelis suis mandavit de te ut custodiant te,,,,,,SEMM,0
,,https://musicahispanica.eu/chant/68996,Sol agnovit occasum suum posuisti tenebras ,h00222a,,,,E-SI (Santo Domingo de Silos) MS 6,,093v,,,,Dom. 5 p. Pent.,09051000,VPRV,V,https://musicahispanica.eu/source/20179,,Sol agnovit occasum suum posuisti tenebras et facta est nox ,,,,,,SEMM,0
,,https://musicahispanica.eu/chant/61349,Gaudebunt campi et omnia quae in ,h00321a,,,,E-Tc (Toledo) 35.4,2,001r,,,,Dom. Resurrectionis,08011000,VPRV,V,https://musicahispanica.eu/source/20185,,Gaudebunt campi et omnia quae in eis sunt,,,,,,SEMM,0
,,https://musicahispanica.eu/chant/80447,Gaudebunt campi et omnia quae in ,h00321a,*,,,GB-Lbl (London) Add MS 30846,,053r,,,,Fer. 2 p. Oct.Pasch.,08022000,VPRV,V,https://musicahispanica.eu/source/20202,,Gaudebunt campi et omnia quae in eis sunt ,,,,,,SEMM,0
,,https://musicahispanica.eu/chant/65255,Respice et exaudi me domine deus ,h01018b,,,,E-L (León) Ms 8,,160v,,,,Fer. 4 Maj. Hebd.,07064000,VPRV,V,https://musicahispanica.eu/source/20175,,Respice et exaudi me domine deus meus ne quando dicat inimicos meus praevalui adversus eum in morte,,,,,,SEMM,0
,,https://musicahispanica.eu/chant/67671,Apud me oratio deo vitae meae ,h00291a,,,,E-L (León) Ms 8,,281v,,,,Dom. Quotidiano,,VPRV,V,https://musicahispanica.eu/source/20175,,Apud me oratio deo vitae meae dicam deo meo susceptor meus es,,,,,,SEMM,0
,,https://musicahispanica.eu/chant/68708,Apud me oratio deo vitae meae ,h00291a,,,,E-SI (Santo Domingo de Silos) MS 6,,071r,,,,Dom. 3 p. Pent.,09031000,VPRV,V,https://musicahispanica.eu/source/20179,,Apud me oratio deo vitae meae dicam deo meo susceptor meus es,,,,,,SEMM,0
,,https://musicahispanica.eu/chant/62948,Vitam petiit et tribuisti ei longitudine ,h00185c,,,,E-L (León) Ms 8,,039v,,,,Andreae,14113000,VPRV,V,https://musicahispanica.eu/source/20175,,Vitam petiit et tribuisti ei longitudine dierum ,,,,,,SEMM,0
,,https://musicahispanica.eu/chant/92561,Vitam petit et tribuisti ei longitudine ,h00185c,*,,,E-Tc (Toledo) 35.6,,182v,,,,Felicis Gerundae,,VPRV,V,https://musicahispanica.eu/source/20187,,Vitam petit et tribuisti ei longitudine dierum,,,,,,SEMM,0
,,https://musicahispanica.eu/chant/66004,Potens est et dat virtutem regibus ,h00378a,,,,E-L (León) Ms 8,,202r,,,,Dom. p. Ascensionem,,VPRV,V,https://musicahispanica.eu/source/20175,,Potens est et dat virtutem regibus nostris et exaltavit cornu Christi sui,,,,,,SEMM,0
,,https://musicahispanica.eu/chant/62006,Potens est et dat virtutem regibus ,h00378a,,,,E-Tc (Toledo) 35.4,,066v,,,,Dom. p. Ascensionem,,VPRV,V,https://musicahispanica.eu/source/20185,,Potens est et dat virtutem regibus nostris et exaltabit cornu Christi sui,,,,,,SEMM,0
,,https://musicahispanica.eu/chant/83548,Potens est et dat virtutem regibus ,h00378a,*,,,GB-Lbl (London) Add MS 30846,,124v,,,,Dom. p. Ascensionem,,VPRV,V,https://musicahispanica.eu/source/20202,,Potens est et dat virtutem regibus nostris et exaltabit cornu Christi sui,,,,,,SEMM,0
,,https://musicahispanica.eu/chant/62985,Et dominabitur a mari usque ad ,h01027a,,,,E-L (León) Ms 8,,041v,,,,Dom. 2 Adventus,01021000,VPRV,V,https://musicahispanica.eu/source/20175,,Et dominabitur a mari usque ad mare et ad fluminibus usque ad finis terrae,,,,,,SEMM,0
,,https://musicahispanica.eu/chant/63727,Qui ornavit caelos claritate solis ipsum ,h01032d,,,,E-L (León) Ms 8,,083v,,,,Epiphania,05010600,VPRV,V,https://musicahispanica.eu/source/20175,,Qui ornavit caelos claritate solis ipsum adorent principes terrae,,,,,,SEMM,0
,,https://musicahispanica.eu/chant/65593,Tu disrupisti fontes et torrentes tu ,h00320e,,,,E-L (León) Ms 8,,179v,,,,Dom. Septuagesimae,06011000,VPRV,V,https://musicahispanica.eu/source/20175,,Tu disrupisti fontes et torrentes tu exicasti flumina Etan,,,,,,SEMM,0
,,https://musicahispanica.eu/chant/61869,Tu disrupisti fontes et torrentes tu ,h00320e,,,,E-Tc (Toledo) 35.4,,033v,,,,"Dom. 3 p. Pascha,8",08041008,VPRV,V,https://musicahispanica.eu/source/20185,,Tu disrupisti fontes et torrentes tu exiccasti flumina Etan,,,,,,SEMM,0
,,https://musicahispanica.eu/chant/63259,Audi filia et fide et inclina ,h01045i,,,,E-L (León) Ms 8,,056v,,,,Exspectationis BMV,14121810,VPRV,V,https://musicahispanica.eu/source/20175,,Audi filia et fide et inclina aurem tuam,,,,,,SEMM,0
,,https://musicahispanica.eu/chant/66532,Dedit eis regiones gentium et civitates ,h01006a,,,,E-L (León) Ms 8,,230r,,,,Laurentii,14081000,VPRV,V,https://musicahispanica.eu/source/20175,,Dedit eis regiones gentium et civitates populorum possidebunt,,,,,,SEMM,0
,,https://musicahispanica.eu/chant/72537,Et dedit eis [genti]um regiones ,h01006a,,,,E-Mh (Madrid) Cod. 30,,133v,,,,Eugeniae,,VPRV,V,https://musicahispanica.eu/source/20176,,Et dedit eis [genti]um regiones et civitates populorum possidebunt,,,,,,SEMM,0
,,https://musicahispanica.eu/chant/101118,Et dedit eis regiones gentium et ,h01006a,,,,GB-Lbl (London) Add MS 30845,,118r,,,,Michaelis,14092900,VPRV,V,https://musicahispanica.eu/source/20196,,Et dedit eis regiones gentium et civitates populorum possidebunt,,,,,,SEMM,0
,,https://musicahispanica.eu/chant/85651,Viam veritatis elegi judicia tua commemoravi,h00999a,,,,US-NYhsa (New York) B2916,,052r,,,,Aemiliani Cucullati,14111220,VPRV,V,https://musicahispanica.eu/source/84980,,Viam veritatis elegi judicia tua commemoravi,,,,,,SEMM,0
,,https://musicahispanica.eu/chant/98994,Gratiae in sancti genesi *,h01037c,*,,,GB-Lbl (London) Add MS 30845,,027v,,,,Zoili,,VPRV,V,https://musicahispanica.eu/source/20196,,Gratiae in sancti genesi *,,,,,,SEMM,0
,,https://musicahispanica.eu/chant/62770,Directam fecit viam justorum et praeparabit ,h00949a,,,,E-L (León) Ms 8,,031r,,,,Romani,14080900,VPRV,V,https://musicahispanica.eu/source/20175,,Directam fecit viam justorum et praeparabit iter sanctorum,,,,,,SEMM,0
,,https://musicahispanica.eu/chant/71928,Directam fecit viam justorum et praeparabit ,h00949a,,,,E-SI (Santo Domingo de Silos) MS 3,,107r,,,,De Sanctis,12015000,VPRV,V,https://musicahispanica.eu/source/20177,,Directam fecit viam justorum et praeparabit iter sanctorum,,,,,,SEMM,0
,,https://musicahispanica.eu/chant/92019,Directam fecit viam justorum et praeparabit ,h00949a,*,,,E-Tc (Toledo) 35.6,,114v,,,,Adriani,14091000,VPRV,V,https://musicahispanica.eu/source/20187,,Directam fecit viam justorum et praeparabit iter sanctorum,,,,,,SEMM,0
,,https://musicahispanica.eu/chant/65590,Fecit lunam in tempore suo sol ,h00320a,,,,E-L (León) Ms 8,,179v,,,,Dom. Septuagesimae,06011000,VPRV,V,https://musicahispanica.eu/source/20175,,Fecit lunam in tempore suo sol agnovit occasum suum posuisti domine tenebras et facta est nox,,,,,,SEMM,0
,,https://musicahispanica.eu/chant/61344,Fecit lunam in tempora sol agnovit ,h00320a,,,,E-Tc (Toledo) 35.4,1,001r,,,,Dom. Resurrectionis,08011000,VPRV,V,https://musicahispanica.eu/source/20185,,Fecit lunam in tempora sol agnovit occasum suum posuisti domine tenebras et facta est nox tu fecis,,,,,,SEMM,0
,,https://musicahispanica.eu/chant/62044,Fecit lunam*,h00320a,,,,E-Tc (Toledo) 35.4,,072v,,,,Dom. Pentecostes,08081000,VPRV,V,https://musicahispanica.eu/source/20185,,Fecit lunam*,,,,,,SEMM,0
,,https://musicahispanica.eu/chant/79970,Fecit lunam in tempora sol agnovit ,h00320a,*,,,GB-Lbl (London) Add MS 30846,,001v,,,,Dom. Resurrectionis,08011000,VPRV,V,https://musicahispanica.eu/source/20202,,Fecit lunam in tempora sol agnovit occasum suum posuisti domine tenebras et facta est nox,,,,,,SEMM,0
,,https://musicahispanica.eu/chant/80213,Fecit lunam in tempore suo *,h00320a,*,,,GB-Lbl (London) Add MS 30846,,024r,,,,Fer. 3 p. Pascha,08013000,VPRV,V,https://musicahispanica.eu/source/20202,,Fecit lunam in tempore suo *,,,,,,SEMM,0
,,https://musicahispanica.eu/chant/82921,Fecit lunam *,h00320a,*,,,GB-Lbl (London) Add MS 30846,,104v,,,,Dom. 3 p. Pascha,08041000,VPRV,V,https://musicahispanica.eu/source/20202,,Fecit lunam *,,,,,,SEMM,0
,,https://musicahispanica.eu/chant/67666,Irascimini et nolite peccare quae dicitur ,h00223a,,,,E-L (León) Ms 8,,281v,,,,Dom. Quotidiano,,VPRV,V,https://musicahispanica.eu/source/20175,,Irascimini et nolite peccare quae dicitur in cordibus vestris et in cubilibus vestris compungimini,,,,,,SEMM,0
,,https://musicahispanica.eu/chant/68319,Irascimini et nolite peccare que dicitis ,h00223a,,,,E-SI (Santo Domingo de Silos) MS 6,,038v,,,,Dom. 1 p. Pent.,09011010,VPRV,V,https://musicahispanica.eu/source/20179,,Irascimini et nolite peccare que dicitis in cordibus vestris in cubilibus vestris conpungimini ,,,,,,SEMM,0
,,https://musicahispanica.eu/chant/64147,Misericordiam et judicium cantabo tibi domine,h01031a,,,,E-L (León) Ms 8,,108v,,,,Carnes Tollendas,,VPRV,V2,https://musicahispanica.eu/source/20175,,Misericordiam et judicium cantabo tibi domine,,,,,,SEMM,0
,,https://musicahispanica.eu/chant/64093,Dirigatur domine oratio mea in conspectu ,h00377a,,,,E-L (León) Ms 8,,105v,,,,Carnes Tollendas,,VPRV,V,https://musicahispanica.eu/source/20175,,Dirigatur domine oratio mea in conspectu tuo sicut incensum,,,,,,SEMM,0
,,https://musicahispanica.eu/chant/108183,Dirigatur*,h00377a,,,,E-Tc (Toledo) 35.4,,066r,,,,Ascensio Domini,08065000,VPRV,V2,https://musicahispanica.eu/source/20185,,Dirigatur*,,,,,,SEMM,0
,,https://musicahispanica.eu/chant/61939,Dirigatur domine oratio mea in conspectu ,h00377a,,,,E-Tc (Toledo) 35.4,,051r,,,,Inventio Crucis,14050300,VPRV,V,https://musicahispanica.eu/source/20185,,Dirigatur domine oratio mea in conspectu tuo sicut incensum,,,,,,SEMM,0
,,https://musicahispanica.eu/chant/75258,Dirigatur domine oratio mea in conspectu ,h00377a,*,,,GB-Lbl (London) Add MS 30844,,149r,,,,Ascensio Domini,08065000,VPRV,V,https://musicahispanica.eu/source/20201,,Dirigatur domine oratio mea in conspectu tuo sicut incensum,,,,,,SEMM,0
,,https://musicahispanica.eu/chant/63449,Juravit dominus David veritatem et non ,h01028a,,,,E-L (León) Ms 8,,068r,,,,Nativitas Domini,02122500,VPRV,V,https://musicahispanica.eu/source/20175,,Juravit dominus David veritatem et non auferetur ab eo de fructu ventris tui ponam super sedem meam,,,,,,SEMM,0
,,https://musicahispanica.eu/chant/72440,Juravit dominus David veritatem et non ,h01028a,,,,E-Mh (Madrid) Cod. 30,,114r,,,,Nativitas Domini,02122500,VPRV,V,https://musicahispanica.eu/source/20176,,Juravit dominus David veritatem et non auferetur ab eo de fructu ventris tui ponam super sedem meam,,,,,,SEMM,0
,,https://musicahispanica.eu/chant/54942,Juravit dominus David veritatem et non ,h01028a,,,,E-Tc (Toledo) 35.7,2,055r,,,,Nativitas Domini,02122500,VPRV,V,https://musicahispanica.eu/source/20188,,Juravit dominus David veritatem et non auferetur ab eo de fructu ventris tui ponam super sedem meam,,,,,,SEMM,0
,,https://musicahispanica.eu/chant/74818,Juravit dominus David in veritatem et ,h01028a,*,,,GB-Lbl (London) Add MS 30844,,057r,,,,Nativitas Domini,02122500,VPRV,V,https://musicahispanica.eu/source/20201,,Juravit dominus David in veritatem et non auferetur ab eo de fructu ventris tui ponam super sedem meam,,,,,,SEMM,0
,,https://musicahispanica.eu/chant/63639,Domine dominus noster quam admirabile est ,h00185b,,,,E-L (León) Ms 8,,079r,,,,Circumcisio Domini,02010110,VPRV,V,https://musicahispanica.eu/source/20175,,Domine dominus noster quam admirabile est nomen tuum in universa terra,,,,,,SEMM,0
,,https://musicahispanica.eu/chant/72605,Domine dominus noster quam admirabile est ,h00185b,,,,E-Mh (Madrid) Cod. 30,,147v,,,,Circumcisio Domini,02010110,VPRV,V,https://musicahispanica.eu/source/20176,,"Domine dominus noster quam admirabile est nomen tuum in universa terra
",,,,,,SEMM,0
,,https://musicahispanica.eu/chant/55927,Domine dominus noster quam admirabile est ,h00185b,,,,E-Tc (Toledo) 35.7,,094v,,,,Circumcisio Domini,02010110,VPRV,V,https://musicahispanica.eu/source/20188,,Domine dominus noster quam admirabile est nomen tuum in universa terra,,,,,,SEMM,0
,,https://musicahispanica.eu/chant/65592,Tu fecisti omnes termino terrae estatem ,h00320d,,,,E-L (León) Ms 8,,179v,,,,Dom. Septuagesimae,06011000,VPRV,V,https://musicahispanica.eu/source/20175,,Tu fecisti omnes termino terrae estatem et ver,,,,,,SEMM,0
,,https://musicahispanica.eu/chant/61849,Tu fecisti omnes terminos terre estatem ,h00320d,,,,E-Tc (Toledo) 35.4,,029r,,,,"Dom. 2 p. Pascha,8",08031008,VPRV,V,https://musicahispanica.eu/source/20185,,Tu fecisti omnes terminos terre estatem et ver,,,,,,SEMM,0
,,https://musicahispanica.eu/chant/90586,Laetentur in *,h00949d,,,,GB-Lbl (London) Add MS 30845,,074v,,,,Laurentii,14081000,VPRV,V,https://musicahispanica.eu/source/20196,,Laetentur in *,,,,,,SEMM,0
,,https://musicahispanica.eu/chant/66212,Juravi et statui custodire,h01024a,,,,E-L (León) Ms 8,,211v,,,,Joannis Baptistae,14062400,VPRV,V,https://musicahispanica.eu/source/20175,,Juravi et statui custodire,,,,,,SEMM,0
,,https://musicahispanica.eu/chant/92115,Juravi et statui custodire verbum,h01024a,,,,E-Tc (Toledo) 35.6,,123v,,,,Joannis Baptistae,14062400,VPRV,V,https://musicahispanica.eu/source/20187,,Juravi et statui custodire verbum,,,,,,SEMM,0
,,https://musicahispanica.eu/chant/100999,Juravi et *,h01024a,,,,GB-Lbl (London) Add MS 30845,,112r,,,,Decoll. Jo. Bapt.,14082900,VPRV,V,https://musicahispanica.eu/source/20196,,Juravi et *,,,,,,SEMM,0
,,https://musicahispanica.eu/chant/90269,Juravi et statui custodire verbum,h01024a,,,,GB-Lbl (London) Add MS 30845,,013r,,,,Joannis Baptistae,14062400,VPRV,V,https://musicahispanica.eu/source/20196,,Juravi et statui custodire verbum,,,,,,SEMM,0
,,https://musicahispanica.eu/chant/63258,Esto filia fortissimi omnis gloria filiae ,h01045h,,,,E-L (León) Ms 8,,056v,,,,Exspectationis BMV,14121810,VPRV,V,https://musicahispanica.eu/source/20175,,Esto filia fortissimi omnis gloria filiae regis,,,,,,SEMM,0
,,https://musicahispanica.eu/chant/62921,Speret Israel in domino a vigilia ,h01037b,,,,E-L (León) Ms 8,,038r,,,,Saturnini,14112900,VPRV,V,https://musicahispanica.eu/source/20175,,Speret Israel in domino a vigilia matutina,,,,,,SEMM,0
,,https://musicahispanica.eu/chant/100674,Speret Israel *,h01037b,,,,GB-Lbl (London) Add MS 30845,,100r,,,,Augustini,14082800,VPRV,V,https://musicahispanica.eu/source/20196,,Speret Israel *,,,,,,SEMM,0
,,https://musicahispanica.eu/chant/100841,Speret Israel *,h01037b,,,,GB-Lbl (London) Add MS 30845,,107r,,,,"Cornelii, Cypriani",14091600,VPRV,V,https://musicahispanica.eu/source/20196,,Speret Israel *,,,,,,SEMM,0
,,https://musicahispanica.eu/chant/98993,Speret Israel *,h01037b,,,,GB-Lbl (London) Add MS 30845,,027v,,,,Zoili,,VPRV,V,https://musicahispanica.eu/source/20196,,Speret Israel *,,,,,,SEMM,0
,,https://musicahispanica.eu/chant/99422,Speret Israel in domino a vigilia ,h01037b,,,,GB-Lbl (London) Add MS 30845,,052v,,,,Cucuphatis,14072530,VPRV,V,https://musicahispanica.eu/source/20196,,Speret Israel in domino a vigilia matutina,,,,,,SEMM,0
,,https://musicahispanica.eu/chant/67678,Convertisti planctum meum in gaudium mihi ,h00293a,,,,E-L (León) Ms 8,,282r,,,,Dom. Quotidiano,,VPRV,V,https://musicahispanica.eu/source/20175,,Convertisti planctum meum in gaudium mihi conscidisti saccum meum et praecinxisti me,,,,,,SEMM,0
,,https://musicahispanica.eu/chant/68433,Convertisti planctum meum in gaudium mihi ,h00293a,,,,E-SI (Santo Domingo de Silos) MS 6,,124r,,,,Dom. 8 p. Pent.,09081000,VPRV,V,https://musicahispanica.eu/source/20179,,Convertisti planctum meum in gaudium mihi concidisti saccum meum et praecinxisti me,,,,,,SEMM,0
,,https://musicahispanica.eu/chant/63724,Qui turbat mare et resonat fluctus ,h01032a,,,,E-L (León) Ms 8,,083v,,,,Epiphania,05010600,VPRV,V,https://musicahispanica.eu/source/20175,,Qui turbat mare et resonat fluctus ejus dominus omnipotens nomen est illi,,,,,,SEMM,0
,,https://musicahispanica.eu/chant/56297,Qui turbat mare et resonat fluctus ,h01032a,,,,E-Tc (Toledo) 35.7,1,112r,,,,Epiphania,05010600,VPRV,V,https://musicahispanica.eu/source/20188,,Qui turbat mare et resonat fluctus ejus dominus omnipotens nomen est illi,,,,,,SEMM,0
,,https://musicahispanica.eu/chant/66475,Lex domini inreprehensibilis convertens animas testimonium ,h01029a,,,,E-L (León) Ms 8,,226r,,,,"Justi, Pastoris",14080630,VPRV,V,https://musicahispanica.eu/source/20175,,Lex domini inreprehensibilis convertens animas testimonium dei fidele,,,,,,SEMM,0
,,https://musicahispanica.eu/chant/92628,Lex domini inreprehensibilis convertens animas testimonium ,h01029a,*,,,E-Tc (Toledo) 35.6,,192r,,,,"Justi, Pastoris",14080630,VPRV,V,https://musicahispanica.eu/source/20187,,Lex domini inreprehensibilis convertens animas testimonium dei fidele,,,,,,SEMM,0
,,https://musicahispanica.eu/chant/99728,Lex domini inreprehensibilis convertens animas testimonium ,h01029a,,,,GB-Lbl (London) Add MS 30845,,064r,,,,"Justi, Pastoris",14080630,VPRV,V,https://musicahispanica.eu/source/20196,,Lex domini inreprehensibilis convertens animas testimonium dei fidele,,,,,,SEMM,0
,,https://musicahispanica.eu/chant/63996,Vestigia domini secuti sunt pedes nostri ,h00376a,,,,E-L (León) Ms 8,,100r,,,,Tirsi,,VPRV,V,https://musicahispanica.eu/source/20175,,Vestigia domini secuti sunt pedes nostri viam vitae ambulavimus et non declinabimus ex ea,,,,,,SEMM,0
,,https://musicahispanica.eu/chant/69564,Vestigia domini secuti sunt pedes nostri ,h00376a,,,,E-Mh (Madrid) Cod. 30,,017r,,,,Caeciliae,14112200,VPRV,V,https://musicahispanica.eu/source/20176,,Vestigia domini secuti sunt pedes nostri viam vitae [ambulabi]mus et non declinabimus ex ea,,,,,,SEMM,0
,,https://musicahispanica.eu/chant/86494,Vestigia tua domine secuti sunt pedes ,h00376a,,,,E-SI (Santo Domingo de Silos) MS 3,,141r,,,,Commune Virginum,,VPRV,V,https://musicahispanica.eu/source/20177,,Vestigia tua domine secuti sunt pedes nostri viam vitae ambulabimus et non declinabimus ex ea,,,,,,SEMM,0
,,https://musicahispanica.eu/chant/61902,Vestigia domini secuti sunt pedes nostri ,h00376a,,,,E-Tc (Toledo) 35.4,,042r,,,,Torquati et sociorum,,VPRV,V,https://musicahispanica.eu/source/20185,,Vestigia domini secuti sunt pedes nostri viam vitae ambulabimus et non declinabimus ex ea,,,,,,SEMM,0
,,https://musicahispanica.eu/chant/84401,Vestigia domini *,h00376a,,,,E-Zfm (Zaragoza) Ms-418,,007v,,,,"Emeterii, Celedonii",,VPRV,V,https://musicahispanica.eu/source/20192,,Vestigia domini *,,,,,,SEMM,0
,,https://musicahispanica.eu/chant/75411,Vestigia domini secuti sunt pedes nostri ,h00376a,,,,GB-Lbl (London) Add MS 30845,,001r,,,,,,VPRV,,https://musicahispanica.eu/source/20196,,Vestigia domini secuti sunt pedes nostri viam vitae ambulabimus et non declinabimus ex ea,,,,,,SEMM,0
,,https://musicahispanica.eu/chant/86533,Irascimini et nolite peccare quae dicitis ,h00222d,,,,E-SI (Santo Domingo de Silos) MS 3,,148r,,,,Fest. per annum,04000000,VPRV,V,https://musicahispanica.eu/source/20177,,Irascimini et nolite peccare quae dicitis in cordibus vestris in cubilibus vestris conpungimini per et sperat ,,,,,,SEMM,0
,,https://musicahispanica.eu/chant/87449,Irascimini et nolite peccare quae dicitis ,h00222d,,,,F-Pn (París) NAL 2199,,015r,,,,Dom. Quotidiano,,VPRV,V,https://musicahispanica.eu/source/20195,,Irascimini et nolite peccare quae dicitis in cordibus vestris in cubilibus vestris conpungimini et sperate,,,,,,SEMM,0
,,https://musicahispanica.eu/chant/62729,Laetamini justi in domini et confitemini ,h01025a,,,,E-L (León) Ms 8,,029r,,,,Aciscli,,VPRV,V,https://musicahispanica.eu/source/20175,,Laetamini justi in domini et confitemini memoriae sanctitatis ejus,,,,,,SEMM,0
,,https://musicahispanica.eu/chant/65734,Tu humiliasti sicut vulneratum supervum et ,h00320h,,,,E-L (León) Ms 8,,187r,,,,Octava Paschae,08021000,VPRV,V,https://musicahispanica.eu/source/20175,,Tu humiliasti sicut vulneratum supervum et in virtute bracchii tui discpersisti inimicos tuos,,,,,,SEMM,0
,,https://musicahispanica.eu/chant/74732,Induit te corona jucunditatis et ornabit ,h01045d,*,,,GB-Lbl (London) Add MS 30844,,033r,,,,Exspectationis BMV,14121810,VPRV,V,https://musicahispanica.eu/source/20201,,Induit te corona jucunditatis et ornabit et,,,,,,SEMM,0
,,https://musicahispanica.eu/chant/63138,Qui redimet de interitu vitam tuam ,h00219d,,,,E-L (León) Ms 8,,050r,,,,Eulaliae Emeritensis,14121010,VPRV,V,https://musicahispanica.eu/source/20175,,Qui redimet de interitu vitam tuam qui coronat te in miseratione,,,,,,SEMM,0
,,https://musicahispanica.eu/chant/67385,In scapulis suis obumbravit tibi et ,h00294c,,,,E-L (León) Ms 8,,268v,,,,De Restauratione Baselicae,,VPRV,V,https://musicahispanica.eu/source/20175,,In scapulis suis obumbravit tibi et sub pinnis ejus speravis,,,,,,SEMM,0
,,https://musicahispanica.eu/chant/67673,Solem in potestatem diei lunam et ,h00292a,,,,E-L (León) Ms 8,,281v,,,,Dom. Quotidiano,,VPRV,V,https://musicahispanica.eu/source/20175,,Solem in potestatem diei lunam et stellas in potestate noctis,,,,,,SEMM,0
,,https://musicahispanica.eu/chant/68730,Solem in potestatis diei lunam et ,h00292a,,,,E-SI (Santo Domingo de Silos) MS 6,,083r,,,,Dom. 4 p. Pent.,09041000,VPRV,V,https://musicahispanica.eu/source/20179,,Solem in potestatis diei lunam et stellas in potestate noctis ,,,,,,SEMM,0
,,https://musicahispanica.eu/chant/63451,Et ego illum ponam primo genitum ,h01028c,,,,E-L (León) Ms 8,,068r,,,,Nativitas Domini,02122500,VPRV,V,https://musicahispanica.eu/source/20175,,Et ego illum ponam primo genitum ex ei sum prae regibus terrae,,,,,,SEMM,0
,,https://musicahispanica.eu/chant/72441,Et ego illum ponam primo genitum ,h01028c,,,,E-Mh (Madrid) Cod. 30,,114r,,,,Nativitas Domini,02122500,VPRV,V,https://musicahispanica.eu/source/20176,,"Et ego illum ponam primo genitum ex ei sum prae regibus terrae
",,,,,,SEMM,0
,,https://musicahispanica.eu/chant/54944,Et ego illum ponam primogenitum excelsum ,h01028c,,,,E-Tc (Toledo) 35.7,4,055r,,,,Nativitas Domini,02122500,VPRV,V,https://musicahispanica.eu/source/20188,,Et ego illum ponam primogenitum excelsum prae regibus terrae,,,,,,SEMM,0
,,https://musicahispanica.eu/chant/74819,Et ego illum ponam primo genitum ,h01028c,*,,,GB-Lbl (London) Add MS 30844,,057r,,,,Nativitas Domini,02122500,VPRV,V,https://musicahispanica.eu/source/20201,,Et ego illum ponam primo genitum ex ei sum prae regibus terrae,,,,,,SEMM,0
,,https://musicahispanica.eu/chant/69038,Laetentur caeli et exultet terra,h01022a,,,,E-Mh (Madrid) Cod. 30,,013r,,,,Suff. Adventus,,VPRV,V,https://musicahispanica.eu/source/20176,,Laetentur caeli et exultet terra,,,,,,SEMM,0
,,https://musicahispanica.eu/chant/87347,Laetentur caeli et exsultet terra quia ,h01022a,,,,GB-Lbl (London) Add MS 11695 (ff. 1r-4v) ,,001r,,,,Dom. 1 Adventus,01011000,VPRV,V,https://musicahispanica.eu/source/20200,,Laetentur caeli et exsultet terra quia ecce,,,,,,SEMM,0
,,https://musicahispanica.eu/chant/63260,Propera et veni in salute populorum,h01045j,,,,E-L (León) Ms 8,,056v,,,,Exspectationis BMV,14121810,VPRV,V,https://musicahispanica.eu/source/20175,,Propera et veni in salute populorum,,,,,,SEMM,0
,,https://musicahispanica.eu/chant/61887,Tu dominaris potestatem maris motum autem ,h00320f,,,,E-Tc (Toledo) 35.4,,037v,,,,"Dom. 4 p. Pascha,8",08051008,VPRV,V,https://musicahispanica.eu/source/20185,,Tu dominaris potestatem maris motum autem fluctus ejus tu mitigas,,,,,,SEMM,0
,,https://musicahispanica.eu/chant/63209,Ante solem permanet nomen ejus et ,h01015a,,,,E-L (León) Ms 8,,053v,,,,Dom. 4 Adventus,01041000,VPRV,V,https://musicahispanica.eu/source/20175,,Ante solem permanet nomen ejus et ante lunam sedes ejus,,,,,,SEMM,0
,,https://musicahispanica.eu/chant/72361,[Ante solem permanet] nomen ejus et ,h01015a,,,,E-Mh (Madrid) Cod. 30,,102r,,,,Dom. 5 Adventus,,VPRV,V,https://musicahispanica.eu/source/20176,,"[Ante solem permanet] nomen ejus et ante lunam sedes ejus
",,,,,,SEMM,0
,,https://musicahispanica.eu/chant/67206,Afferte domino gloriam et honorem afferte ,h00295a,,,,E-L (León) Ms 8,,259v,,,,De Sacratione Baselice,,VPRV,V,https://musicahispanica.eu/source/20175,,Afferte domino gloriam et honorem afferte domino gloriam nomini ejus adorate dominum in aula sancta ejus,,,,,,SEMM,0
,,https://musicahispanica.eu/chant/68631,Afferte domino gloriam et honorem afferte ,h00295a,,,,E-SI (Santo Domingo de Silos) MS 6,,152v,,,,Dom. 10 p. Pent.,09101000,VPRV,V,https://musicahispanica.eu/source/20179,,Afferte domino gloriam et honorem afferte domino gloriam nomini ejus adorate dominum in aula sancta ejus,,,,,,SEMM,0
,,https://musicahispanica.eu/chant/88489,Ipse dominus in jussu archangeli et ,h01034a,,,,E-L (León) Ms 8,marg.,196v,,,,Inventio Crucis,14050300,VPRV,V,https://musicahispanica.eu/source/20175,,Ipse dominus in jussu archangeli et in tuba dei descendit de caelo,,,,,,SEMM,0
,,https://musicahispanica.eu/chant/67667,Confitemini domino et invocate nomen ejus,h00223b,,,,E-L (León) Ms 8,,281v,,,,Dom. Quotidiano,,VPRV,V,https://musicahispanica.eu/source/20175,,Confitemini domino et invocate nomen ejus,,,,,,SEMM,0
,,https://musicahispanica.eu/chant/68320,Confitemini domino et invocate nomen ejus,h00223b,,,,E-SI (Santo Domingo de Silos) MS 6,,038v,,,,Dom. 1 p. Pent.,09011010,VPRV,V,https://musicahispanica.eu/source/20179,,Confitemini domino et invocate nomen ejus,,,,,,SEMM,0
,,https://musicahispanica.eu/chant/69015,Confitemini ...,h00223b,,,,E-SI (Santo Domingo de Silos) MS 6,,103r,,,,Dom. 6 p. Pent.,09061000,VPRV,V,https://musicahispanica.eu/source/20179,,Confitemini ...,,,,,,SEMM,0
,,https://musicahispanica.eu/chant/69710,Confitemini domino et invocate nomen ejus,h00223b,,,,E-Tc (Toledo) 35.4,1,082v,,,,Dom. 1 Quotidiano,,VPRV,V,https://musicahispanica.eu/source/20185,,Confitemini domino et invocate nomen ejus,,,,,,SEMM,0
,,https://musicahispanica.eu/chant/63726,Qui claudit stellas et ponet eas ,h01032c,,,,E-L (León) Ms 8,,083v,,,,Epiphania,05010600,VPRV,V,https://musicahispanica.eu/source/20175,,Qui claudit stellas et ponet eas quasi sub signaculo,,,,,,SEMM,0
,,https://musicahispanica.eu/chant/56298,Qui claudit stellas et ponet eas ,h01032c,,,,E-Tc (Toledo) 35.7,2,112r,,,,Epiphania,05010600,VPRV,V,https://musicahispanica.eu/source/20188,,Qui claudit stellas et ponet eas quasi sub signaculo,,,,,,SEMM,0
,,https://musicahispanica.eu/chant/62769,Beati gens cujus est dominus deus ,h00949b,,,,E-L (León) Ms 8,,031r,,,,Romani,14080900,VPRV,V,https://musicahispanica.eu/source/20175,,Beati gens cujus est dominus deus eorum populum quem elegit hereditarium sibi,,,,,,SEMM,0
,,https://musicahispanica.eu/chant/98663,Beata gens cujus est dominus deus ,h00949b,,,,GB-Lbl (London) Add MS 30845,,008r,,,,Adriani,14091000,VPRV,V,https://musicahispanica.eu/source/20196,,Beata gens cujus est dominus deus eorum populum quem elegit hereditarium sibi,,,,,,SEMM,0
,,https://musicahispanica.eu/chant/69150,Beata gens cujus est dominus deos ,h00949b,,,,GB-Lbl (London) Add MS 30851,,183r,,,,De Sanctis,12015000,VPRV,V,https://musicahispanica.eu/source/20203,,Beata gens cujus est dominus deos eorum populum quem elegit hereditarium sibi,,,,,,SEMM,0
,,https://musicahispanica.eu/chant/65589,Tu confirmasti in virtute tua mare ,h00320b,,,,E-L (León) Ms 8,,179v,,,,Dom. Septuagesimae,06011000,VPRV,V,https://musicahispanica.eu/source/20175,,Tu confirmasti in virtute tua mare tu contribulasti capita draconum super aquas,,,,,,SEMM,0
,,https://musicahispanica.eu/chant/61811,Tu confirmasti in virtute tua mare ,h00320b,,,,E-Tc (Toledo) 35.4,,017r,,,,Octava Paschae,08021000,VPRV,V,https://musicahispanica.eu/source/20185,,Tu confirmasti in virtute tua mare tu contribulasti capita draconum super aquas,,,,,,SEMM,0
,,https://musicahispanica.eu/chant/85630,Tu confirmasti in virtute tua mare ,h00320b,,,,E-Tc (Toledo) 35.5,,193r,,,,Dom. Resurrectionis,08011000,VPRV,V2,https://musicahispanica.eu/source/20186,,Tu confirmasti in virtute tua mare tu contribulasti capita draconum super aquas,,,,,,SEMM,0
,,https://musicahispanica.eu/chant/66589,Viam veritatis elegi judicia tua commemoravi,h03334a,,,,E-L (León) Ms 8,,233r,,,,Augustini,14082800,VPRV,V,https://musicahispanica.eu/source/20175,,Viam veritatis elegi judicia tua commemoravi,,,,,,SEMM,0
,,https://musicahispanica.eu/chant/63253,Egredere quasi aurora valde rutilans,h01045b,,,,E-L (León) Ms 8,,056v,,,,Exspectationis BMV,14121810,VPRV,V,https://musicahispanica.eu/source/20175,,Egredere quasi aurora valde rutilans,,,,,,SEMM,0
,,https://musicahispanica.eu/chant/86715,Egredere quasi aurora valde rutilans,h01045b,*,,,E-SI (Santo Domingo de Silos) MS 3,,180r,,,,Assumptio Mariae (Hispanic rite),,VPRV,V,https://musicahispanica.eu/source/20177,,"Egredere quasi aurora valde rutilans
",,,,,,SEMM,0
,,https://musicahispanica.eu/chant/74730,Egredere quasi aurora valde rutilans,h01045b,*,,,GB-Lbl (London) Add MS 30844,,033r,,,,Exspectationis BMV,14121810,VPRV,V,https://musicahispanica.eu/source/20201,,Egredere quasi aurora valde rutilans,,,,,,SEMM,0
,,https://musicahispanica.eu/chant/100554,Egredere quasi aurora valde rutilans,h01045b,,,,GB-Lbl (London) Add MS 30845,,085r,,,,Assumptio Mariae (Hispanic rite),,VPRV,V,https://musicahispanica.eu/source/20196,,Egredere quasi aurora valde rutilans,,,,,,SEMM,0
,,https://musicahispanica.eu/chant/67556,Deus meus illumina tenebras meas,h01040a,,,,E-L (León) Ms 8,,277r,,,,De uno defuncto,13009000,VPRV,V,https://musicahispanica.eu/source/20175,,Deus meus illumina tenebras meas,,,,,,SEMM,0
,,https://musicahispanica.eu/chant/69366,Deus meus illumina tenebras meas,h01040a,,,,GB-Lbl (London) Add MS 30851,,199r,,,,De uno defuncto,13009000,VPRV,V,https://musicahispanica.eu/source/20203,,Deus meus illumina tenebras meas,,,,,,SEMM,0
,,https://musicahispanica.eu/chant/67587,Convertere domine animas nostras in requiem ,h01007b,,,,E-L (León) Ms 8,,278v,,,,De defunctorum Aepiscoporum,,VPRV,V,https://musicahispanica.eu/source/20175,,Convertere domine animas nostras in requiem tuam,,,,,,SEMM,0
,,https://musicahispanica.eu/chant/66664,Super misericordiam tuam et veritatem tuam,h01014a,,,,E-L (León) Ms 8,,237r,,,,Michaelis,14092900,VPRV,V,https://musicahispanica.eu/source/20175,,Super misericordiam tuam et veritatem tuam,,,,,,SEMM,0
,,https://musicahispanica.eu/chant/84935,Super misericordia tua et veritatem tuam ,h01014a,*,,,E-SI (Santo Domingo de Silos) MS 5,,083r,,,,Michaelis,14092900,VPRV,V,https://musicahispanica.eu/source/20178,,Super misericordia tua et veritatem tuam psallam,,,,,,SEMM,0
,,https://musicahispanica.eu/chant/63054,Dum lucem habetis credite,h03339a,,,,E-L (León) Ms 8,,045v,,,,Dom. 3 Adventus,01031000,VPRV,V,https://musicahispanica.eu/source/20175,,Dum lucem habetis credite,,,,,,SEMM,0
,,https://musicahispanica.eu/chant/63256,Benedicta tu prae omnibus mulieribus super ,h01045f,,,,E-L (León) Ms 8,,056v,,,,Exspectationis BMV,14121810,VPRV,V,https://musicahispanica.eu/source/20175,,Benedicta tu prae omnibus mulieribus super terram,,,,,,SEMM,0
,,https://musicahispanica.eu/chant/74734,Benedicta tu prae omnibus mulieribus super ,h01045f,*,,,GB-Lbl (London) Add MS 30844,,033r,,,,Exspectationis BMV,14121810,VPRV,V,https://musicahispanica.eu/source/20201,,Benedicta tu prae omnibus mulieribus super terram,,,,,,SEMM,0
,,https://musicahispanica.eu/chant/78735,Induere vestimentis gloriae,h00198b,,,,E-L (León) Ms 8,,047r,,,,Leocadiae,14120920,VPRV,V,https://musicahispanica.eu/source/20175,,Induere vestimentis gloriae,,,,,,SEMM,0
,,https://musicahispanica.eu/chant/72106,Induere vestimentis gloriae ,h00198b,*,,,E-Mh (Madrid) Cod. 30,,058r,,,,Leocadiae,14120920,VPRV,V,https://musicahispanica.eu/source/20176,,Induere vestimentis gloriae ,,,,,,SEMM,0
,,https://musicahispanica.eu/chant/67384,A sagitta volante per diem a ,h00294a,,,,E-L (León) Ms 8,,268v,,,,De Restauratione Baselicae,,VPRV,V,https://musicahispanica.eu/source/20175,,A sagitta volante per diem a negotio parambulantem in tenebris,,,,,,SEMM,0
,,https://musicahispanica.eu/chant/68505,A sagitta volante per diem a ,h00294a,,,,E-SI (Santo Domingo de Silos) MS 6,,136v,,,,Dom. 9 p. Pent.,09091000,VPRV,V,https://musicahispanica.eu/source/20179,,A sagitta volante per diem a negotio perambulantem in tenebris,,,,,,SEMM,0
,,https://musicahispanica.eu/chant/87475,A sagitta *,h00294a,,,,F-Pn (París) NAL 2199,,016r,,,,In ordinatione sive natalitio aepiscoporum,,VPRV,V,https://musicahispanica.eu/source/20195,,A sagitta *,,,,,,SEMM,0
,,https://musicahispanica.eu/chant/80448,Moveatur mare et plenitudo ejus,h00321b,,,,GB-Lbl (London) Add MS 30846,,053r,,,,Fer. 2 p. Oct.Pasch.,08022000,VPRV,V,https://musicahispanica.eu/source/20202,,Moveatur mare et plenitudo ejus,,,,,,SEMM,0
,,https://musicahispanica.eu/chant/68536,Tenebrae non obscurabuntur ad te Domine ,h00222b,,,,E-SI (Santo Domingo de Silos) MS 6,,116r,,,,Dom. 7 p. Pent.,09071000,VPRV,V,https://musicahispanica.eu/source/20179,,Tenebrae non obscurabuntur ad te Domine et nox sicut dies illuminabitur ,,,,,,SEMM,0
,,https://musicahispanica.eu/chant/63358,Et ponam in saecula saeculorum sdem ,h01039a,,,,E-L (León) Ms 8,,063r,,,,Dom. 5 Adventus,,VPRV,V,https://musicahispanica.eu/source/20175,,Et ponam in saecula saeculorum sdem ejus et thronum illius sicut dies saeculi,,,,,,SEMM,0
,,https://musicahispanica.eu/chant/64904,Nequando dicat supplantator meus praevalui adversus ,h01018a,,,,E-L (León) Ms 8,,142v,,,,Dom. 4 Quadragesimae,07041000,VPRV,V,https://musicahispanica.eu/source/20175,,Nequando dicat supplantator meus praevalui adversus eum,,,,,,SEMM,0
,,https://musicahispanica.eu/chant/64326,Fili hominum in protectione alarum tuarum ,h03335a,,,,E-L (León) Ms 8,,116r,,,,Dom. 1 Quadragesimae,07011000,VPRV,V,https://musicahispanica.eu/source/20175,,Fili hominum in protectione alarum tuarum sperabunt inebreiabuntur ab uteribus domus tuae et torrentem voluntatis tuae potum dabis eis,,,,,,SEMM,0
,,https://musicahispanica.eu/chant/84639,Sanctitas et magnificentia in sanctitate ejus ,h01001a,,,,E-SI (Santo Domingo de Silos) MS 5,,040r,,,,Martini,14111100,VPRV,V,https://musicahispanica.eu/source/20178,,Sanctitas et magnificentia in sanctitate ejus in conspectu,,,,,,SEMM,0
,,https://musicahispanica.eu/chant/63254,Adstitit regina in vestito deaurato,h01045c,,,,E-L (León) Ms 8,,056v,,,,Exspectationis BMV,14121810,VPRV,V,https://musicahispanica.eu/source/20175,,Adstitit regina in vestito deaurato,,,,,,SEMM,0
,,https://musicahispanica.eu/chant/86716,Adstitit regina in vestito deaurato,h01045c,*,,,E-SI (Santo Domingo de Silos) MS 3,,180r,,,,Assumptio Mariae (Hispanic rite),,VPRV,V,https://musicahispanica.eu/source/20177,,Adstitit regina in vestito deaurato,,,,,,SEMM,0
,,https://musicahispanica.eu/chant/74731,Adstitit regina in vestito deaurato,h01045c,*,,,GB-Lbl (London) Add MS 30844,,033r,,,,Exspectationis BMV,14121810,VPRV,V,https://musicahispanica.eu/source/20201,,Adstitit regina in vestito deaurato,,,,,,SEMM,0
,,https://musicahispanica.eu/chant/100555,Adstitit regina in vestito deaurato,h01045c,,,,GB-Lbl (London) Add MS 30845,,085r,,,,Assumptio Mariae (Hispanic rite),,VPRV,V,https://musicahispanica.eu/source/20196,,Adstitit regina in vestito deaurato,,,,,,SEMM,0
,,https://musicahispanica.eu/chant/63137,Benedic anima mea domino et noli ,h00219c,,,,E-L (León) Ms 8,,050r,,,,Eulaliae Emeritensis,14121010,VPRV,V,https://musicahispanica.eu/source/20175,,Benedic anima mea domino et noli oblivisci omnes retributionis ejus,,,,,,SEMM,0
,,https://musicahispanica.eu/chant/62730,Laetantur in domino et exsultant justi ,h01025b,,,,E-L (León) Ms 8,,029r,,,,Aciscli,,VPRV,V,https://musicahispanica.eu/source/20175,,Laetantur in domino et exsultant justi et gloriantur omnes recti corde,,,,,,SEMM,0
,,https://musicahispanica.eu/chant/74965,Laetantur in domino et exsultant justi ,h01025b,*,,,GB-Lbl (London) Add MS 30844,,086r,,,,Eugeniae,,VPRV,V,https://musicahispanica.eu/source/20201,,Laetantur in domino et exsultant justi et gloriantur omnes recti corde,,,,,,SEMM,0
,,https://musicahispanica.eu/chant/100911,Laetentur *,h01025b,*,,,GB-Lbl (London) Add MS 30845,,110r,,,,Euphemiae,14091610,VPRV,V,https://musicahispanica.eu/source/20196,,Laetentur *,,,,,,SEMM,0
,,https://musicahispanica.eu/chant/99104,Laetentur in domino et exsultant justi ,h01025b,,,,GB-Lbl (London) Add MS 30845,,042r,,,,"Justae, Rufinae",,VPRV,V,https://musicahispanica.eu/source/20196,,Laetentur in domino et exsultant justi et gloriantur omnes recti corde,,,,,,SEMM,0
,,https://musicahispanica.eu/chant/80113,Laetentur in domino et exsultant justi ,h01025b,*,,,GB-Lbl (London) Add MS 30846,,013v,,,,Engratiae,,VPRV,V,https://musicahispanica.eu/source/20202,,Laetentur in domino et exsultant justi et gloriantur omnes recti corde,,,,,,SEMM,0
,,https://musicahispanica.eu/chant/69131,Laetantur in domino et exultent justi ,h01025b,,,,GB-Lbl (London) Add MS 30851,,182r,,,,De Sanctis,12015000,VPRV,V,https://musicahispanica.eu/source/20203,,Laetantur in domino et exultent justi et gloriantur omnes recti corde,,,,,,SEMM,0
,,https://musicahispanica.eu/chant/63257,Tu gloria Jerusalem tu laetitia Israel,h01045g,,,,E-L (León) Ms 8,,056v,,,,Exspectationis BMV,14121810,VPRV,V,https://musicahispanica.eu/source/20175,,Tu gloria Jerusalem tu laetitia Israel,,,,,,SEMM,0
,,https://musicahispanica.eu/chant/103154,Reple deus gaudium os nostrum,h01036a,,,,E-Tc (Toledo) 35.5,,015r,,,,Fer. 6 Hebd. 1 Quad.,07016000,VPRV,V,https://musicahispanica.eu/source/20186,,Reple deus gaudium os nostrum,,,,,,SEMM,0
,,https://musicahispanica.eu/chant/63082,Et ego confitebor domino in varis ,h00198c,,,,E-L (León) Ms 8,,047r,,,,Leocadiae,14120920,VPRV,V,https://musicahispanica.eu/source/20175,,Et ego confitebor domino in varis psalmorum,,,,,,SEMM,0
,,https://musicahispanica.eu/chant/72107,Et ego confitebor domino in varis ,h00198c,*,,,E-Mh (Madrid) Cod. 30,,058r,,,,Leocadiae,14120920,VPRV,V,https://musicahispanica.eu/source/20176,,Et ego confitebor domino in varis psalmorum,,,,,,SEMM,0
,,https://musicahispanica.eu/chant/65097,Declaratio sermonum tuorum illuminet nos et ,h01017a,,,,E-L (León) Ms 8,,151v,,,,Dom. in Palmis,07061000,VPRV,V,https://musicahispanica.eu/source/20175,,Declaratio sermonum tuorum illuminet nos et intellectum dat parvulis,,,,,,SEMM,0
,,https://musicahispanica.eu/chant/103386,Declaratio sermonum tuorum illuminet nos et ,h01017a,,,,E-Tc (Toledo) 35.5,,109r,,,,Dom. in Palmis,07061000,VPRV,V,https://musicahispanica.eu/source/20186,,Declaratio sermonum tuorum illuminet nos et intellectum dat parvulis,,,,,,SEMM,0
,,https://musicahispanica.eu/chant/66814,Sanctitas et magnificentia,h03336a,,,,E-L (León) Ms 8,,244r,,,,Martini,14111100,VPRV,V,https://musicahispanica.eu/source/20175,,Sanctitas et magnificentia,,,,,,SEMM,0
,,https://musicahispanica.eu/chant/103768,Sanctitas et magnificentia in sanctitate ejus,h03336a,,,,E-Mn (Madrid) MSS/13060,,122v,,,,Martini,14111100,VPRV,V,https://musicahispanica.eu/source/103204,,Sanctitas et magnificentia in sanctitate ejus,,,,,,SEMM,0
,,https://musicahispanica.eu/chant/108296,Sanctitas et magnificentia in sanctificatione ejus,h03336a,*,,,E-Mn (Madrid) MSS/13060,,122v,,,,Martini,14111100,VPRV,V,https://musicahispanica.eu/source/103204,,Sanctitas et magnificentia in sanctificatione ejus,,,,,,SEMM,0
,,https://musicahispanica.eu/chant/101525,Sanctitas et magnificentia in sanctificatione ejus,h03336a,,,,GB-Lbl (London) Add MS 30845,,139r,,,,Martini,14111100,VPRV,V,https://musicahispanica.eu/source/20196,,Sanctitas et magnificentia in sanctificatione ejus,,,,,,SEMM,0
,,https://musicahispanica.eu/chant/85473,Sanctitas et magnificentia in sanctificatione ejus,h03336a,,,,US-NYhsa (New York) B2916,,001v,,,,Martini,14111100,VPRV,V,https://musicahispanica.eu/source/84980,,Sanctitas et magnificentia in sanctificatione ejus,,,,,,SEMM,0
,,https://musicahispanica.eu/chant/103187,Confitemini domino et invocate nomen ejus,h00222c,,,,E-Tc (Toledo) 35.5,,037r,,,,Dom. 3 Quadragesimae,07031000,VPRV,V,https://musicahispanica.eu/source/20186,,Confitemini domino et invocate nomen ejus,,,,,,SEMM,0
,,https://musicahispanica.eu/chant/84543,Confitemini d[omino et invoca]te ,h00222c,,,,E-Zfm (Zaragoza) Ms-418,,008v,,,,Dom. Quinquagesimae,06031000,VPRV,V,https://musicahispanica.eu/source/20192,,Confitemini d[omino et invoca]te nomen ejus,,,,,,SEMM,0
,,https://musicahispanica.eu/chant/99218,Confitemini domino et invocate nomen ejus,h00222c,,,,GB-Lbl (London) Add MS 30845,,048v,,,,Primitis,,VPRV,V,https://musicahispanica.eu/source/20196,,Confitemini domino et invocate nomen ejus,,,,,,SEMM,0
,,https://musicahispanica.eu/chant/83402,Confitemini domino et invocate nomen ejus,h00222c,*,,,GB-Lbl (London) Add MS 30846,,121v,,,,Ascensio Domini,08065000,VPRV,V2,https://musicahispanica.eu/source/20202,,Confitemini domino et invocate nomen ejus,,,,,,SEMM,0
,,https://musicahispanica.eu/chant/69399,Confitemini domino et invocate nomen ejus,h00222c,,,,GB-Lbl (London) Add MS 30851,,200v,,,,Dom. Quotidiano,,VPRV,V,https://musicahispanica.eu/source/20203,,Confitemini domino et invocate nomen ejus,,,,,,SEMM,0
,,https://musicahispanica.eu/chant/62854,Et illuminabuntur qui in tenebris et ,h03342a,,,,E-L (León) Ms 8,,034v,,,,Dom. 1 Adventus,01011000,VPRV,V,https://musicahispanica.eu/source/20175,,Et illuminabuntur qui in tenebris et in umbra mortis sedent,,,,,,SEMM,0
,,https://musicahispanica.eu/chant/62947,Gloriam et magnum decorem posuisti super ,h00185a,,,,E-L (León) Ms 8,,039v,,,,Andreae,14113000,VPRV,V,https://musicahispanica.eu/source/20175,,Gloriam et magnum decorem posuisti super caput ejus,,,,,,SEMM,0
,,https://musicahispanica.eu/chant/71996,Gloriam et magnum decorem posuisti super ,h00185a,,,,E-SI (Santo Domingo de Silos) MS 3,,118v,,,,De uno justi,,VPRV,V,https://musicahispanica.eu/source/20177,,Gloriam et magnum decorem posuisti super caput ejus,,,,,,SEMM,0
,,https://musicahispanica.eu/chant/68489,Gloriam et magnum decorem posuisti super ,h00185a,,,,E-SI (Santo Domingo de Silos) MS 6,,004v,,,,De uno justi,,VPRV,V,https://musicahispanica.eu/source/20179,,Gloriam et magnum decorem posuisti super caput eius,,,,,,SEMM,0
,,https://musicahispanica.eu/chant/92560,Gloriam et magnum decorem posuisti super ,h00185a,*,,,E-Tc (Toledo) 35.6,,182v,,,,Felicis Gerundae,,VPRV,V,https://musicahispanica.eu/source/20187,,Gloriam et magnum decorem posuisti super caput ejus,,,,,,SEMM,0
,,https://musicahispanica.eu/chant/55724,Gloriam et magnum decorem posuisti super ,h00185a,,,,E-Tc (Toledo) 35.7,,086v,,,,Joannis Evang.,02122700,VPRV,V,https://musicahispanica.eu/source/20188,,Gloriam et magnum decorem posuisti super caput ejus,,,,,,SEMM,0
,,https://musicahispanica.eu/chant/88864,Gloriam et magnum *,h00185a,*,,,F-Pn (París) NAL 239,,068v,,,,Pelagii,14082840,VPRV,V,https://musicahispanica.eu/source/20194,,Gloriam et magnum *,,,,,,SEMM,0
,,https://musicahispanica.eu/chant/100623,Gloriam et magnum *,h00185a,,,,GB-Lbl (London) Add MS 30845,,096r,,,,Genesii,14082530,VPRV,V,https://musicahispanica.eu/source/20196,,Gloriam et magnum *,,,,,,SEMM,0
,,https://musicahispanica.eu/chant/98801,Gloriam et magnum *,h00185a,,,,GB-Lbl (London) Add MS 30845,,024r,,,,Pelagii,14082840,VPRV,V,https://musicahispanica.eu/source/20196,,Gloriam et magnum *,,,,,,SEMM,0
,,https://musicahispanica.eu/chant/99520,Gloriam et magnum decorem posuisti super ,h00185a,,,,GB-Lbl (London) Add MS 30845,,056r,,,,Felicis,14072900,VPRV,V,https://musicahispanica.eu/source/20196,,Gloriam et magnum decorem posuisti super caput ejus domine,,,,,,SEMM,0
,,https://musicahispanica.eu/chant/82822,Gloriam et magnum decorem posuisti super ,h00185a,*,,,GB-Lbl (London) Add MS 30846,,094r,,,,Philippi Nerii,14052620,VPRV,V,https://musicahispanica.eu/source/20202,,Gloriam et magnum decorem posuisti super caput ejus,,,,,,SEMM,0
,,https://musicahispanica.eu/chant/69167,Gloriam et magnum decorem posuisti super ,h00185a,,,,GB-Lbl (London) Add MS 30851,,184v,,,,De unius tristi,,VPRV,V,https://musicahispanica.eu/source/20203,,Gloriam et magnum decorem posuisti super caput ejus,,,,,,SEMM,0
,,https://musicahispanica.eu/chant/63450,Et ero si in patre et ,h01028b,,,,E-L (León) Ms 8,,068r,,,,Nativitas Domini,02122500,VPRV,V,https://musicahispanica.eu/source/20175,,Et ero si in patre et ipse erit mihi in filio,,,,,,SEMM,0
,,https://musicahispanica.eu/chant/72442,Et ero ei in patrem et ,h01028b,,,,E-Mh (Madrid) Cod. 30,,114r,,,,Nativitas Domini,02122500,VPRV,V,https://musicahispanica.eu/source/20176,,Et ero ei in patrem et ipse erit mici in filio,,,,,,SEMM,0
,,https://musicahispanica.eu/chant/54943,Et ero ei in patre et ,h01028b,,,,E-Tc (Toledo) 35.7,3,055r,,,,Nativitas Domini,02122500,VPRV,V,https://musicahispanica.eu/source/20188,,Et ero ei in patre et ipse erit mihi in filio,,,,,,SEMM,0
,,https://musicahispanica.eu/chant/74820,Et ero ei in patrem et ,h01028b,*,,,GB-Lbl (London) Add MS 30844,,057r,,,,Nativitas Domini,02122500,VPRV,V,https://musicahispanica.eu/source/20201,,Et ero ei in patrem et ipse erit mici in filio,,,,,,SEMM,0
,,https://musicahispanica.eu/chant/83821,Tu creasti aquilonem et mare Thabor ,h00320g,*,,,GB-Lbl (London) Add MS 30846,,163v,,,,"Dom. Pentecostes,8",08081008,VPRV,V,https://musicahispanica.eu/source/20202,,Tu creasti aquilonem et mare Thabor et Hermon in nomine tuo exsultabunt,,,,,,SEMM,0
,,https://musicahispanica.eu/chant/62920,Sustinuit anima mea in verbo tuo ,h01037a,,,,E-L (León) Ms 8,,038r,,,,Saturnini,14112900,VPRV,V,https://musicahispanica.eu/source/20175,,Sustinuit anima mea in verbo tuo domine fiant aures tuae incedentes adorationem servi tui,,,,,,SEMM,0
,,https://musicahispanica.eu/chant/71998,Sustinuit anima mea in verbo tuo ,h01037a,,,,E-SI (Santo Domingo de Silos) MS 3,,118v,,,,De uno justi,,VPRV,V,https://musicahispanica.eu/source/20177,,Sustinuit anima mea in verbo tuo domine fiant aures tuae incedentes adorationem servi tui,,,,,,SEMM,0
,,https://musicahispanica.eu/chant/89672,Ad videndum*,h04785a,,,,GB-Lbl (London) Add MS 30851,,198r,,,,Pro defunctis Sacerdotibus,13011000,VPRV,V,https://musicahispanica.eu/source/20203,,Ad videndum*,,,,,,SEMM,0
,,https://musicahispanica.eu/chant/65591,Tu confregisti caput draconis magni et ,h00320c,,,,E-L (León) Ms 8,,179v,,,,Dom. Septuagesimae,06011000,VPRV,V,https://musicahispanica.eu/source/20175,,Tu confregisti caput draconis magni et dedisti eum in esca populo Eziopo,,,,,,SEMM,0
,,https://musicahispanica.eu/chant/61832,Tu confregisti caput draconis magni et ,h00320c,,,,E-Tc (Toledo) 35.4,,024v,,,,Dom. 2 p. Pascha,08031000,VPRV,V,https://musicahispanica.eu/source/20185,,Tu confregisti caput draconis magni et dedisti eum in esca populo Eziopo,,,,,,SEMM,0
,,https://musicahispanica.eu/chant/63725,Qui numerat mutitudinem stellarum et omnibus ,h01032b,,,,E-L (León) Ms 8,,083v,,,,Epiphania,05010600,VPRV,V,https://musicahispanica.eu/source/20175,,Qui numerat mutitudinem stellarum et omnibus eis nomina vocat,,,,,,SEMM,0
,,https://musicahispanica.eu/chant/56299,Qui numerat multitudinem stellarum et omnibus ,h01032b,,,,E-Tc (Toledo) 35.7,3,112v,,,,Epiphania,05010600,VPRV,V,https://musicahispanica.eu/source/20188,,Qui numerat multitudinem stellarum et omnibus eis nomina vocat,,,,,,SEMM,0
,,https://musicahispanica.eu/chant/101176,Beata est *,h00949c,,,,GB-Lbl (London) Add MS 30845,,127v,,,,"Fausti, Januarii et Martialis",,VPRV,V,https://musicahispanica.eu/source/20196,,Beata est *,,,,,,SEMM,0
,,https://musicahispanica.eu/chant/67669,Qui statis in domo domini in ,h00208a,,,,E-L (León) Ms 8,,281v,,,,Dom. Quotidiano,,VPRV,V,https://musicahispanica.eu/source/20175,,Qui statis in domo domini in atriis domus dei nostri,,,,,,SEMM,0
,,https://musicahispanica.eu/chant/72861,[Qui statis] in domo domini in ,h00208a,,,,E-Mh (Madrid) Cod. 30,,190v,,,,"Agnetis, Emerentianae",,VPRV,V,https://musicahispanica.eu/source/20176,,[Qui statis] in domo domini in atriis domus dei nostri,,,,,,SEMM,0
,,https://musicahispanica.eu/chant/86535,Qui statis in domo domini in ,h00208a,,,,E-SI (Santo Domingo de Silos) MS 3,,148v,,,,Fest. per annum,04000000,VPRV,V,https://musicahispanica.eu/source/20177,,Qui statis in domo domini in atriis domus dei nostri,,,,,,SEMM,0
,,https://musicahispanica.eu/chant/68337,Qui statis in domo domini in ,h00208a,,,,E-SI (Santo Domingo de Silos) MS 6,,060r,,,,Dom. 2 p. Pent.,09021000,VPRV,V,https://musicahispanica.eu/source/20179,,Qui statis in domo domini in atriis domus dei nostri,,,,,,SEMM,0
,,https://musicahispanica.eu/chant/68779,Qui statis in domo domini in ,h00208a,,,,E-SI (Santo Domingo de Silos) MS 6,,025r,,,,Commune unius Virginis,,VPRV,V,https://musicahispanica.eu/source/20179,,Qui statis in domo domini in atriis domus dei nostri,,,,,,SEMM,0
,,https://musicahispanica.eu/chant/69712,Qui statis in domo domini in ,h00208a,,,,E-Tc (Toledo) 35.4,2,082v,,,,Dom. 1 Quotidiano,,VPRV,V,https://musicahispanica.eu/source/20185,,Qui statis in domo domini in atriis domus dei nostri,,,,,,SEMM,0
,,https://musicahispanica.eu/chant/87451,Qui statis in domo domini in ,h00208a,,,,F-Pn (París) NAL 2199,,015r,,,,Dom. Quotidiano,,VPRV,V,https://musicahispanica.eu/source/20195,,Qui statis in domo domini in atriis domus dei nostri,,,,,,SEMM,0
,,https://musicahispanica.eu/chant/89600,Qui statis in domo domini in ,h00208a,,,,GB-Lbl (London) Add MS 30850,,001v,,,,Dom. 1 Quotidiano,,VPRV,V,https://musicahispanica.eu/source/20199,,Qui statis in domo domini in atriis domus dei nostri,,,,,,SEMM,0
,,https://musicahispanica.eu/chant/69198,Qui statis in domo domini in ,h00208a,,,,GB-Lbl (London) Add MS 30851,,187r,,,,Commune Virginum,,VPRV,V,https://musicahispanica.eu/source/20203,,Qui statis in domo domini in atriis domus dei nostri,,,,,,SEMM,0
