id,corpus_id,chantlink,incipit,cantus_id,mode,finalis,differentia,siglum,position,folio,sequence,marginalia,cao_concordances,feast,feast_code,genre,office,srclink,melody_id,full_text,full_text_manuscript,volpiano,notes,dataset_name,dataset_idx,db,image_link
,,https://musicahispanica.eu/chant/92979,In diebus illis mulier quae erat ,h04493,,,,E-Tc (Toledo) 33.3,,052r,,,,Ad Mandatum,07065010,VRS,DU&D,https://musicahispanica.eu/source/20197,,In diebus illis mulier quae erat in civitate peccatrix cum audisset quod Jesus discubuit in domum Simonis leprosi obtulit alabastrum unguenti stans retro secus pedes domini Jesu lacrimis coepit rigare pedes ejus et capillis capiti sui tergebat eos et osculabatur et ungebat unguento ,,,,,,SEMM,0
,,https://musicahispanica.eu/chant/86918,Deus in adjutorium meum intende domine ,h01103.1,*,,,E-SI (Santo Domingo de Silos) MS 7,,059r,,,,Dom. Resurrectionis,08011000,VRS,T,https://musicahispanica.eu/source/20181,,Deus in adjutorium meum intende domine ad adjuvandum me festina | Deus in adjutorium | Gloria et | Deus in adjutorium meum,,,,,,SEMM,0
,,https://musicahispanica.eu/chant/92718,Deus in adjutorium meum | Deus in ,h01103.1,*,,,E-Tc (Toledo) 33.3,,001r,,,,In tempore Quad.,07000000,VRS,,https://musicahispanica.eu/source/20197,,Deus in adjutorium meum | Deus in adjutorium | Gloria et | Deus in adjutorium meum,,,,,,SEMM,0
,,https://musicahispanica.eu/chant/67450,Domine salvum fac*,h04610,,,,E-L (León) Ms 8,,272r,,,,Ordinatione sive natalicio regis,,VRS,V,https://musicahispanica.eu/source/20175,,Domine salvum fac*,,,,,,SEMM,0
,,https://musicahispanica.eu/chant/68407,Domine salvum fac regem*,h04610,,,,GB-Lbl (London) Add MS 30851,,158v,,,,Ordinatione sive natalicio regis,,VRS,,https://musicahispanica.eu/source/20203,,Domine salvum fac regem*,,,,,,SEMM,0
,,https://musicahispanica.eu/chant/110216,Educ domine de carcere animam,h04806,,,,E-Mh (Madrid) Cod. 118,,001r,,,,Decoll. Jo. Bapt.,14082900,VRS,,https://musicahispanica.eu/source/110211,,Educ domine de carcere animam,,,,,,SEMM,0
,,https://musicahispanica.eu/chant/65867,In omnem terram*,h04400,,,,E-L (León) Ms 8,,195r,,,,Torquati et sociorum,,VRS,V,https://musicahispanica.eu/source/20175,,In omnem terram*,,,,,,SEMM,0
,,https://musicahispanica.eu/chant/66285,In omnem terram exhibit*,h04400,,,,E-L (León) Ms 8,,216r,,,,"Petri, Pauli",14062900,VRS,V,https://musicahispanica.eu/source/20175,,In omnem terram exhibit*,,,,,,SEMM,0
,,https://musicahispanica.eu/chant/127897,In omnem terram*,h04400,,,,E-Mn (Madrid) MSS/10001,,138r,,,,Torquati et sociorum,,VRS,,https://musicahispanica.eu/source/52315,,In omnem terram*,,,,,,SEMM,0
,,https://musicahispanica.eu/chant/127928,In omnem terram*,h04400,,,,E-Mn (Madrid) MSS/10001,,142v,,,,"Petri, Pauli",14062900,VRS,,https://musicahispanica.eu/source/52315,,In omnem terram*,,,,,,SEMM,0
,,https://musicahispanica.eu/chant/75214,In omnem terram exivit sonus eorum ,h04400,*,,,GB-Lbl (London) Add MS 30844,,138v,,,,Cathedra Petri,14022200,VRS,V,https://musicahispanica.eu/source/20201,,In omnem terram exivit sonus eorum et in fines orbis terrae verba illorum ,,,,,,SEMM,0
,,https://musicahispanica.eu/chant/68281,In omnem terram exivit sonus eorum*,h04400,,,,GB-Lbl (London) Add MS 30851,,136v,,,,"Petri, Pauli",14062900,VRS,,https://musicahispanica.eu/source/20203,,In omnem terram exivit sonus eorum*,,,,,,SEMM,0
,,https://musicahispanica.eu/chant/128079,Rigans deus montes*,h04621,,,,E-Mn (Madrid) MSS/10001,,160v,,,,Pro pluvia,16020000,VRS,,https://musicahispanica.eu/source/52315,,Rigans deus montes*,,,,,,SEMM,0
,,https://musicahispanica.eu/chant/65382,Popule meus quid feci tibi aut ,h04506,,,,E-L (León) Ms 8,,166v,,,,Fer. 6 in Parasceve,07066000,VRS,N,https://musicahispanica.eu/source/20175,,Popule meus quid feci tibi aut in quo contristavi te responde mihi quia eduxi te de terra Aegympti parasti crucem mihi,,,,,,SEMM,0
,,https://musicahispanica.eu/chant/63314,Mater Sion,h03403,,,,E-L (León) Ms 8,,060r,,,,Exspectationis BMV,14121810,VRS,MH,https://musicahispanica.eu/source/20175,,Mater Sion,,,,,,SEMM,0
,,https://musicahispanica.eu/chant/72317,Mater Sion *,h03403,*,,,E-Mh (Madrid) Cod. 30,,096v,,,,Assumptio Mariae (Hispanic rite),,VRS,MH,https://musicahispanica.eu/source/20176,,"Mater Sion *
",,,,,,SEMM,0
,,https://musicahispanica.eu/chant/66113,Emitte spiritum tuum*,h03397,,,,E-L (León) Ms 8,,206v,,,,Fer. 6 de Letanias Apostolicas,,VRS,V2,https://musicahispanica.eu/source/20175,,Emitte spiritum tuum*,,,,,,SEMM,0
,,https://musicahispanica.eu/chant/66139,Emitte spiritum*,h03397,,,,E-L (León) Ms 8,,207v,,,,Dom. Pentecostes,08081000,VRS,V,https://musicahispanica.eu/source/20175,,Emitte spiritum*,,,,,,SEMM,0
,,https://musicahispanica.eu/chant/127918,Emitte spiritum*,h03397,,,,E-Mn (Madrid) MSS/10001,,139v,,,,Dom. Pentecostes,08081000,VRS,,https://musicahispanica.eu/source/52315,,Emitte spiritum*,,,,,,SEMM,0
,,https://musicahispanica.eu/chant/82643,Emitte spiritum tuum domine et creabuntur ,h03397,*,,,GB-Lbl (London) Add MS 30846,,074v,,,,"Dom. Pentecostes,8",08081008,VRS,V,https://musicahispanica.eu/source/20202,,Emitte spiritum tuum domine et creabuntur et renovabis faciem terrae,,,,,,SEMM,0
,,https://musicahispanica.eu/chant/83876,Emitte spiritum tuum *,h03397,*,,,GB-Lbl (London) Add MS 30846,,164r,,,,"Dom. Pentecostes,8",08081008,VRS,V,https://musicahispanica.eu/source/20202,,Emitte spiritum tuum *,,,,,,SEMM,0
,,https://musicahispanica.eu/chant/84000,Emitte spiritum *,h03397,*,,,GB-Lbl (London) Add MS 30846,,167v,,,,"Dom. Pentecostes,8",08081008,VRS,MH,https://musicahispanica.eu/source/20202,,Emitte spiritum *,,,,,,SEMM,0
,,https://musicahispanica.eu/chant/74020,Justum deduxit *,h04354,*,,,E-Mh (Madrid) Cod. 30,,036r,,,,Saturnini,14112900,VRS,V,https://musicahispanica.eu/source/20176,,Justum deduxit *,,,,,,SEMM,0
,,https://musicahispanica.eu/chant/124757,Justum deduxit dominus per viam,h04354,*,,,E-Mn (Madrid) MSS/10001,,109v,,,,"Crispini,Crispiniani",14102500,VRS,,https://musicahispanica.eu/source/52315,,Justum deduxit dominus per viam,,,,,,SEMM,0
,,https://musicahispanica.eu/chant/124897,Justum deduxit dominus *,h04354,*,,,E-Mn (Madrid) MSS/10001,,111v,,,,Clementis,14112300,VRS,,https://musicahispanica.eu/source/52315,,Justum deduxit dominus *,,,,,,SEMM,0
,,https://musicahispanica.eu/chant/125143,Justum deduxit dominus *,h04354,*,,,E-Mn (Madrid) MSS/10001,,112r,,,,Andreae,14113000,VRS,,https://musicahispanica.eu/source/52315,,Justum deduxit dominus *,,,,,,SEMM,0
,,https://musicahispanica.eu/chant/125653,Justum deduxit *,h04354,*,,,E-Mn (Madrid) MSS/10001,,114v,,,,Thomae Apost.,14122100,VRS,,https://musicahispanica.eu/source/52315,,Justum deduxit *,,,,,,SEMM,0
,,https://musicahispanica.eu/chant/126192,Justum deduxit *,h04354,*,,,E-Mn (Madrid) MSS/10001,,116r,,,,Jacobi fratris Domini,,VRS,,https://musicahispanica.eu/source/52315,,Justum deduxit *,,,,,,SEMM,0
,,https://musicahispanica.eu/chant/127939,Justum deduxit*,h04354,,,,E-Mn (Madrid) MSS/10001,,144v,,,,Cucuphatis,14072530,VRS,,https://musicahispanica.eu/source/52315,,Justum deduxit*,,,,,,SEMM,0
,,https://musicahispanica.eu/chant/92533,Justum deduxit*,h04354,,,,E-Tc (Toledo) 35.6,,182r,,,,Christinae,14072400,VRS,V,https://musicahispanica.eu/source/20187,,Justum deduxit*,,,,,,SEMM,0
,,https://musicahispanica.eu/chant/74816,Justum deduxit dominus per viam rectas ,h04354,*,,,GB-Lbl (London) Add MS 30844,,052r,,,,Thomae Apost.,14122100,VRS,V,https://musicahispanica.eu/source/20201,,Justum deduxit dominus per viam rectas et ostendit illi regnum dei,,,,,,SEMM,0
,,https://musicahispanica.eu/chant/68277,Justum deduxit dominus per viam rectam*,h04354,,,,GB-Lbl (London) Add MS 30851,,136r,,,,Joannis Baptistae,14062400,VRS,,https://musicahispanica.eu/source/20203,,Justum deduxit dominus per viam rectam*,,,,,,SEMM,0
,,https://musicahispanica.eu/chant/68289,Justum deduxit*,h04354,,,,GB-Lbl (London) Add MS 30851,,139r,,,,Cucuphatis,14072530,VRS,,https://musicahispanica.eu/source/20203,,Justum deduxit*,,,,,,SEMM,0
,,https://musicahispanica.eu/chant/68291,Justum deduxit dominus*,h04354,,,,GB-Lbl (London) Add MS 30851,,139v,,,,Felicis Gerundae,,VRS,,https://musicahispanica.eu/source/20203,,Justum deduxit dominus*,,,,,,SEMM,0
,,https://musicahispanica.eu/chant/68386,Justum deduxit dominus*,h04354,,,,GB-Lbl (London) Add MS 30851,,153v,,,,De uno justi,,VRS,,https://musicahispanica.eu/source/20203,,Justum deduxit dominus*,,,,,,SEMM,0
,,https://musicahispanica.eu/chant/86618,Vespere mane *,h04608,*,,,E-SI (Santo Domingo de Silos) MS 3,,168v,,,,Fer. 2 per annum,04002000,VRS,V,https://musicahispanica.eu/source/20177,,Vespere mane *,,,,,,SEMM,0
,,https://musicahispanica.eu/chant/103224,Vespere mane*,h04608,,,,E-Tc (Toledo) 35.5,,055r,,,,Fer. 4 Hebd. 3 Quad.,07034000,VPR,V,https://musicahispanica.eu/source/20186,,Vespere mane*,,,,,,SEMM,0
,,https://musicahispanica.eu/chant/63835,Ex ore infantium*,h04365,,,,E-L (León) Ms 8,,090v,,,,Allisionis Infantum,,VRS,V,https://musicahispanica.eu/source/20175,,Ex ore infantium*,,,,,,SEMM,0
,,https://musicahispanica.eu/chant/66483,Ex ore infantium*,h04365,,,,E-L (León) Ms 8,,226v,,,,"Justi, Pastoris",14080630,VRS,V,https://musicahispanica.eu/source/20175,,Ex ore infantium*,,,,,,SEMM,0
,,https://musicahispanica.eu/chant/72778,Ex ore infantium *,h04365,*,,,E-Mh (Madrid) Cod. 30,,180r,,,,Allisionis Infantum,,VRS,V,https://musicahispanica.eu/source/20176,,Ex ore infantium *,,,,,,SEMM,0
,,https://musicahispanica.eu/chant/127944,Ex ore infantium,h04365,,,,E-Mn (Madrid) MSS/10001,,147r,,,,"Justi, Pastoris",14080630,VRS,,https://musicahispanica.eu/source/52315,,Ex ore infantium,,,,,,SEMM,0
,,https://musicahispanica.eu/chant/92639,Ex ore infantium et lactantium,h04365,*,,,E-Tc (Toledo) 35.6,,192v,,,,"Justi, Pastoris",14080630,VRS,V,https://musicahispanica.eu/source/20187,,Ex ore infantium et lactantium,,,,,,SEMM,0
,,https://musicahispanica.eu/chant/68293,Ex ore infantium*,h04365,,,,GB-Lbl (London) Add MS 30851,,140v,,,,"Justi, Pastoris",14080630,VRS,,https://musicahispanica.eu/source/20203,,Ex ore infantium*,,,,,,SEMM,0
,,https://musicahispanica.eu/chant/72668,Benedic domine coronam anni,h04390,*,,,E-Mh (Madrid) Cod. 30,,158r,,,,Initio anni,,VRS,MH,https://musicahispanica.eu/source/20176,,Benedic domine coronam anni,,,,,,SEMM,0
,,https://musicahispanica.eu/chant/82629,Exaltare domine *,h04560,*,,,GB-Lbl (London) Add MS 30846,,074v,,,,Dom. p. Ascensionem,,VRS,V,https://musicahispanica.eu/source/20202,,Exaltare domine *,,,,,,SEMM,0
,,https://musicahispanica.eu/chant/83576,Exaltare domine in virtute tua ,h04560,*,,,GB-Lbl (London) Add MS 30846,,124v,,,,Dom. p. Ascensionem,,VRS,V,https://musicahispanica.eu/source/20202,,Exaltare domine in virtute tua ,,,,,,SEMM,0
,,https://musicahispanica.eu/chant/110214,Posui adjutorium super*,h04625,,,,E-Mh (Madrid) Cod. 118,,001r,,,,"Cornelii, Cypriani",14091600,VRS,,https://musicahispanica.eu/source/110211,,Posui adjutorium super*,,,,,,SEMM,0
,,https://musicahispanica.eu/chant/68352,Posui adjutorium*,h04625,,,,GB-Lbl (London) Add MS 30851,,143v,,,,"Cornelii, Cypriani",14091600,VRS,,https://musicahispanica.eu/source/20203,,Posui adjutorium*,,,,,,SEMM,0
,,https://musicahispanica.eu/chant/64154,Perfice gressus meos*,h04379,,,,E-L (León) Ms 8,,109r,,,,Carnes Tollendas,,VRS,V2,https://musicahispanica.eu/source/20175,,Perfice gressus meos*,,,,,,SEMM,0
,,https://musicahispanica.eu/chant/127955,Justus ut palma*,h04614,,,,E-Mn (Madrid) MSS/10001,,147v,,,,Genesii,14082530,VRS,,https://musicahispanica.eu/source/52315,,Justus ut palma*,,,,,,SEMM,0
,,https://musicahispanica.eu/chant/87074,Ecce quam bonum *,h04497,*,,,E-SI (Santo Domingo de Silos) MS 7,,092r,,,,,,VRS,DU&D,https://musicahispanica.eu/source/20181,,Ecce quam bonum *,,,,,,SEMM,0
,,https://musicahispanica.eu/chant/68848,Ecce quam bonum*,h04497,,,,GB-Lbl (London) Add MS 30851,,166v,,,,Sabb. Hebd. 1 Quad.,07017000,VRS,C,https://musicahispanica.eu/source/20203,,Ecce quam bonum*,,,,,,SEMM,0
,,https://musicahispanica.eu/chant/63505,Hic est dies quem*,h04046,,,,E-L (León) Ms 8,,071v,,,,Nativitas Domini,02122500,VRS,MH,https://musicahispanica.eu/source/20175,,Hic est dies quem*,,,,,,SEMM,0
,,https://musicahispanica.eu/chant/72518,Hic est dies *,h04046,*,,,E-Mh (Madrid) Cod. 30,,128v,,,,Nativitas Domini,02122500,VRS,V2,https://musicahispanica.eu/source/20176,,Hic est dies *,,,,,,SEMM,0
,,https://musicahispanica.eu/chant/92003,Hic est dies quem*,h04046,,,,E-Tc (Toledo) 35.6,,107r,,,,Dom. Pentecostes,08081000,VRS,MH,https://musicahispanica.eu/source/20187,,Hic est dies quem*,,,,,,SEMM,0
,,https://musicahispanica.eu/chant/80052,Hic est dies *,h04046,*,,,GB-Lbl (London) Add MS 30846,,008r,,,,Fer. 2 p. Pascha,08012000,VRS,V,https://musicahispanica.eu/source/20202,,Hic est dies *,,,,,,SEMM,0
,,https://musicahispanica.eu/chant/80635,Hic est dies quem fecit dominus ,h04046,*,,,GB-Lbl (London) Add MS 30846,,063r,,,,Sabbato in Albis,08017000,VRS,D,https://musicahispanica.eu/source/20202,,Hic est dies quem fecit dominus ,,,,,,SEMM,0
,,https://musicahispanica.eu/chant/82812,Hic est dies quem *,h04046,*,,,GB-Lbl (London) Add MS 30846,,087v,,,,Dom. 2 p. Pascha,08031000,VRS,V,https://musicahispanica.eu/source/20202,,Hic est dies quem *,,,,,,SEMM,0
,,https://musicahispanica.eu/chant/68269,Hic est dies*,h04046,,,,GB-Lbl (London) Add MS 30851,,133r,,,,Fer. 6 p. Pascha,08016000,VRS,,https://musicahispanica.eu/source/20203,,Hic est dies*,,,,,,SEMM,0
,,https://musicahispanica.eu/chant/68272,Hic est dies*,h04046,,,,GB-Lbl (London) Add MS 30851,,134v,,,,Sabbato in Albis,08017000,VRS,,https://musicahispanica.eu/source/20203,,Hic est dies*,,,,,,SEMM,0
,,https://musicahispanica.eu/chant/79107,Ego sum alpha*,h04361,,,,E-L (León) Ms 8,,088r,,,,Epiphania,05010600,VRS,MH,https://musicahispanica.eu/source/20175,,Ego sum alpha*,,,,,,SEMM,0
,,https://musicahispanica.eu/chant/68267,Constituite diem*,h04591,,,,GB-Lbl (London) Add MS 30851,,133v,,,,Sabbato in Albis,08017000,VRS,,https://musicahispanica.eu/source/20203,,Constituite diem*,,,,,,SEMM,0
,,https://musicahispanica.eu/chant/85678,Nam dum fatur angelus ad virginem ,h04578,,,,US-NYhsa (New York) B2916,,085r,,,,Aemiliani Cucullati,14111220,VRS,MH,https://musicahispanica.eu/source/84980,,Nam dum fatur angelus ad virginem incarnatus sumens deum hominem nec sectatur nostri partus ordinem,,,,,,SEMM,0
,,https://musicahispanica.eu/chant/79411,Apud te est domine*,h04388,,,,E-L (León) Ms 8,,116r,,,,Dom. 1 Quadragesimae,07011000,VRS,V,https://musicahispanica.eu/source/20175,,Apud te est domine*,,,,,,SEMM,0
,,https://musicahispanica.eu/chant/87042,Fiat domine misericordia tua super nos ,h04502,*,,,E-SI (Santo Domingo de Silos) MS 7,,072v,,,,,,VRS,Q&Q,https://musicahispanica.eu/source/20181,,Fiat domine misericordia tua super nos sicut speravimus in te,,,,,,SEMM,0
,,https://musicahispanica.eu/chant/87072,Fiat domine misericordia tua *,h04502,*,,,E-SI (Santo Domingo de Silos) MS 7,,091r,,,,,,VRS,DU&D,https://musicahispanica.eu/source/20181,,Fiat domine misericordia tua *,,,,,,SEMM,0
,,https://musicahispanica.eu/chant/87238,Fiat *,h04502,*,,,E-SI (Santo Domingo de Silos) MS 7,,116v,,,,,,VRS,AL,https://musicahispanica.eu/source/20181,,Fiat *,,,,,,SEMM,0
,,https://musicahispanica.eu/chant/87244,Fiat domine *,h04502,*,,,E-SI (Santo Domingo de Silos) MS 7,,119v,,,,,,VRS,AL,https://musicahispanica.eu/source/20181,,Fiat domine *,,,,,,SEMM,0
,,https://musicahispanica.eu/chant/63900,Justorum animae*,h04350,,,,E-L (León) Ms 8,,094r,,,,"Fructuosi, Augurii et Eulogii",,VRS,V,https://musicahispanica.eu/source/20175,,Justorum animae*,,,,,,SEMM,0
,,https://musicahispanica.eu/chant/72543,Justorum animae *,h04350,*,,,E-Mh (Madrid) Cod. 30,,136r,,,,Eugeniae,,VRS,V,https://musicahispanica.eu/source/20176,,Justorum animae *,,,,,,SEMM,0
,,https://musicahispanica.eu/chant/73394,Justorum animae *,h04350,*,,,E-Mh (Madrid) Cod. 30,,213v,,,,Tirsi,,VRS,V,https://musicahispanica.eu/source/20176,,Justorum animae *,,,,,,SEMM,0
,,https://musicahispanica.eu/chant/73810,Justorum animae *,h04350,*,,,E-Mh (Madrid) Cod. 30,,017v,,,,Caeciliae,14112200,VRS,V,https://musicahispanica.eu/source/20176,,Justorum animae *,,,,,,SEMM,0
,,https://musicahispanica.eu/chant/124756,Justorum animae *,h04350,*,,,E-Mn (Madrid) MSS/10001,,109r,,,,Romani,14080900,VRS,,https://musicahispanica.eu/source/52315,,"Justorum animae *
",,,,,,SEMM,0
,,https://musicahispanica.eu/chant/127315,Jus [torum]*,h04350,,,,E-Mn (Madrid) MSS/10001,,120v,,,,Juliani,14082810,VRS,,https://musicahispanica.eu/source/52315,,Jus [torum]*,,,,,,SEMM,0
,,https://musicahispanica.eu/chant/127329,Justorum animae*,h04350,,,,E-Mn (Madrid) MSS/10001,,122v,,,,"Fructuosi, Augurii et Eulogii",,VRS,,https://musicahispanica.eu/source/52315,,Justorum animae*,,,,,,SEMM,0
,,https://musicahispanica.eu/chant/127333,Justorum animae*,h04350,,,,E-Mn (Madrid) MSS/10001,,124r,,,,Babylae,14012420,VRS,,https://musicahispanica.eu/source/52315,,Justorum animae*,,,,,,SEMM,0
,,https://musicahispanica.eu/chant/127363,Justorum animae*,h04350,,,,E-Mn (Madrid) MSS/10001,,127r,,,,Dorotheae,14020610,VRS,,https://musicahispanica.eu/source/52315,,Justorum animae*,,,,,,SEMM,0
,,https://musicahispanica.eu/chant/127921,Justorum animae*,h04350,,,,E-Mn (Madrid) MSS/10001,,140v,,,,Adriani,14091000,VRS,,https://musicahispanica.eu/source/52315,,Justorum animae*,,,,,,SEMM,0
,,https://musicahispanica.eu/chant/127946,Justorum animae*,h04350,,,,E-Mn (Madrid) MSS/10001,,147r,,,,Laurentii,14081000,VRS,,https://musicahispanica.eu/source/52315,,Justorum animae*,,,,,,SEMM,0
,,https://musicahispanica.eu/chant/127981,Justorum*,h04350,,,,E-Mn (Madrid) MSS/10001,,151v,,,,"Fausti, Januarii et Martialis",,VRS,,https://musicahispanica.eu/source/52315,,Justorum*,,,,,,SEMM,0
,,https://musicahispanica.eu/chant/71943,Justorum*,h04350,,,,E-SI (Santo Domingo de Silos) MS 3,,107v,,,,De Sanctis,12015000,VRS,V,https://musicahispanica.eu/source/20177,,Justorum*,,,,,,SEMM,0
,,https://musicahispanica.eu/chant/74973,Justorum animae in manu dei sunt ,h04350,*,,,GB-Lbl (London) Add MS 30844,,088r,,,,Eugeniae,,VRS,V,https://musicahispanica.eu/source/20201,,Justorum animae in manu dei sunt alleluia et non tanget illos tormentum mortis,,,,,,SEMM,0
,,https://musicahispanica.eu/chant/82794,Justorum *,h04350,*,,,GB-Lbl (London) Add MS 30846,,083r,,,,Torquati et sociorum,,VRS,MH,https://musicahispanica.eu/source/20202,,Justorum *,,,,,,SEMM,0
,,https://musicahispanica.eu/chant/68160,Justorum animae*,h04350,,,,GB-Lbl (London) Add MS 30851,,111v,,,,Romani,14080900,VRS,,https://musicahispanica.eu/source/20203,,Justorum animae*,,,,,,SEMM,0
,,https://musicahispanica.eu/chant/68229,Justorum*,h04350,,,,GB-Lbl (London) Add MS 30851,,125r,,,,"Fabiani, Sebastiani",14012000,VRS,V,https://musicahispanica.eu/source/20203,,Justorum*,,,,,,SEMM,0
,,https://musicahispanica.eu/chant/68251,Justorum animae*,h04350,,,,GB-Lbl (London) Add MS 30851,,129v,,,,"Emeterii, Celedonii",,VRS,V,https://musicahispanica.eu/source/20203,,Justorum animae*,,,,,,SEMM,0
,,https://musicahispanica.eu/chant/68295,Justorum animae*,h04350,,,,GB-Lbl (London) Add MS 30851,,140v,,,,Laurentii,14081000,VRS,,https://musicahispanica.eu/source/20203,,Justorum animae*,,,,,,SEMM,0
,,https://musicahispanica.eu/chant/68365,Justorum*,h04350,,,,GB-Lbl (London) Add MS 30851,,149r,,,,"Verissimi, Maximae et Juliae",,VRS,,https://musicahispanica.eu/source/20203,,Justorum*,,,,,,SEMM,0
,,https://musicahispanica.eu/chant/68379,Justorum animae*,h04350,,,,GB-Lbl (London) Add MS 30851,,152v,,,,De Sanctis,12015000,VRS,,https://musicahispanica.eu/source/20203,,Justorum animae*,,,,,,SEMM,0
,,https://musicahispanica.eu/chant/65416,Deus homo esse voluisti pro libertatem ,h04545,,,,E-L (León) Ms 8,,169r,,,,Fer. 6 in Parasceve,07066000,VRS,N,https://musicahispanica.eu/source/20175,,Deus homo esse voluisti pro libertatem assumpti,,,,,,SEMM,0
,,https://musicahispanica.eu/chant/65102,Venite filii audite*,h04600,,,,E-L (León) Ms 8,,152r,,,,Dom. in Palmis,07061000,VRS,V,https://musicahispanica.eu/source/20175,,Venite filii audite*,,,,,,SEMM,0
,,https://musicahispanica.eu/chant/67217,Venite filii*,h04600,,,,E-L (León) Ms 8,,260r,,,,De Sacratione Baselice,,VRS,V,https://musicahispanica.eu/source/20175,,Venite filii*,,,,,,SEMM,0
,,https://musicahispanica.eu/chant/127411,Venite filii audite me*,h04600,,,,E-Mn (Madrid) MSS/10001,,133v,,,,Dom. in Palmis,07061000,VRS,,https://musicahispanica.eu/source/52315,,Venite filii audite me*,,,,,,SEMM,0
,,https://musicahispanica.eu/chant/68206,Venite*,h04600,,,,GB-Lbl (London) Add MS 30851,,120v,,,,Epiphania,05010600,VRS,,https://musicahispanica.eu/source/20203,,Venite*,,,,,,SEMM,0
,,https://musicahispanica.eu/chant/68399,Venite filii audite me*,h04600,,,,GB-Lbl (London) Add MS 30851,,155v,,,,De Sacratione Baselice,,VRS,,https://musicahispanica.eu/source/20203,,Venite filii audite me*,,,,,,SEMM,0
,,https://musicahispanica.eu/chant/87076,Aperis tu manum tuam *,h04483,*,,,E-SI (Santo Domingo de Silos) MS 7,,092r,,,,,,VRS,DU&D,https://musicahispanica.eu/source/20181,,Aperis tu manum tuam *,,,,,,SEMM,0
,,https://musicahispanica.eu/chant/92728,Aperis tu manum tuam et imples ,h04483,*,,,E-Tc (Toledo) 33.3,,001v,,,,In tempore Quad.,07000000,VRS,,https://musicahispanica.eu/source/20197,,Aperis tu manum tuam et imples omnem animam benedictionem,,,,,,SEMM,0
,,https://musicahispanica.eu/chant/85372,Adjutor et liberator noster es tu ,h04574,*,,,E-SI (Santo Domingo de Silos) MS 7,,035r,,,,,,VRS,Pec,https://musicahispanica.eu/source/20181,,Adjutor et liberator noster es tu domine ne tardaveris ad salvandum nos,,,,,,SEMM,0
,,https://musicahispanica.eu/chant/102998,Dominus dixit ad me filius*,h04827,,,,E-Tc (Toledo) 35.7,,066v,,,,Nativitas Domini,02122500,VRS,MH,https://musicahispanica.eu/source/20188,,Dominus dixit ad me filius*,,,,,,SEMM,0
,,https://musicahispanica.eu/chant/65934,Excelsus super omnes*,h04618,,,,E-L (León) Ms 8,,199r,,,,Ascensio Domini,08065000,VRS,V,https://musicahispanica.eu/source/20175,,Excelsus super omnes*,,,,,,SEMM,0
,,https://musicahispanica.eu/chant/65985,Excelsus super*,h04618,,,,E-L (León) Ms 8,,201v,,,,Ascensio Domini,08065000,VRS,V2,https://musicahispanica.eu/source/20175,,Excelsus super*,,,,,,SEMM,0
,,https://musicahispanica.eu/chant/87092,Si ascendero in lectum strati mei ,h04516,*,,,E-SI (Santo Domingo de Silos) MS 7,,096v,,,,,,VRS,C,https://musicahispanica.eu/source/20181,,Si ascendero in lectum strati mei memores tu mei domine | Si dedero somnum oculis meis et palpebris meis dormitationem aut requiem temporibus meis memores tu mei domine | Donec inveniam locum domino tabernaculum deo Jacob memores tu mei domine | Gloria et honor patri et filio et spiritu sancto memores tu mei domine | Sicut erat in principio et nunc et semper et in saecula saeculorum amen memores tu mei domine | Si ascendero in lectum stratus mei memores tu mei domine | Te precor domine auctor lucis et diei ne derelinquas me sed memores tu mei | Per diem salvasti nos domine et nocte custodi no Jesu Christe,,,,,,SEMM,0
,,https://musicahispanica.eu/chant/65385,Popule meus quid feci tibi aut ,h04527,,,,E-L (León) Ms 8,,167r,,,,Fer. 6 in Parasceve,07066000,VRS,N,https://musicahispanica.eu/source/20175,,Popule meus quid feci tibi aut in quo te contristavi aut in quo tibi molestus fui responde mihi quia eduxi de terra Aegypti et de domo servitutis liberavi te et misi ante faciem tuam Moisen Aaron et Maria,,,,,,SEMM,0
,,https://musicahispanica.eu/chant/67593,Convertere domine anima*,h04585,,,,E-L (León) Ms 8,,278v,,,,De defunctorum Aepiscoporum,,VRS,V,https://musicahispanica.eu/source/20175,,Convertere domine anima*,,,,,,SEMM,0
,,https://musicahispanica.eu/chant/69291,Convertere domine*,h04585,,,,GB-Lbl (London) Add MS 30851,,193r,,,,Pro defunctis Sacerdotibus,13011000,VRS,V,https://musicahispanica.eu/source/20203,,Convertere domine*,,,,,,SEMM,0
,,https://musicahispanica.eu/chant/69307,Convertere domine*,h04585,,,,GB-Lbl (London) Add MS 30851,,194r,,,,Pro defunctis Sacerdotibus,13011000,VRS,V,https://musicahispanica.eu/source/20203,,Convertere domine*,,,,,,SEMM,0
,,https://musicahispanica.eu/chant/66819,Confessio et magnificentia*,h04599,,,,E-L (León) Ms 8,,244r,,,,Martini,14111100,VRS,V,https://musicahispanica.eu/source/20175,,Confessio et magnificentia*,,,,,,SEMM,0
,,https://musicahispanica.eu/chant/86318,Confessio et magnificentia opus ejus et ,h04599,*,,,E-SI (Santo Domingo de Silos) MS 3,,129v,,,,Comm. unius Confessoris,12004000,VRS,V,https://musicahispanica.eu/source/20177,,Confessio et magnificentia opus ejus et justitia ejus manet in saeculum saeculi,,,,,,SEMM,0
,,https://musicahispanica.eu/chant/68375,Confessio et mag *,h04599,,,,GB-Lbl (London) Add MS 30851,,151r,,,,Martini,14111100,VRS,,https://musicahispanica.eu/source/20203,,Confessio et mag *,,,,,,SEMM,0
,,https://musicahispanica.eu/chant/68394,Confessio et mag*,h04599,,,,GB-Lbl (London) Add MS 30851,,155r,,,,Comm. unius Confessoris,12004000,VRS,,https://musicahispanica.eu/source/20203,,Confessio et mag*,,,,,,SEMM,0
,,https://musicahispanica.eu/chant/64187,A ruina et daemonio meridiano deus ,h04380,,,,E-L (León) Ms 8,,110r,,,,Carnes Tollendas,,VRS,S,https://musicahispanica.eu/source/20175,,A ruina et daemonio meridiano deus sancte custodi nos,,,,,,SEMM,0
,,https://musicahispanica.eu/chant/68255,A ruina et daemonio*,h04380,,,,GB-Lbl (London) Add MS 30851,,130v,,,,Dom. Quadragesimae,07001000,VRS,S,https://musicahispanica.eu/source/20203,,A ruina et daemonio*,,,,,,SEMM,0
,,https://musicahispanica.eu/chant/87668,Leva ad deum manus tuas pro ,h04541,*,,,E-SCu (Santiago de Compostela) Ms 609,,210v,,,,,,VRS,MN,https://musicahispanica.eu/source/20207,,Leva ad deum manus tuas pro remedio peccatorum tuorum,,,,,,SEMM,0
,,https://musicahispanica.eu/chant/87248,Leva ad deum manus tuus pro ,h04541,*,,,E-SI (Santo Domingo de Silos) MS 7,,120v,,,,,,VRS,AL,https://musicahispanica.eu/source/20181,,Leva ad deum manus tuus pro remedio peccatorum tuorum	,,,,,,SEMM,0
,,https://musicahispanica.eu/chant/68859,Leva ad deum manus tuas pro ,h04541,,,,GB-Lbl (London) Add MS 30851,,167v,,,,Sabb. Hebd. 1 Quad.,07017000,VRS,C,https://musicahispanica.eu/source/20203,,Leva ad deum manus tuas pro remedio peccatorum tuorum,,,,,,SEMM,0
,,https://musicahispanica.eu/chant/87081,Confitemini deo caeli quoniam in saeculum ,h04487,*,,,E-SI (Santo Domingo de Silos) MS 7,,093r,,,,,,VRS,C,https://musicahispanica.eu/source/20181,,Confitemini deo caeli quoniam in saeculum misericordiam ejus,,,,,,SEMM,0
,,https://musicahispanica.eu/chant/87082,Confitemini deo caeli quoniam in saeculum ,h04487,*,,,E-SI (Santo Domingo de Silos) MS 7,,093r,,,,,,VRS,C,https://musicahispanica.eu/source/20181,,Confitemini deo caeli quoniam in saeculum misericordiam ejus,,,,,,SEMM,0
,,https://musicahispanica.eu/chant/92816,Confitemini deo caeli quoniam in saeculum ,h04487,*,,,E-Tc (Toledo) 33.3,,004v,,,,,,VRS,C,https://musicahispanica.eu/source/20197,,Confitemini deo caeli quoniam in saeculum misericordiam ejus ,,,,,,SEMM,0
,,https://musicahispanica.eu/chant/66643,Lucerna pedibus*,h04604,,,,E-L (León) Ms 8,,235v,,,,Decoll. Jo. Bapt.,14082900,VRS,V,https://musicahispanica.eu/source/20175,,Lucerna pedibus*,,,,,,SEMM,0
,,https://musicahispanica.eu/chant/88601,Lucerna pedibus *,h04604,,,,E-L (León) Ms 8,,212r,,,,Joannis Baptistae,14062400,VRS,V,https://musicahispanica.eu/source/20175,,Lucerna pedibus *,,,,,,SEMM,0
,,https://musicahispanica.eu/chant/127923,Lucerna*,h04604,,,,E-Mn (Madrid) MSS/10001,,141v,,,,Joannis Baptistae,14062400,VRS,,https://musicahispanica.eu/source/52315,,Lucerna*,,,,,,SEMM,0
,,https://musicahispanica.eu/chant/127925,Lucerna pedibus*,h04604,,,,E-Mn (Madrid) MSS/10001,,142r,,,,Joannis Baptistae,14062400,VRS,MH,https://musicahispanica.eu/source/52315,,Lucerna pedibus*,,,,,,SEMM,0
,,https://musicahispanica.eu/chant/68357,Lucerna pedibus meis*,h04604,,,,GB-Lbl (London) Add MS 30851,,146r,,,,Decoll. Jo. Bapt.,14082900,VRS,,https://musicahispanica.eu/source/20203,,Lucerna pedibus meis*,,,,,,SEMM,0
,,https://musicahispanica.eu/chant/63791,Ante solem permanet*,h04358,,,,E-L (León) Ms 8,,088r,,,,Epiphania,05010600,VRS,MH,https://musicahispanica.eu/source/20175,,Ante solem permanet*,,,,,,SEMM,0
,,https://musicahispanica.eu/chant/79066,Ante solem*,h04358,,,,E-L (León) Ms 8,,084r,,,,Epiphania,05010600,VRS,V,https://musicahispanica.eu/source/20175,,Ante solem*,,,,,,SEMM,0
,,https://musicahispanica.eu/chant/72724,A[nte solem permanet] *,h04358,,,,E-Mh (Madrid) Cod. 30,,170r,,,,Epiphania,05010600,VRS,MH,https://musicahispanica.eu/source/20176,,A[nte solem permanet] *,,,,,,SEMM,0
,,https://musicahispanica.eu/chant/68302,Ante solem per*,h04358,,,,GB-Lbl (London) Add MS 30851,,142v,,,,Assumptio Mariae,14081500,VRS,,https://musicahispanica.eu/source/20203,,Ante solem per*,,,,,,SEMM,0
,,https://musicahispanica.eu/chant/83594,Exaltare super caelos deus et super ,h04568,*,,,GB-Lbl (London) Add MS 30846,,126r,,,,Dom. p. Ascensionem,,VRS,MH,https://musicahispanica.eu/source/20202,,Exaltare super caelos deus et super omnem terram gloriam tuam,,,,,,SEMM,0
,,https://musicahispanica.eu/chant/73101,Pretiosa in conspectu *,h04398,*,,,E-Mh (Madrid) Cod. 30,,194r,,,,"Fructuosi, Augurii et Eulogii",,VRS,V,https://musicahispanica.eu/source/20176,,Pretiosa in conspectu *,,,,,,SEMM,0
,,https://musicahispanica.eu/chant/73441,Pretiosa in *,h04398,*,,,E-Mh (Madrid) Cod. 30,,218v,,,,Dorotheae,14020610,VRS,V,https://musicahispanica.eu/source/20176,,Pretiosa in *,,,,,,SEMM,0
,,https://musicahispanica.eu/chant/127982,Pretiosa*,h04398,,,,E-Mn (Madrid) MSS/10001,,152r,,,,"Cosmae, Damiani",14092700,VRS,,https://musicahispanica.eu/source/52315,,Pretiosa*,,,,,,SEMM,0
,,https://musicahispanica.eu/chant/84276,Pretiosa *,h04398,*,,,E-Zfm (Zaragoza) Ms-418,,006r,,,,Dorotheae,14020610,VRS,V,https://musicahispanica.eu/source/20192,,Pretiosa *,,,,,,SEMM,0
,,https://musicahispanica.eu/chant/84410,Pretiosa in conspectu *,h04398,*,,,E-Zfm (Zaragoza) Ms-418,,007v,,,,"Emeterii, Celedonii",,VRS,V,https://musicahispanica.eu/source/20192,,Pretiosa in conspectu *,,,,,,SEMM,0
,,https://musicahispanica.eu/chant/74995,Pretiosa in conspectu domini mortis sanctorum ,h04398,*,,,GB-Lbl (London) Add MS 30844,,089v,,,,Eugeniae,,VRS,MH,https://musicahispanica.eu/source/20201,,Pretiosa in conspectu domini mortis sanctorum ejus ,,,,,,SEMM,0
,,https://musicahispanica.eu/chant/101371,Pretiosa *,h04398,*,,,GB-Lbl (London) Add MS 30845,,134v,,,,"Servandi, Germani",,VRS,V,https://musicahispanica.eu/source/20196,,Pretiosa *,,,,,,SEMM,0
,,https://musicahispanica.eu/chant/80148,Pretiosa *,h04398,*,,,GB-Lbl (London) Add MS 30846,,013v,,,,Engratiae,,VRS,V,https://musicahispanica.eu/source/20202,,Pretiosa *,,,,,,SEMM,0
,,https://musicahispanica.eu/chant/68275,Pretiosa in conspectu domini*,h04398,,,,GB-Lbl (London) Add MS 30851,,135v,,,,Adriani,14091000,VRS,,https://musicahispanica.eu/source/20203,,Pretiosa in conspectu domini*,,,,,,SEMM,0
,,https://musicahispanica.eu/chant/68371,Pretiosa*,h04398,,,,GB-Lbl (London) Add MS 30851,,150v,,,,"Cosmae, Damiani",14092700,VRS,,https://musicahispanica.eu/source/20203,,Pretiosa*,,,,,,SEMM,0
,,https://musicahispanica.eu/chant/85681,In cantores adjuvemus canere hic lectores ,h04581,,,,US-NYhsa (New York) B2916,,085v,,,,Aemiliani Cucullati,14111220,VRS,MH,https://musicahispanica.eu/source/84980,,In cantores adjuvemus canere hic lectores audiamus legere ergo domine jube benedicere ,,,,,,SEMM,0
,,https://musicahispanica.eu/chant/127903,Dicite*,h04559,,,,E-Mn (Madrid) MSS/10001,,138v,,,,Inventio Crucis,14050300,VRS,,https://musicahispanica.eu/source/52315,,Dicite*,,,,,,SEMM,0
,,https://musicahispanica.eu/chant/82583,Dicite in nationibus *,h04559,*,,,GB-Lbl (London) Add MS 30846,,073r,,,,Inventio Crucis,14050300,VRS,V,https://musicahispanica.eu/source/20202,,Dicite in nationibus *,,,,,,SEMM,0
,,https://musicahispanica.eu/chant/87078,Refecisti nos domine in factura tua ,h04512,*,,,E-SI (Santo Domingo de Silos) MS 7,,092r,,,,,,VRS,DU&D,https://musicahispanica.eu/source/20181,,Refecisti nos domine in factura tua et in operibus manum tuarum exsultavimus ,,,,,,SEMM,0
,,https://musicahispanica.eu/chant/92734,Refecisti nos domine in factura tua ,h04512,*,,,E-Tc (Toledo) 33.3,,002r,,,,In tempore Quad.,07000000,VRS,,https://musicahispanica.eu/source/20197,,Refecisti nos domine in factura tua et in operibus manum tuarum exsultavimus ,,,,,,SEMM,0
,,https://musicahispanica.eu/chant/65415,Causam reddis Pilato nullo reatu contracto,h04544,,,,E-L (León) Ms 8,,169r,,,,Fer. 6 in Parasceve,07066000,VRS,N,https://musicahispanica.eu/source/20175,,Causam reddis Pilato nullo reatu contracto,,,,,,SEMM,0
,,https://musicahispanica.eu/chant/92569,Posuisti super*,h04601,,,,E-Tc (Toledo) 35.6,,183v,,,,Felicis Gerundae,,VRS,V,https://musicahispanica.eu/source/20187,,Posuisti super*,,,,,,SEMM,0
,,https://musicahispanica.eu/chant/65957,Ascendit deus*,h04411,,,,E-L (León) Ms 8,,200r,,,,Ascensio Domini,08065000,VRS,MH,https://musicahispanica.eu/source/20175,,Ascendit deus*,,,,,,SEMM,0
,,https://musicahispanica.eu/chant/65995,Ascendit deus*,h04411,,,,E-L (León) Ms 8,,201v,,,,Fer. 6 p. Ascensio.,,VRS,MH,https://musicahispanica.eu/source/20175,,Ascendit deus*,,,,,,SEMM,0
,,https://musicahispanica.eu/chant/127914,Ascendit deus*,h04411,,,,E-Mn (Madrid) MSS/10001,,139r,,,,Ascensio Domini,08065000,VRS,,https://musicahispanica.eu/source/52315,,Ascendit deus*,,,,,,SEMM,0
,,https://musicahispanica.eu/chant/80645,Ascendit deus in jubilatione dominus in ,h04411,*,,,GB-Lbl (London) Add MS 30846,,065v,,,,Dom. p. Ascensionem,,VRS,D,https://musicahispanica.eu/source/20202,,Ascendit deus in jubilatione dominus in voce tubae ,,,,,,SEMM,0
,,https://musicahispanica.eu/chant/82587,Ascendit deus in jubilatione *,h04411,*,,,GB-Lbl (London) Add MS 30846,,074r,,,,Ascensio Domini,08065000,VRS,V,https://musicahispanica.eu/source/20202,,Ascendit deus in jubilatione *,,,,,,SEMM,0
,,https://musicahispanica.eu/chant/83345,Ascendit deus in jubilatione *,h04411,*,,,GB-Lbl (London) Add MS 30846,,113r,,,,Ascensio Domini,08065000,VRS,MH,https://musicahispanica.eu/source/20202,,Ascendit deus in jubilatione *,,,,,,SEMM,0
,,https://musicahispanica.eu/chant/83439,Ascendit deus in jubilatione *,h04411,*,,,GB-Lbl (London) Add MS 30846,,121v,,,,Ascensio Domini,08065000,VRS,V2,https://musicahispanica.eu/source/20202,,Ascendit deus in jubilatione *,,,,,,SEMM,0
,,https://musicahispanica.eu/chant/86810,Bonum est confiteri domino et psallere ,h04575,*,,,E-SI (Santo Domingo de Silos) MS 7,,046r,,,,,,VRS,P&S,https://musicahispanica.eu/source/20181,,Bonum est confiteri domino et psallere nomini tuo altissime,,,,,,SEMM,0
,,https://musicahispanica.eu/chant/87038,Bonum est confiteri *,h04575,*,,,E-SI (Santo Domingo de Silos) MS 7,,071r,,,,,,VRS,Q&Q,https://musicahispanica.eu/source/20181,,Bonum est confiteri *,,,,,,SEMM,0
,,https://musicahispanica.eu/chant/87061,Bonum est confiteri *,h04575,*,,,E-SI (Santo Domingo de Silos) MS 7,,082r,,,,,,VRS,S&O,https://musicahispanica.eu/source/20181,,Bonum est confiteri *,,,,,,SEMM,0
,,https://musicahispanica.eu/chant/87071,Bonum est confiteri domino,h04575,*,,,E-SI (Santo Domingo de Silos) MS 7,,091r,,,,,,VRS,DU&D,https://musicahispanica.eu/source/20181,,Bonum est confiteri domino,,,,,,SEMM,0
,,https://musicahispanica.eu/chant/92885,Bonum est confiteri domino et psallere ,h04575,*,,,E-Tc (Toledo) 33.3,,018r,,,,Dom. per annum,04001000,VRS,Q&Q,https://musicahispanica.eu/source/20197,,Bonum est confiteri domino et psallere nomini tuo altissime,,,,,,SEMM,0
,,https://musicahispanica.eu/chant/92918,Bonum est confiteri domino et psallere ,h04575,*,,,E-Tc (Toledo) 33.3,,027r,,,,Dom. per annum,04001000,VRS,S&O,https://musicahispanica.eu/source/20197,,Bonum est confiteri domino et psallere nomini tuo altissime,,,,,,SEMM,0
,,https://musicahispanica.eu/chant/72553,[Gloria et divitiae i]n domo *,h04385,*,,,E-Mh (Madrid) Cod. 30,,137v,,,,Jacobi fratris Domini,,VRS,V,https://musicahispanica.eu/source/20176,,[Gloria et divitiae i]n domo *,,,,,,SEMM,0
,,https://musicahispanica.eu/chant/75015,Gloria et divitiae in domo ejus ,h04385,*,,,GB-Lbl (London) Add MS 30844,,094v,,,,Jacobi fratris Domini,,VRS,V,https://musicahispanica.eu/source/20201,,"Gloria et divitiae in domo ejus et justitia ejus manet in saeculum saeculi alleluia
",,,,,,SEMM,0
,,https://musicahispanica.eu/chant/65517,Surrexit enim*,h04619,,,,E-L (León) Ms 8,,176v,,,,Dom. Resurrectionis,08011000,VRS,MH,https://musicahispanica.eu/source/20175,,Surrexit enim*,,,,,,SEMM,0
,,https://musicahispanica.eu/chant/68847,Sicut cervus desiderat*,h04517,,,,GB-Lbl (London) Add MS 30851,,166v,,,,Sabb. Hebd. 1 Quad.,07017000,VRS,C,https://musicahispanica.eu/source/20203,,Sicut cervus desiderat*,,,,,,SEMM,0
,,https://musicahispanica.eu/chant/85495,Sicut cervus *,h04517,*,,,US-NYhsa (New York) B2916,,002v,,,,Martini,14111100,VRS,V,https://musicahispanica.eu/source/84980,,Sicut cervus *,,,,,,SEMM,0
,,https://musicahispanica.eu/chant/85528,Sicut cervus desiderat ad fontes aquarum ,h04517,*,,,US-NYhsa (New York) B2916,,003r,,,,Martini,14111100,VRS,V,https://musicahispanica.eu/source/84980,,Sicut cervus desiderat ad fontes aquarum ita desiderat anima mea ad te deus,,,,,,SEMM,0
,,https://musicahispanica.eu/chant/65384,Audite montes judicium domini et fortia ,h04526,,,,E-L (León) Ms 8,,167r,,,,Fer. 6 in Parasceve,07066000,VRS,N,https://musicahispanica.eu/source/20175,,Audite montes judicium domini et fortia fundamenta terrae quia judicium domini cum populo suo et cum Israel altercabitur dicens,,,,,,SEMM,0
,,https://musicahispanica.eu/chant/71686,Ostende nobis*,h04571,,,,E-SI (Santo Domingo de Silos) MS 3,,052r,,,,Pro infirmis,16013030,VRS,V,https://musicahispanica.eu/source/20177,,Ostende nobis*,,,,,,SEMM,0
,,https://musicahispanica.eu/chant/71705,Ostende nobis domine*,h04571,,,,E-SI (Santo Domingo de Silos) MS 3,,054r,,,,Pro infirmis,16013030,VRS,MH,https://musicahispanica.eu/source/20177,,Ostende nobis domine*,,,,,,SEMM,0
,,https://musicahispanica.eu/chant/84981,Ostende nobis domine misericordiam tuam et ,h04571,*,,,E-SI (Santo Domingo de Silos) MS 7,,002v,,,,Pro infirmis,16013030,VRS,V,https://musicahispanica.eu/source/20181,,Ostende nobis domine misericordiam tuam et salutare tuum da nobis,,,,,,SEMM,0
,,https://musicahispanica.eu/chant/69238,Ostende nobis domine*,h04571,,,,GB-Lbl (London) Add MS 30851,,189r,,,,Pro infirmis,16013030,VRS,V,https://musicahispanica.eu/source/20203,,Ostende nobis domine*,,,,,,SEMM,0
,,https://musicahispanica.eu/chant/64180,Deus exaudi orationem nostram et clamor ,h04381,,,,E-L (León) Ms 8,,110r,,,,Carnes Tollendas,,VRS,T,https://musicahispanica.eu/source/20175,,Deus exaudi orationem nostram et clamor noster ad te perveniat,,,,,,SEMM,0
,,https://musicahispanica.eu/chant/92836,Deus exaudi orationem nostram et clamor ,h04381,*,,,E-Tc (Toledo) 33.3,,008v,,,,Dom. Quadragesimae,07001000,VRS,T,https://musicahispanica.eu/source/20197,,Deus exaudi orationem nostram et clamor noster ad te perveniat,,,,,,SEMM,0
,,https://musicahispanica.eu/chant/87073,Deus in adjutorium *,h01103,*,,,E-SI (Santo Domingo de Silos) MS 7,,092r,,,,,,VRS,DU&D,https://musicahispanica.eu/source/20181,,Deus in adjutorium *,,,,,,SEMM,0
,,https://musicahispanica.eu/chant/87338,Deus in adjutorium *,h01103,*,,,E-SI (Santo Domingo de Silos) MS 7,,032r,,,,,,VRS,Pec,https://musicahispanica.eu/source/20181,,Deus in adjutorium *,,,,,,SEMM,0
,,https://musicahispanica.eu/chant/92880,Deus in adjutorium meum intende | Domine ,h01103,*,,,E-Tc (Toledo) 33.3,,014v,,,,Dom. per annum,04001000,VRS,Q&Q,https://musicahispanica.eu/source/20197,,Deus in adjutorium meum intende | Domine ad adjuvandum me festina | Deus in adjutorium meum intende | Gloria et honor patri et filio et spiritui sancto in saecula saeculorum,,,,,,SEMM,0
,,https://musicahispanica.eu/chant/92913,Deus in adjutorium meum intende | Domine ,h01103,,,,E-Tc (Toledo) 33.3,,023v,,,,Dom. per annum,04001000,VRS,S&O,https://musicahispanica.eu/source/20197,,Deus in adjutorium meum intende | Domine ad adjuvandum me festina | Deus in adjutorium meum intende | Gloria et honor,,,,,,SEMM,0
,,https://musicahispanica.eu/chant/85494,Deus in adjutorium *,h01103,*,,,US-NYhsa (New York) B2916,,002v,,,,Martini,14111100,VRS,V,https://musicahispanica.eu/source/84980,,Deus in adjutorium *,,,,,,SEMM,0
,,https://musicahispanica.eu/chant/85680,A peccato venit ut nos solveret ,h04580,,,,US-NYhsa (New York) B2916,,085v,,,,Aemiliani Cucullati,14111220,VRS,MH,https://musicahispanica.eu/source/84980,,A peccato venit ut nos solveret ut prostratus vim culparum solvere dare gratis mortem suam vivere,,,,,,SEMM,0
,,https://musicahispanica.eu/chant/111050,Respice et exa[...] domine deus meus ,h04513,,,,E-Bbc (Barcelona) M 1408-13,1.3,001r,,,,Pro defunctis,13001000,A,M,https://musicahispanica.eu/source/111047,,Respice et exa[...] domine deus meus illumina oculos meos ne umquam obdormiam in [...],,,,,,SEMM,0
,,https://musicahispanica.eu/chant/87090,Respice et exaudi me domine deus ,h04513,*,,,E-SI (Santo Domingo de Silos) MS 7,,095r,,,,,,VRS,C,https://musicahispanica.eu/source/20181,,Respice et exaudi me domine deus meus illumina oculos meos ne umquam obdormiam in morte,,,,,,SEMM,0
,,https://musicahispanica.eu/chant/87097,Respice et exaudi me domine deus ,h04513,*,,,E-SI (Santo Domingo de Silos) MS 7,,102r,,,,,,VRS,C,https://musicahispanica.eu/source/20181,,Respice et exaudi me domine deus meus illumina oculos meos ne umquam obdormiam in morte,,,,,,SEMM,0
,,https://musicahispanica.eu/chant/82509,Confitebor tibi domine in toto corde ,h04558,*,,,GB-Lbl (London) Add MS 30846,,070r,,,,Philippi Nerii,14052620,VRS,V,https://musicahispanica.eu/source/20202,,Confitebor tibi domine in toto corde meo narrabo omnia mirabilia tua ,,,,,,SEMM,0
,,https://musicahispanica.eu/chant/63674,Secundum nomen tuum*,h04127,,,,E-L (León) Ms 8,,081r,,,,Circumcisio Domini,02010110,VRS,MH,https://musicahispanica.eu/source/20175,,Secundum nomen tuum*,,,,,,SEMM,0
,,https://musicahispanica.eu/chant/124755,Exsultabunt sancti in *,h04401,*,,,E-Mn (Madrid) MSS/10001,,109r,,,,Aciscli,,VRS,,https://musicahispanica.eu/source/52315,,Exsultabunt sancti in *,,,,,,SEMM,0
,,https://musicahispanica.eu/chant/124890,Exsultabunt sancti in gloria,h04401,*,,,E-Mn (Madrid) MSS/10001,,111r,,,,Caeciliae,14112200,VRS,,https://musicahispanica.eu/source/52315,,Exsultabunt sancti in gloria,,,,,,SEMM,0
,,https://musicahispanica.eu/chant/125659,Exsultabunt sancti *,h04401,*,,,E-Mn (Madrid) MSS/10001,,116r,,,,Eugeniae,,VRS,,https://musicahispanica.eu/source/52315,,Exsultabunt sancti *,,,,,,SEMM,0
,,https://musicahispanica.eu/chant/127323,Exsultabunt sancti in gloria*,h04401,,,,E-Mn (Madrid) MSS/10001,,122r,,,,"Fabiani, Sebastiani",14012000,VRS,,https://musicahispanica.eu/source/52315,,Exsultabunt sancti in gloria*,,,,,,SEMM,0
,,https://musicahispanica.eu/chant/127343,Exsultabunt sancti*,h04401,,,,E-Mn (Madrid) MSS/10001,,125r,,,,Tirsi,,VRS,,https://musicahispanica.eu/source/52315,,Exsultabunt sancti*,,,,,,SEMM,0
,,https://musicahispanica.eu/chant/127895,Exsultabunt sancti*,h04401,,,,E-Mn (Madrid) MSS/10001,,137v,,,,Engratiae,,VRS,,https://musicahispanica.eu/source/52315,,Exsultabunt sancti*,,,,,,SEMM,0
,,https://musicahispanica.eu/chant/80647,Exsultabunt sancti in gloria laetabuntur in ,h04401,*,,,GB-Lbl (London) Add MS 30846,,067v,,,,Engratiae,,VRS,D,https://musicahispanica.eu/source/20202,,Exsultabunt sancti in gloria laetabuntur in cubilibus suis,,,,,,SEMM,0
,,https://musicahispanica.eu/chant/68158,Exultabunt sancti*,h04401,,,,GB-Lbl (London) Add MS 30851,,111r,,,,Aciscli,,VRS,MH,https://musicahispanica.eu/source/20203,,Exultabunt sancti*,,,,,,SEMM,0
,,https://musicahispanica.eu/chant/68373,Exsultabunt sancti*,h04401,,,,GB-Lbl (London) Add MS 30851,,151r,,,,"Vincentii, Sabinae et Christetae",,VRS,,https://musicahispanica.eu/source/20203,,Exsultabunt sancti*,,,,,,SEMM,0
,,https://musicahispanica.eu/chant/68381,Exsultabunt sancti*,h04401,,,,GB-Lbl (London) Add MS 30851,,153r,,,,De Sanctis,12015000,VRS,,https://musicahispanica.eu/source/20203,,Exsultabunt sancti*,,,,,,SEMM,0
,,https://musicahispanica.eu/chant/68410,Excita domine austrum*,h04620,,,,GB-Lbl (London) Add MS 30851,,159v,,,,Pro pluvia,16020000,VRS,,https://musicahispanica.eu/source/20203,,Excita domine austrum*,,,,,,SEMM,0
,,https://musicahispanica.eu/chant/63269,Deus in medio ejus non*,h03402,,,,E-L (León) Ms 8,,057r,,,,Exspectationis BMV,14121810,VRS,V,https://musicahispanica.eu/source/20175,,Deus in medio ejus non*,,,,,,SEMM,0
,,https://musicahispanica.eu/chant/74787,Deus in medio ejus non commobevitur ,h03402,*,,,GB-Lbl (London) Add MS 30844,,038r,,,,Exspectationis BMV,14121810,VRS,MH,https://musicahispanica.eu/source/20201,,Deus in medio ejus non commobevitur adjuvabit eam deus aspectu suo,,,,,,SEMM,0
,,https://musicahispanica.eu/chant/68421,Qui fecit*,h04609,,,,GB-Lbl (London) Add MS 30851,,163r,,,,Dom. Quotidiano,,VRS,V,https://musicahispanica.eu/source/20203,,Qui fecit*,,,,,,SEMM,0
,,https://musicahispanica.eu/chant/72722,P[otens]*,h04355,,,,E-Mh (Madrid) Cod. 30,,170r,,,,Epiphania,05010600,VRS,MH,https://musicahispanica.eu/source/20176,,P[otens]*,,,,,,SEMM,0
,,https://musicahispanica.eu/chant/74044,Potens in terra erit *,h04355,,,,E-Mh (Madrid) Cod. 30,,039r,,,,Saturnini,14112900,VRS,MH,https://musicahispanica.eu/source/20176,,Potens in terra erit *,,,,,,SEMM,0
,,https://musicahispanica.eu/chant/75045,Potens in terra erit semen ejus ,h04355,*,,,GB-Lbl (London) Add MS 30844,,099v,,,,Joannis Evang.,02122700,VRS,V,https://musicahispanica.eu/source/20201,,Potens in terra erit semen ejus generatio rectorum benedicetur,,,,,,SEMM,0
,,https://musicahispanica.eu/chant/68172,Potens*,h04355,,,,GB-Lbl (London) Add MS 30851,,115r,,,,Andreae,14113000,VRS,,https://musicahispanica.eu/source/20203,,Potens*,,,,,,SEMM,0
,,https://musicahispanica.eu/chant/68279,Potens in terra*,h04355,,,,GB-Lbl (London) Add MS 30851,,136v,,,,Joannis Baptistae,14062400,VRS,,https://musicahispanica.eu/source/20203,,Potens in terra*,,,,,,SEMM,0
,,https://musicahispanica.eu/chant/64909,Eripe me de inimicis*,h04594,,,,E-L (León) Ms 8,,142v,,,,Dom. 4 Quadragesimae,07041000,VRS,V,https://musicahispanica.eu/source/20175,,Eripe me de inimicis*,,,,,,SEMM,0
,,https://musicahispanica.eu/chant/92860,Eripe me de inimicis*,h04594,,,,E-Tc (Toledo) 33.3,,010v,,,,Dom. de Passione,07051000,VRS,T,https://musicahispanica.eu/source/20197,,Eripe me de inimicis*,,,,,,SEMM,0
,,https://musicahispanica.eu/chant/108304,Dispersit et dedit *,h04561,*,,,E-Mn (Madrid) MSS/13060,,123v,,,,Martini,14111100,VRS,V,https://musicahispanica.eu/source/103204,,Dispersit et dedit *	,,,,,,SEMM,0
,,https://musicahispanica.eu/chant/84647,Dispersit et dedit *,h04561,*,,,E-SI (Santo Domingo de Silos) MS 5,,040v,,,,Martini,14111100,VRS,V,https://musicahispanica.eu/source/20178,,Dispersit et dedit *,,,,,,SEMM,0
,,https://musicahispanica.eu/chant/82830,Dispersit et dedit pauperibus *,h04561,*,,,GB-Lbl (London) Add MS 30846,,094r,,,,Philippi Nerii,14052620,VRS,V,https://musicahispanica.eu/source/20202,,Dispersit et dedit pauperibus *,,,,,,SEMM,0
,,https://musicahispanica.eu/chant/89507,Dispersit et*,h04561,,,,GB-Lbl (London) Add MS 30851,,151r,,,,Martini,14111100,VRS,,https://musicahispanica.eu/source/20203,,Dispersit et*,,,,,,SEMM,0
,,https://musicahispanica.eu/chant/85493,Dispersit et dedit *,h04561,*,,,US-NYhsa (New York) B2916,,002r,,,,Martini,14111100,VRS,V,https://musicahispanica.eu/source/84980,,Dispersit et dedit *,,,,,,SEMM,0
,,https://musicahispanica.eu/chant/92812,Quoniam tu illuminas lucernam meam domine ,h04624,*,,,E-Tc (Toledo) 33.3,,004r,,,,Ascensio Domini,08065000,VRS,,https://musicahispanica.eu/source/20197,,Quoniam tu illuminas lucernam meam domine deus meus illumina tenebras meas,,,,,,SEMM,0
,,https://musicahispanica.eu/chant/68231,Deus manifeste *,h04349,,,,E-Mh (Madrid) Cod. 30,,006r,,,,Aciscli,,VRS,MH,https://musicahispanica.eu/source/20176,,Deus manifeste *,,,,,,SEMM,0
,,https://musicahispanica.eu/chant/72418,Deus manifeste *,h04349,*,,,E-Mh (Madrid) Cod. 30,,108v,,,,Suff. Adventus,,VRS,MH,https://musicahispanica.eu/source/20176,,Deus manifeste *,,,,,,SEMM,0
,,https://musicahispanica.eu/chant/124762,Deus manifeste veniet *,h04349,*,,,E-Mn (Madrid) MSS/10001,,110r,,,,Sabb. Adventus,01007000,VRS,V,https://musicahispanica.eu/source/52315,,Deus manifeste veniet *,,,,,,SEMM,0
,,https://musicahispanica.eu/chant/68164,Deus manifeste*,h04349,,,,GB-Lbl (London) Add MS 30851,,112v,,,,Sabb. Adventus,01007000,VRS,MH,https://musicahispanica.eu/source/20203,,Deus manifeste*,,,,,,SEMM,0
,,https://musicahispanica.eu/chant/68851,Ecce nunc benedicite*,h04496,,,,GB-Lbl (London) Add MS 30851,,166v,,,,Sabb. Hebd. 1 Quad.,07017000,VRS,C,https://musicahispanica.eu/source/20203,,Ecce nunc benedicite*,,,,,,SEMM,0
,,https://musicahispanica.eu/chant/65898,Dominus regnavit a ligno*,h04615,,,,E-L (León) Ms 8,,197r,,,,Inventio Crucis,14050300,VRS,V,https://musicahispanica.eu/source/20175,,Dominus regnavit a ligno*,,,,,,SEMM,0
,,https://musicahispanica.eu/chant/64926,Eripe me ab*,h04590,,,,E-L (León) Ms 8,,143v,,,,Dom. 4 Quadragesimae,07041000,VRS,MH,https://musicahispanica.eu/source/20175,,Eripe me ab*,,,,,,SEMM,0
,,https://musicahispanica.eu/chant/127409,Eripe me domine*,h04590,,,,E-Mn (Madrid) MSS/10001,,133v,,,,Dom. 3 Quadragesimae,07031000,VRS,V,https://musicahispanica.eu/source/52315,,Eripe me domine*,,,,,,SEMM,0
,,https://musicahispanica.eu/chant/68210,Eripe me domine ab homine*,h04590,,,,GB-Lbl (London) Add MS 30851,,121r,,,,Fer. 5 in Cena Dom.,07065000,VRS,MH,https://musicahispanica.eu/source/20203,,Eripe me domine ab homine*,,,,,,SEMM,0
,,https://musicahispanica.eu/chant/72525,Os justi meditabitur *,h04360,*,,,E-Mh (Madrid) Cod. 30,,129v,,,,Stephani,02122600,VRS,V,https://musicahispanica.eu/source/20176,,Os justi meditabitur *,,,,,,SEMM,0
,,https://musicahispanica.eu/chant/74109,Os justi meditabitur *,h04360,*,,,E-Mh (Madrid) Cod. 30,,043v,,,,Andreae,14113000,VRS,V,https://musicahispanica.eu/source/20176,,Os justi meditabitur *,,,,,,SEMM,0
,,https://musicahispanica.eu/chant/72007,Os justi meditabitur*,h04360,,,,E-SI (Santo Domingo de Silos) MS 3,,119av,,,,De uno justi,,VRS,V,https://musicahispanica.eu/source/20177,,Os justi meditabitur*,,,,,,SEMM,0
,,https://musicahispanica.eu/chant/68304,Os justi meditabitur*,h04360,,,,GB-Lbl (London) Add MS 30851,,143r,,,,Genesii,14082530,VRS,,https://musicahispanica.eu/source/20203,,Os justi meditabitur*,,,,,,SEMM,0
,,https://musicahispanica.eu/chant/68388,Os justi meditabitur*,h04360,,,,GB-Lbl (London) Add MS 30851,,153v,,,,De uno justi,,VRS,,https://musicahispanica.eu/source/20203,,Os justi meditabitur*,,,,,,SEMM,0
,,https://musicahispanica.eu/chant/65390,Indicabo tibi o homo quid sit ,h04532,,,,E-L (León) Ms 8,,167r,,,,Fer. 6 in Parasceve,07066000,VRS,N,https://musicahispanica.eu/source/20175,,Indicabo tibi o homo quid sit bonum aut quid dominus querat ad te utique faceres judicium et diligere misericordiam et sollicite ambulare cum domino deo tuo,,,,,,SEMM,0
,,https://musicahispanica.eu/chant/85679,Hic gignendo non fuit concupitus hic ,h04579,,,,US-NYhsa (New York) B2916,,085r,,,,Aemiliani Cucullati,14111220,VRS,MH,https://musicahispanica.eu/source/84980,,Hic gignendo non fuit concupitus hic nascendo non dolor nec gemitus set gaudendo puer hic est genitus ,,,,,,SEMM,0
,,https://musicahispanica.eu/chant/44831,Miserere nobis deus quia omnia tu ,h04503,,,,E-Tc (Toledo) 35.5,,159r,,,,Fer. 6 in Parasceve,07066000,VRS,N,https://musicahispanica.eu/source/20186,,Miserere nobis deus quia omnia tu enim dissimulas peccata hominum propter poenitentiam,,,,,,SEMM,0
,,https://musicahispanica.eu/chant/73146,In memoria *,h04351,*,,,E-Mh (Madrid) Cod. 30,,203r,,,,Vincentii,14012200,VRS,V,https://musicahispanica.eu/source/20176,,In memoria *,,,,,,SEMM,0
,,https://musicahispanica.eu/chant/73835,In memoria *,h04351,*,,,E-Mh (Madrid) Cod. 30,,022v,,,,Clementis,14112300,VRS,V,https://musicahispanica.eu/source/20176,,In memoria *,,,,,,SEMM,0
,,https://musicahispanica.eu/chant/125135,In memoria *,h04351,*,,,E-Mn (Madrid) MSS/10001,,111v,,,,Saturnini,14112900,H,,https://musicahispanica.eu/source/52315,,In memoria *,,,,,,SEMM,0
,,https://musicahispanica.eu/chant/125657,In memoria *,h04351,*,,,E-Mn (Madrid) MSS/10001,,115v,,,,Stephani,02122600,VRS,,https://musicahispanica.eu/source/52315,,In memoria *,,,,,,SEMM,0
,,https://musicahispanica.eu/chant/126194,In memoria *,h04351,*,,,E-Mn (Madrid) MSS/10001,,116v,,,,Joannis Evang.,02122700,VRS,,https://musicahispanica.eu/source/52315,,In memoria *,,,,,,SEMM,0
,,https://musicahispanica.eu/chant/127331,In memoria aeterna*,h04351,,,,E-Mn (Madrid) MSS/10001,,123r,,,,Vincentii,14012200,VRS,,https://musicahispanica.eu/source/52315,,In memoria aeterna*,,,,,,SEMM,0
,,https://musicahispanica.eu/chant/127942,In memoria aeterna*,h04351,,,,E-Mn (Madrid) MSS/10001,,146r,,,,Felicis Gerundae,,VRS,,https://musicahispanica.eu/source/52315,,In memoria aeterna*,,,,,,SEMM,0
,,https://musicahispanica.eu/chant/127966,In memoria*,h04351,,,,E-Mn (Madrid) MSS/10001,,149v,,,,Matthaei,14092100,VRS,,https://musicahispanica.eu/source/52315,,In memoria*,,,,,,SEMM,0
,,https://musicahispanica.eu/chant/127968,In memoria*,h04351,,,,E-Mn (Madrid) MSS/10001,,149v,,,,Decoll. Jo. Bapt.,14082900,VRS,,https://musicahispanica.eu/source/52315,,In memoria*,,,,,,SEMM,0
,,https://musicahispanica.eu/chant/92879,In memoria aeterna erit justus ab ,h04351,*,,,E-Tc (Toledo) 33.3,,014r,,,,De uno justi,,VRS,T,https://musicahispanica.eu/source/20197,,In memoria aeterna erit justus ab auditione,,,,,,SEMM,0
,,https://musicahispanica.eu/chant/74955,In memoria aeterna erit justus ab ,h04351,*,,,GB-Lbl (London) Add MS 30844,,075v,,,,Stephani,02122600,VRS,MH,https://musicahispanica.eu/source/20201,,In memoria aeterna erit justus ab auditum malum non timebit,,,,,,SEMM,0
,,https://musicahispanica.eu/chant/68167,In memoria*,h04351,,,,GB-Lbl (London) Add MS 30851,,113v,,,,Clementis,14112300,VRS,,https://musicahispanica.eu/source/20203,,In memoria*,,,,,,SEMM,0
,,https://musicahispanica.eu/chant/68200,In memoria*,h04351,,,,GB-Lbl (London) Add MS 30851,,120r,,,,Thomae Apost.,14122100,VRS,,https://musicahispanica.eu/source/20203,,In memoria*,,,,,,SEMM,0
,,https://musicahispanica.eu/chant/68212,In memoria*,h04351,,,,GB-Lbl (London) Add MS 30851,,121v,,,,Stephani,02122600,VRS,,https://musicahispanica.eu/source/20203,,In memoria*,,,,,,SEMM,0
,,https://musicahispanica.eu/chant/68287,In memoria*,h04351,,,,GB-Lbl (London) Add MS 30851,,138v,,,,Bartholomaei,14082400,VRS,,https://musicahispanica.eu/source/20203,,In memoria*,,,,,,SEMM,0
,,https://musicahispanica.eu/chant/68306,In memoria*,h04351,,,,GB-Lbl (London) Add MS 30851,,143v,,,,Augustini,14082800,VRS,,https://musicahispanica.eu/source/20203,,In memoria*,,,,,,SEMM,0
,,https://musicahispanica.eu/chant/68419,Anima ejus in bonis demorabitur*,h04603,,,,GB-Lbl (London) Add MS 30851,,162r,,,,De uno defuncto,13009000,VRS,,https://musicahispanica.eu/source/20203,,Anima ejus in bonis demorabitur*,,,,,,SEMM,0
,,https://musicahispanica.eu/chant/65420,Flagellaris et clamas ignosce pater ignorant,h04546,,,,E-L (León) Ms 8,,169v,,,,Fer. 6 in Parasceve,07066000,VRS,N,https://musicahispanica.eu/source/20175,,Flagellaris et clamas ignosce pater ignorant,,,,,,SEMM,0
,,https://musicahispanica.eu/chant/64331,Qui fecit luminaria*,h04387,,,,E-L (León) Ms 8,,116r,,,,Dom. 1 Quadragesimae,07011000,VRS,V,https://musicahispanica.eu/source/20175,,Qui fecit luminaria*,,,,,,SEMM,0
,,https://musicahispanica.eu/chant/64523,Qui fecit luminaria*,h04387,,,,E-L (León) Ms 8,,124r,,,,Dom. 2 Quadragesimae,07021000,VRS,V,https://musicahispanica.eu/source/20175,,Qui fecit luminaria*,,,,,,SEMM,0
,,https://musicahispanica.eu/chant/66190,Qui fecit luminaria*,h04387,,,,E-L (León) Ms 8,,210v,,,,Dom. Pentecostes,08081000,VRS,V2,https://musicahispanica.eu/source/20175,,Qui fecit luminaria*,,,,,,SEMM,0
,,https://musicahispanica.eu/chant/88700,Qui fecit luminaria*,h04387,,,,E-L (León) Ms 8,,222r,,,,Primitis,,VRS,V,https://musicahispanica.eu/source/20175,,Qui fecit luminaria*,,,,,,SEMM,0
,,https://musicahispanica.eu/chant/86553,Qui fecit luminaria *,h04387,*,,,E-SI (Santo Domingo de Silos) MS 3,,149v,,,,Fest. per annum,04000000,VRS,V,https://musicahispanica.eu/source/20177,,Qui fecit luminaria *,,,,,,SEMM,0
,,https://musicahispanica.eu/chant/92017,Qui fecit luminaria*,h04387,,,,E-Tc (Toledo) 35.6,,114r,,,,Dom. Pentecostes,08081000,VRS,V2,https://musicahispanica.eu/source/20187,,Qui fecit luminaria*,,,,,,SEMM,0
,,https://musicahispanica.eu/chant/69405,Qui fecit luminaria*,h04387,,,,GB-Lbl (London) Add MS 30851,,200v,,,,Dom. Quotidiano,,VRS,V,https://musicahispanica.eu/source/20203,,Qui fecit luminaria*,,,,,,SEMM,0
,,https://musicahispanica.eu/chant/85677,Plebs fidelis resonet cum gaudium qui ,h04577,,,,US-NYhsa (New York) B2916,,084v,,,,Aemiliani Cucullati,14111220,VRS,MH,https://musicahispanica.eu/source/84980,,Plebs fidelis resonet cum gaudium qui de caelis missa est salvatio Gabriele mediante nuntium ,,,,,,SEMM,0
,,https://musicahispanica.eu/chant/87091,Scuto circumdabit te veritas ejus non ,h04515,*,,,E-SI (Santo Domingo de Silos) MS 7,,096v,,,,,,VRS,C,https://musicahispanica.eu/source/20181,,Scuto circumdabit te veritas ejus non timebis a timore nocturno,,,,,,SEMM,0
,,https://musicahispanica.eu/chant/68834,Scuto circumdabit te*,h04515,,,,GB-Lbl (London) Add MS 30851,,166r,,,,Sabb. Hebd. 1 Quad.,07017000,VRS,,https://musicahispanica.eu/source/20203,,Scuto circumdabit te*,,,,,,SEMM,0
,,https://musicahispanica.eu/chant/87077,Edent pauperes *,h04498,*,,,E-SI (Santo Domingo de Silos) MS 7,,092r,,,,,,VRS,DU&D,https://musicahispanica.eu/source/20181,,Edent pauperes *,,,,,,SEMM,0
,,https://musicahispanica.eu/chant/92730,Edent pauperes et saturabantur et laudabo ,h04498,*,,,E-Tc (Toledo) 33.3,,001v,,,,In tempore Quad.,07000000,VRS,,https://musicahispanica.eu/source/20197,,Edent pauperes et saturabantur et laudabo dominum qui requirunt eum vivit cor eorum in saeculum saeculi,,,,,,SEMM,0
,,https://musicahispanica.eu/chant/92471,Laudate omnes*,h04586,,,,E-Tc (Toledo) 35.6,,168r,,,,Primitis,,VRS,MH,https://musicahispanica.eu/source/20187,,Laudate omnes*,,,,,,SEMM,0
,,https://musicahispanica.eu/chant/63145,Speciem ex*,h03939,,,,E-L (León) Ms 8,,050r,,,,Eulaliae Emeritensis,14121010,VRS,V,https://musicahispanica.eu/source/20175,,Speciem ex*,,,,,,SEMM,0
,,https://musicahispanica.eu/chant/73428,Specimen *,h03939,*,,,E-Mh (Madrid) Cod. 30,,216r,,,,Agathae,14020500,VRS,V,https://musicahispanica.eu/source/20176,,Specimen *,,,,,,SEMM,0
,,https://musicahispanica.eu/chant/73461,Speciem *,h03939,*,,,E-Mh (Madrid) Cod. 30,,220v,,,,Eulaliae Barcinonensis,,VRS,V,https://musicahispanica.eu/source/20176,,Speciem *,,,,,,SEMM,0
,,https://musicahispanica.eu/chant/74261,Speciem et *,h03939,*,,,E-Mh (Madrid) Cod. 30,,075v,,,,Eulaliae Emeritensis,14121010,VRS,MH,https://musicahispanica.eu/source/20176,,Speciem et *,,,,,,SEMM,0
,,https://musicahispanica.eu/chant/125650,Speciem et pulchritudinem *,h03939,*,,,E-Mn (Madrid) MSS/10001,,112v,,,,Eulaliae Emeritensis,14121010,VRS,,https://musicahispanica.eu/source/52315,,Speciem et pulchritudinem *,,,,,,SEMM,0
,,https://musicahispanica.eu/chant/126198,Speciem et pulchritudinem *,h03939,*,,,E-Mn (Madrid) MSS/10001,,117v,,,,Columbae,14123110,VRS,,https://musicahispanica.eu/source/52315,,Speciem et pulchritudinem *,,,,,,SEMM,0
,,https://musicahispanica.eu/chant/127361,Speciem et pulchritudine*,h03939,,,,E-Mn (Madrid) MSS/10001,,126r,,,,Agathae,14020500,VRS,,https://musicahispanica.eu/source/52315,,Speciem et pulchritudine*,,,,,,SEMM,0
,,https://musicahispanica.eu/chant/86347,Speciem *,h03939,*,,,E-SI (Santo Domingo de Silos) MS 3,,135v,,,,Commune unius Virginis,,VRS,V,https://musicahispanica.eu/source/20177,,Speciem *,,,,,,SEMM,0
,,https://musicahispanica.eu/chant/86738,Speciem et pulchritudinem tuam intende prospere ,h03939,*,,,E-SI (Santo Domingo de Silos) MS 3,,181v,,,,Assumptio Mariae (Hispanic rite),,VRS,V,https://musicahispanica.eu/source/20177,,Speciem et pulchritudinem tuam intende prospere procede et regnam,,,,,,SEMM,0
,,https://musicahispanica.eu/chant/84242,Speciem et *,h03939,*,,,E-Zfm (Zaragoza) Ms-418,,005r,,,,Agathae,14020500,VRS,V,https://musicahispanica.eu/source/20192,,Speciem et *,,,,,,SEMM,0
,,https://musicahispanica.eu/chant/75085,Speciem et pulchritudinem tuam intende prospere ,h03939,*,,,GB-Lbl (London) Add MS 30844,,105r,,,,Columbae,14123110,VRS,V,https://musicahispanica.eu/source/20201,,Speciem et pulchritudinem tuam intende prospere procede et regna ,,,,,,SEMM,0
,,https://musicahispanica.eu/chant/68196,Speciem*,h03939,,,,GB-Lbl (London) Add MS 30851,,118v,,,,Eulaliae Emeritensis,14121010,VRS,,https://musicahispanica.eu/source/20203,,Speciem*,,,,,,SEMM,0
,,https://musicahispanica.eu/chant/68300,Specie et pulchritudine*,h03939,,,,GB-Lbl (London) Add MS 30851,,142r,,,,Assumptio Mariae,14081500,VRS,,https://musicahispanica.eu/source/20203,,Specie et pulchritudine*,,,,,,SEMM,0
,,https://musicahispanica.eu/chant/68354,Speciem et pulchritudine*,h03939,,,,GB-Lbl (London) Add MS 30851,,144v,,,,Euphemiae,14091610,VRS,,https://musicahispanica.eu/source/20203,,Speciem et pulchritudine*,,,,,,SEMM,0
,,https://musicahispanica.eu/chant/68396,Speciem*,h03939,,,,GB-Lbl (London) Add MS 30851,,155r,,,,Commune unius Virginis,,VRS,,https://musicahispanica.eu/source/20203,,Speciem*,,,,,,SEMM,0
,,https://musicahispanica.eu/chant/85371,A vigilia matutina usque ad nocte ,h04573,*,,,E-SI (Santo Domingo de Silos) MS 7,,035r,,,,,,VRS,Pec,https://musicahispanica.eu/source/20181,,A vigilia matutina usque ad nocte deus sancte custodi nos,,,,,,SEMM,0
,,https://musicahispanica.eu/chant/63090,Confessionem*,h03841,,,,E-L (León) Ms 8,,047r,,,,Leocadiae,14120920,VRS,V,https://musicahispanica.eu/source/20175,,Confessionem*,,,,,,SEMM,0
,,https://musicahispanica.eu/chant/125145,Confessionem et decorem *,h03841,*,,,E-Mn (Madrid) MSS/10001,,112v,,,,Leocadiae,14120920,VRS,,https://musicahispanica.eu/source/52315,,Confessionem et decorem *,,,,,,SEMM,0
,,https://musicahispanica.eu/chant/101652,Confessionem et *,h03841,*,,,GB-Lbl (London) Add MS 30845,,145r,,,,Aemiliani Cucullati,14111220,VRS,V,https://musicahispanica.eu/source/20196,,Confessionem et *,,,,,,SEMM,0
,,https://musicahispanica.eu/chant/68174,Confessionem*,h03841,,,,GB-Lbl (London) Add MS 30851,,115v,,,,Leocadiae,14120920,VRS,,https://musicahispanica.eu/source/20203,,Confessionem*,,,,,,SEMM,0
,,https://musicahispanica.eu/chant/68298,Confessionem et decorem*,h03841,,,,GB-Lbl (London) Add MS 30851,,141v,,,,Martini,14111100,VRS,,https://musicahispanica.eu/source/20203,,Confessionem et decorem*,,,,,,SEMM,0
,,https://musicahispanica.eu/chant/68363,Confessionem*,h03841,,,,GB-Lbl (London) Add MS 30851,,148v,,,,Hieronimi,14093000,VRS,,https://musicahispanica.eu/source/20203,,Confessionem*,,,,,,SEMM,0
,,https://musicahispanica.eu/chant/68377,Confessionem*,h03841,,,,GB-Lbl (London) Add MS 30851,,152v,,,,Aemiliani Cucullati,14111220,VRS,,https://musicahispanica.eu/source/20203,,Confessionem*,,,,,,SEMM,0
,,https://musicahispanica.eu/chant/68391,Confessionem et decorem*,h03841,,,,GB-Lbl (London) Add MS 30851,,154v,,,,Comm. unius Confessoris,12004000,VRS,,https://musicahispanica.eu/source/20203,,Confessionem et decorem*,,,,,,SEMM,0
,,https://musicahispanica.eu/chant/92729,Beati immaculati in via qui ambulant ,h04484,*,,,E-Tc (Toledo) 33.3,,001v,,,,In tempore Quad.,07000000,VRS,,https://musicahispanica.eu/source/20197,,Beati immaculati in via qui ambulant in lege domini,,,,,,SEMM,0
,,https://musicahispanica.eu/chant/65412,Prosternimus preces ante faciem tuam exaudi ,h04509,,,,E-L (León) Ms 8,,169r,,,,Fer. 6 in Parasceve,07066000,VRS,N,https://musicahispanica.eu/source/20175,,Prosternimus preces ante faciem tuam exaudi placare succurre domine et miserere nobis,,,,,,SEMM,0
,,https://musicahispanica.eu/chant/65410,Acerva nostra crimina te adduxerunt ad ,h04542,,,,E-L (León) Ms 8,,169r,,,,Fer. 6 in Parasceve,07066000,VRS,N,https://musicahispanica.eu/source/20175,,Acerva nostra crimina te adduxerunt ad poenam,,,,,,SEMM,0
,,https://musicahispanica.eu/chant/68413,Sana nos domine et sanavimus*,h04582,,,,GB-Lbl (London) Add MS 30851,,160r,,,,Ad Visit. Infirmum,,VRS,,https://musicahispanica.eu/source/20203,,Sana nos domine et sanavimus*,,,,,,SEMM,0
,,https://musicahispanica.eu/chant/65409,Tu pastor bone animam tuam pro ,h04520,,,,E-L (León) Ms 8,,168v,,,,Fer. 6 in Parasceve,07066000,VRS,N,https://musicahispanica.eu/source/20175,,Tu pastor bone animam tuam pro ovibus posuisti memento nostri,,,,,,SEMM,0
,,https://musicahispanica.eu/chant/65414,Tu pastor bonae*,h04520,,,,E-L (León) Ms 8,,169r,,,,Fer. 6 in Parasceve,07066000,VRS,N,https://musicahispanica.eu/source/20175,,Tu pastor bonae*,,,,,,SEMM,0
,,https://musicahispanica.eu/chant/65419,Tu pastor bonae*,h04520,,,,E-L (León) Ms 8,,169v,,,,Fer. 6 in Parasceve,07066000,VRS,N,https://musicahispanica.eu/source/20175,,Tu pastor bonae*,,,,,,SEMM,0
,,https://musicahispanica.eu/chant/87080,Qui dat escam omni carni quoniam ,h04511,*,,,E-SI (Santo Domingo de Silos) MS 7,,093r,,,,,,VRS,C,https://musicahispanica.eu/source/20181,,Qui dat escam omni carni quoniam in saeculum misericordiam ejus,,,,,,SEMM,0
,,https://musicahispanica.eu/chant/92732,Qui dat escam omni carni quoniam ,h04511,*,,,E-Tc (Toledo) 33.3,,001v,,,,In tempore Quad.,07000000,VRS,,https://musicahispanica.eu/source/20197,,Qui dat escam omni carni quoniam in saeculum misericordiam ejus ,,,,,,SEMM,0
,,https://musicahispanica.eu/chant/92815,Qui dat escam omni carni quoniam ,h04511,*,,,E-Tc (Toledo) 33.3,,004v,,,,,,VRS,C,https://musicahispanica.eu/source/20197,,Qui dat escam omni carni quoniam in saeculum misericordiam ejus ,,,,,,SEMM,0
,,https://musicahispanica.eu/chant/87033,Deus in adjutorium | Deus in adjutorium | ,h01103.2,*,,,E-SI (Santo Domingo de Silos) MS 7,,066v,,,,,,VRS,Q&Q,https://musicahispanica.eu/source/20181,,Deus in adjutorium | Deus in adjutorium | Gloria et | Deus in adjutorium,,,,,,SEMM,0
,,https://musicahispanica.eu/chant/87045,Deus in adjutorium | Deus in adjutorium | ,h01103.2,*,,,E-SI (Santo Domingo de Silos) MS 7,,073r,,,,,,VRS,S,https://musicahispanica.eu/source/20181,,Deus in adjutorium | Deus in adjutorium | Gloria et | Deus in adjutorium,,,,,,SEMM,0
,,https://musicahispanica.eu/chant/87065,Deus in adjutorium | Deus in adjutorium | ,h01103.2,*,,,E-SI (Santo Domingo de Silos) MS 7,,082r,,,,,,VRS,DU&D,https://musicahispanica.eu/source/20181,,Deus in adjutorium | Deus in adjutorium | Gloria et | Deus in adjutorium,,,,,,SEMM,0
,,https://musicahispanica.eu/chant/87239,Deus in adjutorium | Deus in adjutorium | ,h01103.2,*,,,E-SI (Santo Domingo de Silos) MS 7,,117r,,,,,,VRS,AL,https://musicahispanica.eu/source/20181,,Deus in adjutorium | Deus in adjutorium | Gloria et | Deus in adjutorium,,,,,,SEMM,0
,,https://musicahispanica.eu/chant/89538,Deus in adjutorium | Deus in adjutorium | ,h01103.2,,,,GB-Lbl (London) Add MS 30851,,166v,,,,Sabb. Hebd. 1 Quad.,07017000,VRS,C,https://musicahispanica.eu/source/20203,,Deus in adjutorium | Deus in adjutorium | Gloria et | Deus in adjutorium,,,,,,SEMM,0
,,https://musicahispanica.eu/chant/110218,Qui facit angelos suos,h04613,*,,,E-Mh (Madrid) Cod. 118,,001v,,,,Decoll. Jo. Bapt.,14082900,VRS,,https://musicahispanica.eu/source/110211,,Qui facit angelos suos,,,,,,SEMM,0
,,https://musicahispanica.eu/chant/68359,Qui facit angelos*,h04613,,,,GB-Lbl (London) Add MS 30851,,146v,,,,Michaelis,14092900,VRS,,https://musicahispanica.eu/source/20203,,Qui facit angelos*,,,,,,SEMM,0
,,https://musicahispanica.eu/chant/68361,Qui facit angelos*,h04613,,,,GB-Lbl (London) Add MS 30851,,147v,,,,Michaelis,14092900,VRS,,https://musicahispanica.eu/source/20203,,Qui facit angelos*,,,,,,SEMM,0
,,https://musicahispanica.eu/chant/92978,Diligamus nos invicem quia caritas ex ,h04490,,,,E-Tc (Toledo) 33.3,,052r,,,,Ad Mandatum,07065010,VRS,DU&D,https://musicahispanica.eu/source/20197,,Diligamus nos invicem quia caritas ex deo est et omnis qui diligit fratrem suum ex deo natus est et nobit deum ,,,,,,SEMM,0
,,https://musicahispanica.eu/chant/66011,Dominus ascendit*,h04622,,,,E-L (León) Ms 8,,202v,,,,Dom. p. Ascensionem,,VRS,V,https://musicahispanica.eu/source/20175,,Dominus ascendit*,,,,,,SEMM,0
,,https://musicahispanica.eu/chant/79025,Domine dominus noster*,h04114,,,,E-L (León) Ms 8,,079v,,,,Circumcisio Domini,02010110,VRS,V,https://musicahispanica.eu/source/20175,,Domine dominus noster*,,,,,,SEMM,0
,,https://musicahispanica.eu/chant/126292,Domine dominus noster *,h04114,*,,,E-Mn (Madrid) MSS/10001,,118r,,,,Circumcisio Domini,02010110,VRS,,https://musicahispanica.eu/source/52315,,Domine dominus noster *,,,,,,SEMM,0
,,https://musicahispanica.eu/chant/66366,Laetetur mons Sion*,h04397,,,,E-L (León) Ms 8,,220r,,,,"Justae, Rufinae",,VRS,V,https://musicahispanica.eu/source/20175,,Laetetur mons Sion*,,,,,,SEMM,0
,,https://musicahispanica.eu/chant/72923,Laetentur mons Sion et exsultent,h04397,*,,,E-Mh (Madrid) Cod. 30,,192r,,,,"Agnetis, Emerentianae",,VRS,V,https://musicahispanica.eu/source/20176,,Laetentur mons Sion et exsultent,,,,,,SEMM,0
,,https://musicahispanica.eu/chant/127327,Laetetur mons Sion et exsultent,h04397,,,,E-Mn (Madrid) MSS/10001,,122v,,,,Agnetis,14012100,VRS,,https://musicahispanica.eu/source/52315,,Laetetur mons Sion et exsultent,,,,,,SEMM,0
,,https://musicahispanica.eu/chant/127935,laetetur mons Sion*,h04397,,,,E-Mn (Madrid) MSS/10001,,144r,,,,"Justae, Rufinae",,VRS,,https://musicahispanica.eu/source/52315,,laetetur mons Sion*,,,,,,SEMM,0
,,https://musicahispanica.eu/chant/86501,Laetetur mons Sion *,h04397,*,,,E-SI (Santo Domingo de Silos) MS 3,,141v,,,,Commune Virginum,,VRS,V,https://musicahispanica.eu/source/20177,,Laetetur mons Sion *,,,,,,SEMM,0
,,https://musicahispanica.eu/chant/68233,Laetetur*,h04397,,,,GB-Lbl (London) Add MS 30851,,125r,,,,"Agnetis, Emerentianae",,VRS,V,https://musicahispanica.eu/source/20203,,Laetetur*,,,,,,SEMM,0
,,https://musicahispanica.eu/chant/68284,Laetetur*,h04397,,,,GB-Lbl (London) Add MS 30851,,137r,,,,"Justae, Rufinae",,VRS,,https://musicahispanica.eu/source/20203,,Laetetur*,,,,,,SEMM,0
,,https://musicahispanica.eu/chant/68369,Laetetur*,h04397,,,,GB-Lbl (London) Add MS 30851,,150r,,,,"Nunilonis, Alodiae",,VRS,,https://musicahispanica.eu/source/20203,,Laetetur*,,,,,,SEMM,0
,,https://musicahispanica.eu/chant/63736,Reges Tharsis*,h04357,,,,E-L (León) Ms 8,,084r,,,,Epiphania,05010600,VRS,V,https://musicahispanica.eu/source/20175,,Reges Tharsis*,,,,,,SEMM,0
,,https://musicahispanica.eu/chant/87083,Confitemini domino quoniam bonus quoniam in ,h04488,*,,,E-SI (Santo Domingo de Silos) MS 7,,093r,,,,,,VRS,C,https://musicahispanica.eu/source/20181,,Confitemini domino quoniam bonus quoniam in saeculum misericordiam ejus,,,,,,SEMM,0
,,https://musicahispanica.eu/chant/92817,Confitemini domino quoniam bonus quoniam in ,h04488,*,,,E-Tc (Toledo) 33.3,,004v,,,,,,VRS,C,https://musicahispanica.eu/source/20197,,Confitemini domino quoniam bonus quoniam in saeculum misericordiam ejus ,,,,,,SEMM,0
,,https://musicahispanica.eu/chant/87666,Surge et lauda in nocte et ,h04640,,,,E-SCu (Santiago de Compostela) Ms 609,,210r,,,,,,VRS,MN,https://musicahispanica.eu/source/20207,,Surge et lauda in nocte et in principio vigiliarum tuarum effunde sicut aqua cor tuum in conspectu domini,,,,,,SEMM,0
,,https://musicahispanica.eu/chant/87247,Surge et lauda in nocte et ,h04640,*,,,E-SI (Santo Domingo de Silos) MS 7,,120v,,,,,,VRS,AL,https://musicahispanica.eu/source/20181,,Surge et lauda in nocte et in principio vigiliarum tuarum effunde sicut aqua cor tuum in conspectu domini,,,,,,SEMM,0
,,https://musicahispanica.eu/chant/68858,Surge lauda in nocte et in ,h04640,,,,GB-Lbl (London) Add MS 30851,,167r,,,,Sabb. Hebd. 1 Quad.,07017000,VRS,C,https://musicahispanica.eu/source/20203,,Surge lauda in nocte et in principio vigiliarum tuarum effunde sicut aqua cor tuum in conspectu domini,,,,,,SEMM,0
,,https://musicahispanica.eu/chant/65417,Peccavimus tibi deus recedentes a te ,h04505,,,,E-L (León) Ms 8,,169r,,,,Fer. 6 in Parasceve,07066000,VRS,N,https://musicahispanica.eu/source/20175,,Peccavimus tibi deus recedentes a te nobis confusio tibi clementia et propitiatio,,,,,,SEMM,0
,,https://musicahispanica.eu/chant/103501,Peccavimus tibi deus recedentes a te ,h04505,,,,E-Tc (Toledo) 35.5,,158v,,,,Fer. 6 in Parasceve,07066000,VRS,N,https://musicahispanica.eu/source/20186,,"Peccavimus tibi deus recedentes a te nobis confusio tibi clementia et propitiatio
",,,,,,SEMM,0
,,https://musicahispanica.eu/chant/124792,Excita potentiam *,h04596,*,,,E-Mn (Madrid) MSS/10001,,110r,,,,Dom. 1 Adventus,01011000,VRS,MH,https://musicahispanica.eu/source/52315,,Excita potentiam *,,,,,,SEMM,0
,,https://musicahispanica.eu/chant/65135,Haec est*,h04626,,,,E-L (León) Ms 8,,153v,,,,Dom. in Palmis,07061000,VRS,MH,https://musicahispanica.eu/source/20175,,Haec est*,,,,,,SEMM,0
,,https://musicahispanica.eu/chant/65386,Popule meus memento quaeso quid cogitaverit ,h04528,,,,E-L (León) Ms 8,,167r,,,,Fer. 6 in Parasceve,07066000,VRS,N,https://musicahispanica.eu/source/20175,,Popule meus memento quaeso quid cogitaverit Balaac rex Moab aut quid responderit ei Balaam filius Beor de Setthym usque ad Galgala ut cognosceres justitias domini ,,,,,,SEMM,0
,,https://musicahispanica.eu/chant/92981,[...] firma caritas in perpetuum ,h04494,,,,E-Tc (Toledo) 33.3,,052r,,,,Ad Mandatum,07065010,VRS,DU&D,https://musicahispanica.eu/source/20197,,[...] firma caritas in perpetuum ,,,,,,SEMM,0
,,https://musicahispanica.eu/chant/92409,Afferte domino gloriam*,h04617,,,,E-Tc (Toledo) 35.6,,166v,,,,Primitis,,VRS,V,https://musicahispanica.eu/source/20187,,Afferte domino gloriam*,,,,,,SEMM,0
,,https://musicahispanica.eu/chant/65388,Numquid offeram ei holocaustomata aut vitulos ,h04530,,,,E-L (León) Ms 8,,167r,,,,Fer. 6 in Parasceve,07066000,VRS,N,https://musicahispanica.eu/source/20175,,Numquid offeram ei holocaustomata aut vitulos anniculos numquid placari poterit odminus in milibus arietum aut in multis milibus hyrcorum pinguium,,,,,,SEMM,0
,,https://musicahispanica.eu/chant/63461,In sole posuit*,h04027,,,,E-L (León) Ms 8,,068v,,,,Nativitas Domini,02122500,VRS,V,https://musicahispanica.eu/source/20175,,In sole posuit*,,,,,,SEMM,0
,,https://musicahispanica.eu/chant/72451,In sole posuit tabernaculum *,h04027,*,,,E-Mh (Madrid) Cod. 30,,115r,,,,Nativitas Domini,02122500,VRS,V,https://musicahispanica.eu/source/20176,,In sole posuit tabernaculum *,,,,,,SEMM,0
,,https://musicahispanica.eu/chant/74831,In sole posuit tabernaculum suum et ,h04027,*,,,GB-Lbl (London) Add MS 30844,,058r,,,,Nativitas Domini,02122500,VRS,V,https://musicahispanica.eu/source/20201,,In sole posuit tabernaculum suum et pise tanquam sponsus procedens et thalamo suo,,,,,,SEMM,0
,,https://musicahispanica.eu/chant/68202,In sole posuit*,h04027,,,,GB-Lbl (London) Add MS 30851,,120r,,,,Nativitas Domini,02122500,VRS,,https://musicahispanica.eu/source/20203,,In sole posuit*,,,,,,SEMM,0
,,https://musicahispanica.eu/chant/127376,Quam dulcia*,h04592,,,,E-Mn (Madrid) MSS/10001,,129r,,,,Carnes Tollendas,,VRS,,https://musicahispanica.eu/source/52315,,Quam dulcia*,,,,,,SEMM,0
,,https://musicahispanica.eu/chant/87233,Ut confiteamur nomini sancto tuo et ,h04501,*,,,E-SI (Santo Domingo de Silos) MS 7,,115v,,,,,,VRS,AL,https://musicahispanica.eu/source/20181,,Ut confiteamur nomini sancto tuo et gloriemur in laude tua | Gloria et honor,,,,,,SEMM,0
,,https://musicahispanica.eu/chant/89536,Ut confiteamur*,h04501,,,,GB-Lbl (London) Add MS 30851,,166r,,,,Ordo quiete ante lectulo,,VRS,,https://musicahispanica.eu/source/20203,,Ut confiteamur*,,,,,,SEMM,0
,,https://musicahispanica.eu/chant/63340,Diligit dominus portas,h03404,,,,E-L (León) Ms 8,,062r,,,,Exspectationis BMV,14121810,VRS,V2,https://musicahispanica.eu/source/20175,,Diligit dominus portas,,,,,,SEMM,0
,,https://musicahispanica.eu/chant/87667,Deus in adjutorium | Deus in | Gloria | ,h01103.3,*,,,E-SCu (Santiago de Compostela) Ms 609,,209r,,,,,,VRS,MN,https://musicahispanica.eu/source/20207,,Deus in adjutorium | Deus in | Gloria | Deus in adjutorium meum,,,,,,SEMM,0
,,https://musicahispanica.eu/chant/67393,Lauda Jerusalem*,h04612,,,,E-L (León) Ms 8,,268v,,,,De Restauratione Baselicae,,VRS,V,https://musicahispanica.eu/source/20175,,Lauda Jerusalem*,,,,,,SEMM,0
,,https://musicahispanica.eu/chant/86910,Cantate domino *,h04402,*,,,E-SI (Santo Domingo de Silos) MS 7,,059r,,,,Dom. Resurrectionis,08011000,VRS,P&S,https://musicahispanica.eu/source/20181,,Cantate domino *,,,,,,SEMM,0
,,https://musicahispanica.eu/chant/87032,Cantate domino *,h04402,*,,,E-SI (Santo Domingo de Silos) MS 7,,065v,,,,Dom. Resurrectionis,08011000,VRS,T,https://musicahispanica.eu/source/20181,,Cantate domino *,,,,,,SEMM,0
,,https://musicahispanica.eu/chant/92868,Cantate domino canticum novum  quia mirabilia ,h04402,*,,,E-Tc (Toledo) 33.3,,012r,,,,In tempore Paschae,08000000,VRS,T,https://musicahispanica.eu/source/20197,,Cantate domino canticum novum  quia mirabilia fecit dominus,,,,,,SEMM,0
,,https://musicahispanica.eu/chant/80222,[Cantate domino canticum novum] bene psallite ,h04402,*,,,GB-Lbl (London) Add MS 30846,,024r,,,,Fer. 3 p. Pascha,08013000,VRS,V,https://musicahispanica.eu/source/20202,,[Cantate domino canticum novum] bene psallite ei in jubilatione,,,,,,SEMM,0
,,https://musicahispanica.eu/chant/80638,Cantate domino canticum novum quia mirabilia ,h04402,*,,,GB-Lbl (London) Add MS 30846,,064r,,,,Fer. 3 p. Oct.Pasch.,08023000,VRS,D,https://musicahispanica.eu/source/20202,,Cantate domino canticum novum quia mirabilia fecit dominus,,,,,,SEMM,0
,,https://musicahispanica.eu/chant/72815,Vox laetitiae et salutis *,h04396,*,,,E-Mh (Madrid) Cod. 30,,185v,,,,Dom. p. Allisionis Infantum,,VRS,V,https://musicahispanica.eu/source/20176,,Vox laetitiae et salutis *,,,,,,SEMM,0
,,https://musicahispanica.eu/chant/127937,Vox laetitiae*,h04396,,,,E-Mn (Madrid) MSS/10001,,144r,,,,,,VRS,,https://musicahispanica.eu/source/52315,,Vox laetitiae*,,,,,,SEMM,0
,,https://musicahispanica.eu/chant/82474,Vox laetitiae et salutis *,h04396,*,,,GB-Lbl (London) Add MS 30846,,069r,,,,Torquati et sociorum,,VRS,V,https://musicahispanica.eu/source/20202,,Vox laetitiae et salutis *,,,,,,SEMM,0
,,https://musicahispanica.eu/chant/68170,Vox laetitiae*,h04396,,,,GB-Lbl (London) Add MS 30851,,115r,,,,"Facundi, Primitivi",,VRS,,https://musicahispanica.eu/source/20203,,Vox laetitiae*,,,,,,SEMM,0
,,https://musicahispanica.eu/chant/68237,Vox laetitiae*,h04396,,,,GB-Lbl (London) Add MS 30851,,125v,,,,"Fructuosi, Augurii et Eulogii",,VRS,V,https://musicahispanica.eu/source/20203,,Vox laetitiae*,,,,,,SEMM,0
,,https://musicahispanica.eu/chant/63645,Notus in Judaea*,h04115,,,,E-L (León) Ms 8,,079v,,,,Circumcisio Domini,02010110,VRS,V,https://musicahispanica.eu/source/20175,,Notus in Judaea*,,,,,,SEMM,0
,,https://musicahispanica.eu/chant/79040,Notus in Judaea*,h04115,,,,E-L (León) Ms 8,,081r,,,,Circumcisio Domini,02010110,VRS,MH,https://musicahispanica.eu/source/20175,,Notus in Judaea*,,,,,,SEMM,0
,,https://musicahispanica.eu/chant/87075,Oculi hominum *,h04504,*,,,E-SI (Santo Domingo de Silos) MS 7,,092r,,,,,,VRS,DU&D,https://musicahispanica.eu/source/20181,,Oculi hominum *,,,,,,SEMM,0
,,https://musicahispanica.eu/chant/92727,Oculi hominum in te speravi domine ,h04504,*,,,E-Tc (Toledo) 33.3,,001v,,,,In tempore Quad.,07000000,VRS,,https://musicahispanica.eu/source/20197,,Oculi hominum in te speravi domine et tu das escamvilli in tempore oportuno,,,,,,SEMM,0
,,https://musicahispanica.eu/chant/87982,In matutinis meditabor in te domine ,h03401,*,,,E-SCu (Santiago de Compostela) Ms 609,,222r,,,,,,VRS,Noc,https://musicahispanica.eu/source/20207,,In matutinis meditabor in te domine quia factus es adjutor meus,,,,,,SEMM,0
,,https://musicahispanica.eu/chant/87983,In matutinis *,h03401,*,,,E-SCu (Santiago de Compostela) Ms 609,,222r,,,,,,VRS,Noc,https://musicahispanica.eu/source/20207,,In matutinis *,,,,,,SEMM,0
,,https://musicahispanica.eu/chant/87984,In matutinis *,h03401,*,,,E-SCu (Santiago de Compostela) Ms 609,,222r,,,,,,VRS,Noc,https://musicahispanica.eu/source/20207,,In matutinis *,,,,,,SEMM,0
,,https://musicahispanica.eu/chant/86635,In matutinis *,h03401,*,,,E-SI (Santo Domingo de Silos) MS 3,,171r,,,,Fer. 3 per annum,04003000,VRS,MH,https://musicahispanica.eu/source/20177,,In matutinis *,,,,,,SEMM,0
,,https://musicahispanica.eu/chant/86659,In matutinis *,h03401,*,,,E-SI (Santo Domingo de Silos) MS 3,,173r,,,,Fer. 4 per annum,04004000,VRS,MH,https://musicahispanica.eu/source/20177,,In matutinis *,,,,,,SEMM,0
,,https://musicahispanica.eu/chant/65160,Judica*,h04627,,,,E-L (León) Ms 8,,155r,,,,Dom. in Palmis,07061000,VRS,V2,https://musicahispanica.eu/source/20175,,Judica*,,,,,,SEMM,0
,,https://musicahispanica.eu/chant/65387,Quid dignum offeram domino curvabo genua ,h04529,,,,E-L (León) Ms 8,,167r,,,,Fer. 6 in Parasceve,07066000,VRS,N,https://musicahispanica.eu/source/20175,,Quid dignum offeram domino curvabo genua mea deo excelso,,,,,,SEMM,0
,,https://musicahispanica.eu/chant/92736,Sol agnovit*,h04518,,,,E-Tc (Toledo) 33.3,,002v,,,,In tempore Quad.,07000000,VRS,,https://musicahispanica.eu/source/20197,,Sol agnovit*,,,,,,SEMM,0
,,https://musicahispanica.eu/chant/98712,Puer autem crescebat et confortabunt spiritus ,h04616,*,,,GB-Lbl (London) Add MS 30845,,014v,,,,Joannis Baptistae,14062400,VRS,V,https://musicahispanica.eu/source/20196,,Puer autem crescebat et confortabunt spiritus sanctos repletur et grandi erat in illo,,,,,,SEMM,0
,,https://musicahispanica.eu/chant/62860,Deus virtutum*,h03758,,,,E-L (León) Ms 8,,035r,,,,Dom. 1 Adventus,01011000,VRS,V,https://musicahispanica.eu/source/20175,,Deus virtutum*,,,,,,SEMM,0
,,https://musicahispanica.eu/chant/73884,Deus virtutum converte *,h03758,*,,,E-Mh (Madrid) Cod. 30,,026r,,,,Dom. 1 Adventus,01011000,VRS,V,https://musicahispanica.eu/source/20176,,Deus virtutum converte *,,,,,,SEMM,0
,,https://musicahispanica.eu/chant/87353,Deus virtutum converte *,h03758,,,,GB-Lbl (London) Add MS 11695 (ff. 1r-4v) ,,001v,,,,Dom. 1 Adventus,01011000,VRS,V,https://musicahispanica.eu/source/20200,,Deus virtutum converte *,,,,,,SEMM,0
,,https://musicahispanica.eu/chant/65389,Numquid dabo primogenitum meum pro scelere ,h04531,,,,E-L (León) Ms 8,,167r,,,,Fer. 6 in Parasceve,07066000,VRS,N,https://musicahispanica.eu/source/20175,,Numquid dabo primogenitum meum pro scelere meo fructum ventris mei pro peccato animae meae,,,,,,SEMM,0
,,https://musicahispanica.eu/chant/92501,Justus velut*,h04593,,,,E-Tc (Toledo) 35.6,,176v,,,,Cucuphatis,14072530,VRS,V,https://musicahispanica.eu/source/20187,,Justus velut*,,,,,,SEMM,0
,,https://musicahispanica.eu/chant/87232,Salvos nos fac domine deus noster ,h04500,*,,,E-SI (Santo Domingo de Silos) MS 7,,115v,,,,,,VRS,AL,https://musicahispanica.eu/source/20181,,Salvos nos fac domine deus noster et congrega nos de nationibus | Gloria et honor,,,,,,SEMM,0
,,https://musicahispanica.eu/chant/68837,Salvos nos fac*,h04500,,,,GB-Lbl (London) Add MS 30851,,166r,,,,Ordo quiete ante lectulo,,VRS,,https://musicahispanica.eu/source/20203,,Salvos nos fac*,,,,,,SEMM,0
,,https://musicahispanica.eu/chant/125655,Dominus dixit ad me *,h03405,*,,,E-Mn (Madrid) MSS/10001,,115r,,,,Nativitas Domini,02122500,VRS,,https://musicahispanica.eu/source/52315,,Dominus dixit ad me *,,,,,,SEMM,0
,,https://musicahispanica.eu/chant/75364,Dominus dixit ad me filius meus ,h03405,*,,,GB-Lbl (London) Add MS 30844,,068r,,,,Nativitas Domini,02122500,VRS,MH,https://musicahispanica.eu/source/20201,,Dominus dixit ad me filius meus es tu ego hodie genui te,,,,,,SEMM,0
,,https://musicahispanica.eu/chant/68204,Dominus dixit ad me*,h03405,,,,GB-Lbl (London) Add MS 30851,,120r,,,,Nativitas Domini,02122500,VRS,MH,https://musicahispanica.eu/source/20203,,Dominus dixit ad me*,,,,,,SEMM,0
,,https://musicahispanica.eu/chant/87988,Memor fui nocte nominis tui domine ,h04602,*,,,E-SCu (Santiago de Compostela) Ms 609,,223r,,,,,,VRS,Noc,https://musicahispanica.eu/source/20207,,Memor fui nocte nominis tui domine et custodivi legem tuam,,,,,,SEMM,0
,,https://musicahispanica.eu/chant/69126,Memor fui in nocte nominis tui ,h04602,*,,,GB-Lbl (London) Add MS 30851,,179r,,,,Sabb. Quadragesimae,07007000,VRS,C,https://musicahispanica.eu/source/20203,,Memor fui in nocte nominis tui domine et custodivi legem tuam,,,,,,SEMM,0
,,https://musicahispanica.eu/chant/65421,Excipis sententiam daturus indulgentiam,h04547,,,,E-L (León) Ms 8,,169v,,,,Fer. 6 in Parasceve,07066000,VRS,N,https://musicahispanica.eu/source/20175,,Excipis sententiam daturus indulgentiam,,,,,,SEMM,0
,,https://musicahispanica.eu/chant/64215,In matutinis meditabor in te quia ,h04386,,,,E-L (León) Ms 8,,111v,,,,Carnes Tollendas,,VRS,MH,https://musicahispanica.eu/source/20175,,In matutinis meditabor in te quia factus es adjutor meus domine,,,,,,SEMM,0
,,https://musicahispanica.eu/chant/64347,In matutinis meditabor in te quia ,h04386,,,,E-L (León) Ms 8,,117r,,,,Dom. 1 Quadragesimae,07011000,VRS,MH,https://musicahispanica.eu/source/20175,,In matutinis meditabor in te quia factus es adjutor meus domine,,,,,,SEMM,0
,,https://musicahispanica.eu/chant/86812,Satiati sumus domine mane misericordiam tuam ,h04514,*,,,E-SI (Santo Domingo de Silos) MS 7,,052r,,,,,,VRS,P&S,https://musicahispanica.eu/source/20181,,Satiati sumus domine mane misericordiam tuam exsultavimus et delectam summus in omnibus diebus nostris,,,,,,SEMM,0
,,https://musicahispanica.eu/chant/87231,Esto nobis domine in deum protectorem ,h04499,*,,,E-SI (Santo Domingo de Silos) MS 7,,115v,,,,,,VRS,AL,https://musicahispanica.eu/source/20181,,Esto nobis domine in deum protectorem et in locum munitum ut salvos nos facias | Et nobis domine | Gloria et | Esto nobis domine,,,,,,SEMM,0
,,https://musicahispanica.eu/chant/68835,Esto nobis domine in deum protectorem ,h04499,*,,,GB-Lbl (London) Add MS 30851,,166r,,,,Ordo quiete ante lectulo,,VRS,,https://musicahispanica.eu/source/20203,,Esto nobis domine in deum protectorem et in locum munitum ut salvos nos facias,,,,,,SEMM,0
,,https://musicahispanica.eu/chant/67562,In te domine speravi*,h04587,,,,E-L (León) Ms 8,,277v,,,,De uno defuncto,13009000,VRS,V,https://musicahispanica.eu/source/20175,,In te domine speravi*,,,,,,SEMM,0
,,https://musicahispanica.eu/chant/69372,In te domine speravi*,h04587,,,,GB-Lbl (London) Add MS 30851,,199r,,,,De uno defuncto,13009000,VRS,V,https://musicahispanica.eu/source/20203,,In te domine speravi*,,,,,,SEMM,0
,,https://musicahispanica.eu/chant/65383,Audite quae dominus loquitur surge et ,h04525,,,,E-L (León) Ms 8,,167r,,,,Fer. 6 in Parasceve,07066000,VRS,N,https://musicahispanica.eu/source/20175,,Audite quae dominus loquitur surge et contende judicio adversus montes et audiant colles vocem,,,,,,SEMM,0
,,https://musicahispanica.eu/chant/128084,C[onvertere]*,h04572,,,,E-Mn (Madrid) MSS/10001,,162r,,,,Pro defunctis,13001000,VRS,,https://musicahispanica.eu/source/52315,,C[onvertere]*,,,,,,SEMM,0
,,https://musicahispanica.eu/chant/85059,Convertere domine aliquantulum et repropitiare super ,h04572,*,,,E-SI (Santo Domingo de Silos) MS 7,,014r,,,,Pro defunctis,13001000,VRS,V,https://musicahispanica.eu/source/20181,,Convertere domine aliquantulum et repropitiare super servos tuos,,,,,,SEMM,0
,,https://musicahispanica.eu/chant/85318,Convertere *,h04572,*,,,E-SI (Santo Domingo de Silos) MS 7,,026v,,,,De defunctorum Aepiscoporum,,VRS,V,https://musicahispanica.eu/source/20181,,Convertere *,,,,,,SEMM,0
,,https://musicahispanica.eu/chant/68417,Convertere domine aliquantulum*,h04572,,,,GB-Lbl (London) Add MS 30851,,162r,,,,Pro defunctis Sacerdotibus,13011000,VRS,,https://musicahispanica.eu/source/20203,,Convertere domine aliquantulum*,,,,,,SEMM,0
,,https://musicahispanica.eu/chant/87234,Benedictus dominus deus Israel a saeculo ,h04485,*,,,E-SI (Santo Domingo de Silos) MS 7,,115v,,,,,,VRS,AL,https://musicahispanica.eu/source/20181,,Benedictus dominus deus Israel a saeculo et usque in saeculum et dicit omnis populus fiat fiat | Gloria et honor,,,,,,SEMM,0
,,https://musicahispanica.eu/chant/89537,Benedictus dominus deus*,h04485,,,,GB-Lbl (London) Add MS 30851,,166r,,,,Ordo quiete ante lectulo,,VRS,,https://musicahispanica.eu/source/20203,,Benedictus dominus deus*,,,,,,SEMM,0
,,https://musicahispanica.eu/chant/65411,Bajulans crucem humeris pro nostris malis ,h04543,,,,E-L (León) Ms 8,,169r,,,,Fer. 6 in Parasceve,07066000,VRS,N,https://musicahispanica.eu/source/20175,,Bajulans crucem humeris pro nostris malis delictis,,,,,,SEMM,0
,,https://musicahispanica.eu/chant/85378,Praevenerunt oculi mei deus ad te ,h04508,*,,,E-SI (Santo Domingo de Silos) MS 7,,036v,,,,,,VRS,P,https://musicahispanica.eu/source/20181,,Praevenerunt oculi mei deus ad te diluculo ut meditarer eloquia tua,,,,,,SEMM,0
,,https://musicahispanica.eu/chant/71718,Animas quiescentium*,h04583,,,,E-SI (Santo Domingo de Silos) MS 3,,057v,,,,Pro defunctis,13001000,VRS,V,https://musicahispanica.eu/source/20177,,Animas quiescentium*,,,,,,SEMM,0
,,https://musicahispanica.eu/chant/71822,Animas*,h04583,,,,E-SI (Santo Domingo de Silos) MS 3,,061v,,,,De uno defuncto,13009000,VRS,V,https://musicahispanica.eu/source/20177,,Animas*,,,,,,SEMM,0
,,https://musicahispanica.eu/chant/68415,Animas*,h04583,,,,GB-Lbl (London) Add MS 30851,,160r,,,,Pro defunctis,13001000,VRS,,https://musicahispanica.eu/source/20203,,Animas*,,,,,,SEMM,0
,,https://musicahispanica.eu/chant/63943,Salvum me fac deus*,h04373,,,,E-L (León) Ms 8,,097r,,,,Vincentii,14012200,VRS,V,https://musicahispanica.eu/source/20175,,Salvum me fac deus*,,,,,,SEMM,0
,,https://musicahispanica.eu/chant/87079,Quam magnificata sunt opera tua domine ,h04510,*,,,E-SI (Santo Domingo de Silos) MS 7,,092v,,,,,,VRS,C,https://musicahispanica.eu/source/20181,,Quam magnificata sunt opera tua domine omnia in sapientia fecisti repleta est terra creatura tua,,,,,,SEMM,0
,,https://musicahispanica.eu/chant/92814,Quam magnificata sunt opera tua domine ,h04510,,,,E-Tc (Toledo) 33.3,,004v,,,,,,VRS,C,https://musicahispanica.eu/source/20197,,Quam magnificata sunt opera tua domine omnia in sapientia fecisti repleta est terra creatura tua ,,,,,,SEMM,0
